order_id_pk,customer_name,product_name,returns,review_date,rating,review_text
ORD000001,Omaja Badami,Kitchenware,Yes,2025-04-11,4.0,"Great kitchenware, exactly as described. Very happy with it."
ORD000002,Lipika Iyengar,Sports Equipment,No,,,
ORD000003,Eiravati Pradhan,Groceries,No,2025-11-14,2.0,"Disappointed with this groceries, quality is not good."
ORD000004,Tara Varughese,Electronics,No,2023-06-03,5.0,"Great electronics, exactly as described. Very happy with it."
ORD000005,Nidhi Sekhon,Electronics,No,2023-09-21,2.0,"Received a damaged electronics, had to return it."
ORD000006,Jasmit Dhar,Groceries,No,,,
ORD000007,Aarav Nagy,Groceries,No,2023-04-22,5.0,"Great groceries, exactly as described. Very happy with it."
ORD000008,Gaurang Kamdar,Furniture,Yes,2024-09-01,5.0,"Excellent quality for the price, would buy furniture again."
ORD000009,Ranveer Soman,Clothes,No,2024-10-13,5.0,"Excellent quality for the price, would buy clothes again."
ORD000010,Wridesh Sangha,Groceries,No,2024-02-03,5.0,"Great groceries, exactly as described. Very happy with it."
ORD000011,Chasmum Goyal,Beauty Products,No,2023-05-25,3.0,"The beauty products is okay, does the job but nothing special."
ORD000012,Upadhriti Menon,Beauty Products,No,2025-06-07,4.0,"Really satisfied, highly recommend this beauty products."
ORD000013,Tripti Zachariah,Kitchenware,No,,,
ORD000014,Yatan Keer,Books,No,2024-01-29,4.0,"Excellent quality for the price, would buy books again."
ORD000015,Radha Hayer,Groceries,No,2025-12-29,4.0,"Fast delivery, groceries exceeded my expectations."
ORD000016,Adya Sangha,Books,No,2023-06-05,4.0,"Really satisfied, highly recommend this books."
ORD000017,Chandresh Bahl,Sports Equipment,No,2023-11-26,5.0,"Really satisfied, highly recommend this sports equipment."
ORD000018,Aayush Dhingra,Kitchenware,No,2023-06-28,4.0,"Fast delivery, kitchenware exceeded my expectations."
ORD000019,Benjamin Ratta,Beauty Products,No,2025-11-04,4.0,"Really satisfied, highly recommend this beauty products."
ORD000020,Harsh Karan,Furniture,No,2024-07-24,2.0,"Received a damaged furniture, had to return it."
ORD000021,Hritik Talwar,Clothes,No,2024-10-19,5.0,"Really satisfied, highly recommend this clothes."
ORD000022,Warinder Narang,Beauty Products,No,2024-12-14,2.0,"Not worth the price, expected better beauty products."
ORD000023,Banjeet De,Shoes,No,2023-09-15,3.0,"The shoes is okay, does the job but nothing special."
ORD000024,Aarna Jaggi,Sports Equipment,No,,,
ORD000025,Osha Patil,Electronics,No,2025-10-18,5.0,"Excellent quality for the price, would buy electronics again."
ORD000026,Adya Sangha,Electronics,No,2024-07-30,4.0,"Really satisfied, highly recommend this electronics."
ORD000027,Balveer Dani,Books,No,2025-05-14,3.0,"Average books, packaging could be better."
ORD000028,Udarsh Dubey,Shoes,No,2024-01-03,4.0,"Excellent quality for the price, would buy shoes again."
ORD000029,Yuvraj Grewal,Books,No,2025-10-11,4.0,"Excellent quality for the price, would buy books again."
ORD000030,Kashvi Narula,Books,No,2023-11-11,4.0,"Fast delivery, books exceeded my expectations."
ORD000031,Kamala Keer,Groceries,No,2023-10-10,5.0,"Great groceries, exactly as described. Very happy with it."
ORD000032,Amara Mitra,Furniture,No,,,
ORD000033,Odika Iyengar,Electronics,No,2023-08-19,5.0,"Really satisfied, highly recommend this electronics."
ORD000034,Udant Hayer,Shoes,No,2024-03-20,5.0,"Excellent quality for the price, would buy shoes again."
ORD000035,Harinakshi Sama,Electronics,No,2023-04-24,5.0,"Great electronics, exactly as described. Very happy with it."
ORD000036,Diya Pillai,Shoes,Yes,2023-08-10,5.0,"Great shoes, exactly as described. Very happy with it."
ORD000037,Vasudha Agarwal,Furniture,No,2025-02-16,5.0,"Fast delivery, furniture exceeded my expectations."
ORD000038,Jhalak Sekhon,Toys,No,2025-09-04,1.0,"Disappointed with this toys, quality is not good."
ORD000039,Anusha Raja,Kitchenware,No,2025-08-30,2.0,"Not worth the price, expected better kitchenware."
ORD000040,Jyoti Oak,Clothes,No,2023-08-11,5.0,"Fast delivery, clothes exceeded my expectations."
ORD000041,Vrishti Cherian,Sports Equipment,No,2023-12-16,3.0,"The sports equipment is okay, does the job but nothing special."
ORD000042,Lakshit Mangat,Kitchenware,No,2025-12-31,3.0,"The kitchenware is okay, does the job but nothing special."
ORD000043,Tanvi Ghosh,Furniture,No,2025-12-29,5.0,"Great furniture, exactly as described. Very happy with it."
ORD000044,Rayaan Goyal,Groceries,No,2023-12-23,4.0,"Excellent quality for the price, would buy groceries again."
ORD000045,Wakeeta Raval,Groceries,No,,,
ORD000046,Alexander Behl,Toys,No,2024-02-14,5.0,"Really satisfied, highly recommend this toys."
ORD000047,Joshua Bali,Shoes,No,2025-10-20,4.0,"Great shoes, exactly as described. Very happy with it."
ORD000048,Triya Pant,Sports Equipment,No,,,
ORD000049,Shivani Murthy,Shoes,No,2024-12-23,5.0,"Fast delivery, shoes exceeded my expectations."
ORD000050,Sathvik Lall,Clothes,No,2023-08-08,1.0,"Not worth the price, expected better clothes."
ORD000051,Maya Ramakrishnan,Electronics,No,,,
ORD000052,Lekha Bains,Kitchenware,Yes,2023-01-22,4.0,"Fast delivery, kitchenware exceeded my expectations."
ORD000053,Maanas Babu,Clothes,Yes,2023-09-18,1.0,"Received a damaged clothes, had to return it."
ORD000054,Charan Mangal,Groceries,No,2024-01-17,4.0,"Fast delivery, groceries exceeded my expectations."
ORD000055,Tara Varughese,Sports Equipment,No,2025-04-07,4.0,"Really satisfied, highly recommend this sports equipment."
ORD000056,Eshana Lad,Beauty Products,No,,,
ORD000057,Kai Bassi,Clothes,No,2025-09-03,5.0,"Excellent quality for the price, would buy clothes again."
ORD000058,Indira Bhargava,Sports Equipment,No,2025-09-22,5.0,"Fast delivery, sports equipment exceeded my expectations."
ORD000059,Meera Bajaj,Groceries,No,2023-09-29,5.0,"Great groceries, exactly as described. Very happy with it."
ORD000060,Parth Hegde,Clothes,Yes,2023-10-29,3.0,"The clothes is okay, does the job but nothing special."
ORD000061,Jagdish Ganesh,Clothes,No,,,
ORD000062,Oviya Tara,Groceries,Yes,2024-11-09,2.0,"Received a damaged groceries, had to return it."
ORD000063,Lucky Balakrishnan,Furniture,No,2023-05-19,3.0,"Average furniture, packaging could be better."
ORD000064,Ishanvi Konda,Groceries,No,2025-12-10,4.0,"Excellent quality for the price, would buy groceries again."
ORD000065,Bimala Master,Shoes,No,2025-11-14,3.0,"Average shoes, packaging could be better."
ORD000066,Lila Kadakia,Toys,No,2023-11-11,3.0,"The toys is okay, does the job but nothing special."
ORD000067,Dhriti Lad,Toys,No,,,
ORD000068,Aayush Andra,Clothes,Yes,2025-12-16,3.0,"Average clothes, packaging could be better."
ORD000069,Zehaan Devan,Furniture,No,2023-05-07,4.0,"Excellent quality for the price, would buy furniture again."
ORD000070,Anita Nayak,Clothes,No,2023-08-08,5.0,"Really satisfied, highly recommend this clothes."
ORD000071,Wishi Sharma,Clothes,No,2023-05-27,2.0,"Not worth the price, expected better clothes."
ORD000072,Champak Kuruvilla,Kitchenware,No,,,
ORD000073,Charan Mangal,Beauty Products,No,2025-08-03,5.0,"Really satisfied, highly recommend this beauty products."
ORD000074,Shaurya Bora,Kitchenware,No,2025-12-18,3.0,"The kitchenware is okay, does the job but nothing special."
ORD000075,Kamya Jhaveri,Shoes,No,,,
ORD000076,Inaya Sawhney,Electronics,No,2023-06-22,1.0,"Disappointed with this electronics, quality is not good."
ORD000077,Chaitaly Nagar,Clothes,No,,,
ORD000078,Elijah Luthra,Furniture,No,2023-12-08,3.0,"Average furniture, packaging could be better."
ORD000079,Frado Raj,Books,No,2023-10-26,4.0,"Excellent quality for the price, would buy books again."
ORD000080,Rayaan Malhotra,Electronics,Yes,,,
ORD000081,Benjamin Deol,Kitchenware,No,2024-04-11,2.0,"Received a damaged kitchenware, had to return it."
ORD000082,Chanakya Pillai,Kitchenware,No,,,
ORD000083,Urvashi Goswami,Electronics,No,2025-01-13,5.0,"Great electronics, exactly as described. Very happy with it."
ORD000084,Eiravati Pradhan,Clothes,No,,,
ORD000085,Warda Palan,Beauty Products,No,2025-03-11,4.0,"Fast delivery, beauty products exceeded my expectations."
ORD000086,Gautam Mishra,Kitchenware,No,2023-08-30,5.0,"Great kitchenware, exactly as described. Very happy with it."
ORD000087,Eshana Lad,Books,No,,,
ORD000088,Bimala Shanker,Books,No,2023-10-09,5.0,"Fast delivery, books exceeded my expectations."
ORD000089,Gautami Lall,Shoes,No,2025-12-11,4.0,"Really satisfied, highly recommend this shoes."
ORD000090,Naksh Sampath,Clothes,No,,,
ORD000091,Lila Kadakia,Electronics,Yes,2023-06-09,4.0,"Great electronics, exactly as described. Very happy with it."
ORD000092,Vritti Chopra,Clothes,Yes,2024-06-22,4.0,"Excellent quality for the price, would buy clothes again."
ORD000093,Hemangini Sekhon,Books,No,2023-09-24,4.0,"Great books, exactly as described. Very happy with it."
ORD000094,Urvashi Goswami,Kitchenware,No,2025-05-16,2.0,"Received a damaged kitchenware, had to return it."
ORD000095,Chandresh Golla,Clothes,No,2024-05-09,4.0,"Excellent quality for the price, would buy clothes again."
ORD000096,Azad Muni,Clothes,No,2024-03-01,5.0,"Fast delivery, clothes exceeded my expectations."
ORD000097,Pahal Krishnamurthy,Sports Equipment,No,2024-09-02,2.0,"Received a damaged sports equipment, had to return it."
ORD000098,Sachi Chauhan,Shoes,No,,,
ORD000099,Hemal Sen,Kitchenware,No,2023-03-20,3.0,"The kitchenware is okay, does the job but nothing special."
ORD000100,Frederick Nair,Groceries,No,2024-02-12,5.0,"Really satisfied, highly recommend this groceries."
ORD000101,Panini Prabhakar,Kitchenware,No,,,
ORD000102,Yuvraj Grewal,Sports Equipment,No,2025-06-28,5.0,"Really satisfied, highly recommend this sports equipment."
ORD000103,Liam More,Furniture,No,2025-04-04,4.0,"Fast delivery, furniture exceeded my expectations."
ORD000104,Reyansh Kohli,Kitchenware,Yes,2024-12-11,3.0,"The kitchenware is okay, does the job but nothing special."
ORD000105,Vincent Barad,Kitchenware,No,2023-04-29,1.0,"Disappointed with this kitchenware, quality is not good."
ORD000106,Vasudha Agarwal,Toys,No,2024-06-23,4.0,"Excellent quality for the price, would buy toys again."
ORD000107,Maanas Chaudry,Clothes,Yes,2025-03-10,5.0,"Fast delivery, clothes exceeded my expectations."
ORD000108,Tanay Lal,Books,No,2024-08-27,1.0,"Not worth the price, expected better books."
ORD000109,Adweta Parsa,Shoes,No,2025-07-05,4.0,"Fast delivery, shoes exceeded my expectations."
ORD000110,Aachal Thakkar,Kitchenware,No,,,
ORD000111,Finn Kurian,Clothes,No,2024-10-04,4.0,"Fast delivery, clothes exceeded my expectations."
ORD000112,Lila Kadakia,Clothes,No,,,
ORD000113,Brinda Thaker,Groceries,No,2025-11-18,2.0,"Disappointed with this groceries, quality is not good."
ORD000114,Rudra Ahuja,Groceries,No,2023-01-16,4.0,"Fast delivery, groceries exceeded my expectations."
ORD000115,Qadim Agrawal,Shoes,No,2023-04-11,5.0,"Great shoes, exactly as described. Very happy with it."
ORD000116,Yatan Keer,Electronics,No,2024-04-26,3.0,"The electronics is okay, does the job but nothing special."
ORD000117,Vansha Deol,Furniture,No,2025-03-21,3.0,"Average furniture, packaging could be better."
ORD000118,Qadim Agarwal,Books,No,2023-10-28,5.0,"Really satisfied, highly recommend this books."
ORD000119,Frederick Nair,Shoes,No,2025-12-27,5.0,"Great shoes, exactly as described. Very happy with it."
ORD000120,Aachal Andra,Sports Equipment,Yes,,,
ORD000121,Karan Bhat,Clothes,Yes,2023-10-23,3.0,"Average clothes, packaging could be better."
ORD000122,Mohammed Pau,Electronics,No,,,
ORD000123,Kai Sodhi,Clothes,No,2023-03-03,5.0,"Excellent quality for the price, would buy clothes again."
ORD000124,Omya Salvi,Books,Yes,,,
ORD000125,Ronith Nazareth,Beauty Products,No,2025-11-16,4.0,"Great beauty products, exactly as described. Very happy with it."
ORD000126,Balhaar Gade,Groceries,No,2025-09-08,1.0,"Disappointed with this groceries, quality is not good."
ORD000127,Farhan Mammen,Books,No,2024-03-06,5.0,"Really satisfied, highly recommend this books."
ORD000128,Nitesh Dayal,Furniture,Yes,,,
ORD000129,Vrishti Cherian,Furniture,No,,,
ORD000130,Nicholas Choudhary,Toys,No,2024-02-16,5.0,"Excellent quality for the price, would buy toys again."
ORD000131,Yamini Garg,Books,No,2024-10-07,5.0,"Excellent quality for the price, would buy books again."
ORD000132,Dev Bhasin,Groceries,No,2025-10-02,3.0,"The groceries is okay, does the job but nothing special."
ORD000133,Eiravati Khare,Beauty Products,No,2024-09-12,4.0,"Fast delivery, beauty products exceeded my expectations."
ORD000134,Ikbal Chhabra,Groceries,No,2023-09-20,1.0,"Disappointed with this groceries, quality is not good."
ORD000135,Jyoti Oak,Kitchenware,No,2025-08-29,4.0,"Fast delivery, kitchenware exceeded my expectations."
ORD000136,Ijaya Dyal,Clothes,No,2025-11-20,5.0,"Fast delivery, clothes exceeded my expectations."
ORD000137,Vaishnavi Dutt,Books,No,2024-03-12,4.0,"Great books, exactly as described. Very happy with it."
ORD000138,Raagini Gade,Beauty Products,No,2024-07-04,5.0,"Excellent quality for the price, would buy beauty products again."
ORD000139,Kritika Chacko,Sports Equipment,No,2025-11-18,5.0,"Great sports equipment, exactly as described. Very happy with it."
ORD000140,Sathvik Lall,Books,No,2025-10-07,5.0,"Great books, exactly as described. Very happy with it."
ORD000141,Warda Doctor,Clothes,No,2025-10-27,3.0,"Average clothes, packaging could be better."
ORD000142,Gautami Lall,Electronics,No,2023-11-01,3.0,"Average electronics, packaging could be better."
ORD000143,Chaman Varty,Electronics,No,,,
ORD000144,Elijah Wason,Electronics,No,2024-12-08,4.0,"Great electronics, exactly as described. Very happy with it."
ORD000145,Zehaan Pradhan,Beauty Products,No,,,
ORD000146,Ikbal Tandon,Electronics,Yes,,,
ORD000147,Maanav Madan,Kitchenware,No,2023-06-20,4.0,"Really satisfied, highly recommend this kitchenware."
ORD000148,David Kurian,Furniture,No,,,
ORD000149,Riya Mutti,Clothes,No,,,
ORD000150,Tanmayi Subramanian,Kitchenware,No,2024-06-05,4.0,"Really satisfied, highly recommend this kitchenware."
ORD000151,Neha Warrior,Electronics,No,2025-02-19,2.0,"Disappointed with this electronics, quality is not good."
ORD000152,Nisha Koshy,Electronics,No,,,
ORD000153,Harshil Vyas,Clothes,No,,,
ORD000154,Jonathan Wali,Toys,No,,,
ORD000155,Yashica Om,Furniture,Yes,,,
ORD000156,Januja Bal,Furniture,No,2023-09-26,4.0,"Really satisfied, highly recommend this furniture."
ORD000157,Avi Sarkar,Electronics,No,2024-09-12,4.0,"Fast delivery, electronics exceeded my expectations."
ORD000158,Gautami Lall,Toys,No,,,
ORD000159,Vamakshi Vala,Groceries,No,2025-03-24,3.0,"The groceries is okay, does the job but nothing special."
ORD000160,Maanas Babu,Shoes,No,2024-03-20,4.0,"Really satisfied, highly recommend this shoes."
ORD000161,Balveer Dani,Books,No,2024-11-29,5.0,"Really satisfied, highly recommend this books."
ORD000162,Rushil Dey,Groceries,No,2024-05-19,3.0,"The groceries is okay, does the job but nothing special."
ORD000163,Mason Koshy,Groceries,No,2024-10-25,4.0,"Fast delivery, groceries exceeded my expectations."
ORD000164,Darpan Gour,Sports Equipment,No,2024-02-21,3.0,"Average sports equipment, packaging could be better."
ORD000165,Aarnav Pant,Electronics,No,2025-12-18,4.0,"Really satisfied, highly recommend this electronics."
ORD000166,Kashish Sekhon,Electronics,No,2023-05-26,4.0,"Fast delivery, electronics exceeded my expectations."
ORD000167,Krisha Ram,Kitchenware,No,2023-10-09,5.0,"Excellent quality for the price, would buy kitchenware again."
ORD000168,Zarna Wali,Books,No,,,
ORD000169,Hitesh Virk,Electronics,No,2025-07-18,4.0,"Fast delivery, electronics exceeded my expectations."
ORD000170,Faras Murthy,Shoes,Yes,2025-06-14,2.0,"Not worth the price, expected better shoes."
ORD000171,Mitali Verma,Groceries,No,2023-06-14,5.0,"Really satisfied, highly recommend this groceries."
ORD000172,Adya Sangha,Books,No,2023-08-22,3.0,"The books is okay, does the job but nothing special."
ORD000173,Arya Thakkar,Groceries,Yes,2023-09-06,2.0,"Received a damaged groceries, had to return it."
ORD000174,Nachiket Kota,Clothes,No,,,
ORD000175,Elijah Wason,Sports Equipment,No,2024-05-12,5.0,"Great sports equipment, exactly as described. Very happy with it."
ORD000176,Saanvi Agarwal,Beauty Products,No,2023-10-13,4.0,"Fast delivery, beauty products exceeded my expectations."
ORD000177,Hamsini Chandra,Toys,No,2023-08-24,5.0,"Great toys, exactly as described. Very happy with it."
ORD000178,Baghyawati Guha,Groceries,No,,,
ORD000179,Akshay Kohli,Books,Yes,2023-01-06,5.0,"Fast delivery, books exceeded my expectations."
ORD000180,Harsh Gala,Books,No,2024-11-01,5.0,"Excellent quality for the price, would buy books again."
ORD000181,Naksh Krishna,Groceries,No,,,
ORD000182,Jackson Tak,Kitchenware,No,2024-09-25,5.0,"Great kitchenware, exactly as described. Very happy with it."
ORD000183,Hamsini Rao,Groceries,Yes,,,
ORD000184,Radha Hayer,Books,No,2025-06-02,4.0,"Excellent quality for the price, would buy books again."
ORD000185,Manya Shere,Clothes,No,2024-12-18,4.0,"Really satisfied, highly recommend this clothes."
ORD000186,Anvi Shan,Beauty Products,No,,,
ORD000187,Jatin Kapoor,Sports Equipment,No,2025-11-04,5.0,"Excellent quality for the price, would buy sports equipment again."
ORD000188,Madhav Pandit,Kitchenware,No,2024-10-09,2.0,"Disappointed with this kitchenware, quality is not good."
ORD000189,Samuel Rama,Books,No,2024-09-02,1.0,"Received a damaged books, had to return it."
ORD000190,Madhav Pandit,Toys,No,,,
ORD000191,Nirja Shan,Electronics,No,2023-05-18,5.0,"Excellent quality for the price, would buy electronics again."
ORD000192,Yuvraj Gandhi,Clothes,No,2023-03-12,4.0,"Excellent quality for the price, would buy clothes again."
ORD000193,Darika Kala,Clothes,No,2023-05-12,4.0,"Really satisfied, highly recommend this clothes."
ORD000194,Ladli Kaur,Furniture,No,2024-10-11,4.0,"Great furniture, exactly as described. Very happy with it."
ORD000195,Vrishti Lalla,Electronics,No,2024-02-07,5.0,"Really satisfied, highly recommend this electronics."
ORD000196,Watika Buch,Electronics,No,2025-02-28,5.0,"Fast delivery, electronics exceeded my expectations."
ORD000197,Vincent Tara,Shoes,Yes,2023-01-11,5.0,"Fast delivery, shoes exceeded my expectations."
ORD000198,Harshil Vyas,Electronics,No,2023-10-01,5.0,"Excellent quality for the price, would buy electronics again."
ORD000199,Yauvani Patla,Electronics,Yes,2024-10-10,2.0,"Disappointed with this electronics, quality is not good."
ORD000200,Januja Bal,Beauty Products,No,2024-02-19,5.0,"Really satisfied, highly recommend this beauty products."
ORD000201,Garima Agarwal,Electronics,No,2025-09-01,3.0,"Average electronics, packaging could be better."
ORD000202,Osha Patil,Sports Equipment,Yes,2025-04-12,4.0,"Really satisfied, highly recommend this sports equipment."
ORD000203,Ojasvi Parmer,Groceries,No,2023-05-18,4.0,"Excellent quality for the price, would buy groceries again."
ORD000204,Nandini Karan,Furniture,Yes,2024-12-09,4.0,"Fast delivery, furniture exceeded my expectations."
ORD000205,Charvi Date,Kitchenware,No,2023-04-11,3.0,"Average kitchenware, packaging could be better."
ORD000206,Dev Nori,Books,No,2023-05-17,5.0,"Excellent quality for the price, would buy books again."
ORD000207,Theodore Chandra,Groceries,No,,,
ORD000208,Kiaan Jayaraman,Sports Equipment,No,2025-06-17,5.0,"Excellent quality for the price, would buy sports equipment again."
ORD000209,Upadhriti Menon,Shoes,No,,,
ORD000210,Lakshmi Chacko,Toys,No,2024-11-15,5.0,"Really satisfied, highly recommend this toys."
ORD000211,Zayyan Dutt,Sports Equipment,No,2023-06-30,4.0,"Excellent quality for the price, would buy sports equipment again."
ORD000212,Inaya Sawhney,Sports Equipment,No,,,
ORD000213,Chakrika Kalla,Clothes,No,,,
ORD000214,Harrison Shan,Groceries,No,2024-11-06,3.0,"Average groceries, packaging could be better."
ORD000215,Mohammed Pau,Kitchenware,No,2024-07-18,5.0,"Great kitchenware, exactly as described. Very happy with it."
ORD000216,Baghyawati Mishra,Clothes,No,2025-11-11,2.0,"Not worth the price, expected better clothes."
ORD000217,Garima Kumar,Books,No,2025-05-20,3.0,"The books is okay, does the job but nothing special."
ORD000218,Chandran Rastogi,Furniture,No,2023-09-18,5.0,"Fast delivery, furniture exceeded my expectations."
ORD000219,Arjun Kaur,Groceries,No,2025-02-13,4.0,"Fast delivery, groceries exceeded my expectations."
ORD000220,Chanakya Mand,Electronics,No,2024-01-26,5.0,"Excellent quality for the price, would buy electronics again."
ORD000221,Gavin Lalla,Books,No,2024-02-03,4.0,"Great books, exactly as described. Very happy with it."
ORD000222,Nathaniel Bhardwaj,Books,No,,,
ORD000223,Shaurya Bora,Groceries,Yes,,,
ORD000224,Advaith Bhatti,Groceries,Yes,2023-03-23,4.0,"Great groceries, exactly as described. Very happy with it."
ORD000225,Naksh Krishna,Furniture,No,2024-05-05,2.0,"Not worth the price, expected better furniture."
ORD000226,Kala Nagar,Furniture,No,2024-04-27,5.0,"Great furniture, exactly as described. Very happy with it."
ORD000227,Shravya Ravi,Toys,Yes,2024-02-07,5.0,"Fast delivery, toys exceeded my expectations."
ORD000228,Gautam Mishra,Furniture,No,2025-07-30,5.0,"Fast delivery, furniture exceeded my expectations."
ORD000229,Hritik Talwar,Kitchenware,No,,,
ORD000230,Siddharth Sood,Toys,No,2024-12-26,3.0,"The toys is okay, does the job but nothing special."
ORD000231,Krisha Ganguly,Electronics,No,2023-04-10,5.0,"Fast delivery, electronics exceeded my expectations."
ORD000232,Qabil Lall,Toys,Yes,2024-02-24,5.0,"Fast delivery, toys exceeded my expectations."
ORD000233,Yashica Aurora,Beauty Products,No,2024-02-06,4.0,"Fast delivery, beauty products exceeded my expectations."
ORD000234,Matthew Shroff,Books,No,2025-11-01,3.0,"Average books, packaging could be better."
ORD000235,Nandini Karan,Electronics,No,,,
ORD000236,Lakshmi Bhat,Groceries,Yes,,,
ORD000237,Jai Bhatia,Toys,No,2025-04-19,5.0,"Fast delivery, toys exceeded my expectations."
ORD000238,Abha Keer,Kitchenware,Yes,2024-10-07,4.0,"Great kitchenware, exactly as described. Very happy with it."
ORD000239,Jyoti Oak,Beauty Products,No,,,
ORD000240,Avi Sarkar,Electronics,No,2025-02-07,3.0,"The electronics is okay, does the job but nothing special."
ORD000241,Aishani Apte,Beauty Products,Yes,2024-02-25,3.0,"Average beauty products, packaging could be better."
ORD000242,Daksha Kaul,Electronics,No,,,
ORD000243,Gautami Lall,Groceries,No,2025-02-02,4.0,"Excellent quality for the price, would buy groceries again."
ORD000244,Devika Mody,Clothes,No,2023-11-11,4.0,"Really satisfied, highly recommend this clothes."
ORD000245,Qadim Agrawal,Groceries,No,2025-02-17,4.0,"Excellent quality for the price, would buy groceries again."
ORD000246,Amruta Sehgal,Electronics,No,2023-12-17,3.0,"The electronics is okay, does the job but nothing special."
ORD000247,Hemangini Sekhon,Clothes,No,2025-10-10,5.0,"Fast delivery, clothes exceeded my expectations."
ORD000248,Harinakshi Sahni,Furniture,No,2023-04-18,3.0,"Average furniture, packaging could be better."
ORD000249,Vinaya Shukla,Toys,No,2025-03-10,1.0,"Received a damaged toys, had to return it."
ORD000250,Luke Arora,Beauty Products,No,2023-12-18,5.0,"Excellent quality for the price, would buy beauty products again."
ORD000251,Luke Arora,Electronics,No,,,
ORD000252,Dhriti Lad,Shoes,No,,,
ORD000253,Yutika Bhagat,Electronics,No,2025-12-04,2.0,"Not worth the price, expected better electronics."
ORD000254,Imaran Hari,Shoes,No,2024-05-29,4.0,"Great shoes, exactly as described. Very happy with it."
ORD000255,Wishi Sharma,Furniture,No,,,
ORD000256,Udarsh Gopal,Furniture,No,2023-09-14,4.0,"Really satisfied, highly recommend this furniture."
ORD000257,Balveer Dani,Furniture,Yes,2024-10-12,5.0,"Really satisfied, highly recommend this furniture."
ORD000258,Rishi Borde,Groceries,Yes,,,
ORD000259,Shravya Char,Toys,No,2025-07-23,5.0,"Really satisfied, highly recommend this toys."
ORD000260,Jagat Iyengar,Clothes,No,2025-10-16,5.0,"Excellent quality for the price, would buy clothes again."
ORD000261,Gabriel Sami,Sports Equipment,No,2025-08-04,2.0,"Not worth the price, expected better sports equipment."
ORD000262,Devansh Mital,Clothes,No,2023-10-05,3.0,"Average clothes, packaging could be better."
ORD000263,Eiravati Pradhan,Clothes,No,2025-07-13,4.0,"Great clothes, exactly as described. Very happy with it."
ORD000264,Kala Nagar,Toys,No,2023-07-01,5.0,"Great toys, exactly as described. Very happy with it."
ORD000265,Veda Muni,Sports Equipment,No,2025-03-07,3.0,"The sports equipment is okay, does the job but nothing special."
ORD000266,Dayita Sehgal,Furniture,No,2023-08-22,4.0,"Excellent quality for the price, would buy furniture again."
ORD000267,Chavvi Rattan,Books,No,2023-12-29,5.0,"Excellent quality for the price, would buy books again."
ORD000268,Urmi Lad,Furniture,No,,,
ORD000269,Warda Doctor,Electronics,No,,,
ORD000270,Amara Mitra,Shoes,No,2025-11-12,3.0,"The shoes is okay, does the job but nothing special."
ORD000271,Zansi Dixit,Books,No,2025-11-12,2.0,"Not worth the price, expected better books."
ORD000272,Kamya Lanka,Clothes,No,2024-01-23,4.0,"Excellent quality for the price, would buy clothes again."
ORD000273,Mitesh Varghese,Kitchenware,No,2024-11-17,3.0,"The kitchenware is okay, does the job but nothing special."
ORD000274,Omkaar Chopra,Clothes,Yes,2025-12-26,5.0,"Fast delivery, clothes exceeded my expectations."
ORD000275,Shravya Naik,Groceries,No,2023-08-14,4.0,"Really satisfied, highly recommend this groceries."
ORD000276,Zayyan Wason,Books,No,,,
ORD000277,Amrita Sami,Shoes,No,,,
ORD000278,Radha Hayer,Electronics,No,2024-01-19,3.0,"The electronics is okay, does the job but nothing special."
ORD000279,Ati Loyal,Sports Equipment,No,,,
ORD000280,Abha Ahuja,Toys,No,2024-10-05,3.0,"The toys is okay, does the job but nothing special."
ORD000281,Hamsini Bhatia,Shoes,No,2025-06-20,4.0,"Fast delivery, shoes exceeded my expectations."
ORD000282,Charles Chaudry,Shoes,No,2024-05-02,5.0,"Great shoes, exactly as described. Very happy with it."
ORD000283,Faras Murthy,Clothes,No,2025-01-08,4.0,"Great clothes, exactly as described. Very happy with it."
ORD000284,Faqid Gole,Electronics,No,2024-04-20,5.0,"Fast delivery, electronics exceeded my expectations."
ORD000285,Ranbir Kala,Shoes,No,2025-02-11,3.0,"Average shoes, packaging could be better."
ORD000286,Warda Doctor,Shoes,Yes,,,
ORD000287,Dayamai Kamdar,Groceries,No,2023-06-03,4.0,"Excellent quality for the price, would buy groceries again."
ORD000288,Yochana Bal,Sports Equipment,No,2025-04-14,5.0,"Great sports equipment, exactly as described. Very happy with it."
ORD000289,Alka Srinivas,Toys,No,2025-01-09,3.0,"Average toys, packaging could be better."
ORD000290,Hamsini Iyer,Kitchenware,Yes,2025-10-16,5.0,"Excellent quality for the price, would buy kitchenware again."
ORD000291,Matthew Rana,Clothes,No,2025-12-27,5.0,"Really satisfied, highly recommend this clothes."
ORD000292,Yashoda Mammen,Books,No,2023-05-06,2.0,"Disappointed with this books, quality is not good."
ORD000293,Champak Kuruvilla,Groceries,Yes,2024-02-15,5.0,"Really satisfied, highly recommend this groceries."
ORD000294,Charan Mangal,Groceries,No,2025-11-27,1.0,"Received a damaged groceries, had to return it."
ORD000295,Darika Kala,Sports Equipment,No,,,
ORD000296,Zashil Chaudhuri,Electronics,No,,,
ORD000297,Sneha Nori,Clothes,No,,,
ORD000298,Chandran Rastogi,Clothes,No,2025-06-30,3.0,"The clothes is okay, does the job but nothing special."
ORD000299,Gautami Manda,Groceries,No,,,
ORD000300,Mohammed Pau,Books,No,,,
ORD000301,Gaurang Lad,Electronics,No,2024-07-18,3.0,"The electronics is okay, does the job but nothing special."
ORD000302,Indali Salvi,Toys,Yes,2025-07-06,5.0,"Fast delivery, toys exceeded my expectations."
ORD000303,Jairaj Memon,Toys,No,2024-03-25,5.0,"Great toys, exactly as described. Very happy with it."
ORD000304,Samesh Kashyap,Books,No,,,
ORD000305,Kashvi Sangha,Kitchenware,No,2024-11-09,5.0,"Really satisfied, highly recommend this kitchenware."
ORD000306,Triveni Gaba,Toys,Yes,2025-03-11,5.0,"Really satisfied, highly recommend this toys."
ORD000307,Jeet Setty,Furniture,No,2023-01-17,1.0,"Not worth the price, expected better furniture."
ORD000308,Viraj Barad,Groceries,No,2024-10-01,5.0,"Really satisfied, highly recommend this groceries."
ORD000309,Thomas Brahmbhatt,Groceries,No,2023-12-25,4.0,"Great groceries, exactly as described. Very happy with it."
ORD000310,Libni Palan,Clothes,No,2023-12-12,5.0,"Excellent quality for the price, would buy clothes again."
ORD000311,Jackson Tak,Clothes,No,2023-11-05,5.0,"Great clothes, exactly as described. Very happy with it."
ORD000312,Janya Buch,Beauty Products,No,2023-06-05,4.0,"Fast delivery, beauty products exceeded my expectations."
ORD000313,Charan Mangal,Sports Equipment,No,2026-01-22,4.0,"Great sports equipment, exactly as described. Very happy with it."
ORD000314,Hitesh Virk,Clothes,No,2024-03-06,4.0,"Great clothes, exactly as described. Very happy with it."
ORD000315,Laksh Sani,Clothes,Yes,2023-07-22,5.0,"Fast delivery, clothes exceeded my expectations."
ORD000316,Nimrat Vasa,Clothes,No,2023-08-12,4.0,"Excellent quality for the price, would buy clothes again."
ORD000317,Omaja Sharma,Electronics,No,,,
ORD000318,Rayaan Goyal,Clothes,No,2024-06-21,5.0,"Great clothes, exactly as described. Very happy with it."
ORD000319,Neel Mall,Furniture,Yes,,,
ORD000320,Vasudha Shah,Furniture,No,2023-03-21,5.0,"Great furniture, exactly as described. Very happy with it."
ORD000321,Tarak Chand,Groceries,No,2023-08-04,3.0,"Average groceries, packaging could be better."
ORD000322,Matthew Yadav,Groceries,No,2024-04-13,4.0,"Great groceries, exactly as described. Very happy with it."
ORD000323,Krisha Ram,Sports Equipment,No,2023-12-31,3.0,"The sports equipment is okay, does the job but nothing special."
ORD000324,Ayush Bail,Books,No,,,
ORD000325,Omya Boase,Electronics,No,2023-08-02,4.0,"Excellent quality for the price, would buy electronics again."
ORD000326,Reyansh Singh,Toys,No,2025-12-02,5.0,"Excellent quality for the price, would buy toys again."
ORD000327,Abhiram Mitter,Sports Equipment,No,2024-05-07,4.0,"Excellent quality for the price, would buy sports equipment again."
ORD000328,Harinakshi Sama,Kitchenware,No,2023-07-03,3.0,"The kitchenware is okay, does the job but nothing special."
ORD000329,Timothy Bhandari,Electronics,No,2023-07-29,4.0,"Really satisfied, highly recommend this electronics."
ORD000330,Tara Varughese,Electronics,No,2023-03-07,3.0,"The electronics is okay, does the job but nothing special."
ORD000331,Harish Shetty,Books,No,2025-10-31,4.0,"Really satisfied, highly recommend this books."
ORD000332,Manthan Lata,Books,No,,,
ORD000333,Harinakshi Sahni,Groceries,No,2023-03-25,4.0,"Fast delivery, groceries exceeded my expectations."
ORD000334,Kavya Sandhu,Shoes,No,2025-08-04,5.0,"Fast delivery, shoes exceeded my expectations."
ORD000335,Samesh Kashyap,Groceries,No,2024-07-01,3.0,"The groceries is okay, does the job but nothing special."
ORD000336,Harinakshi Sahni,Electronics,No,2024-05-21,4.0,"Excellent quality for the price, would buy electronics again."
ORD000337,Sarthak Rai,Electronics,No,2023-11-20,3.0,"The electronics is okay, does the job but nothing special."
ORD000338,Naksh Sampath,Toys,Yes,2024-12-22,5.0,"Excellent quality for the price, would buy toys again."
ORD000339,Gautam Ravi,Kitchenware,No,2024-06-19,4.0,"Excellent quality for the price, would buy kitchenware again."
ORD000340,Vansha Deol,Clothes,No,2025-03-04,4.0,"Excellent quality for the price, would buy clothes again."
ORD000341,Yatan Tripathi,Beauty Products,No,2025-06-20,4.0,"Excellent quality for the price, would buy beauty products again."
ORD000342,Neel Sankar,Toys,No,2023-08-18,4.0,"Excellent quality for the price, would buy toys again."
ORD000343,Akshay Kohli,Groceries,No,2023-02-10,5.0,"Really satisfied, highly recommend this groceries."
ORD000344,Arunima Parsa,Groceries,No,2024-09-15,5.0,"Great groceries, exactly as described. Very happy with it."
ORD000345,Raagini Gade,Books,No,2025-04-11,5.0,"Excellent quality for the price, would buy books again."
ORD000346,Indali Kunda,Beauty Products,No,,,
ORD000347,Elijah Raman,Beauty Products,No,2024-05-07,4.0,"Excellent quality for the price, would buy beauty products again."
ORD000348,Madhavi Mann,Shoes,Yes,2025-06-17,5.0,"Fast delivery, shoes exceeded my expectations."
ORD000349,Timothy Bhandari,Beauty Products,No,,,
ORD000350,Damyanti Bhakta,Sports Equipment,No,,,
ORD000351,Warhi Iyer,Furniture,No,2025-10-02,3.0,"The furniture is okay, does the job but nothing special."
ORD000352,Robert Banik,Furniture,No,2025-12-21,2.0,"Received a damaged furniture, had to return it."
ORD000353,Lila Kadakia,Furniture,No,2024-11-05,5.0,"Really satisfied, highly recommend this furniture."
ORD000354,Omya Salvi,Furniture,No,2023-08-10,5.0,"Fast delivery, furniture exceeded my expectations."
ORD000355,Tanvi Ghosh,Books,No,2024-03-04,5.0,"Fast delivery, books exceeded my expectations."
ORD000356,Omaja Dara,Furniture,No,2025-08-13,4.0,"Excellent quality for the price, would buy furniture again."
ORD000357,Vasudha Shah,Groceries,No,2025-02-15,5.0,"Fast delivery, groceries exceeded my expectations."
ORD000358,Nathaniel Narain,Beauty Products,No,2025-08-02,5.0,"Excellent quality for the price, would buy beauty products again."
ORD000359,Inaya Sawhney,Groceries,Yes,,,
ORD000360,Daksh Chaudhuri,Electronics,No,2023-05-07,1.0,"Not worth the price, expected better electronics."
ORD000361,Chakradev Bains,Electronics,Yes,2023-02-02,4.0,"Really satisfied, highly recommend this electronics."
ORD000362,Benjamin Devi,Toys,No,2025-01-12,4.0,"Fast delivery, toys exceeded my expectations."
ORD000363,Neel Sankar,Books,Yes,2025-04-19,5.0,"Excellent quality for the price, would buy books again."
ORD000364,Inaya Sawhney,Groceries,No,2023-12-10,3.0,"The groceries is okay, does the job but nothing special."
ORD000365,Vritti Chopra,Shoes,No,2024-04-14,2.0,"Not worth the price, expected better shoes."
ORD000366,Ansh Kohli,Toys,No,,,
ORD000367,Ubika Bains,Kitchenware,No,2023-10-02,3.0,"Average kitchenware, packaging could be better."
ORD000368,Saumya Kothari,Books,No,,,
ORD000369,Ikbal Tandon,Kitchenware,No,2024-02-03,1.0,"Disappointed with this kitchenware, quality is not good."
ORD000370,Vaishnavi Shroff,Electronics,No,2024-09-23,3.0,"Average electronics, packaging could be better."
ORD000371,Nirja Shan,Electronics,No,,,
ORD000372,Balhaar Gade,Furniture,No,2023-11-21,5.0,"Really satisfied, highly recommend this furniture."
ORD000373,Zaitra Bajaj,Clothes,No,2024-11-02,3.0,"Average clothes, packaging could be better."
ORD000374,Gaurika Ganesh,Groceries,No,2023-02-02,2.0,"Disappointed with this groceries, quality is not good."
ORD000375,Gautami Manda,Books,No,2023-08-17,5.0,"Excellent quality for the price, would buy books again."
ORD000376,Viraj Barad,Shoes,No,,,
ORD000377,Zaid Sandal,Sports Equipment,No,2024-03-18,4.0,"Excellent quality for the price, would buy sports equipment again."
ORD000378,Kamala Keer,Furniture,No,2023-07-29,3.0,"Average furniture, packaging could be better."
ORD000379,Jalsa Sangha,Groceries,No,2024-03-31,4.0,"Great groceries, exactly as described. Very happy with it."
ORD000380,Aayush Pall,Beauty Products,No,2023-09-17,4.0,"Great beauty products, exactly as described. Very happy with it."
ORD000381,Omkaar Chopra,Electronics,No,2023-10-31,1.0,"Not worth the price, expected better electronics."
ORD000382,Gaurang Kamdar,Clothes,No,2025-08-21,2.0,"Received a damaged clothes, had to return it."
ORD000383,Chavvi Rattan,Books,No,2023-12-24,5.0,"Great books, exactly as described. Very happy with it."
ORD000384,Yashasvi Dewan,Furniture,No,2025-09-10,5.0,"Really satisfied, highly recommend this furniture."
ORD000385,Yochana Bal,Books,No,2025-08-25,3.0,"Average books, packaging could be better."
ORD000386,Hredhaan Edwin,Kitchenware,No,2023-06-12,4.0,"Fast delivery, kitchenware exceeded my expectations."
ORD000387,Mitesh Varghese,Toys,No,2023-03-06,5.0,"Great toys, exactly as described. Very happy with it."
ORD000388,Hamsini Rattan,Beauty Products,No,2024-11-13,2.0,"Received a damaged beauty products, had to return it."
ORD000389,Kala Vig,Groceries,No,2023-10-27,4.0,"Excellent quality for the price, would buy groceries again."
ORD000390,Darika Kala,Toys,No,2024-11-30,4.0,"Fast delivery, toys exceeded my expectations."
ORD000391,Leela Parmer,Groceries,No,2026-01-01,4.0,"Excellent quality for the price, would buy groceries again."
ORD000392,Abhiram Mitter,Electronics,No,,,
ORD000393,Rishi Kashyap,Groceries,No,,,
ORD000394,Oviya Tara,Electronics,No,2025-10-23,4.0,"Fast delivery, electronics exceeded my expectations."
ORD000395,Frederick Patil,Kitchenware,No,,,
ORD000396,Damini Salvi,Kitchenware,No,2025-10-11,5.0,"Fast delivery, kitchenware exceeded my expectations."
ORD000397,Krisha Mutti,Electronics,Yes,2024-09-11,4.0,"Great electronics, exactly as described. Very happy with it."
ORD000398,Kala Nagar,Electronics,No,2025-05-01,3.0,"The electronics is okay, does the job but nothing special."
ORD000399,Owen Trivedi,Electronics,Yes,2023-01-17,3.0,"The electronics is okay, does the job but nothing special."
ORD000400,Naksh Krishna,Toys,No,2023-05-23,4.0,"Really satisfied, highly recommend this toys."
ORD000401,Urishilla Naik,Shoes,No,2023-06-28,4.0,"Great shoes, exactly as described. Very happy with it."
ORD000402,Udarsh Gopal,Toys,Yes,2023-12-29,5.0,"Excellent quality for the price, would buy toys again."
ORD000403,Patrick Dora,Electronics,No,2023-08-18,5.0,"Great electronics, exactly as described. Very happy with it."
ORD000404,Krisha Ganguly,Furniture,No,,,
ORD000405,Yauvani Gokhale,Groceries,No,2024-06-24,4.0,"Excellent quality for the price, would buy groceries again."
ORD000406,Ekansh Batra,Clothes,No,2023-02-27,5.0,"Great clothes, exactly as described. Very happy with it."
ORD000407,Upasna Pant,Groceries,No,2023-03-28,2.0,"Not worth the price, expected better groceries."
ORD000408,Vivaan Seth,Beauty Products,No,2025-04-25,3.0,"The beauty products is okay, does the job but nothing special."
ORD000409,Dipta Shroff,Beauty Products,Yes,2023-12-03,4.0,"Really satisfied, highly recommend this beauty products."
ORD000410,Bakhshi Nagar,Clothes,No,2025-09-03,4.0,"Excellent quality for the price, would buy clothes again."
ORD000411,Vivaan Sood,Clothes,No,,,
ORD000412,Oni Dhawan,Beauty Products,No,2023-09-12,4.0,"Excellent quality for the price, would buy beauty products again."
ORD000413,Dakshesh Goswami,Shoes,Yes,2023-02-17,5.0,"Excellent quality for the price, would buy shoes again."
ORD000414,Jonathan Wali,Beauty Products,No,,,
ORD000415,Sarthak Puri,Electronics,No,2023-10-29,5.0,"Fast delivery, electronics exceeded my expectations."
ORD000416,Timothy Bhandari,Groceries,No,2025-11-03,5.0,"Fast delivery, groceries exceeded my expectations."
ORD000417,Urvi Das,Beauty Products,No,2023-01-28,4.0,"Great beauty products, exactly as described. Very happy with it."
ORD000418,Gagan Tandon,Beauty Products,Yes,2023-06-28,3.0,"Average beauty products, packaging could be better."
ORD000419,Jyoti Oak,Beauty Products,No,,,
ORD000420,Ishani Bhalla,Toys,Yes,2024-10-23,5.0,"Really satisfied, highly recommend this toys."
ORD000421,Xavier Sani,Beauty Products,No,2023-10-30,5.0,"Fast delivery, beauty products exceeded my expectations."
ORD000422,Saanvi Agarwal,Shoes,No,2025-05-23,4.0,"Really satisfied, highly recommend this shoes."
ORD000423,Shravya Naik,Kitchenware,Yes,2024-11-26,5.0,"Fast delivery, kitchenware exceeded my expectations."
ORD000424,Ishani Kapoor,Toys,No,,,
ORD000425,Mekhala Dar,Beauty Products,Yes,2023-02-08,5.0,"Fast delivery, beauty products exceeded my expectations."
ORD000426,Aachal Andra,Electronics,No,2024-06-03,5.0,"Really satisfied, highly recommend this electronics."
ORD000427,Chaman Varty,Toys,No,2024-05-11,2.0,"Not worth the price, expected better toys."
ORD000428,Elijah Wason,Electronics,No,2024-07-18,5.0,"Excellent quality for the price, would buy electronics again."
ORD000429,Isha Bhatnagar,Kitchenware,Yes,2023-04-09,4.0,"Excellent quality for the price, would buy kitchenware again."
ORD000430,Brinda Mammen,Shoes,Yes,2025-11-03,5.0,"Great shoes, exactly as described. Very happy with it."
ORD000431,Ikbal Ahuja,Groceries,No,2025-03-01,5.0,"Excellent quality for the price, would buy groceries again."
ORD000432,Yauvani Gokhale,Toys,No,2025-04-06,5.0,"Excellent quality for the price, would buy toys again."
ORD000433,Udant Sundaram,Groceries,No,2023-02-04,5.0,"Really satisfied, highly recommend this groceries."
ORD000434,Ranveer Soman,Clothes,No,2025-01-02,5.0,"Excellent quality for the price, would buy clothes again."
ORD000435,Odika Iyengar,Groceries,No,2024-07-04,1.0,"Not worth the price, expected better groceries."
ORD000436,Nimrat Vasa,Groceries,No,2024-02-27,5.0,"Excellent quality for the price, would buy groceries again."
ORD000437,Krisha Mutti,Clothes,No,,,
ORD000438,Anvi Shan,Groceries,No,,,
ORD000439,Faris Sethi,Sports Equipment,No,2023-11-12,4.0,"Great sports equipment, exactly as described. Very happy with it."
ORD000440,Nitesh Dayal,Electronics,No,2023-08-20,5.0,"Really satisfied, highly recommend this electronics."
ORD000441,Radha Hayer,Shoes,No,2023-03-18,2.0,"Not worth the price, expected better shoes."
ORD000442,Wishi Gala,Toys,No,,,
ORD000443,Laksh Sani,Books,No,2025-10-13,4.0,"Excellent quality for the price, would buy books again."
ORD000444,Rayaan Goyal,Kitchenware,No,,,
ORD000445,Bhavna Sood,Clothes,No,2025-07-25,3.0,"The clothes is okay, does the job but nothing special."
ORD000446,Udant Sundaram,Furniture,Yes,2024-12-03,2.0,"Disappointed with this furniture, quality is not good."
ORD000447,Bahadurjit Kant,Clothes,No,2023-04-19,4.0,"Fast delivery, clothes exceeded my expectations."
ORD000448,Ijaya Dyal,Groceries,No,2023-06-03,3.0,"Average groceries, packaging could be better."
ORD000449,Manthan Yadav,Beauty Products,No,2023-07-15,2.0,"Not worth the price, expected better beauty products."
ORD000450,Lopa Mukhopadhyay,Books,No,2023-07-27,4.0,"Really satisfied, highly recommend this books."
ORD000451,Lila Kadakia,Electronics,No,2023-12-08,2.0,"Disappointed with this electronics, quality is not good."
ORD000452,Arunima Parsa,Shoes,No,2024-06-22,4.0,"Great shoes, exactly as described. Very happy with it."
ORD000453,Vaishnavi Sachar,Furniture,No,2023-04-18,4.0,"Really satisfied, highly recommend this furniture."
ORD000454,Alka Srinivas,Clothes,No,,,
ORD000455,Gautam Samra,Kitchenware,No,2024-09-24,2.0,"Received a damaged kitchenware, had to return it."
ORD000456,Warda Palan,Sports Equipment,No,,,
ORD000457,Veer Karnik,Electronics,No,2024-06-25,3.0,"The electronics is okay, does the job but nothing special."
ORD000458,Ganga Bumb,Groceries,No,2023-12-29,5.0,"Excellent quality for the price, would buy groceries again."
ORD000459,Frado Raj,Furniture,Yes,2023-02-12,5.0,"Excellent quality for the price, would buy furniture again."
ORD000460,Vihaan Dora,Shoes,Yes,2024-04-01,4.0,"Fast delivery, shoes exceeded my expectations."
ORD000461,Idika Bhagat,Sports Equipment,No,2023-08-02,5.0,"Great sports equipment, exactly as described. Very happy with it."
ORD000462,Timothy Bhandari,Clothes,Yes,,,
ORD000463,Devika Parikh,Sports Equipment,Yes,2025-09-10,5.0,"Fast delivery, sports equipment exceeded my expectations."
ORD000464,Frado Raj,Electronics,Yes,,,
ORD000465,Frederick Solanki,Beauty Products,No,2023-11-10,3.0,"The beauty products is okay, does the job but nothing special."
ORD000466,Indali Salvi,Electronics,No,,,
ORD000467,Meera Bajaj,Clothes,No,2024-09-12,4.0,"Excellent quality for the price, would buy clothes again."
ORD000468,Fariq Gandhi,Groceries,No,2024-10-30,4.0,"Really satisfied, highly recommend this groceries."
ORD000469,Leena Narula,Shoes,No,,,
ORD000470,Zaitra Bajaj,Toys,No,2024-03-28,5.0,"Really satisfied, highly recommend this toys."
ORD000471,Yauvani Hora,Clothes,No,,,
ORD000472,Sathvik Lall,Electronics,No,2024-06-29,5.0,"Excellent quality for the price, would buy electronics again."
ORD000473,Eshana Tiwari,Electronics,Yes,,,
ORD000474,Benjamin Deol,Clothes,No,2024-08-31,4.0,"Great clothes, exactly as described. Very happy with it."
ORD000475,Nathan Mander,Sports Equipment,No,,,
ORD000476,Neha Warrior,Shoes,No,2023-01-23,3.0,"Average shoes, packaging could be better."
ORD000477,Yashoda Mammen,Electronics,No,2023-04-10,5.0,"Excellent quality for the price, would buy electronics again."
ORD000478,Anita Nayak,Groceries,Yes,2023-10-18,3.0,"The groceries is okay, does the job but nothing special."
ORD000479,Darsh Sunder,Shoes,No,,,
ORD000480,Yachana De,Furniture,Yes,2025-10-22,1.0,"Disappointed with this furniture, quality is not good."
ORD000481,Lakshit Mangat,Shoes,No,2024-02-19,3.0,"Average shoes, packaging could be better."
ORD000482,Kashvi Sangha,Clothes,No,2025-12-16,3.0,"The clothes is okay, does the job but nothing special."
ORD000483,Maanas Swamy,Sports Equipment,No,2024-11-29,5.0,"Really satisfied, highly recommend this sports equipment."
ORD000484,Orinder Dhaliwal,Clothes,No,,,
ORD000485,Zashil Bansal,Furniture,No,,,
ORD000486,Rudra Ahuja,Shoes,Yes,2025-01-25,2.0,"Disappointed with this shoes, quality is not good."
ORD000487,Zayyan Wason,Groceries,No,2023-01-24,3.0,"Average groceries, packaging could be better."
ORD000488,Liam Solanki,Clothes,No,2025-01-25,4.0,"Excellent quality for the price, would buy clothes again."
ORD000489,Anika Rout,Sports Equipment,No,2025-03-13,5.0,"Great sports equipment, exactly as described. Very happy with it."
ORD000490,Frado Joshi,Furniture,No,2025-10-27,5.0,"Great furniture, exactly as described. Very happy with it."
ORD000491,Pahal Krishnamurthy,Sports Equipment,No,2023-10-06,2.0,"Disappointed with this sports equipment, quality is not good."
ORD000492,Yashvi Bahl,Books,No,2024-01-17,4.0,"Great books, exactly as described. Very happy with it."
ORD000493,Jyoti Oak,Books,No,,,
ORD000494,Elijah Dalal,Clothes,No,2024-02-15,4.0,"Great clothes, exactly as described. Very happy with it."
ORD000495,Tanay Lal,Toys,Yes,2025-08-27,5.0,"Excellent quality for the price, would buy toys again."
ORD000496,Imaran Buch,Clothes,No,2023-08-06,1.0,"Disappointed with this clothes, quality is not good."
ORD000497,Ekalinga Joshi,Books,No,2025-08-28,4.0,"Fast delivery, books exceeded my expectations."
ORD000498,Harinakshi Sama,Shoes,No,2025-04-17,4.0,"Excellent quality for the price, would buy shoes again."
ORD000499,Joshua Bali,Shoes,No,2025-08-19,1.0,"Disappointed with this shoes, quality is not good."
ORD000500,Hemal Sen,Kitchenware,No,2025-04-01,5.0,"Really satisfied, highly recommend this kitchenware."
ORD000501,Zilmil Bail,Furniture,No,2025-12-16,5.0,"Really satisfied, highly recommend this furniture."
ORD000502,Urvi Das,Sports Equipment,No,2024-12-09,4.0,"Excellent quality for the price, would buy sports equipment again."
ORD000503,Charvi Date,Beauty Products,No,2024-11-02,3.0,"The beauty products is okay, does the job but nothing special."
ORD000504,Ronith Raman,Groceries,Yes,2025-01-03,4.0,"Really satisfied, highly recommend this groceries."
ORD000505,Lakshmi Bhat,Toys,No,2025-01-22,5.0,"Excellent quality for the price, would buy toys again."
ORD000506,Harsh Karan,Electronics,No,2024-03-06,2.0,"Received a damaged electronics, had to return it."
ORD000507,Vrinda Sama,Books,No,2025-05-26,3.0,"Average books, packaging could be better."
ORD000508,Gaurika Ganesh,Clothes,No,2023-03-28,4.0,"Fast delivery, clothes exceeded my expectations."
ORD000509,Utkarsh Din,Toys,No,2023-04-06,5.0,"Great toys, exactly as described. Very happy with it."
ORD000510,Warhi Iyer,Shoes,No,,,
ORD000511,Rajata Venkataraman,Books,No,,,
ORD000512,Nathaniel Kota,Clothes,No,2025-01-04,3.0,"The clothes is okay, does the job but nothing special."
ORD000513,Eta Chakraborty,Clothes,No,2025-11-29,5.0,"Great clothes, exactly as described. Very happy with it."
ORD000514,Bahadurjit Arora,Toys,No,2023-11-17,1.0,"Disappointed with this toys, quality is not good."
ORD000515,Neha Warrior,Shoes,No,2024-09-09,5.0,"Fast delivery, shoes exceeded my expectations."
ORD000516,Bakhshi Shetty,Books,Yes,2023-07-19,5.0,"Fast delivery, books exceeded my expectations."
ORD000517,Vihaan Date,Toys,No,2024-04-21,3.0,"Average toys, packaging could be better."
ORD000518,Yasti Mutti,Groceries,No,2025-02-07,5.0,"Fast delivery, groceries exceeded my expectations."
ORD000519,Champak Kuruvilla,Groceries,No,,,
ORD000520,Yug Rao,Books,No,2024-04-07,2.0,"Received a damaged books, had to return it."
ORD000521,Liam More,Electronics,No,2025-03-25,1.0,"Not worth the price, expected better electronics."
ORD000522,Benjamin Deol,Furniture,No,2024-05-16,5.0,"Fast delivery, furniture exceeded my expectations."
ORD000523,Chavvi Rattan,Books,No,2024-03-30,5.0,"Great books, exactly as described. Very happy with it."
ORD000524,Faras Murthy,Shoes,No,2023-06-08,5.0,"Fast delivery, shoes exceeded my expectations."
ORD000525,Girish Swamy,Toys,No,2025-12-09,5.0,"Really satisfied, highly recommend this toys."
ORD000526,Riya Thaman,Beauty Products,Yes,2023-08-31,5.0,"Excellent quality for the price, would buy beauty products again."
ORD000527,Nidra Devan,Beauty Products,No,2023-11-29,5.0,"Fast delivery, beauty products exceeded my expectations."
ORD000528,Harshil Muni,Electronics,No,2024-03-12,5.0,"Fast delivery, electronics exceeded my expectations."
ORD000529,Maanas Swamy,Clothes,No,2025-09-11,5.0,"Excellent quality for the price, would buy clothes again."
ORD000530,Ladli Yadav,Furniture,No,2023-01-25,5.0,"Great furniture, exactly as described. Very happy with it."
ORD000531,Upasna Pant,Electronics,No,2023-11-19,5.0,"Fast delivery, electronics exceeded my expectations."
ORD000532,Robert Banik,Toys,No,,,
ORD000533,Shravya Naik,Beauty Products,No,2024-08-26,4.0,"Fast delivery, beauty products exceeded my expectations."
ORD000534,Qushi Pau,Electronics,No,2025-03-21,2.0,"Not worth the price, expected better electronics."
ORD000535,Jatin Kapoor,Sports Equipment,Yes,2025-11-04,4.0,"Really satisfied, highly recommend this sports equipment."
ORD000536,Baghyawati Guha,Shoes,No,,,
ORD000537,Tripti Goyal,Electronics,Yes,2025-03-04,5.0,"Excellent quality for the price, would buy electronics again."
ORD000538,Yashvi Bahl,Sports Equipment,No,2024-11-20,5.0,"Excellent quality for the price, would buy sports equipment again."
ORD000539,Samar Ahuja,Books,Yes,,,
ORD000540,Darika Golla,Clothes,No,2024-06-30,4.0,"Really satisfied, highly recommend this clothes."
ORD000541,Baghyawati Guha,Kitchenware,No,2024-10-21,4.0,"Really satisfied, highly recommend this kitchenware."
ORD000542,Dalbir Sule,Sports Equipment,No,2025-06-14,4.0,"Really satisfied, highly recommend this sports equipment."
ORD000543,Laban Bal,Clothes,No,2025-01-06,5.0,"Great clothes, exactly as described. Very happy with it."
ORD000544,Imaran Dara,Clothes,No,2024-04-20,4.0,"Really satisfied, highly recommend this clothes."
ORD000545,Ganga Bumb,Groceries,No,2023-11-21,4.0,"Really satisfied, highly recommend this groceries."
ORD000546,Ishani Bhalla,Electronics,No,2024-12-29,3.0,"The electronics is okay, does the job but nothing special."
ORD000547,Wakeeta Raja,Electronics,No,,,
ORD000548,Gabriel Randhawa,Sports Equipment,No,2025-11-23,3.0,"The sports equipment is okay, does the job but nothing special."
ORD000549,Gautami Manda,Furniture,Yes,2024-12-23,4.0,"Really satisfied, highly recommend this furniture."
ORD000550,Nisha Koshy,Shoes,No,2024-09-04,5.0,"Excellent quality for the price, would buy shoes again."
ORD000551,Frederick Nair,Furniture,No,2025-05-02,4.0,"Great furniture, exactly as described. Very happy with it."
ORD000552,Manthan Lata,Groceries,No,2023-08-21,3.0,"The groceries is okay, does the job but nothing special."
ORD000553,Lopa Narasimhan,Clothes,No,2023-01-18,5.0,"Great clothes, exactly as described. Very happy with it."
ORD000554,Harsh Agrawal,Electronics,No,2023-08-11,4.0,"Great electronics, exactly as described. Very happy with it."
ORD000555,Harshil Muni,Clothes,No,2024-01-12,3.0,"Average clothes, packaging could be better."
ORD000556,Banjeet Rege,Furniture,Yes,2025-11-26,1.0,"Received a damaged furniture, had to return it."
ORD000557,Chanakya Mand,Electronics,No,2023-09-13,4.0,"Excellent quality for the price, would buy electronics again."
ORD000558,Maanas Swamy,Sports Equipment,No,2023-08-10,4.0,"Great sports equipment, exactly as described. Very happy with it."
ORD000559,Neelima Chad,Shoes,No,2025-12-24,5.0,"Really satisfied, highly recommend this shoes."
ORD000560,Champak Kuruvilla,Electronics,No,2023-05-31,4.0,"Great electronics, exactly as described. Very happy with it."
ORD000561,Brijesh Mani,Electronics,No,,,
ORD000562,Riya Thaman,Books,No,,,
ORD000563,Sarthak Rai,Toys,No,2023-05-24,4.0,"Excellent quality for the price, would buy toys again."
ORD000564,Ladli Kaur,Toys,No,2023-02-14,5.0,"Excellent quality for the price, would buy toys again."
ORD000565,Nathaniel Bhardwaj,Groceries,No,2023-04-17,3.0,"The groceries is okay, does the job but nothing special."
ORD000566,Luke Arora,Books,No,2024-04-05,5.0,"Excellent quality for the price, would buy books again."
ORD000567,Mitali Verma,Furniture,Yes,2024-10-09,4.0,"Really satisfied, highly recommend this furniture."
ORD000568,Harish Shetty,Electronics,No,2024-06-18,5.0,"Great electronics, exactly as described. Very happy with it."
ORD000569,Damyanti Bhakta,Beauty Products,No,2024-04-14,5.0,"Fast delivery, beauty products exceeded my expectations."
ORD000570,Owen Trivedi,Furniture,No,2025-09-22,3.0,"The furniture is okay, does the job but nothing special."
ORD000571,Yachana De,Shoes,No,2025-01-18,5.0,"Excellent quality for the price, would buy shoes again."
ORD000572,Mekhala Bawa,Kitchenware,No,2024-09-02,5.0,"Fast delivery, kitchenware exceeded my expectations."
ORD000573,Yauvani Bhatt,Electronics,No,2025-03-13,4.0,"Really satisfied, highly recommend this electronics."
ORD000574,Gagan Tandon,Clothes,No,2023-09-26,5.0,"Fast delivery, clothes exceeded my expectations."
ORD000575,Fitan Sodhi,Books,No,2024-02-13,1.0,"Not worth the price, expected better books."
ORD000576,Jacob Ramakrishnan,Books,No,2023-03-24,5.0,"Great books, exactly as described. Very happy with it."
ORD000577,Leela Parmer,Sports Equipment,No,2024-06-04,5.0,"Excellent quality for the price, would buy sports equipment again."
ORD000578,Zarna Wali,Shoes,No,2023-10-09,3.0,"Average shoes, packaging could be better."
ORD000579,Rajeshri Kapadia,Furniture,No,2024-05-14,5.0,"Fast delivery, furniture exceeded my expectations."
ORD000580,Qushi Pau,Books,No,2025-04-24,3.0,"The books is okay, does the job but nothing special."
ORD000581,Aachal Lad,Kitchenware,No,2025-11-08,5.0,"Excellent quality for the price, would buy kitchenware again."
ORD000582,Shravya Naik,Beauty Products,No,2024-07-10,1.0,"Not worth the price, expected better beauty products."
ORD000583,Mitali Verma,Kitchenware,No,2026-01-09,5.0,"Really satisfied, highly recommend this kitchenware."
ORD000584,Gaurav Toor,Groceries,No,,,
ORD000585,Elijah Luthra,Beauty Products,No,2023-07-27,5.0,"Fast delivery, beauty products exceeded my expectations."
ORD000586,Udarsh Sachdev,Clothes,No,,,
ORD000587,Inaya Kalla,Clothes,No,2023-07-21,5.0,"Excellent quality for the price, would buy clothes again."
ORD000588,Ikbal Shankar,Electronics,No,2023-08-17,4.0,"Fast delivery, electronics exceeded my expectations."
ORD000589,Aarnav Mand,Sports Equipment,No,2024-02-04,4.0,"Fast delivery, sports equipment exceeded my expectations."
ORD000590,Yashvi Bahl,Books,No,2023-10-11,4.0,"Really satisfied, highly recommend this books."
ORD000591,Kevin Taneja,Electronics,No,2025-09-01,4.0,"Excellent quality for the price, would buy electronics again."
ORD000592,Anita Nayak,Shoes,No,2025-02-13,4.0,"Fast delivery, shoes exceeded my expectations."
ORD000593,Ladli Yadav,Clothes,No,2025-08-15,4.0,"Really satisfied, highly recommend this clothes."
ORD000594,Ekalinga Dave,Furniture,No,2023-07-28,5.0,"Fast delivery, furniture exceeded my expectations."
ORD000595,Yauvani Bhatt,Books,No,2024-04-18,4.0,"Great books, exactly as described. Very happy with it."
ORD000596,Vincent Barad,Clothes,No,2023-12-14,2.0,"Disappointed with this clothes, quality is not good."
ORD000597,Harish Shetty,Shoes,No,,,
ORD000598,Akshay Ram,Electronics,No,,,
ORD000599,Lopa Mukhopadhyay,Furniture,No,,,
ORD000600,Widisha Minhas,Books,Yes,2025-07-03,5.0,"Fast delivery, books exceeded my expectations."
ORD000601,Matthew Rana,Clothes,No,,,
ORD000602,Manya Rao,Furniture,No,2023-04-17,1.0,"Received a damaged furniture, had to return it."
ORD000603,Ishanvi Nagar,Clothes,No,2024-10-23,4.0,"Fast delivery, clothes exceeded my expectations."
ORD000604,Tara Varughese,Electronics,No,2025-04-08,2.0,"Disappointed with this electronics, quality is not good."
ORD000605,Vaishnavi Shroff,Groceries,No,2024-12-31,3.0,"Average groceries, packaging could be better."
ORD000606,Benjamin Ratta,Beauty Products,No,2025-08-04,4.0,"Great beauty products, exactly as described. Very happy with it."
ORD000607,Imaran Dara,Beauty Products,No,2025-06-20,4.0,"Excellent quality for the price, would buy beauty products again."
ORD000608,Omya Salvi,Sports Equipment,No,,,
ORD000609,Anya Kibe,Books,No,2023-12-25,5.0,"Excellent quality for the price, would buy books again."
ORD000610,Tanvi Ghosh,Books,No,2023-05-10,5.0,"Fast delivery, books exceeded my expectations."
ORD000611,Jhalak Sekhon,Electronics,No,2024-03-11,2.0,"Not worth the price, expected better electronics."
ORD000612,Warda Ramaswamy,Shoes,No,,,
ORD000613,Robert Lal,Groceries,No,2024-05-13,5.0,"Really satisfied, highly recommend this groceries."
ORD000614,Zashil Bansal,Kitchenware,No,,,
ORD000615,Yatan Keer,Shoes,No,2023-11-08,5.0,"Excellent quality for the price, would buy shoes again."
ORD000616,Onveer Bhavsar,Toys,Yes,2023-09-19,5.0,"Really satisfied, highly recommend this toys."
ORD000617,Samesh Kashyap,Beauty Products,No,2023-12-06,4.0,"Really satisfied, highly recommend this beauty products."
ORD000618,Gautami Lall,Furniture,No,2023-09-17,5.0,"Fast delivery, furniture exceeded my expectations."
ORD000619,Dev Bhasin,Electronics,No,2024-03-02,3.0,"The electronics is okay, does the job but nothing special."
ORD000620,Vaishnavi Shroff,Electronics,No,2023-09-09,5.0,"Fast delivery, electronics exceeded my expectations."
ORD000621,Kamya Jhaveri,Kitchenware,No,,,
ORD000622,Ronith Raman,Electronics,No,2025-01-25,4.0,"Excellent quality for the price, would buy electronics again."
ORD000623,Gaurang Kamdar,Clothes,No,2023-02-09,5.0,"Really satisfied, highly recommend this clothes."
ORD000624,Brinda Thaker,Beauty Products,No,2024-12-01,3.0,"Average beauty products, packaging could be better."
ORD000625,Neel Sankar,Toys,No,,,
ORD000626,Darsh Arya,Shoes,No,2024-10-24,4.0,"Fast delivery, shoes exceeded my expectations."
ORD000627,Jai Bhatia,Toys,Yes,2024-06-21,4.0,"Excellent quality for the price, would buy toys again."
ORD000628,Urvi Palla,Shoes,Yes,2023-03-01,2.0,"Not worth the price, expected better shoes."
ORD000629,Tripti Goyal,Books,Yes,2024-02-08,3.0,"The books is okay, does the job but nothing special."
ORD000630,Riya Mutti,Sports Equipment,No,2024-10-19,3.0,"Average sports equipment, packaging could be better."
ORD000631,Bina Sankaran,Shoes,No,2025-01-12,5.0,"Excellent quality for the price, would buy shoes again."
ORD000632,Krisha Ganguly,Shoes,No,2025-02-06,5.0,"Excellent quality for the price, would buy shoes again."
ORD000633,Janaki Din,Clothes,No,2025-04-09,5.0,"Excellent quality for the price, would buy clothes again."
ORD000634,Reyansh Singh,Electronics,No,2023-12-01,4.0,"Great electronics, exactly as described. Very happy with it."
ORD000635,Raagini Gade,Beauty Products,No,,,
ORD000636,Tanveer Karpe,Electronics,No,2025-04-07,1.0,"Disappointed with this electronics, quality is not good."
ORD000637,Girish Swamy,Groceries,No,2024-04-06,2.0,"Disappointed with this groceries, quality is not good."
ORD000638,Watika Buch,Furniture,No,,,
ORD000639,Bahadurjit Banerjee,Shoes,No,2023-06-21,5.0,"Great shoes, exactly as described. Very happy with it."
ORD000640,Reva Dada,Beauty Products,No,2024-11-29,5.0,"Really satisfied, highly recommend this beauty products."
ORD000641,Oni Dhawan,Beauty Products,No,2024-01-05,5.0,"Really satisfied, highly recommend this beauty products."
ORD000642,Jairaj Memon,Clothes,No,2025-01-03,4.0,"Excellent quality for the price, would buy clothes again."
ORD000643,Aarini Ravel,Clothes,No,2024-11-12,5.0,"Really satisfied, highly recommend this clothes."
ORD000644,Chaitaly Nagar,Kitchenware,No,2023-11-28,4.0,"Great kitchenware, exactly as described. Very happy with it."
ORD000645,Zarna Peri,Beauty Products,Yes,2024-12-01,4.0,"Fast delivery, beauty products exceeded my expectations."
ORD000646,Lopa Mukhopadhyay,Groceries,Yes,,,
ORD000647,Ryan Venkataraman,Toys,No,,,
ORD000648,Yatan Keer,Furniture,No,2026-01-14,5.0,"Great furniture, exactly as described. Very happy with it."
ORD000649,Nathan Aggarwal,Books,No,2025-07-30,4.0,"Great books, exactly as described. Very happy with it."
ORD000650,Adya Patla,Beauty Products,No,,,
ORD000651,Max Aurora,Groceries,No,2025-05-16,4.0,"Excellent quality for the price, would buy groceries again."
ORD000652,Lopa Mukhopadhyay,Electronics,No,2024-06-24,5.0,"Excellent quality for the price, would buy electronics again."
ORD000653,Frederick Solanki,Kitchenware,No,2024-03-11,4.0,"Great kitchenware, exactly as described. Very happy with it."
ORD000654,Hamsini Bhatia,Furniture,No,2024-06-26,3.0,"The furniture is okay, does the job but nothing special."
ORD000655,Vedika Ramesh,Groceries,No,2024-06-24,5.0,"Really satisfied, highly recommend this groceries."
ORD000656,Joshua Bali,Groceries,No,,,
ORD000657,Xiti Puri,Groceries,No,2023-09-08,3.0,"The groceries is okay, does the job but nothing special."
ORD000658,Chakrika Kalla,Beauty Products,No,,,
ORD000659,Andrew Tiwari,Furniture,No,2025-11-29,5.0,"Great furniture, exactly as described. Very happy with it."
ORD000660,Vivaan Sood,Kitchenware,No,2025-11-27,5.0,"Really satisfied, highly recommend this kitchenware."
ORD000661,Inaya Sawhney,Groceries,No,2024-02-18,5.0,"Really satisfied, highly recommend this groceries."
ORD000662,Hitesh Bhandari,Shoes,No,2023-05-13,4.0,"Excellent quality for the price, would buy shoes again."
ORD000663,Charles Chaudry,Electronics,No,2023-02-26,4.0,"Excellent quality for the price, would buy electronics again."
ORD000664,Falak Gulati,Books,No,2023-10-21,4.0,"Great books, exactly as described. Very happy with it."
ORD000665,Robert Banik,Kitchenware,Yes,2024-03-09,3.0,"The kitchenware is okay, does the job but nothing special."
ORD000666,Banjeet De,Shoes,No,2024-12-24,4.0,"Great shoes, exactly as described. Very happy with it."
ORD000667,Daksh Dhingra,Shoes,No,2025-02-21,3.0,"Average shoes, packaging could be better."
ORD000668,Darsh Arya,Clothes,No,,,
ORD000669,Samaksh Sem,Electronics,No,2024-11-23,2.0,"Disappointed with this electronics, quality is not good."
ORD000670,Laksh Sani,Kitchenware,No,,,
ORD000671,Udant Sundaram,Electronics,No,,,
ORD000672,Vrinda Sama,Furniture,No,,,
ORD000673,Leena Narula,Sports Equipment,No,2025-10-02,4.0,"Great sports equipment, exactly as described. Very happy with it."
ORD000674,Darpan Gour,Shoes,No,,,
ORD000675,Ayushman Bahl,Electronics,No,2023-11-13,5.0,"Fast delivery, electronics exceeded my expectations."
ORD000676,Chandran Rastogi,Kitchenware,No,2024-07-21,3.0,"The kitchenware is okay, does the job but nothing special."
ORD000677,Urvi Bhattacharyya,Electronics,No,2023-11-24,5.0,"Really satisfied, highly recommend this electronics."
ORD000678,Watika Buch,Sports Equipment,No,,,
ORD000679,Gabriel Randhawa,Shoes,No,2025-04-01,3.0,"The shoes is okay, does the job but nothing special."
ORD000680,Adya Sangha,Electronics,No,,,
ORD000681,Neelima Chad,Electronics,No,2025-12-26,4.0,"Fast delivery, electronics exceeded my expectations."
ORD000682,Bimala Sehgal,Groceries,No,,,
ORD000683,Jagdish Ganesh,Shoes,No,,,
ORD000684,Rajeshri Kapadia,Electronics,No,2025-09-01,2.0,"Not worth the price, expected better electronics."
ORD000685,Balvan Jani,Clothes,No,2025-09-30,3.0,"The clothes is okay, does the job but nothing special."
ORD000686,Vrinda Sama,Books,No,2023-04-26,3.0,"The books is okay, does the job but nothing special."
ORD000687,Ucchal Virk,Shoes,No,2025-03-09,5.0,"Great shoes, exactly as described. Very happy with it."
ORD000688,Aarnav Mand,Kitchenware,No,2025-01-21,3.0,"The kitchenware is okay, does the job but nothing special."
ORD000689,Laksh Sani,Furniture,No,2023-07-24,4.0,"Really satisfied, highly recommend this furniture."
ORD000690,Gaurika Ganesh,Groceries,No,2023-08-05,4.0,"Fast delivery, groceries exceeded my expectations."
ORD000691,Lipika Lal,Furniture,No,2023-11-10,4.0,"Great furniture, exactly as described. Very happy with it."
ORD000692,Harsh Agrawal,Kitchenware,No,2024-12-14,4.0,"Excellent quality for the price, would buy kitchenware again."
ORD000693,Sanya Shanker,Furniture,No,2025-04-24,2.0,"Disappointed with this furniture, quality is not good."
ORD000694,Lipika Chadha,Beauty Products,No,2025-10-02,5.0,"Fast delivery, beauty products exceeded my expectations."
ORD000695,Rishi Tara,Sports Equipment,No,2024-12-23,4.0,"Excellent quality for the price, would buy sports equipment again."
ORD000696,Lakshit Mangat,Clothes,No,2025-08-01,4.0,"Really satisfied, highly recommend this clothes."
ORD000697,Nathaniel Bhardwaj,Groceries,Yes,2024-09-19,2.0,"Received a damaged groceries, had to return it."
ORD000698,Urmi Lad,Shoes,No,2024-10-04,5.0,"Fast delivery, shoes exceeded my expectations."
ORD000699,Pranav Saraf,Kitchenware,No,2023-07-04,1.0,"Disappointed with this kitchenware, quality is not good."
ORD000700,Harsh Agrawal,Groceries,No,2025-08-30,3.0,"Average groceries, packaging could be better."
ORD000701,Janya Buch,Furniture,No,2024-10-23,4.0,"Fast delivery, furniture exceeded my expectations."
ORD000702,Lucky Sagar,Groceries,No,,,
ORD000703,Vivaan Sood,Books,No,2023-02-20,5.0,"Great books, exactly as described. Very happy with it."
ORD000704,Devansh Mital,Electronics,Yes,2024-08-20,5.0,"Great electronics, exactly as described. Very happy with it."
ORD000705,Maya Ramakrishnan,Books,No,2023-05-04,5.0,"Great books, exactly as described. Very happy with it."
ORD000706,Karan Bail,Clothes,No,,,
ORD000707,Sanya Cherian,Clothes,No,2024-07-28,2.0,"Received a damaged clothes, had to return it."
ORD000708,Janaki Mistry,Toys,No,2023-03-07,4.0,"Fast delivery, toys exceeded my expectations."
ORD000709,Naksh Sampath,Furniture,Yes,2023-03-20,4.0,"Really satisfied, highly recommend this furniture."
ORD000710,Gautami Lall,Toys,Yes,2024-11-30,5.0,"Great toys, exactly as described. Very happy with it."
ORD000711,Avi Sarkar,Sports Equipment,No,2023-07-21,4.0,"Fast delivery, sports equipment exceeded my expectations."
ORD000712,Reyansh Singh,Kitchenware,No,,,
ORD000713,Lucky Sagar,Kitchenware,No,2023-01-31,4.0,"Fast delivery, kitchenware exceeded my expectations."
ORD000714,Darsh Aurora,Toys,Yes,2024-10-07,5.0,"Really satisfied, highly recommend this toys."
ORD000715,Daksh Chaudhuri,Beauty Products,No,2024-11-13,3.0,"The beauty products is okay, does the job but nothing special."
ORD000716,Elijah Dalal,Shoes,No,2023-11-08,5.0,"Great shoes, exactly as described. Very happy with it."
ORD000717,Laban Bal,Sports Equipment,No,2025-05-30,5.0,"Excellent quality for the price, would buy sports equipment again."
ORD000718,Vansha Deol,Kitchenware,No,2024-11-18,4.0,"Fast delivery, kitchenware exceeded my expectations."
ORD000719,Falak Anne,Sports Equipment,No,2024-10-18,3.0,"Average sports equipment, packaging could be better."
ORD000720,Anya Kibe,Books,No,,,
ORD000721,Bhanumati Saran,Kitchenware,No,2023-10-09,5.0,"Great kitchenware, exactly as described. Very happy with it."
ORD000722,Kai Sodhi,Groceries,No,2025-01-19,4.0,"Excellent quality for the price, would buy groceries again."
ORD000723,Vanya Yohannan,Sports Equipment,No,2023-07-07,3.0,"The sports equipment is okay, does the job but nothing special."
ORD000724,Elijah Luthra,Clothes,No,,,
ORD000725,Chandran Roy,Groceries,No,2024-01-19,4.0,"Fast delivery, groceries exceeded my expectations."
ORD000726,Dayamai Kamdar,Furniture,Yes,2023-12-17,2.0,"Disappointed with this furniture, quality is not good."
ORD000727,Urvashi Ratta,Sports Equipment,No,2024-05-28,5.0,"Really satisfied, highly recommend this sports equipment."
ORD000728,Thomas Sethi,Toys,No,2024-12-20,1.0,"Not worth the price, expected better toys."
ORD000729,Falan Johal,Electronics,No,2023-03-02,5.0,"Great electronics, exactly as described. Very happy with it."
ORD000730,Urmi Lad,Sports Equipment,No,2025-04-26,4.0,"Fast delivery, sports equipment exceeded my expectations."
ORD000731,Zarna Peri,Books,No,2025-02-25,3.0,"Average books, packaging could be better."
ORD000732,Gautam Aurora,Toys,No,,,
ORD000733,Yug Rao,Books,No,,,
ORD000734,Rajata Venkataraman,Books,No,,,
ORD000735,Mugdha Jani,Electronics,No,2025-06-13,1.0,"Not worth the price, expected better electronics."
ORD000736,Reva Kota,Furniture,No,2025-10-27,5.0,"Excellent quality for the price, would buy furniture again."
ORD000737,Nimrat Vasa,Furniture,No,2024-07-08,2.0,"Not worth the price, expected better furniture."
ORD000738,Kevin Taneja,Clothes,Yes,,,
ORD000739,Qarin Ramanathan,Furniture,No,2024-06-03,2.0,"Not worth the price, expected better furniture."
ORD000740,Gautami Sarin,Toys,Yes,2025-07-25,5.0,"Great toys, exactly as described. Very happy with it."
ORD000741,Abha Ravi,Furniture,No,2025-01-12,5.0,"Really satisfied, highly recommend this furniture."
ORD000742,Yashawini Sengupta,Electronics,No,2023-10-26,4.0,"Great electronics, exactly as described. Very happy with it."
ORD000743,Jasmit Bahl,Shoes,No,2023-01-27,4.0,"Fast delivery, shoes exceeded my expectations."
ORD000744,Lakshmi Chacko,Groceries,Yes,2024-12-27,4.0,"Excellent quality for the price, would buy groceries again."
ORD000745,Ikbal Chhabra,Beauty Products,No,,,
ORD000746,Avi Sarkar,Electronics,No,,,
ORD000747,Charvi Date,Kitchenware,No,2023-03-30,3.0,"The kitchenware is okay, does the job but nothing special."
ORD000748,Yasti Mutti,Sports Equipment,No,2023-02-05,5.0,"Excellent quality for the price, would buy sports equipment again."
ORD000749,Chavvi Rajan,Toys,No,2025-06-25,4.0,"Great toys, exactly as described. Very happy with it."
ORD000750,Nitesh Oommen,Clothes,No,2024-10-15,1.0,"Disappointed with this clothes, quality is not good."
ORD000751,Eta Chakraborty,Kitchenware,No,2023-10-25,5.0,"Really satisfied, highly recommend this kitchenware."
ORD000752,Jasmit Bhardwaj,Shoes,No,2023-11-22,3.0,"The shoes is okay, does the job but nothing special."
ORD000753,Bhanumati Saran,Electronics,No,2025-10-18,3.0,"Average electronics, packaging could be better."
ORD000754,Reyansh Kohli,Furniture,No,2024-04-08,3.0,"Average furniture, packaging could be better."
ORD000755,Bina Varty,Clothes,No,2024-07-09,5.0,"Great clothes, exactly as described. Very happy with it."
ORD000756,Maya Ramakrishnan,Groceries,No,2025-05-05,5.0,"Fast delivery, groceries exceeded my expectations."
ORD000757,Sarthak Rai,Clothes,No,2023-04-18,4.0,"Really satisfied, highly recommend this clothes."
ORD000758,Pratyush Bansal,Books,No,2024-12-03,3.0,"Average books, packaging could be better."
ORD000759,Chandran Solanki,Electronics,No,,,
ORD000760,Ikbal Ahuja,Electronics,Yes,2023-11-21,4.0,"Really satisfied, highly recommend this electronics."
ORD000761,Abha Keer,Sports Equipment,No,2023-01-21,4.0,"Fast delivery, sports equipment exceeded my expectations."
ORD000762,Orinder Barad,Beauty Products,No,,,
ORD000763,Chanakya Mand,Beauty Products,No,,,
ORD000764,Luke Arora,Sports Equipment,No,2023-04-27,5.0,"Fast delivery, sports equipment exceeded my expectations."
ORD000765,Quincy Parsa,Electronics,No,2024-10-25,5.0,"Great electronics, exactly as described. Very happy with it."
ORD000766,Dhriti Lad,Beauty Products,No,2025-09-09,5.0,"Fast delivery, beauty products exceeded my expectations."
ORD000767,Zansi Dixit,Groceries,No,2025-02-27,1.0,"Received a damaged groceries, had to return it."
ORD000768,Bahadurjit Kant,Electronics,No,2023-05-27,5.0,"Fast delivery, electronics exceeded my expectations."
ORD000769,Champak Kuruvilla,Toys,No,2024-10-26,2.0,"Received a damaged toys, had to return it."
ORD000770,Tanvi Ghosh,Beauty Products,No,2024-07-07,4.0,"Really satisfied, highly recommend this beauty products."
ORD000771,Praneel Bajaj,Groceries,No,2025-09-24,2.0,"Disappointed with this groceries, quality is not good."
ORD000772,Raagini Gade,Clothes,Yes,2026-01-01,4.0,"Excellent quality for the price, would buy clothes again."
ORD000773,Hamsini Chandra,Shoes,No,2025-01-29,5.0,"Excellent quality for the price, would buy shoes again."
ORD000774,Yuvraj Thaman,Sports Equipment,No,2025-08-08,5.0,"Great sports equipment, exactly as described. Very happy with it."
ORD000775,Damyanti Sahni,Electronics,No,,,
ORD000776,Elijah Luthra,Electronics,No,,,
ORD000777,Victor Goda,Clothes,Yes,2025-01-24,3.0,"Average clothes, packaging could be better."
ORD000778,Shravya Naik,Beauty Products,No,2024-08-01,4.0,"Fast delivery, beauty products exceeded my expectations."
ORD000779,Girish Rattan,Beauty Products,No,2025-08-01,3.0,"Average beauty products, packaging could be better."
ORD000780,Kiaan Arora,Sports Equipment,No,2023-11-06,3.0,"The sports equipment is okay, does the job but nothing special."
ORD000781,Rushil Gopal,Groceries,No,2024-05-23,5.0,"Fast delivery, groceries exceeded my expectations."
ORD000782,Faqid Gole,Electronics,No,,,
ORD000783,Timothy Lanka,Clothes,Yes,2024-02-19,3.0,"Average clothes, packaging could be better."
ORD000784,Janaki Din,Toys,No,2024-10-14,4.0,"Fast delivery, toys exceeded my expectations."
ORD000785,Omaja Badami,Books,No,2024-07-14,3.0,"The books is okay, does the job but nothing special."
ORD000786,Ganga Chandra,Toys,No,2023-07-10,3.0,"The toys is okay, does the job but nothing special."
ORD000787,Leena Chhabra,Kitchenware,No,,,
ORD000788,Aarini Ramakrishnan,Sports Equipment,No,,,
ORD000789,Vincent Tara,Electronics,Yes,2023-04-21,2.0,"Not worth the price, expected better electronics."
ORD000790,Chakrika Kalla,Electronics,No,,,
ORD000791,Ekalinga Dave,Books,No,,,
ORD000792,Kavya Srivastava,Shoes,No,2025-02-06,4.0,"Excellent quality for the price, would buy shoes again."
ORD000793,Alexander Behl,Furniture,No,2023-06-30,4.0,"Really satisfied, highly recommend this furniture."
ORD000794,Yuvraj Gandhi,Groceries,No,2025-11-06,2.0,"Disappointed with this groceries, quality is not good."
ORD000795,Vidhi Gaba,Toys,No,2025-08-22,3.0,"Average toys, packaging could be better."
ORD000796,Avi Sarkar,Kitchenware,Yes,2024-01-01,5.0,"Really satisfied, highly recommend this kitchenware."
ORD000797,Odika Iyengar,Groceries,No,2025-11-17,4.0,"Excellent quality for the price, would buy groceries again."
ORD000798,Zaid Lata,Electronics,Yes,2023-04-18,4.0,"Fast delivery, electronics exceeded my expectations."
ORD000799,Fitan Sodhi,Electronics,Yes,,,
ORD000800,Falak Gulati,Clothes,No,2024-04-02,2.0,"Received a damaged clothes, had to return it."
ORD000801,Janaki Mistry,Clothes,No,2023-07-09,4.0,"Really satisfied, highly recommend this clothes."
ORD000802,Maanas Chaudry,Sports Equipment,Yes,2024-03-10,3.0,"Average sports equipment, packaging could be better."
ORD000803,Vamakshi Vala,Furniture,No,2025-05-26,4.0,"Excellent quality for the price, would buy furniture again."
ORD000804,Amaira Sarin,Sports Equipment,No,2023-11-08,5.0,"Fast delivery, sports equipment exceeded my expectations."
ORD000805,Shravya Ravi,Groceries,Yes,2023-01-21,5.0,"Fast delivery, groceries exceeded my expectations."
ORD000806,Naveen Nagi,Books,No,2024-10-18,2.0,"Not worth the price, expected better books."
ORD000807,Lakshmi Bhat,Furniture,Yes,2025-04-07,4.0,"Really satisfied, highly recommend this furniture."
ORD000808,Meghana Ben,Clothes,No,2024-09-25,5.0,"Really satisfied, highly recommend this clothes."
ORD000809,Tarak Chand,Furniture,No,,,
ORD000810,Vihaan Sen,Books,No,2023-04-26,3.0,"Average books, packaging could be better."
ORD000811,Ikbal Chhabra,Toys,Yes,2023-10-31,5.0,"Fast delivery, toys exceeded my expectations."
ORD000812,Zaid Lata,Groceries,No,2023-04-28,4.0,"Great groceries, exactly as described. Very happy with it."
ORD000813,Wakeeta Raval,Clothes,No,2024-10-28,5.0,"Fast delivery, clothes exceeded my expectations."
ORD000814,Nitara Rajagopal,Sports Equipment,No,2024-08-29,4.0,"Excellent quality for the price, would buy sports equipment again."
ORD000815,Zansi Dixit,Toys,No,,,
ORD000816,Henry Narain,Books,No,2024-02-25,5.0,"Excellent quality for the price, would buy books again."
ORD000817,Rajata Venkataraman,Furniture,No,2023-09-16,4.0,"Excellent quality for the price, would buy furniture again."
ORD000818,Hemangini Chad,Sports Equipment,No,,,
ORD000819,Frederick Solanki,Clothes,No,2023-12-21,5.0,"Excellent quality for the price, would buy clothes again."
ORD000820,Anjali Dasgupta,Beauty Products,No,2024-09-04,5.0,"Excellent quality for the price, would buy beauty products again."
ORD000821,Amruta Sehgal,Sports Equipment,No,,,
ORD000822,Liam Solanki,Clothes,No,2023-07-24,5.0,"Great clothes, exactly as described. Very happy with it."
ORD000823,Sarthak Puri,Electronics,Yes,,,
ORD000824,Vincent Tara,Beauty Products,No,2023-11-18,4.0,"Excellent quality for the price, would buy beauty products again."
ORD000825,Yutika Bhagat,Shoes,No,2025-07-15,2.0,"Disappointed with this shoes, quality is not good."
ORD000826,Vivaan More,Sports Equipment,No,2023-11-24,5.0,"Fast delivery, sports equipment exceeded my expectations."
ORD000827,Ronith Raman,Groceries,No,,,
ORD000828,Arya Thakkar,Kitchenware,Yes,2024-05-02,5.0,"Great kitchenware, exactly as described. Very happy with it."
ORD000829,Gautam Ravi,Electronics,No,2024-08-29,5.0,"Great electronics, exactly as described. Very happy with it."
ORD000830,Jalsa Sangha,Groceries,No,2024-01-28,5.0,"Fast delivery, groceries exceeded my expectations."
ORD000831,Mekhala Gala,Electronics,No,2023-04-04,3.0,"The electronics is okay, does the job but nothing special."
ORD000832,Vansha Deol,Kitchenware,No,2025-12-28,1.0,"Disappointed with this kitchenware, quality is not good."
ORD000833,Henry Bora,Groceries,No,2023-02-24,3.0,"The groceries is okay, does the job but nothing special."
ORD000834,Zaid Lata,Groceries,No,2024-10-04,5.0,"Great groceries, exactly as described. Very happy with it."
ORD000835,Yasti Mutti,Shoes,Yes,2024-07-19,4.0,"Fast delivery, shoes exceeded my expectations."
ORD000836,Saumya Ratti,Groceries,No,2023-07-29,5.0,"Fast delivery, groceries exceeded my expectations."
ORD000837,Rohan Arora,Kitchenware,No,2024-09-10,3.0,"The kitchenware is okay, does the job but nothing special."
ORD000838,Onveer Bhavsar,Electronics,No,2025-09-22,1.0,"Not worth the price, expected better electronics."
ORD000839,Aachal Thakkar,Shoes,No,2024-09-07,5.0,"Really satisfied, highly recommend this shoes."
ORD000840,Guneet Tripathi,Beauty Products,No,2023-08-28,4.0,"Really satisfied, highly recommend this beauty products."
ORD000841,Rohan Rajagopalan,Clothes,Yes,2023-04-11,4.0,"Great clothes, exactly as described. Very happy with it."
ORD000842,Ladli Yadav,Toys,No,2023-10-14,5.0,"Fast delivery, toys exceeded my expectations."
ORD000843,Onkar Datta,Electronics,No,,,
ORD000844,Vyanjana Mani,Shoes,Yes,2023-07-17,1.0,"Disappointed with this shoes, quality is not good."
ORD000845,Saanvi Agarwal,Furniture,No,,,
ORD000846,Harish Shetty,Shoes,No,2023-07-18,4.0,"Excellent quality for the price, would buy shoes again."
ORD000847,Alka Magar,Shoes,No,,,
ORD000848,Ganga Handa,Groceries,No,2024-11-12,5.0,"Excellent quality for the price, would buy groceries again."
ORD000849,Henry Puri,Groceries,No,2023-04-16,4.0,"Fast delivery, groceries exceeded my expectations."
ORD000850,Rushil Gopal,Kitchenware,No,2024-08-18,3.0,"The kitchenware is okay, does the job but nothing special."
ORD000851,Kai Bassi,Furniture,No,2026-01-19,4.0,"Excellent quality for the price, would buy furniture again."
ORD000852,Guneet Tripathi,Clothes,No,,,
ORD000853,Darsh Arya,Sports Equipment,No,,,
ORD000854,Elijah Raman,Clothes,No,2023-12-24,5.0,"Fast delivery, clothes exceeded my expectations."
ORD000855,Yug Rao,Electronics,No,2025-12-03,5.0,"Fast delivery, electronics exceeded my expectations."
ORD000856,Omisha Sood,Furniture,No,2023-07-16,5.0,"Excellent quality for the price, would buy furniture again."
ORD000857,Viraj Barad,Books,No,2025-12-11,3.0,"The books is okay, does the job but nothing special."
ORD000858,Panini Prabhakar,Clothes,No,2024-11-27,4.0,"Great clothes, exactly as described. Very happy with it."
ORD000859,Reyansh Kohli,Toys,No,2024-01-05,3.0,"Average toys, packaging could be better."
ORD000860,Eshana Lad,Sports Equipment,No,2025-08-24,4.0,"Excellent quality for the price, would buy sports equipment again."
ORD000861,Raghav Pradhan,Electronics,No,2025-05-09,4.0,"Great electronics, exactly as described. Very happy with it."
ORD000862,Yashvi Bahl,Sports Equipment,No,,,
ORD000863,Neha Warrior,Beauty Products,No,,,
ORD000864,Jacob Ramakrishnan,Sports Equipment,No,2024-03-02,5.0,"Excellent quality for the price, would buy sports equipment again."
ORD000865,Yamini Garg,Beauty Products,No,2023-05-20,5.0,"Really satisfied, highly recommend this beauty products."
ORD000866,Viraj Arora,Groceries,No,2024-11-11,2.0,"Received a damaged groceries, had to return it."
ORD000867,Mitesh Varghese,Clothes,Yes,2023-04-28,4.0,"Really satisfied, highly recommend this clothes."
ORD000868,Zarna Wali,Toys,No,2025-01-06,3.0,"The toys is okay, does the job but nothing special."
ORD000869,Manya Shere,Beauty Products,No,2025-10-20,5.0,"Fast delivery, beauty products exceeded my expectations."
ORD000870,Harish Shetty,Furniture,No,2025-09-05,2.0,"Received a damaged furniture, had to return it."
ORD000871,Chandresh Bahl,Electronics,No,2025-11-28,1.0,"Received a damaged electronics, had to return it."
ORD000872,Chaitanya Tak,Groceries,No,2023-08-31,4.0,"Fast delivery, groceries exceeded my expectations."
ORD000873,Ikbal Shankar,Books,No,2025-08-15,4.0,"Excellent quality for the price, would buy books again."
ORD000874,Manya Shere,Groceries,No,2023-04-28,3.0,"Average groceries, packaging could be better."
ORD000875,Vivaan Sood,Beauty Products,No,2024-12-17,4.0,"Really satisfied, highly recommend this beauty products."
ORD000876,Yachana De,Books,No,,,
ORD000877,Lakshmi Bhat,Toys,No,2025-06-04,4.0,"Great toys, exactly as described. Very happy with it."
ORD000878,Baghyawati Guha,Groceries,No,2023-02-09,2.0,"Not worth the price, expected better groceries."
ORD000879,Hredhaan Edwin,Electronics,Yes,2024-09-22,4.0,"Excellent quality for the price, would buy electronics again."
ORD000880,Charvi Date,Groceries,No,2023-07-04,4.0,"Really satisfied, highly recommend this groceries."
ORD000881,Bahadurjit Arora,Toys,No,2024-09-03,5.0,"Great toys, exactly as described. Very happy with it."
ORD000882,Ekiya Patla,Shoes,No,2025-07-10,5.0,"Excellent quality for the price, would buy shoes again."
ORD000883,Eta Chakraborty,Books,Yes,2023-04-11,2.0,"Disappointed with this books, quality is not good."
ORD000884,Maanav Madan,Books,No,2023-11-20,5.0,"Excellent quality for the price, would buy books again."
ORD000885,George Madan,Electronics,No,2025-03-30,4.0,"Really satisfied, highly recommend this electronics."
ORD000886,Harrison Rana,Kitchenware,No,2025-11-25,4.0,"Excellent quality for the price, would buy kitchenware again."
ORD000887,Benjamin Deol,Electronics,No,2023-01-22,3.0,"The electronics is okay, does the job but nothing special."
ORD000888,Simon Mitter,Kitchenware,No,2025-08-09,5.0,"Fast delivery, kitchenware exceeded my expectations."
ORD000889,Ekalinga Dave,Beauty Products,No,,,
ORD000890,Ansh Kohli,Electronics,No,2024-06-26,5.0,"Really satisfied, highly recommend this electronics."
ORD000891,Neelima Chad,Groceries,Yes,2024-11-26,1.0,"Not worth the price, expected better groceries."
ORD000892,Jairaj Memon,Electronics,No,2025-02-27,5.0,"Great electronics, exactly as described. Very happy with it."
ORD000893,Christopher Vasa,Groceries,No,2025-02-08,5.0,"Great groceries, exactly as described. Very happy with it."
ORD000894,Zaitra Bajaj,Furniture,Yes,2023-09-21,3.0,"Average furniture, packaging could be better."
ORD000895,Kamya Jhaveri,Electronics,No,2025-11-22,5.0,"Really satisfied, highly recommend this electronics."
ORD000896,Ojasvi Parmer,Kitchenware,No,2025-09-22,5.0,"Great kitchenware, exactly as described. Very happy with it."
ORD000897,Ekiya Patla,Shoes,No,2025-11-10,5.0,"Really satisfied, highly recommend this shoes."
ORD000898,Garima Kumar,Beauty Products,No,2024-08-21,5.0,"Excellent quality for the price, would buy beauty products again."
ORD000899,Frado Joshi,Sports Equipment,No,2023-03-10,4.0,"Really satisfied, highly recommend this sports equipment."
ORD000900,Pranit Vig,Clothes,No,2025-03-08,4.0,"Fast delivery, clothes exceeded my expectations."
ORD000901,Adweta Nadig,Electronics,No,,,
ORD000902,Matthew Yadav,Sports Equipment,Yes,2024-12-19,3.0,"The sports equipment is okay, does the job but nothing special."
ORD000903,Liam Solanki,Sports Equipment,No,2023-05-15,3.0,"Average sports equipment, packaging could be better."
ORD000904,Widisha Minhas,Shoes,No,2024-10-04,5.0,"Fast delivery, shoes exceeded my expectations."
ORD000905,Aarnav Pant,Sports Equipment,Yes,,,
ORD000906,Janya Kashyap,Books,No,,,
ORD000907,Jalsa Sangha,Toys,No,,,
ORD000908,Faris Sethi,Clothes,No,2024-06-30,4.0,"Really satisfied, highly recommend this clothes."
ORD000909,Gavin Gade,Electronics,No,2025-09-05,4.0,"Great electronics, exactly as described. Very happy with it."
ORD000910,Mugdha Jani,Kitchenware,No,,,
ORD000911,Yash Mittal,Furniture,No,2023-12-07,5.0,"Great furniture, exactly as described. Very happy with it."
ORD000912,Arya Thakkar,Books,No,2025-09-14,3.0,"Average books, packaging could be better."
ORD000913,Onkar Datta,Books,No,,,
ORD000914,Nathaniel Bhardwaj,Groceries,No,2024-09-05,3.0,"The groceries is okay, does the job but nothing special."
ORD000915,Shivani Murthy,Electronics,No,2023-01-29,5.0,"Fast delivery, electronics exceeded my expectations."
ORD000916,Riya Thaman,Toys,Yes,,,
ORD000917,Farhan Mammen,Kitchenware,No,2023-06-13,4.0,"Great kitchenware, exactly as described. Very happy with it."
ORD000918,Kritika Chacko,Beauty Products,No,2025-05-20,1.0,"Disappointed with this beauty products, quality is not good."
ORD000919,Jagdish Bedi,Shoes,No,2024-01-20,3.0,"The shoes is okay, does the job but nothing special."
ORD000920,Upkaar Cheema,Electronics,No,2024-12-15,3.0,"Average electronics, packaging could be better."
ORD000921,Pooja Grewal,Sports Equipment,No,2024-12-25,4.0,"Excellent quality for the price, would buy sports equipment again."
ORD000922,Bimala Master,Beauty Products,No,2025-05-21,5.0,"Fast delivery, beauty products exceeded my expectations."
ORD000923,Zashil Bansal,Books,No,2023-06-01,3.0,"The books is okay, does the job but nothing special."
ORD000924,Varsha Sundaram,Clothes,No,2024-05-18,4.0,"Really satisfied, highly recommend this clothes."
ORD000925,Upkaar Cheema,Books,No,2024-08-07,4.0,"Excellent quality for the price, would buy books again."
ORD000926,Lakshmi Chacko,Books,No,2024-05-22,5.0,"Great books, exactly as described. Very happy with it."
ORD000927,Kevin Taneja,Furniture,No,2025-03-03,5.0,"Excellent quality for the price, would buy furniture again."
ORD000928,Banjeet Rege,Beauty Products,No,,,
ORD000929,Champak Kuruvilla,Furniture,No,2023-06-09,3.0,"Average furniture, packaging could be better."
ORD000930,Gaurav Toor,Books,Yes,2024-04-15,4.0,"Great books, exactly as described. Very happy with it."
ORD000931,Vyanjana Mani,Beauty Products,No,2023-06-25,4.0,"Great beauty products, exactly as described. Very happy with it."
ORD000932,Dalbir Sule,Clothes,No,2024-11-05,3.0,"The clothes is okay, does the job but nothing special."
ORD000933,Nachiket Kota,Toys,No,2023-10-29,4.0,"Fast delivery, toys exceeded my expectations."
ORD000934,Frederick Patil,Clothes,No,2025-07-22,3.0,"The clothes is okay, does the job but nothing special."
ORD000935,Aayush Dhingra,Groceries,Yes,2025-08-21,4.0,"Really satisfied, highly recommend this groceries."
ORD000936,George Madan,Books,No,2024-12-10,5.0,"Excellent quality for the price, would buy books again."
ORD000937,Aarna Jaggi,Groceries,Yes,,,
ORD000938,Zayan Sani,Furniture,No,,,
ORD000939,Yahvi Wadhwa,Sports Equipment,No,2023-03-19,5.0,"Fast delivery, sports equipment exceeded my expectations."
ORD000940,Samesh Jani,Electronics,No,2024-07-19,1.0,"Received a damaged electronics, had to return it."
ORD000941,Tara Sastry,Electronics,Yes,2025-12-05,4.0,"Really satisfied, highly recommend this electronics."
ORD000942,Rachana Muni,Beauty Products,No,2023-05-07,4.0,"Fast delivery, beauty products exceeded my expectations."
ORD000943,Vansha Deol,Kitchenware,No,2023-06-19,5.0,"Really satisfied, highly recommend this kitchenware."
ORD000944,Vivaan Seth,Shoes,No,2025-08-11,5.0,"Really satisfied, highly recommend this shoes."
ORD000945,Lohit Saha,Electronics,No,,,
ORD000946,Jasmit Bahl,Electronics,No,,,
ORD000947,Hamsini Rao,Clothes,Yes,2025-11-26,3.0,"Average clothes, packaging could be better."
ORD000948,Jalsa Sangha,Sports Equipment,No,2024-02-18,4.0,"Excellent quality for the price, would buy sports equipment again."
ORD000949,Rachit Bedi,Sports Equipment,No,2024-09-01,4.0,"Great sports equipment, exactly as described. Very happy with it."
ORD000950,Nandini Karan,Electronics,No,,,
ORD000951,Watika Wali,Furniture,No,2024-07-14,5.0,"Fast delivery, furniture exceeded my expectations."
ORD000952,Jasmit Dhar,Shoes,No,2024-10-22,4.0,"Fast delivery, shoes exceeded my expectations."
ORD000953,Mohammed Pau,Clothes,No,2024-01-19,5.0,"Fast delivery, clothes exceeded my expectations."
ORD000954,Ekansh Batra,Furniture,No,2025-07-26,5.0,"Fast delivery, furniture exceeded my expectations."
ORD000955,Theodore Chandra,Furniture,Yes,2025-02-02,4.0,"Really satisfied, highly recommend this furniture."
ORD000956,Ayaan Krishnamurthy,Furniture,No,2024-11-01,5.0,"Excellent quality for the price, would buy furniture again."
ORD000957,Neel Sankar,Groceries,No,2024-06-17,3.0,"Average groceries, packaging could be better."
ORD000958,Abha Ravi,Electronics,No,2023-02-22,2.0,"Received a damaged electronics, had to return it."
ORD000959,Adweta Nadig,Kitchenware,No,2025-12-14,5.0,"Really satisfied, highly recommend this kitchenware."
ORD000960,Yashasvi Dewan,Sports Equipment,No,,,
ORD000961,Andrew Tiwari,Shoes,No,2023-08-25,5.0,"Really satisfied, highly recommend this shoes."
ORD000962,Triya Pant,Clothes,Yes,2023-07-13,5.0,"Great clothes, exactly as described. Very happy with it."
ORD000963,Mugdha Jani,Furniture,No,2026-01-04,4.0,"Fast delivery, furniture exceeded my expectations."
ORD000964,Tristan Ravel,Toys,No,2025-08-21,4.0,"Excellent quality for the price, would buy toys again."
ORD000965,Mekhala Bawa,Books,No,2025-01-11,2.0,"Disappointed with this books, quality is not good."
ORD000966,Aradhana Sethi,Toys,Yes,2023-09-25,4.0,"Really satisfied, highly recommend this toys."
ORD000967,Amara Mitra,Groceries,No,2025-06-24,4.0,"Great groceries, exactly as described. Very happy with it."
ORD000968,Xavier Sani,Shoes,No,2024-05-31,5.0,"Really satisfied, highly recommend this shoes."
ORD000969,Jeet Setty,Toys,No,,,
ORD000970,Upasna Pant,Toys,Yes,2023-06-03,5.0,"Excellent quality for the price, would buy toys again."
ORD000971,Elijah Raman,Clothes,No,2024-04-27,3.0,"The clothes is okay, does the job but nothing special."
ORD000972,Damyanti Bhakta,Clothes,Yes,2024-02-17,4.0,"Great clothes, exactly as described. Very happy with it."
ORD000973,Bahadurjit Arora,Clothes,No,2024-05-17,5.0,"Great clothes, exactly as described. Very happy with it."
ORD000974,Aayush Andra,Toys,No,,,
ORD000975,Kashvi Narula,Clothes,No,2025-08-19,5.0,"Really satisfied, highly recommend this clothes."
ORD000976,Simon Mitter,Sports Equipment,No,2023-07-25,5.0,"Excellent quality for the price, would buy sports equipment again."
ORD000977,Harita Som,Shoes,No,2025-11-27,5.0,"Great shoes, exactly as described. Very happy with it."
ORD000978,Hiral Dua,Sports Equipment,No,2025-02-23,5.0,"Great sports equipment, exactly as described. Very happy with it."
ORD000979,Tejas Mani,Groceries,No,2023-07-14,4.0,"Great groceries, exactly as described. Very happy with it."
ORD000980,Veda Muni,Beauty Products,No,2024-09-04,4.0,"Really satisfied, highly recommend this beauty products."
ORD000981,Robert Lal,Clothes,No,2024-03-06,4.0,"Excellent quality for the price, would buy clothes again."
ORD000982,Shaurya Bora,Sports Equipment,No,2025-08-04,5.0,"Great sports equipment, exactly as described. Very happy with it."
ORD000983,Parth Hegde,Beauty Products,No,2025-06-03,3.0,"The beauty products is okay, does the job but nothing special."
ORD000984,Liam More,Groceries,No,,,
ORD000985,Yachana De,Beauty Products,No,2023-08-01,5.0,"Fast delivery, beauty products exceeded my expectations."
ORD000986,Bakhshi Shetty,Electronics,No,,,
ORD000987,Ekiya Konda,Groceries,No,,,
ORD000988,Krisha Mutti,Clothes,No,2023-06-07,5.0,"Great clothes, exactly as described. Very happy with it."
ORD000989,Gautami Sarin,Beauty Products,No,2024-04-02,4.0,"Really satisfied, highly recommend this beauty products."
ORD000990,Turvi Khanna,Kitchenware,No,2024-03-12,5.0,"Great kitchenware, exactly as described. Very happy with it."
ORD000991,Chanchal Chand,Beauty Products,No,2023-03-28,5.0,"Excellent quality for the price, would buy beauty products again."
ORD000992,Chanakya Pillai,Sports Equipment,Yes,2023-05-01,4.0,"Fast delivery, sports equipment exceeded my expectations."
ORD000993,Nathan Mander,Books,No,,,
ORD000994,Timothy Lanka,Sports Equipment,No,2024-12-17,5.0,"Fast delivery, sports equipment exceeded my expectations."
ORD000995,Chakradev Bains,Clothes,No,,,
ORD000996,Benjamin Deol,Kitchenware,No,2025-09-18,5.0,"Fast delivery, kitchenware exceeded my expectations."
ORD000997,Bakhshi Shetty,Sports Equipment,No,2023-02-12,4.0,"Great sports equipment, exactly as described. Very happy with it."
ORD000998,Benjamin Ratta,Books,No,2025-01-13,3.0,"The books is okay, does the job but nothing special."
ORD000999,Aarav Anne,Furniture,No,2023-07-02,5.0,"Excellent quality for the price, would buy furniture again."
ORD001000,Mohammed Pau,Clothes,No,2024-10-20,4.0,"Fast delivery, clothes exceeded my expectations."
ORD001001,Rushil Gopal,Clothes,No,2023-09-24,4.0,"Excellent quality for the price, would buy clothes again."
ORD001002,Jagdish Ganesh,Groceries,No,,,
ORD001003,Chakrika Kalla,Kitchenware,No,2025-12-23,3.0,"The kitchenware is okay, does the job but nothing special."
ORD001004,Aradhana Golla,Books,Yes,2024-08-14,4.0,"Fast delivery, books exceeded my expectations."
ORD001005,Chanakya Pillai,Beauty Products,No,2024-01-19,4.0,"Really satisfied, highly recommend this beauty products."
ORD001006,Eesha Ahluwalia,Beauty Products,No,,,
ORD001007,Aishani Apte,Books,No,,,
ORD001008,Triya Pant,Clothes,No,,,
ORD001009,Madhavi Mann,Books,No,2023-11-10,2.0,"Disappointed with this books, quality is not good."
ORD001010,Bahadurjit Jayaraman,Clothes,No,2025-03-24,5.0,"Great clothes, exactly as described. Very happy with it."
ORD001011,Zarna Tailor,Beauty Products,No,2023-02-04,5.0,"Fast delivery, beauty products exceeded my expectations."
ORD001012,Gabriel Randhawa,Shoes,No,2023-09-07,4.0,"Fast delivery, shoes exceeded my expectations."
ORD001013,Ladli Kaur,Shoes,No,2023-08-04,4.0,"Fast delivery, shoes exceeded my expectations."
ORD001014,Nidra Grewal,Electronics,Yes,2024-01-07,4.0,"Great electronics, exactly as described. Very happy with it."
ORD001015,Harsh Gala,Electronics,No,2024-02-29,2.0,"Not worth the price, expected better electronics."
ORD001016,Rachana Muni,Clothes,No,,,
ORD001017,Urvashi Ratta,Beauty Products,No,2024-08-13,2.0,"Disappointed with this beauty products, quality is not good."
ORD001018,Shravya Ravi,Clothes,No,2023-07-11,5.0,"Fast delivery, clothes exceeded my expectations."
ORD001019,Zaitra Bora,Books,No,,,
ORD001020,Xavier Memon,Groceries,No,2023-05-13,3.0,"Average groceries, packaging could be better."
ORD001021,Parth Jha,Clothes,No,2024-04-06,4.0,"Great clothes, exactly as described. Very happy with it."
ORD001022,Jairaj Memon,Clothes,No,,,
ORD001023,Banjeet De,Electronics,No,2024-01-04,4.0,"Fast delivery, electronics exceeded my expectations."
ORD001024,Rishi Kashyap,Electronics,No,2023-12-26,5.0,"Great electronics, exactly as described. Very happy with it."
ORD001025,Rudra Ahuja,Furniture,No,2023-12-18,3.0,"Average furniture, packaging could be better."
ORD001026,Tejas Mani,Books,No,2024-02-12,5.0,"Really satisfied, highly recommend this books."
ORD001027,Eiravati Pradhan,Books,No,,,
ORD001028,Kashvi Narula,Furniture,No,2023-04-20,5.0,"Really satisfied, highly recommend this furniture."
ORD001029,Ishwar Wali,Books,No,2023-03-20,1.0,"Not worth the price, expected better books."
ORD001030,Anusha Raja,Clothes,No,,,
ORD001031,Max Aurora,Beauty Products,Yes,2023-07-26,3.0,"The beauty products is okay, does the job but nothing special."
ORD001032,Nirja Shan,Groceries,No,2024-01-01,3.0,"Average groceries, packaging could be better."
ORD001033,Girish Swamy,Clothes,No,2024-01-31,3.0,"Average clothes, packaging could be better."
ORD001034,Timothy Bhatti,Electronics,No,2024-05-17,3.0,"The electronics is okay, does the job but nothing special."
ORD001035,Hemangini Chad,Groceries,No,2025-09-27,5.0,"Really satisfied, highly recommend this groceries."
ORD001036,Harinakshi Sama,Clothes,Yes,2025-06-22,5.0,"Great clothes, exactly as described. Very happy with it."
ORD001037,Triveni Mallick,Groceries,No,2025-11-24,5.0,"Excellent quality for the price, would buy groceries again."
ORD001038,Omaja Dara,Clothes,No,2024-07-14,4.0,"Really satisfied, highly recommend this clothes."
ORD001039,Bimala Sehgal,Clothes,No,2025-08-08,3.0,"Average clothes, packaging could be better."
ORD001040,Aradhana Sethi,Books,No,,,
ORD001041,Janya Buch,Clothes,No,2025-09-17,4.0,"Fast delivery, clothes exceeded my expectations."
ORD001042,Frederick Solanki,Groceries,No,2025-11-23,3.0,"Average groceries, packaging could be better."
ORD001043,Watika Buch,Groceries,No,,,
ORD001044,Amara Puri,Beauty Products,No,2023-11-05,5.0,"Fast delivery, beauty products exceeded my expectations."
ORD001045,Tripti Goyal,Electronics,No,2024-10-25,4.0,"Fast delivery, electronics exceeded my expectations."
ORD001046,Gautam Aurora,Furniture,No,2024-02-02,4.0,"Excellent quality for the price, would buy furniture again."
ORD001047,Pranit Kohli,Toys,No,2023-07-04,5.0,"Excellent quality for the price, would buy toys again."
ORD001048,Vihaan Dora,Books,No,2023-10-24,2.0,"Not worth the price, expected better books."
ORD001049,Balvan Jani,Groceries,No,,,
ORD001050,Keya Sarkar,Clothes,No,,,
ORD001051,Dev Bhasin,Electronics,Yes,2025-09-28,5.0,"Great electronics, exactly as described. Very happy with it."
ORD001052,Nimrat Vasa,Electronics,No,2025-10-28,4.0,"Excellent quality for the price, would buy electronics again."
ORD001053,Robert Banik,Furniture,No,,,
ORD001054,Xavier Sani,Books,No,2025-08-04,4.0,"Excellent quality for the price, would buy books again."
ORD001055,Damyanti Sahni,Clothes,No,2024-01-12,3.0,"Average clothes, packaging could be better."
ORD001056,Harshil Muni,Beauty Products,No,2025-02-12,5.0,"Excellent quality for the price, would buy beauty products again."
ORD001057,Matthew Rana,Shoes,No,,,
ORD001058,Aarini Nagar,Groceries,No,,,
ORD001059,Warda Ramaswamy,Books,Yes,2023-09-15,4.0,"Really satisfied, highly recommend this books."
ORD001060,Dayamai Kamdar,Furniture,No,2025-12-12,5.0,"Fast delivery, furniture exceeded my expectations."
ORD001061,Zaitra Bajaj,Shoes,No,2025-05-23,5.0,"Great shoes, exactly as described. Very happy with it."
ORD001062,Tripti Zachariah,Sports Equipment,No,2025-04-28,4.0,"Excellent quality for the price, would buy sports equipment again."
ORD001063,Lakshmi Chacko,Kitchenware,No,2024-07-29,4.0,"Really satisfied, highly recommend this kitchenware."
ORD001064,Guneet Tripathi,Clothes,No,2023-08-05,4.0,"Fast delivery, clothes exceeded my expectations."
ORD001065,Vasudha Agarwal,Books,No,2024-01-01,4.0,"Really satisfied, highly recommend this books."
ORD001066,Pranav Saraf,Groceries,No,2024-09-30,5.0,"Great groceries, exactly as described. Very happy with it."
ORD001067,Girish Rattan,Books,No,2026-01-12,5.0,"Fast delivery, books exceeded my expectations."
ORD001068,Kavya Sandhu,Kitchenware,No,,,
ORD001069,Tarak Chand,Clothes,No,2024-06-23,5.0,"Really satisfied, highly recommend this clothes."
ORD001070,Bimala Shanker,Furniture,No,,,
ORD001071,Maanas Babu,Books,Yes,2025-02-08,4.0,"Fast delivery, books exceeded my expectations."
ORD001072,Nidra Devan,Sports Equipment,No,2023-05-19,4.0,"Really satisfied, highly recommend this sports equipment."
ORD001073,Falan Johal,Beauty Products,No,2023-02-06,4.0,"Really satisfied, highly recommend this beauty products."
ORD001074,Benjamin Ratta,Beauty Products,No,2024-01-22,5.0,"Fast delivery, beauty products exceeded my expectations."
ORD001075,Balveer Agarwal,Kitchenware,No,,,
ORD001076,Urmi Sachdeva,Groceries,No,2025-04-08,3.0,"The groceries is okay, does the job but nothing special."
ORD001077,Jagvi Sethi,Beauty Products,No,,,
ORD001078,Yauvani Patla,Beauty Products,No,2025-01-24,5.0,"Excellent quality for the price, would buy beauty products again."
ORD001079,William Khanna,Books,No,2024-07-04,4.0,"Great books, exactly as described. Very happy with it."
ORD001080,Hiral Dua,Shoes,No,2025-05-03,4.0,"Really satisfied, highly recommend this shoes."
ORD001081,Quincy Parsa,Clothes,Yes,,,
ORD001082,Ijaya Mander,Groceries,No,2025-01-12,4.0,"Really satisfied, highly recommend this groceries."
ORD001083,Falak Rege,Shoes,No,,,
ORD001084,Hemal Sen,Beauty Products,No,2023-12-11,2.0,"Not worth the price, expected better beauty products."
ORD001085,Alka Magar,Kitchenware,No,2024-09-10,2.0,"Received a damaged kitchenware, had to return it."
ORD001086,Mugdha Jani,Toys,No,,,
ORD001087,Ishwar Wali,Sports Equipment,No,2024-10-01,1.0,"Not worth the price, expected better sports equipment."
ORD001088,Henry Puri,Sports Equipment,No,,,
ORD001089,Yochana Bal,Furniture,No,2023-04-13,5.0,"Great furniture, exactly as described. Very happy with it."
ORD001090,Finn Dugal,Groceries,No,2024-07-14,2.0,"Disappointed with this groceries, quality is not good."
ORD001091,Omya Boase,Furniture,No,2023-07-20,5.0,"Excellent quality for the price, would buy furniture again."
ORD001092,Omya Boase,Shoes,No,2024-01-04,4.0,"Excellent quality for the price, would buy shoes again."
ORD001093,Elijah Dalal,Clothes,No,2023-06-23,5.0,"Excellent quality for the price, would buy clothes again."
ORD001094,Dayamai Kamdar,Groceries,No,2023-06-19,4.0,"Fast delivery, groceries exceeded my expectations."
ORD001095,Gavin Gade,Books,No,2025-09-18,4.0,"Fast delivery, books exceeded my expectations."
ORD001096,Maanas Chaudry,Kitchenware,No,2024-07-02,5.0,"Fast delivery, kitchenware exceeded my expectations."
ORD001097,Jai Bhatia,Clothes,No,2023-05-13,4.0,"Fast delivery, clothes exceeded my expectations."
ORD001098,Bimala Sehgal,Sports Equipment,No,,,
ORD001099,Leela Parmer,Groceries,Yes,,,
ORD001100,Vedika Ramesh,Toys,Yes,2023-04-22,4.0,"Really satisfied, highly recommend this toys."
ORD001101,Udarsh Sachdev,Books,No,,,
ORD001102,Elijah Raman,Electronics,Yes,2023-06-15,4.0,"Great electronics, exactly as described. Very happy with it."
ORD001103,Urmi Lad,Groceries,No,,,
ORD001104,Shravya Naik,Sports Equipment,No,2024-05-10,4.0,"Great sports equipment, exactly as described. Very happy with it."
ORD001105,Lakshmi Bhat,Groceries,No,,,
ORD001106,Tanveer Karpe,Clothes,No,2024-03-23,5.0,"Really satisfied, highly recommend this clothes."
ORD001107,Xavier Soman,Sports Equipment,No,2025-11-08,5.0,"Fast delivery, sports equipment exceeded my expectations."
ORD001108,Zaitra Bajaj,Clothes,No,2023-02-28,3.0,"Average clothes, packaging could be better."
ORD001109,Jagdish Ganesh,Toys,Yes,2025-08-10,4.0,"Excellent quality for the price, would buy toys again."
ORD001110,Falan Chana,Books,No,2024-10-23,5.0,"Fast delivery, books exceeded my expectations."
ORD001111,Bimala Sehgal,Shoes,No,2024-04-25,4.0,"Fast delivery, shoes exceeded my expectations."
ORD001112,Meghana Ben,Kitchenware,No,2024-10-11,5.0,"Fast delivery, kitchenware exceeded my expectations."
ORD001113,Faqid Gole,Beauty Products,No,,,
ORD001114,Qadim Sen,Electronics,No,2024-08-28,5.0,"Fast delivery, electronics exceeded my expectations."
ORD001115,Reva Dada,Books,No,,,
ORD001116,Siya Dhillon,Furniture,No,2025-08-06,5.0,"Excellent quality for the price, would buy furniture again."
ORD001117,Anika Rout,Clothes,No,2025-11-28,5.0,"Fast delivery, clothes exceeded my expectations."
ORD001118,Vasudha Shah,Groceries,No,2023-06-09,5.0,"Great groceries, exactly as described. Very happy with it."
ORD001119,Logan Sekhon,Electronics,No,2025-09-22,5.0,"Fast delivery, electronics exceeded my expectations."
ORD001120,Harshil Muni,Groceries,No,2025-07-22,5.0,"Really satisfied, highly recommend this groceries."
ORD001121,Hredhaan Edwin,Sports Equipment,No,2025-02-20,4.0,"Really satisfied, highly recommend this sports equipment."
ORD001122,Falak Rege,Toys,No,2023-08-20,4.0,"Great toys, exactly as described. Very happy with it."
ORD001123,Siddharth Sood,Kitchenware,No,2023-10-04,3.0,"The kitchenware is okay, does the job but nothing special."
ORD001124,Nandini Karan,Groceries,No,2023-03-25,4.0,"Great groceries, exactly as described. Very happy with it."
ORD001125,Aayush Parekh,Sports Equipment,No,2025-07-03,4.0,"Great sports equipment, exactly as described. Very happy with it."
ORD001126,Tripti Goyal,Electronics,No,2023-08-06,3.0,"The electronics is okay, does the job but nothing special."
ORD001127,Watika Buch,Books,No,2023-10-23,4.0,"Great books, exactly as described. Very happy with it."
ORD001128,Vasudha Agarwal,Electronics,No,2026-01-16,4.0,"Really satisfied, highly recommend this electronics."
ORD001129,Samesh Kashyap,Books,No,2025-03-19,4.0,"Fast delivery, books exceeded my expectations."
ORD001130,Anvi Shan,Shoes,No,2024-05-29,3.0,"The shoes is okay, does the job but nothing special."
ORD001131,Jai Bhatia,Books,No,,,
ORD001132,Dhriti Lad,Books,No,2024-02-05,5.0,"Fast delivery, books exceeded my expectations."
ORD001133,Samuel Rama,Electronics,No,2024-02-25,3.0,"The electronics is okay, does the job but nothing special."
ORD001134,Alka Chopra,Clothes,No,,,
ORD001135,Tristan Ravel,Sports Equipment,No,2023-03-09,5.0,"Really satisfied, highly recommend this sports equipment."
ORD001136,Dayamai Kamdar,Kitchenware,Yes,2024-11-01,4.0,"Excellent quality for the price, would buy kitchenware again."
ORD001137,Leela Parmer,Beauty Products,No,,,
ORD001138,Alka Srinivas,Sports Equipment,No,2024-05-10,5.0,"Fast delivery, sports equipment exceeded my expectations."
ORD001139,Darika Golla,Sports Equipment,No,2024-06-26,4.0,"Great sports equipment, exactly as described. Very happy with it."
ORD001140,Viraj Arora,Kitchenware,No,,,
ORD001141,Urvashi Suri,Furniture,No,2024-07-12,5.0,"Fast delivery, furniture exceeded my expectations."
ORD001142,Ganga Bumb,Toys,Yes,2025-04-02,3.0,"Average toys, packaging could be better."
ORD001143,Harinakshi Sama,Kitchenware,No,,,
ORD001144,Imaran Dara,Electronics,No,2024-06-07,3.0,"The electronics is okay, does the job but nothing special."
ORD001145,Varenya Mani,Sports Equipment,No,2024-10-01,5.0,"Fast delivery, sports equipment exceeded my expectations."
ORD001146,Yauvani Patla,Electronics,No,2024-09-27,5.0,"Excellent quality for the price, would buy electronics again."
ORD001147,Ikbal Ahuja,Beauty Products,No,2023-05-07,5.0,"Excellent quality for the price, would buy beauty products again."
ORD001148,Gavin Gade,Furniture,No,2023-11-05,1.0,"Received a damaged furniture, had to return it."
ORD001149,Rehaan Morar,Furniture,No,2025-08-04,5.0,"Really satisfied, highly recommend this furniture."
ORD001150,Rohan Rajagopalan,Sports Equipment,No,2024-03-27,1.0,"Not worth the price, expected better sports equipment."
ORD001151,Yamini Bir,Clothes,Yes,2023-09-13,5.0,"Great clothes, exactly as described. Very happy with it."
ORD001152,Dayita Sehgal,Books,No,2023-06-16,4.0,"Great books, exactly as described. Very happy with it."
ORD001153,Upasna Pant,Beauty Products,No,2024-02-28,4.0,"Really satisfied, highly recommend this beauty products."
ORD001154,Inaya Kalla,Sports Equipment,No,2025-02-25,5.0,"Really satisfied, highly recommend this sports equipment."
ORD001155,Harrison Rana,Furniture,No,,,
ORD001156,Ekalinga Dave,Groceries,No,2023-08-27,3.0,"The groceries is okay, does the job but nothing special."
ORD001157,Kala Vig,Electronics,No,2023-02-18,4.0,"Excellent quality for the price, would buy electronics again."
ORD001158,Urmi Sachdeva,Books,No,2025-02-06,5.0,"Great books, exactly as described. Very happy with it."
ORD001159,Christopher Vasa,Furniture,No,,,
ORD001160,Rohan Rajagopalan,Toys,No,2025-06-07,5.0,"Excellent quality for the price, would buy toys again."
ORD001161,Pallavi Lal,Kitchenware,No,2024-01-31,5.0,"Fast delivery, kitchenware exceeded my expectations."
ORD001162,Aishani Saini,Sports Equipment,No,2025-01-06,5.0,"Excellent quality for the price, would buy sports equipment again."
ORD001163,Charan Banerjee,Sports Equipment,No,2024-04-07,5.0,"Really satisfied, highly recommend this sports equipment."
ORD001164,Mohammed Ramachandran,Electronics,No,2023-06-23,5.0,"Excellent quality for the price, would buy electronics again."
ORD001165,Gautam Ravi,Electronics,No,,,
ORD001166,Aishani Saini,Beauty Products,No,,,
ORD001167,Chavvi Rattan,Groceries,No,2025-10-24,4.0,"Excellent quality for the price, would buy groceries again."
ORD001168,Tara Sur,Kitchenware,No,,,
ORD001169,Lila Kadakia,Clothes,No,2023-09-10,3.0,"Average clothes, packaging could be better."
ORD001170,Vinaya Shukla,Kitchenware,Yes,2024-03-19,4.0,"Great kitchenware, exactly as described. Very happy with it."
ORD001171,Varsha Sundaram,Furniture,No,2024-04-04,4.0,"Really satisfied, highly recommend this furniture."
ORD001172,Maanas Ratta,Groceries,No,2023-10-29,3.0,"Average groceries, packaging could be better."
ORD001173,Yug Rao,Electronics,No,2024-07-06,5.0,"Fast delivery, electronics exceeded my expectations."
ORD001174,Viraj Barad,Electronics,No,2025-12-10,5.0,"Really satisfied, highly recommend this electronics."
ORD001175,Veda Muni,Clothes,No,2023-01-25,5.0,"Excellent quality for the price, would buy clothes again."
ORD001176,Charita Vohra,Groceries,No,2024-05-09,3.0,"The groceries is okay, does the job but nothing special."
ORD001177,Ikbal Shankar,Toys,No,2024-03-10,3.0,"The toys is okay, does the job but nothing special."
ORD001178,Manbir Mittal,Beauty Products,No,2024-03-29,2.0,"Not worth the price, expected better beauty products."
ORD001179,Neha Warrior,Clothes,No,2023-01-21,4.0,"Great clothes, exactly as described. Very happy with it."
ORD001180,Ronith Nazareth,Furniture,No,2025-05-07,2.0,"Not worth the price, expected better furniture."
ORD001181,Harsh Gala,Shoes,No,2024-04-08,5.0,"Fast delivery, shoes exceeded my expectations."
ORD001182,Yashica Aurora,Sports Equipment,No,2024-05-26,5.0,"Excellent quality for the price, would buy sports equipment again."
ORD001183,Victor Chada,Furniture,No,,,
ORD001184,Kavya Srivastava,Electronics,No,2024-10-04,4.0,"Excellent quality for the price, would buy electronics again."
ORD001185,Girish Rattan,Clothes,No,,,
ORD001186,Ranbir Kala,Electronics,No,2025-11-11,5.0,"Excellent quality for the price, would buy electronics again."
ORD001187,Bachittar Bala,Groceries,Yes,2025-07-10,5.0,"Really satisfied, highly recommend this groceries."
ORD001188,Dhriti Lad,Kitchenware,No,2025-09-11,4.0,"Excellent quality for the price, would buy kitchenware again."
ORD001189,Jeet Setty,Toys,Yes,,,
ORD001190,Aarnav Mand,Shoes,No,2023-06-14,3.0,"Average shoes, packaging could be better."
ORD001191,Ronith Nazareth,Electronics,No,2025-01-11,5.0,"Fast delivery, electronics exceeded my expectations."
ORD001192,Ekalinga Dave,Beauty Products,No,2025-04-05,1.0,"Disappointed with this beauty products, quality is not good."
ORD001193,Samuel Rama,Furniture,No,2023-01-18,3.0,"Average furniture, packaging could be better."
ORD001194,Riya Thaman,Groceries,No,2025-04-18,4.0,"Fast delivery, groceries exceeded my expectations."
ORD001195,Daksha Kaul,Groceries,No,2023-02-02,1.0,"Disappointed with this groceries, quality is not good."
ORD001196,Vivaan Sood,Electronics,No,2025-04-09,3.0,"The electronics is okay, does the job but nothing special."
ORD001197,Benjamin Ratta,Sports Equipment,No,2023-12-07,2.0,"Received a damaged sports equipment, had to return it."
ORD001198,Faris Sethi,Toys,No,2024-08-14,5.0,"Excellent quality for the price, would buy toys again."
ORD001199,Libni Palan,Toys,No,2025-09-26,4.0,"Really satisfied, highly recommend this toys."
ORD001200,David Kurian,Electronics,No,2023-02-24,5.0,"Fast delivery, electronics exceeded my expectations."
ORD001201,Janya Sankaran,Kitchenware,Yes,2023-09-09,5.0,"Fast delivery, kitchenware exceeded my expectations."
ORD001202,Vaishnavi Dutt,Toys,No,2024-06-20,5.0,"Fast delivery, toys exceeded my expectations."
ORD001203,Akshay Kohli,Clothes,No,2023-02-05,4.0,"Fast delivery, clothes exceeded my expectations."
ORD001204,Nathaniel Kota,Sports Equipment,No,2023-12-20,5.0,"Really satisfied, highly recommend this sports equipment."
ORD001205,Faras Murthy,Clothes,No,,,
ORD001206,Chanchal Chand,Beauty Products,No,2023-10-22,4.0,"Fast delivery, beauty products exceeded my expectations."
ORD001207,Urvashi Suri,Books,No,,,
ORD001208,Omkaar Chopra,Shoes,No,2023-08-15,5.0,"Great shoes, exactly as described. Very happy with it."
ORD001209,Dayamai Kamdar,Electronics,No,2024-02-04,5.0,"Really satisfied, highly recommend this electronics."
ORD001210,Kiaan Jayaraman,Electronics,No,2024-01-25,4.0,"Excellent quality for the price, would buy electronics again."
ORD001211,Dhruv Randhawa,Clothes,No,2023-05-03,3.0,"The clothes is okay, does the job but nothing special."
ORD001212,Qabil Lall,Clothes,No,2023-12-18,4.0,"Really satisfied, highly recommend this clothes."
ORD001213,Victor Chada,Clothes,No,2024-03-02,5.0,"Fast delivery, clothes exceeded my expectations."
ORD001214,Sachi Chauhan,Kitchenware,No,2024-02-24,5.0,"Great kitchenware, exactly as described. Very happy with it."
ORD001215,Rajata Venkataraman,Electronics,No,2025-04-28,4.0,"Really satisfied, highly recommend this electronics."
ORD001216,Balveer Agarwal,Groceries,No,2023-03-16,2.0,"Received a damaged groceries, had to return it."
ORD001217,Darsh Sunder,Shoes,No,,,
ORD001218,Urvashi Ratta,Toys,No,2023-05-18,5.0,"Great toys, exactly as described. Very happy with it."
ORD001219,Girish Swamy,Groceries,No,2023-02-15,4.0,"Really satisfied, highly recommend this groceries."
ORD001220,Inaya Taneja,Toys,No,2024-12-15,5.0,"Really satisfied, highly recommend this toys."
ORD001221,Neha Warrior,Kitchenware,No,2023-04-29,4.0,"Excellent quality for the price, would buy kitchenware again."
ORD001222,Upadhriti Menon,Shoes,No,,,
ORD001223,Daksha Kaul,Beauty Products,No,2023-01-29,4.0,"Great beauty products, exactly as described. Very happy with it."
ORD001224,Zayyan Dutt,Electronics,No,2024-02-13,5.0,"Really satisfied, highly recommend this electronics."
ORD001225,Ishanvi Konda,Electronics,No,2025-09-30,4.0,"Excellent quality for the price, would buy electronics again."
ORD001226,Qasim Muni,Furniture,No,2024-02-06,4.0,"Excellent quality for the price, would buy furniture again."
ORD001227,Hritik Talwar,Sports Equipment,Yes,2023-01-30,5.0,"Fast delivery, sports equipment exceeded my expectations."
ORD001228,Veda Bhatnagar,Toys,No,2024-07-13,3.0,"Average toys, packaging could be better."
ORD001229,Warda Doctor,Groceries,No,,,
ORD001230,David Kurian,Furniture,No,,,
ORD001231,Chavvi Rattan,Kitchenware,No,2023-04-13,4.0,"Really satisfied, highly recommend this kitchenware."
ORD001232,Ayaan Krishnamurthy,Groceries,No,2024-09-15,4.0,"Really satisfied, highly recommend this groceries."
ORD001233,Omya Boase,Clothes,No,2023-10-07,3.0,"Average clothes, packaging could be better."
ORD001234,Anita Nayak,Furniture,No,,,
ORD001235,Nathan Mander,Furniture,No,2024-06-14,3.0,"Average furniture, packaging could be better."
ORD001236,Pranit Vig,Electronics,No,2023-04-02,5.0,"Fast delivery, electronics exceeded my expectations."
ORD001237,Shivani Sane,Clothes,Yes,2024-06-23,4.0,"Fast delivery, clothes exceeded my expectations."
ORD001238,Lakshit Mangat,Furniture,No,2025-11-10,5.0,"Really satisfied, highly recommend this furniture."
ORD001239,Brinda Mammen,Beauty Products,No,2024-08-08,1.0,"Received a damaged beauty products, had to return it."
ORD001240,Veda Bhatnagar,Electronics,No,,,
ORD001241,Pahal Kuruvilla,Clothes,No,2023-11-17,4.0,"Fast delivery, clothes exceeded my expectations."
ORD001242,Vinaya Shukla,Toys,No,2023-10-10,4.0,"Really satisfied, highly recommend this toys."
ORD001243,Yamini Bir,Books,No,2025-11-07,5.0,"Really satisfied, highly recommend this books."
ORD001244,Falak Anne,Clothes,No,2023-06-21,2.0,"Disappointed with this clothes, quality is not good."
ORD001245,Ikbal Chhabra,Toys,No,,,
ORD001246,Henry Bora,Electronics,No,2024-01-22,4.0,"Great electronics, exactly as described. Very happy with it."
ORD001247,Saanvi Agarwal,Shoes,No,2025-11-01,5.0,"Fast delivery, shoes exceeded my expectations."
ORD001248,Chandresh Bahl,Shoes,No,2024-04-19,4.0,"Excellent quality for the price, would buy shoes again."
ORD001249,Warhi Iyer,Books,No,2023-05-15,3.0,"The books is okay, does the job but nothing special."
ORD001250,Champak Kuruvilla,Electronics,No,,,
ORD001251,Manthan Lata,Electronics,No,2025-07-06,5.0,"Great electronics, exactly as described. Very happy with it."
ORD001252,Faras Garg,Furniture,No,2024-10-26,5.0,"Great furniture, exactly as described. Very happy with it."
ORD001253,Aarnav Pant,Books,Yes,2025-08-24,5.0,"Excellent quality for the price, would buy books again."
ORD001254,Shivani Murthy,Shoes,No,2023-09-23,5.0,"Fast delivery, shoes exceeded my expectations."
ORD001255,Vincent Barad,Furniture,No,2023-10-26,4.0,"Really satisfied, highly recommend this furniture."
ORD001256,Manya Shere,Kitchenware,No,2025-01-28,5.0,"Really satisfied, highly recommend this kitchenware."
ORD001257,Ranbir Kala,Electronics,No,2024-12-09,5.0,"Fast delivery, electronics exceeded my expectations."
ORD001258,Bina Sankaran,Kitchenware,Yes,2023-11-02,3.0,"Average kitchenware, packaging could be better."
ORD001259,Mekhala Chakraborty,Electronics,No,2024-01-13,4.0,"Great electronics, exactly as described. Very happy with it."
ORD001260,Veda Bhatnagar,Books,No,2023-09-23,5.0,"Really satisfied, highly recommend this books."
ORD001261,Siya Dhillon,Electronics,No,2025-01-30,3.0,"The electronics is okay, does the job but nothing special."
ORD001262,Tanvi Ghosh,Kitchenware,No,2024-01-08,5.0,"Excellent quality for the price, would buy kitchenware again."
ORD001263,Tara Sur,Shoes,No,2024-09-17,2.0,"Disappointed with this shoes, quality is not good."
ORD001264,Isha Bhatnagar,Clothes,No,2023-01-30,4.0,"Great clothes, exactly as described. Very happy with it."
ORD001265,Lakshit Mangat,Groceries,No,,,
ORD001266,Charita Vohra,Beauty Products,No,2024-08-16,5.0,"Excellent quality for the price, would buy beauty products again."
ORD001267,Utkarsh Din,Groceries,No,2023-01-15,5.0,"Great groceries, exactly as described. Very happy with it."
ORD001268,Bhavna Sood,Clothes,No,2024-08-10,4.0,"Great clothes, exactly as described. Very happy with it."
ORD001269,Aishani Saini,Electronics,No,2026-01-04,5.0,"Great electronics, exactly as described. Very happy with it."
ORD001270,Gaurangi Aurora,Books,No,2024-01-13,5.0,"Great books, exactly as described. Very happy with it."
ORD001271,Charvi Subramanian,Kitchenware,Yes,2024-07-22,5.0,"Fast delivery, kitchenware exceeded my expectations."
ORD001272,Wakeeta Tella,Kitchenware,No,2025-05-04,1.0,"Disappointed with this kitchenware, quality is not good."
ORD001273,Hemangini Sekhon,Toys,No,2025-05-25,5.0,"Fast delivery, toys exceeded my expectations."
ORD001274,Reva Dada,Shoes,Yes,2025-02-08,5.0,"Great shoes, exactly as described. Very happy with it."
ORD001275,Libni Palan,Kitchenware,No,2025-06-16,2.0,"Received a damaged kitchenware, had to return it."
ORD001276,Advaith Bhatti,Electronics,No,2025-02-14,4.0,"Excellent quality for the price, would buy electronics again."
ORD001277,Imaran Hari,Furniture,No,2025-02-07,4.0,"Excellent quality for the price, would buy furniture again."
ORD001278,Benjamin Deol,Shoes,No,,,
ORD001279,Ishanvi Nagar,Groceries,No,2023-09-21,4.0,"Fast delivery, groceries exceeded my expectations."
ORD001280,Varsha Sundaram,Groceries,No,2023-08-05,5.0,"Really satisfied, highly recommend this groceries."
ORD001281,Ladli Yadav,Groceries,No,2023-02-04,5.0,"Excellent quality for the price, would buy groceries again."
ORD001282,Januja Iyengar,Shoes,No,2023-01-22,5.0,"Fast delivery, shoes exceeded my expectations."
ORD001283,Yatin Balakrishnan,Sports Equipment,Yes,2025-09-25,5.0,"Really satisfied, highly recommend this sports equipment."
ORD001284,Pallavi Lal,Electronics,No,2023-04-06,4.0,"Great electronics, exactly as described. Very happy with it."
ORD001285,Shravya Naik,Kitchenware,No,,,
ORD001286,Viraj Arora,Toys,No,2024-01-15,5.0,"Great toys, exactly as described. Very happy with it."
ORD001287,Fariq Gandhi,Clothes,No,,,
ORD001288,Yashvi Bahl,Electronics,No,2023-06-27,3.0,"Average electronics, packaging could be better."
ORD001289,Pranav Saraf,Groceries,No,2025-07-14,3.0,"The groceries is okay, does the job but nothing special."
ORD001290,Rushil Brahmbhatt,Electronics,No,,,
ORD001291,Zehaan Devan,Beauty Products,No,2025-06-05,1.0,"Received a damaged beauty products, had to return it."
ORD001292,Ekalinga Joshi,Groceries,No,2023-12-10,3.0,"The groceries is okay, does the job but nothing special."
ORD001293,Warinder Narang,Groceries,No,2024-11-21,4.0,"Great groceries, exactly as described. Very happy with it."
ORD001294,Widisha Minhas,Beauty Products,Yes,2024-02-15,5.0,"Really satisfied, highly recommend this beauty products."
ORD001295,Falan Lanka,Books,No,,,
ORD001296,Azaan Sachar,Books,No,2025-07-23,3.0,"The books is okay, does the job but nothing special."
ORD001297,Rajeshri Kapadia,Clothes,No,,,
ORD001298,Zaitra Bora,Electronics,No,2024-02-27,5.0,"Great electronics, exactly as described. Very happy with it."
ORD001299,Chandani Datta,Beauty Products,No,2025-01-29,3.0,"The beauty products is okay, does the job but nothing special."
ORD001300,Indali Salvi,Beauty Products,No,,,
ORD001301,Arunima Parsa,Clothes,No,2025-05-28,3.0,"Average clothes, packaging could be better."
ORD001302,Harsh Karan,Shoes,No,2023-05-29,4.0,"Excellent quality for the price, would buy shoes again."
ORD001303,Kashvi Narula,Furniture,No,,,
ORD001304,Chakradev Bains,Groceries,No,2025-10-08,4.0,"Excellent quality for the price, would buy groceries again."
ORD001305,Yashica Kota,Beauty Products,No,2025-11-02,2.0,"Not worth the price, expected better beauty products."
ORD001306,Frado Joshi,Clothes,No,2025-09-03,5.0,"Excellent quality for the price, would buy clothes again."
ORD001307,Hemangini Sekhon,Groceries,Yes,,,
ORD001308,Balhaar Gade,Beauty Products,No,2024-02-04,5.0,"Great beauty products, exactly as described. Very happy with it."
ORD001309,Gabriel Randhawa,Clothes,No,2024-10-31,5.0,"Great clothes, exactly as described. Very happy with it."
ORD001310,Hamsini Bhatia,Groceries,No,,,
ORD001311,Praneel Bajaj,Shoes,No,2025-02-06,4.0,"Fast delivery, shoes exceeded my expectations."
ORD001312,Victor Chada,Kitchenware,No,2025-06-23,4.0,"Great kitchenware, exactly as described. Very happy with it."
ORD001313,Anika Palan,Clothes,No,,,
ORD001314,Kabir Krishnamurthy,Toys,No,2023-12-09,4.0,"Fast delivery, toys exceeded my expectations."
ORD001315,Alka Magar,Clothes,No,2025-02-23,3.0,"The clothes is okay, does the job but nothing special."
ORD001316,Baljiwan Chadha,Shoes,No,2024-12-30,4.0,"Fast delivery, shoes exceeded my expectations."
ORD001317,George Golla,Electronics,No,2025-07-17,1.0,"Received a damaged electronics, had to return it."
ORD001318,Wakeeta Raval,Shoes,No,2025-12-07,2.0,"Not worth the price, expected better shoes."
ORD001319,Lipika Chadha,Shoes,No,2025-01-15,5.0,"Excellent quality for the price, would buy shoes again."
ORD001320,Om Sastry,Books,No,2025-11-02,4.0,"Great books, exactly as described. Very happy with it."
ORD001321,Hredhaan Edwin,Electronics,No,,,
ORD001322,Meera Chawla,Groceries,No,2024-07-24,4.0,"Really satisfied, highly recommend this groceries."
ORD001323,Ganga Bumb,Groceries,No,2024-06-18,4.0,"Really satisfied, highly recommend this groceries."
ORD001324,Pratyush Bansal,Books,Yes,2025-04-28,5.0,"Great books, exactly as described. Very happy with it."
ORD001325,Chatura Kala,Groceries,No,2024-03-29,5.0,"Fast delivery, groceries exceeded my expectations."
ORD001326,Banjeet Memon,Groceries,No,2023-07-10,4.0,"Excellent quality for the price, would buy groceries again."
ORD001327,Viraj Barad,Kitchenware,No,2025-06-27,2.0,"Received a damaged kitchenware, had to return it."
ORD001328,Imaran Dara,Books,No,2025-02-14,3.0,"The books is okay, does the job but nothing special."
ORD001329,Nidhi Baria,Groceries,No,2024-12-14,1.0,"Not worth the price, expected better groceries."
ORD001330,Saumya Ratti,Electronics,No,2026-01-03,3.0,"Average electronics, packaging could be better."
ORD001331,Elijah Raman,Electronics,No,2025-08-31,3.0,"The electronics is okay, does the job but nothing special."
ORD001332,Anusha Raja,Clothes,No,2024-02-19,5.0,"Really satisfied, highly recommend this clothes."
ORD001333,Meera Chawla,Beauty Products,No,2024-12-11,3.0,"Average beauty products, packaging could be better."
ORD001334,Dhruv Bandi,Electronics,No,2024-10-12,4.0,"Excellent quality for the price, would buy electronics again."
ORD001335,Mohammed Ramachandran,Electronics,No,2023-05-29,5.0,"Excellent quality for the price, would buy electronics again."
ORD001336,Yamini Garg,Clothes,No,,,
ORD001337,Veda Muni,Electronics,No,2024-02-05,5.0,"Fast delivery, electronics exceeded my expectations."
ORD001338,Vivaan Grewal,Clothes,No,2024-07-27,1.0,"Received a damaged clothes, had to return it."
ORD001339,Odika Iyengar,Kitchenware,No,2024-06-09,3.0,"Average kitchenware, packaging could be better."
ORD001340,Maanav Madan,Shoes,No,2023-02-06,5.0,"Great shoes, exactly as described. Very happy with it."
ORD001341,Anika Rout,Electronics,No,2023-04-04,2.0,"Received a damaged electronics, had to return it."
ORD001342,Vedika Ramesh,Books,Yes,2024-05-01,3.0,"The books is okay, does the job but nothing special."
ORD001343,Charan Mangal,Beauty Products,No,2024-05-17,5.0,"Really satisfied, highly recommend this beauty products."
ORD001344,Isha Bhatnagar,Sports Equipment,No,2024-10-27,5.0,"Great sports equipment, exactly as described. Very happy with it."
ORD001345,Brinda Mammen,Electronics,No,2023-07-23,4.0,"Really satisfied, highly recommend this electronics."
ORD001346,Elijah Luthra,Books,No,2025-07-03,4.0,"Really satisfied, highly recommend this books."
ORD001347,Anvi Shan,Clothes,No,2024-04-18,3.0,"Average clothes, packaging could be better."
ORD001348,Devansh Mital,Books,No,2025-05-25,4.0,"Fast delivery, books exceeded my expectations."
ORD001349,Mitali Verma,Books,No,2023-04-07,4.0,"Fast delivery, books exceeded my expectations."
ORD001350,Chandran Solanki,Groceries,No,2025-09-25,3.0,"The groceries is okay, does the job but nothing special."
ORD001351,Veda Muni,Beauty Products,No,2025-08-14,5.0,"Excellent quality for the price, would buy beauty products again."
ORD001352,Tanay Lal,Furniture,No,2025-03-12,4.0,"Great furniture, exactly as described. Very happy with it."
ORD001353,Fariq Gandhi,Sports Equipment,No,2025-06-25,5.0,"Fast delivery, sports equipment exceeded my expectations."
ORD001354,Rohan Rajagopalan,Furniture,No,2023-01-10,1.0,"Disappointed with this furniture, quality is not good."
ORD001355,Jai Bhatia,Shoes,No,2023-01-26,3.0,"Average shoes, packaging could be better."
ORD001356,Shaurya Bora,Groceries,No,2025-01-01,4.0,"Fast delivery, groceries exceeded my expectations."
ORD001357,Samesh Kashyap,Clothes,Yes,,,
ORD001358,Nitesh Dayal,Clothes,No,2024-09-06,4.0,"Excellent quality for the price, would buy clothes again."
ORD001359,Shivansh Puri,Furniture,No,2025-01-15,4.0,"Fast delivery, furniture exceeded my expectations."
ORD001360,Abhiram Mitter,Sports Equipment,No,2025-02-01,4.0,"Fast delivery, sports equipment exceeded my expectations."
ORD001361,Gautam Aurora,Kitchenware,No,2024-11-08,4.0,"Fast delivery, kitchenware exceeded my expectations."
ORD001362,Anjali Dasgupta,Furniture,Yes,,,
ORD001363,Victor Chada,Electronics,No,2025-01-19,3.0,"Average electronics, packaging could be better."
ORD001364,Baljiwan Chadha,Shoes,No,,,
ORD001365,Hritik Talwar,Groceries,No,,,
ORD001366,Gautami Lall,Books,No,2024-01-13,3.0,"Average books, packaging could be better."
ORD001367,Chandresh Bahl,Furniture,No,,,
ORD001368,Janaki Din,Clothes,No,2024-04-07,3.0,"Average clothes, packaging could be better."
ORD001369,Wakeeta Tella,Clothes,No,2025-09-03,5.0,"Excellent quality for the price, would buy clothes again."
ORD001370,Janya Buch,Toys,No,2024-01-28,4.0,"Excellent quality for the price, would buy toys again."
ORD001371,Champak Kuruvilla,Sports Equipment,No,,,
ORD001372,Balvan Jani,Books,No,2026-01-06,4.0,"Really satisfied, highly recommend this books."
ORD001373,Urishilla Naik,Clothes,No,2024-07-26,4.0,"Fast delivery, clothes exceeded my expectations."
ORD001374,Utkarsh Din,Books,No,2024-04-24,1.0,"Not worth the price, expected better books."
ORD001375,Gavin Gade,Groceries,No,2025-02-02,4.0,"Really satisfied, highly recommend this groceries."
ORD001376,Balveer Dani,Kitchenware,No,2023-05-25,4.0,"Great kitchenware, exactly as described. Very happy with it."
ORD001377,Harshil Vyas,Toys,No,,,
ORD001378,Zansi Dixit,Kitchenware,No,2025-11-21,5.0,"Fast delivery, kitchenware exceeded my expectations."
ORD001379,Ronith Nazareth,Shoes,No,2025-12-05,4.0,"Great shoes, exactly as described. Very happy with it."
ORD001380,Kavya Srivastava,Furniture,No,2025-06-25,4.0,"Really satisfied, highly recommend this furniture."
ORD001381,Wakeeta Raval,Books,No,2024-01-18,5.0,"Fast delivery, books exceeded my expectations."
ORD001382,Vritti Chopra,Electronics,No,2023-03-02,3.0,"Average electronics, packaging could be better."
ORD001383,Kamya Lanka,Clothes,No,2023-05-31,4.0,"Great clothes, exactly as described. Very happy with it."
ORD001384,Sarthak Puri,Shoes,No,2024-09-15,5.0,"Fast delivery, shoes exceeded my expectations."
ORD001385,Baghyawati Guha,Kitchenware,No,,,
ORD001386,Chandran Roy,Kitchenware,No,,,
ORD001387,Kritika Chacko,Sports Equipment,No,2024-08-18,3.0,"The sports equipment is okay, does the job but nothing special."
ORD001388,Chanchal Chand,Beauty Products,No,2024-04-23,4.0,"Great beauty products, exactly as described. Very happy with it."
ORD001389,Zaitra Bora,Groceries,No,2023-11-05,5.0,"Really satisfied, highly recommend this groceries."
ORD001390,Chaman Varty,Sports Equipment,No,2025-07-31,5.0,"Excellent quality for the price, would buy sports equipment again."
ORD001391,Vaishnavi Shroff,Books,No,2025-11-21,3.0,"The books is okay, does the job but nothing special."
ORD001392,Vihaan Sen,Electronics,No,,,
ORD001393,Guneet Tripathi,Books,Yes,2025-02-10,2.0,"Received a damaged books, had to return it."
ORD001394,Praneel Bajaj,Groceries,No,2023-03-18,4.0,"Fast delivery, groceries exceeded my expectations."
ORD001395,Vanya Yohannan,Books,No,,,
ORD001396,Upadhriti Menon,Beauty Products,No,,,
ORD001397,Daksha Kaul,Groceries,Yes,2023-11-28,4.0,"Excellent quality for the price, would buy groceries again."
ORD001398,Jeet Setty,Kitchenware,No,,,
ORD001399,Jalsa Sangha,Toys,Yes,,,
ORD001400,Qushi Pau,Groceries,No,2023-07-24,1.0,"Not worth the price, expected better groceries."
ORD001401,Praneel Bajaj,Toys,No,,,
ORD001402,Zayan Sani,Electronics,No,,,
ORD001403,Qasim Muni,Electronics,No,,,
ORD001404,Yatan Tripathi,Books,No,,,
ORD001405,Akshay Ram,Groceries,No,2023-10-09,4.0,"Excellent quality for the price, would buy groceries again."
ORD001406,Oviya Tara,Beauty Products,No,2023-08-08,5.0,"Really satisfied, highly recommend this beauty products."
ORD001407,Rajeshri Kapadia,Electronics,No,2025-06-22,3.0,"The electronics is okay, does the job but nothing special."
ORD001408,Meera Bajaj,Electronics,No,2025-11-16,4.0,"Fast delivery, electronics exceeded my expectations."
ORD001409,Hamsini Bhatia,Toys,No,2025-06-22,2.0,"Not worth the price, expected better toys."
ORD001410,Dayamai Kamdar,Clothes,No,2024-02-02,4.0,"Really satisfied, highly recommend this clothes."
ORD001411,Isha Bhatnagar,Groceries,No,2025-07-12,3.0,"Average groceries, packaging could be better."
ORD001412,Yashica Kota,Clothes,No,2024-03-01,5.0,"Great clothes, exactly as described. Very happy with it."
ORD001413,Quincy Parsa,Groceries,No,2025-06-19,3.0,"Average groceries, packaging could be better."
ORD001414,Manthan Lata,Beauty Products,No,2024-05-03,4.0,"Excellent quality for the price, would buy beauty products again."
ORD001415,Aradhana Golla,Electronics,No,2023-08-20,4.0,"Great electronics, exactly as described. Very happy with it."
ORD001416,Maanas Babu,Shoes,No,,,
ORD001417,Gavin Lalla,Books,No,2023-07-31,2.0,"Received a damaged books, had to return it."
ORD001418,Sarthak Puri,Shoes,No,,,
ORD001419,Eshana Lad,Books,No,2023-07-07,2.0,"Not worth the price, expected better books."
ORD001420,Yashawini Sengupta,Books,No,,,
ORD001421,Rohan Rajagopalan,Books,No,2024-05-27,5.0,"Great books, exactly as described. Very happy with it."
ORD001422,Yahvi Wadhwa,Furniture,No,2023-09-05,4.0,"Great furniture, exactly as described. Very happy with it."
ORD001423,Shravya Naik,Beauty Products,No,,,
ORD001424,Leena Ratta,Books,No,2023-03-30,5.0,"Really satisfied, highly recommend this books."
ORD001425,Lopa Narasimhan,Toys,No,2026-01-12,2.0,"Disappointed with this toys, quality is not good."
ORD001426,Jyoti Oak,Electronics,No,2025-12-01,4.0,"Really satisfied, highly recommend this electronics."
ORD001427,Aachal Andra,Sports Equipment,No,2025-09-12,2.0,"Disappointed with this sports equipment, quality is not good."
ORD001428,Amaira Sarin,Furniture,Yes,2025-04-23,5.0,"Great furniture, exactly as described. Very happy with it."
ORD001429,Rachit Bedi,Books,No,2024-06-05,4.0,"Great books, exactly as described. Very happy with it."
ORD001430,Karan Bail,Beauty Products,Yes,2025-06-04,5.0,"Great beauty products, exactly as described. Very happy with it."
ORD001431,Shivani Murthy,Toys,No,,,
ORD001432,Garima Agarwal,Groceries,No,2023-10-08,5.0,"Really satisfied, highly recommend this groceries."
ORD001433,Tanmayi Subramanian,Beauty Products,No,,,
ORD001434,Frado Raj,Toys,No,2023-01-30,5.0,"Fast delivery, toys exceeded my expectations."
ORD001435,Faras Murthy,Electronics,No,,,
ORD001436,Naveen Nagi,Toys,No,,,
ORD001437,Janya Buch,Shoes,No,,,
ORD001438,Yauvani Hora,Clothes,Yes,2024-09-08,4.0,"Excellent quality for the price, would buy clothes again."
ORD001439,Veer Cheema,Clothes,No,,,
ORD001440,Yatan Keer,Clothes,No,2025-02-19,5.0,"Excellent quality for the price, would buy clothes again."
ORD001441,Chanchal Sastry,Electronics,No,2025-11-08,4.0,"Great electronics, exactly as described. Very happy with it."
ORD001442,Pratyush Madan,Groceries,No,2024-09-24,5.0,"Really satisfied, highly recommend this groceries."
ORD001443,Aarnav Pant,Clothes,No,2024-04-27,4.0,"Excellent quality for the price, would buy clothes again."
ORD001444,Damyanti Sahni,Groceries,No,2025-03-01,5.0,"Fast delivery, groceries exceeded my expectations."
ORD001445,Harinakshi Sama,Groceries,No,2025-07-19,3.0,"The groceries is okay, does the job but nothing special."
ORD001446,Gavin Lalla,Electronics,No,2024-08-02,5.0,"Excellent quality for the price, would buy electronics again."
ORD001447,Kritika Chacko,Groceries,No,2025-05-28,5.0,"Fast delivery, groceries exceeded my expectations."
ORD001448,Lipika Lal,Shoes,No,2023-02-20,2.0,"Disappointed with this shoes, quality is not good."
ORD001449,Laksh Sani,Toys,No,2024-10-03,3.0,"Average toys, packaging could be better."
ORD001450,Nandini Karan,Clothes,No,2023-08-27,5.0,"Fast delivery, clothes exceeded my expectations."
ORD001451,Hemani Aurora,Beauty Products,Yes,,,
ORD001452,Victor Goda,Electronics,No,2025-09-01,3.0,"The electronics is okay, does the job but nothing special."
ORD001453,Libni Palan,Shoes,No,2024-04-23,4.0,"Great shoes, exactly as described. Very happy with it."
ORD001454,Orinder Dhaliwal,Groceries,No,2025-12-01,3.0,"The groceries is okay, does the job but nothing special."
ORD001455,Eshana Dyal,Sports Equipment,No,2025-05-20,1.0,"Not worth the price, expected better sports equipment."
ORD001456,Isha Bhatnagar,Books,No,2023-04-28,3.0,"The books is okay, does the job but nothing special."
ORD001457,Tanvi Ghosh,Kitchenware,No,2025-04-28,2.0,"Received a damaged kitchenware, had to return it."
ORD001458,Janaki Din,Furniture,No,2023-08-10,4.0,"Great furniture, exactly as described. Very happy with it."
ORD001459,Brinda Mammen,Beauty Products,No,2024-08-15,5.0,"Really satisfied, highly recommend this beauty products."
ORD001460,Eshana Dyal,Shoes,Yes,2025-06-17,5.0,"Fast delivery, shoes exceeded my expectations."
ORD001461,Amara Mitra,Groceries,No,2024-09-24,3.0,"Average groceries, packaging could be better."
ORD001462,Jagdish Kurian,Toys,No,,,
ORD001463,Rayaan Malhotra,Sports Equipment,No,2025-10-25,4.0,"Excellent quality for the price, would buy sports equipment again."
ORD001464,Krisha Ganguly,Clothes,No,2025-11-26,4.0,"Fast delivery, clothes exceeded my expectations."
ORD001465,Rishi Borde,Electronics,No,2025-05-13,2.0,"Not worth the price, expected better electronics."
ORD001466,Finn Dugal,Kitchenware,No,,,
ORD001467,Rajata Venkataraman,Kitchenware,No,2024-07-02,5.0,"Excellent quality for the price, would buy kitchenware again."
ORD001468,Yoshita Soman,Kitchenware,No,2023-10-10,3.0,"The kitchenware is okay, does the job but nothing special."
ORD001469,Karan Bail,Books,No,,,
ORD001470,Timothy Bhatti,Books,No,,,
ORD001471,Owen Trivedi,Groceries,No,2023-07-28,3.0,"The groceries is okay, does the job but nothing special."
ORD001472,Falan Chana,Groceries,No,2026-01-11,5.0,"Really satisfied, highly recommend this groceries."
ORD001473,Meera Chawla,Furniture,No,2025-03-28,4.0,"Really satisfied, highly recommend this furniture."
ORD001474,Zehaan Pradhan,Electronics,No,,,
ORD001475,Faris Sethi,Toys,No,2025-04-17,1.0,"Not worth the price, expected better toys."
ORD001476,Vedika Ramesh,Electronics,No,2023-11-04,4.0,"Fast delivery, electronics exceeded my expectations."
ORD001477,Aayush Andra,Groceries,No,,,
ORD001478,Xavier Soman,Beauty Products,No,2023-06-30,5.0,"Excellent quality for the price, would buy beauty products again."
ORD001479,Vyanjana Mani,Furniture,No,,,
ORD001480,Falak Gulati,Groceries,Yes,2024-10-23,4.0,"Fast delivery, groceries exceeded my expectations."
ORD001481,Falan Chana,Furniture,No,2024-01-06,3.0,"The furniture is okay, does the job but nothing special."
ORD001482,Meera Bajaj,Furniture,No,,,
ORD001483,Falan Johal,Groceries,No,2023-08-17,4.0,"Excellent quality for the price, would buy groceries again."
ORD001484,Frado Raj,Beauty Products,No,2024-04-16,4.0,"Fast delivery, beauty products exceeded my expectations."
ORD001485,Yatan Tripathi,Clothes,No,,,
ORD001486,Nidra Grewal,Furniture,No,2025-06-20,5.0,"Really satisfied, highly recommend this furniture."
ORD001487,Bahadurjit Arora,Clothes,No,2025-02-10,5.0,"Great clothes, exactly as described. Very happy with it."
ORD001488,Urvashi Suri,Electronics,No,2024-05-10,2.0,"Received a damaged electronics, had to return it."
ORD001489,Yashica Kota,Groceries,No,2025-05-30,5.0,"Great groceries, exactly as described. Very happy with it."
ORD001490,Waida Bandi,Electronics,No,2024-03-16,2.0,"Not worth the price, expected better electronics."
ORD001491,Dayamai Sangha,Kitchenware,No,2023-10-04,5.0,"Great kitchenware, exactly as described. Very happy with it."
ORD001492,Timothy Bhandari,Beauty Products,No,2025-10-10,5.0,"Excellent quality for the price, would buy beauty products again."
ORD001493,Owen Trivedi,Shoes,No,2025-08-16,5.0,"Fast delivery, shoes exceeded my expectations."
ORD001494,Owen Trivedi,Shoes,No,2023-07-29,4.0,"Fast delivery, shoes exceeded my expectations."
ORD001495,Tanay Lal,Electronics,No,2024-02-13,2.0,"Received a damaged electronics, had to return it."
ORD001496,Gautami Sarin,Electronics,No,2025-11-05,4.0,"Great electronics, exactly as described. Very happy with it."
ORD001497,Qabil Lall,Electronics,No,2024-07-10,4.0,"Fast delivery, electronics exceeded my expectations."
ORD001498,Indali Kunda,Sports Equipment,No,2025-07-18,4.0,"Really satisfied, highly recommend this sports equipment."
ORD001499,Rajeshri Kapadia,Sports Equipment,No,,,
ORD001500,Harinakshi Sama,Beauty Products,No,2023-12-31,5.0,"Excellent quality for the price, would buy beauty products again."
ORD001501,Nidra Devan,Furniture,No,2023-09-28,5.0,"Excellent quality for the price, would buy furniture again."
ORD001502,Abha Ravi,Groceries,No,2024-11-24,4.0,"Fast delivery, groceries exceeded my expectations."
ORD001503,Girish Rattan,Groceries,No,2023-04-29,4.0,"Excellent quality for the price, would buy groceries again."
ORD001504,Janaki Din,Shoes,No,,,
ORD001505,Hemangini Sekhon,Groceries,No,,,
ORD001506,Ryan Venkataraman,Beauty Products,No,2025-11-03,3.0,"Average beauty products, packaging could be better."
ORD001507,Ikbal Shankar,Furniture,Yes,2023-05-04,5.0,"Really satisfied, highly recommend this furniture."
ORD001508,Lipika Lal,Electronics,No,2025-10-19,2.0,"Not worth the price, expected better electronics."
ORD001509,Zaitra Bajaj,Toys,No,,,
ORD001510,Oni Dhawan,Electronics,Yes,2025-06-11,5.0,"Excellent quality for the price, would buy electronics again."
ORD001511,Charvi Date,Kitchenware,No,2023-03-02,5.0,"Great kitchenware, exactly as described. Very happy with it."
ORD001512,Leena Chhabra,Furniture,No,,,
ORD001513,Manya Shere,Kitchenware,No,2023-08-12,2.0,"Not worth the price, expected better kitchenware."
ORD001514,Idika Warrior,Electronics,No,,,
ORD001515,Timothy Bhandari,Books,No,2023-06-02,5.0,"Really satisfied, highly recommend this books."
ORD001516,Simon Mitter,Groceries,Yes,2025-05-02,4.0,"Great groceries, exactly as described. Very happy with it."
ORD001517,Upasna Pant,Beauty Products,No,2025-11-21,5.0,"Great beauty products, exactly as described. Very happy with it."
ORD001518,Veer Cheema,Beauty Products,No,,,
ORD001519,Harsh Agrawal,Clothes,No,2025-06-05,3.0,"Average clothes, packaging could be better."
ORD001520,Harshil Muni,Kitchenware,No,2025-09-08,2.0,"Not worth the price, expected better kitchenware."
ORD001521,Aarav Nagy,Groceries,No,2023-08-12,4.0,"Great groceries, exactly as described. Very happy with it."
ORD001522,Yamini Garg,Electronics,No,2024-05-16,4.0,"Really satisfied, highly recommend this electronics."
ORD001523,Noah Sur,Sports Equipment,No,2023-03-17,5.0,"Really satisfied, highly recommend this sports equipment."
ORD001524,Akshay Ram,Toys,No,2023-11-18,1.0,"Received a damaged toys, had to return it."
ORD001525,Falak Anne,Electronics,No,2026-01-01,5.0,"Fast delivery, electronics exceeded my expectations."
ORD001526,Ansh Kohli,Clothes,No,,,
ORD001527,Zarna Peri,Sports Equipment,No,,,
ORD001528,Yug Rao,Furniture,No,2023-12-15,1.0,"Disappointed with this furniture, quality is not good."
ORD001529,Kevin Suresh,Furniture,No,2026-01-09,2.0,"Not worth the price, expected better furniture."
ORD001530,Eesha Ahluwalia,Groceries,No,,,
ORD001531,Osha Patil,Electronics,No,2025-03-14,3.0,"The electronics is okay, does the job but nothing special."
ORD001532,Adya Sangha,Shoes,No,2024-08-28,5.0,"Great shoes, exactly as described. Very happy with it."
ORD001533,Hamsini Chandra,Books,No,2025-10-10,5.0,"Great books, exactly as described. Very happy with it."
ORD001534,Henry Puri,Furniture,No,,,
ORD001535,Advik Hegde,Furniture,No,2023-05-25,5.0,"Fast delivery, furniture exceeded my expectations."
ORD001536,Vasudha Agarwal,Shoes,No,,,
ORD001537,Harish Shetty,Groceries,No,2023-04-14,5.0,"Great groceries, exactly as described. Very happy with it."
ORD001538,Falak Gulati,Groceries,No,2023-11-08,4.0,"Great groceries, exactly as described. Very happy with it."
ORD001539,Owen Oommen,Furniture,No,2023-11-24,5.0,"Excellent quality for the price, would buy furniture again."
ORD001540,Elijah Wason,Clothes,No,2024-06-18,5.0,"Excellent quality for the price, would buy clothes again."
ORD001541,Saksham Mani,Toys,No,2024-11-09,4.0,"Excellent quality for the price, would buy toys again."
ORD001542,Balvan Jani,Beauty Products,No,2025-04-08,3.0,"The beauty products is okay, does the job but nothing special."
ORD001543,Imaran Dara,Groceries,No,2024-07-29,4.0,"Excellent quality for the price, would buy groceries again."
ORD001544,Yoshita Soman,Toys,No,,,
ORD001545,Arya Thakkar,Books,No,2023-03-07,4.0,"Great books, exactly as described. Very happy with it."
ORD001546,Yasti Mutti,Sports Equipment,No,2023-01-25,5.0,"Fast delivery, sports equipment exceeded my expectations."
ORD001547,Aradhana Sethi,Beauty Products,No,2025-09-02,4.0,"Excellent quality for the price, would buy beauty products again."
ORD001548,Vincent Tara,Clothes,No,2024-12-30,5.0,"Excellent quality for the price, would buy clothes again."
ORD001549,Victor Chada,Books,No,,,
ORD001550,Jai Bhatia,Furniture,No,2025-04-06,5.0,"Excellent quality for the price, would buy furniture again."
ORD001551,Waida Bandi,Groceries,No,,,
ORD001552,Abha Keer,Toys,No,2023-08-31,5.0,"Really satisfied, highly recommend this toys."
ORD001553,Benjamin Ratta,Books,Yes,2025-07-06,4.0,"Fast delivery, books exceeded my expectations."
ORD001554,Ubika Sarna,Groceries,No,2023-10-03,1.0,"Disappointed with this groceries, quality is not good."
ORD001555,Oviya Tara,Electronics,No,2024-08-26,5.0,"Excellent quality for the price, would buy electronics again."
ORD001556,Onkar Sarin,Electronics,No,2024-08-10,5.0,"Really satisfied, highly recommend this electronics."
ORD001557,Harish Shetty,Electronics,No,2023-07-09,2.0,"Not worth the price, expected better electronics."
ORD001558,Nandini Karan,Groceries,No,2025-06-05,4.0,"Really satisfied, highly recommend this groceries."
ORD001559,Darpan Gour,Electronics,No,2024-05-08,5.0,"Excellent quality for the price, would buy electronics again."
ORD001560,Neha Warrior,Electronics,No,2023-01-31,5.0,"Really satisfied, highly recommend this electronics."
ORD001561,Benjamin Barad,Electronics,No,2023-09-30,4.0,"Great electronics, exactly as described. Very happy with it."
ORD001562,Inaya Sawhney,Beauty Products,No,,,
ORD001563,Nathaniel Narain,Groceries,No,2024-08-25,3.0,"Average groceries, packaging could be better."
ORD001564,Ubika Bains,Books,No,2025-09-27,4.0,"Excellent quality for the price, would buy books again."
ORD001565,Garima Kumar,Kitchenware,No,,,
ORD001566,Pranit Kohli,Electronics,No,2023-03-04,4.0,"Really satisfied, highly recommend this electronics."
ORD001567,Ganga Bumb,Furniture,No,2024-03-29,5.0,"Great furniture, exactly as described. Very happy with it."
ORD001568,Ubika Bains,Kitchenware,No,2024-03-03,3.0,"The kitchenware is okay, does the job but nothing special."
ORD001569,Qadim Agrawal,Toys,No,2024-04-10,4.0,"Really satisfied, highly recommend this toys."
ORD001570,Kashvi Sangha,Electronics,Yes,,,
ORD001571,Gaurika Ganesh,Electronics,No,2025-03-13,4.0,"Excellent quality for the price, would buy electronics again."
ORD001572,Harsh Karan,Electronics,No,2023-09-14,4.0,"Really satisfied, highly recommend this electronics."
ORD001573,Urmi Wali,Beauty Products,No,2025-05-29,4.0,"Excellent quality for the price, would buy beauty products again."
ORD001574,Triveni Mallick,Kitchenware,No,2025-11-24,3.0,"Average kitchenware, packaging could be better."
ORD001575,Alexander Behl,Books,No,,,
ORD001576,Nitesh Dayal,Beauty Products,No,2023-04-05,2.0,"Received a damaged beauty products, had to return it."
ORD001577,Neha Warrior,Books,Yes,2023-04-28,5.0,"Great books, exactly as described. Very happy with it."
ORD001578,Zaid Sandal,Books,Yes,2023-06-20,5.0,"Excellent quality for the price, would buy books again."
ORD001579,Amara Puri,Sports Equipment,No,,,
ORD001580,Banjeet Rastogi,Electronics,No,2023-06-11,4.0,"Great electronics, exactly as described. Very happy with it."
ORD001581,Rushil Brahmbhatt,Beauty Products,No,2023-07-24,1.0,"Disappointed with this beauty products, quality is not good."
ORD001582,Hamsini Chandra,Sports Equipment,No,,,
ORD001583,Zayyan Dutt,Clothes,No,2024-11-18,5.0,"Really satisfied, highly recommend this clothes."
ORD001584,George Madan,Shoes,No,2023-06-29,1.0,"Not worth the price, expected better shoes."
ORD001585,Ojasvi Parmer,Furniture,No,,,
ORD001586,Sneha Nori,Beauty Products,No,2025-02-16,4.0,"Excellent quality for the price, would buy beauty products again."
ORD001587,Sarthak Rai,Shoes,No,2024-01-15,3.0,"Average shoes, packaging could be better."
ORD001588,Jhalak Sekhon,Sports Equipment,No,2023-10-24,2.0,"Received a damaged sports equipment, had to return it."
ORD001589,Advaith Bhatti,Sports Equipment,No,2023-05-23,3.0,"Average sports equipment, packaging could be better."
ORD001590,Anvi Shan,Beauty Products,Yes,2026-01-05,5.0,"Great beauty products, exactly as described. Very happy with it."
ORD001591,Max Aurora,Electronics,No,2024-05-09,5.0,"Fast delivery, electronics exceeded my expectations."
ORD001592,Watika Wali,Clothes,No,2025-06-24,5.0,"Fast delivery, clothes exceeded my expectations."
ORD001593,Dhruv Randhawa,Groceries,No,2024-04-08,4.0,"Excellent quality for the price, would buy groceries again."
ORD001594,Gaurika Ganesh,Electronics,Yes,2025-09-26,2.0,"Not worth the price, expected better electronics."
ORD001595,Bahadurjit Kant,Clothes,No,,,
ORD001596,Vivaan Seth,Furniture,No,2023-03-23,3.0,"Average furniture, packaging could be better."
ORD001597,Manthan Lata,Sports Equipment,No,2024-10-25,4.0,"Excellent quality for the price, would buy sports equipment again."
ORD001598,Idika Singh,Sports Equipment,No,2024-03-22,5.0,"Great sports equipment, exactly as described. Very happy with it."
ORD001599,Aarini Ravel,Sports Equipment,No,2024-04-04,3.0,"Average sports equipment, packaging could be better."
ORD001600,Matthew Rana,Beauty Products,No,2024-09-14,4.0,"Excellent quality for the price, would buy beauty products again."
ORD001601,Mitesh Varghese,Sports Equipment,No,2024-03-09,1.0,"Received a damaged sports equipment, had to return it."
ORD001602,Chavvi Rattan,Toys,Yes,2024-02-21,5.0,"Really satisfied, highly recommend this toys."
ORD001603,Benjamin Barad,Clothes,No,2024-09-13,5.0,"Excellent quality for the price, would buy clothes again."
ORD001604,Amrita Sami,Shoes,No,2025-05-09,4.0,"Great shoes, exactly as described. Very happy with it."
ORD001605,Jyoti Dhingra,Sports Equipment,No,,,
ORD001606,Ayaan Bhatnagar,Electronics,No,2025-12-06,3.0,"Average electronics, packaging could be better."
ORD001607,Nicholas Bhandari,Furniture,Yes,,,
ORD001608,Utkarsh Din,Beauty Products,Yes,2024-12-15,5.0,"Great beauty products, exactly as described. Very happy with it."
ORD001609,Arunima Parsa,Electronics,No,2024-10-28,3.0,"Average electronics, packaging could be better."
ORD001610,Kashvi Narula,Furniture,No,2023-03-13,3.0,"Average furniture, packaging could be better."
ORD001611,Zayan Sani,Clothes,No,2024-07-18,4.0,"Excellent quality for the price, would buy clothes again."
ORD001612,Eiravati Pradhan,Clothes,No,2025-02-04,4.0,"Great clothes, exactly as described. Very happy with it."
ORD001613,Zashil Chaudhuri,Shoes,No,2024-06-01,5.0,"Really satisfied, highly recommend this shoes."
ORD001614,Amara Puri,Electronics,No,,,
ORD001615,Dalbir Sule,Sports Equipment,No,,,
ORD001616,Benjamin Barad,Electronics,No,2024-07-10,3.0,"The electronics is okay, does the job but nothing special."
ORD001617,Naksh Krishna,Groceries,No,2023-10-12,3.0,"Average groceries, packaging could be better."
ORD001618,Gaurav Toor,Beauty Products,No,,,
ORD001619,Osha Patil,Furniture,No,2023-03-19,5.0,"Excellent quality for the price, would buy furniture again."
ORD001620,Devika Mody,Groceries,No,2025-10-23,3.0,"Average groceries, packaging could be better."
ORD001621,Jyoti Dhingra,Beauty Products,No,,,
ORD001622,Yochana Bal,Toys,No,,,
ORD001623,Maanas Swamy,Kitchenware,No,2024-01-24,4.0,"Fast delivery, kitchenware exceeded my expectations."
ORD001624,Yutika Bhagat,Clothes,Yes,2024-12-22,5.0,"Really satisfied, highly recommend this clothes."
ORD001625,Dayamai Kamdar,Groceries,No,2024-01-16,4.0,"Great groceries, exactly as described. Very happy with it."
ORD001626,Dalbir Sule,Toys,No,2025-02-16,5.0,"Fast delivery, toys exceeded my expectations."
ORD001627,Eiravati Khare,Groceries,No,2024-12-03,3.0,"The groceries is okay, does the job but nothing special."
ORD001628,Vrishti Cherian,Electronics,No,2025-04-04,5.0,"Fast delivery, electronics exceeded my expectations."
ORD001629,Nitesh Oommen,Kitchenware,No,2025-10-06,4.0,"Excellent quality for the price, would buy kitchenware again."
ORD001630,Harrison Arya,Groceries,No,2023-09-23,3.0,"Average groceries, packaging could be better."
ORD001631,George Madan,Toys,No,2023-08-06,2.0,"Disappointed with this toys, quality is not good."
ORD001632,Riya Mutti,Shoes,No,2024-10-26,5.0,"Great shoes, exactly as described. Very happy with it."
ORD001633,Nathaniel Narain,Clothes,Yes,2023-04-11,2.0,"Received a damaged clothes, had to return it."
ORD001634,Hitesh Virk,Sports Equipment,No,2025-08-23,4.0,"Fast delivery, sports equipment exceeded my expectations."
ORD001635,Mason Koshy,Electronics,No,2023-03-02,5.0,"Really satisfied, highly recommend this electronics."
ORD001636,Bina Varty,Clothes,No,2024-12-30,4.0,"Really satisfied, highly recommend this clothes."
ORD001637,Vedika Ramesh,Kitchenware,Yes,,,
ORD001638,Ayushman Bahl,Clothes,No,2023-04-22,4.0,"Excellent quality for the price, would buy clothes again."
ORD001639,Pranit Kohli,Groceries,No,2025-10-13,1.0,"Received a damaged groceries, had to return it."
ORD001640,Aayush Parekh,Sports Equipment,No,2024-07-20,5.0,"Really satisfied, highly recommend this sports equipment."
ORD001641,Noah Sur,Books,No,2023-04-06,5.0,"Excellent quality for the price, would buy books again."
ORD001642,Rohan Rajagopalan,Kitchenware,No,2024-03-15,4.0,"Excellent quality for the price, would buy kitchenware again."
ORD001643,Triya Pant,Furniture,No,2024-07-13,5.0,"Really satisfied, highly recommend this furniture."
ORD001644,Urmi Wali,Electronics,No,,,
ORD001645,Idika Singh,Electronics,No,2023-05-16,5.0,"Great electronics, exactly as described. Very happy with it."
ORD001646,Amara Puri,Kitchenware,No,2023-04-12,5.0,"Excellent quality for the price, would buy kitchenware again."
ORD001647,Manya Shere,Sports Equipment,No,2024-01-01,5.0,"Really satisfied, highly recommend this sports equipment."
ORD001648,Bimala Sehgal,Groceries,No,2025-05-21,5.0,"Fast delivery, groceries exceeded my expectations."
ORD001649,Karan Bhat,Books,No,2025-08-22,3.0,"Average books, packaging could be better."
ORD001650,Omisha Sood,Clothes,No,2025-12-03,4.0,"Excellent quality for the price, would buy clothes again."
ORD001651,Maanas Swamy,Books,No,2023-02-08,4.0,"Fast delivery, books exceeded my expectations."
ORD001652,Udarsh Dubey,Electronics,No,2023-09-15,3.0,"Average electronics, packaging could be better."
ORD001653,Bimala Shanker,Clothes,No,2025-09-23,5.0,"Excellent quality for the price, would buy clothes again."
ORD001654,Chakrika Kalla,Electronics,Yes,2024-03-05,5.0,"Really satisfied, highly recommend this electronics."
ORD001655,Xavier Sani,Shoes,Yes,2024-12-25,5.0,"Excellent quality for the price, would buy shoes again."
ORD001656,Leela Swaminathan,Kitchenware,Yes,2023-09-09,3.0,"Average kitchenware, packaging could be better."
ORD001657,Theodore Chandra,Clothes,No,2024-12-08,5.0,"Excellent quality for the price, would buy clothes again."
ORD001658,Aradhana Golla,Clothes,Yes,2024-07-25,5.0,"Great clothes, exactly as described. Very happy with it."
ORD001659,Nitesh Dayal,Groceries,No,2025-06-02,2.0,"Disappointed with this groceries, quality is not good."
ORD001660,Chandresh Golla,Electronics,No,2025-05-17,3.0,"Average electronics, packaging could be better."
ORD001661,Triveni Mallick,Groceries,No,2025-01-29,4.0,"Really satisfied, highly recommend this groceries."
ORD001662,Adya Patla,Electronics,No,2025-02-11,4.0,"Great electronics, exactly as described. Very happy with it."
ORD001663,Warda Palan,Clothes,No,2023-09-06,4.0,"Really satisfied, highly recommend this clothes."
ORD001664,Adya Sangha,Shoes,No,2023-09-17,4.0,"Great shoes, exactly as described. Very happy with it."
ORD001665,Aarav Anne,Groceries,No,2023-11-10,3.0,"Average groceries, packaging could be better."
ORD001666,Samuel Rama,Beauty Products,No,2023-05-10,2.0,"Received a damaged beauty products, had to return it."
ORD001667,Xavier Soman,Electronics,No,,,
ORD001668,Imaran Buch,Electronics,No,2024-05-01,5.0,"Fast delivery, electronics exceeded my expectations."
ORD001669,Yauvani Bhatt,Electronics,Yes,2025-08-05,5.0,"Great electronics, exactly as described. Very happy with it."
ORD001670,Samesh Jani,Beauty Products,No,2023-06-07,4.0,"Really satisfied, highly recommend this beauty products."
ORD001671,Urishilla Naik,Shoes,No,2023-02-02,3.0,"Average shoes, packaging could be better."
ORD001672,Yamini Bir,Groceries,Yes,2023-09-28,5.0,"Excellent quality for the price, would buy groceries again."
ORD001673,Girish Swamy,Electronics,No,2024-11-01,3.0,"Average electronics, packaging could be better."
ORD001674,Indira Bhargava,Sports Equipment,No,2024-01-27,2.0,"Not worth the price, expected better sports equipment."
ORD001675,Ayush Bala,Electronics,No,,,
ORD001676,Ishanvi Nagar,Books,No,2024-01-17,5.0,"Fast delivery, books exceeded my expectations."
ORD001677,Laksh Sani,Electronics,No,2024-11-10,5.0,"Excellent quality for the price, would buy electronics again."
ORD001678,Varenya Mani,Furniture,No,2023-11-20,4.0,"Fast delivery, furniture exceeded my expectations."
ORD001679,Udant Sundaram,Furniture,No,2024-08-04,5.0,"Excellent quality for the price, would buy furniture again."
ORD001680,Oscar Kaur,Books,No,2025-06-26,4.0,"Excellent quality for the price, would buy books again."
ORD001681,Mitali Verma,Shoes,No,,,
ORD001682,Thomas Sethi,Beauty Products,No,,,
ORD001683,Nidra Grewal,Sports Equipment,No,2024-10-01,5.0,"Really satisfied, highly recommend this sports equipment."
ORD001684,Nathaniel Bhardwaj,Shoes,No,2025-01-21,5.0,"Really satisfied, highly recommend this shoes."
ORD001685,Saanvi Agarwal,Books,No,2025-12-24,5.0,"Excellent quality for the price, would buy books again."
ORD001686,Kevin Suresh,Kitchenware,Yes,2023-10-11,3.0,"Average kitchenware, packaging could be better."
ORD001687,Harsh Gala,Groceries,No,,,
ORD001688,Warda Ramaswamy,Shoes,No,,,
ORD001689,Meghana Ben,Sports Equipment,Yes,2024-06-30,4.0,"Really satisfied, highly recommend this sports equipment."
ORD001690,Yashoda Mammen,Clothes,No,2024-06-21,2.0,"Disappointed with this clothes, quality is not good."
ORD001691,Neel Sankar,Sports Equipment,No,2025-11-01,3.0,"The sports equipment is okay, does the job but nothing special."
ORD001692,Frado Joshi,Sports Equipment,No,2025-01-03,5.0,"Great sports equipment, exactly as described. Very happy with it."
ORD001693,Noah Sur,Toys,No,2023-09-11,5.0,"Great toys, exactly as described. Very happy with it."
ORD001694,Inaya Taneja,Shoes,No,2024-07-01,2.0,"Disappointed with this shoes, quality is not good."
ORD001695,Siya Dhillon,Groceries,No,2025-06-08,4.0,"Excellent quality for the price, would buy groceries again."
ORD001696,Darsh Arya,Kitchenware,No,,,
ORD001697,Vihaan Date,Clothes,No,2024-09-28,5.0,"Great clothes, exactly as described. Very happy with it."
ORD001698,Odika Iyengar,Toys,No,2025-01-19,2.0,"Not worth the price, expected better toys."
ORD001699,Omaja Dara,Beauty Products,No,,,
ORD001700,Zayan Sani,Books,No,2023-07-07,3.0,"The books is okay, does the job but nothing special."
ORD001701,Eshana Lad,Toys,No,,,
ORD001702,Krisha Ram,Shoes,No,2025-06-24,5.0,"Fast delivery, shoes exceeded my expectations."
ORD001703,Osha Patil,Toys,No,2025-12-12,1.0,"Not worth the price, expected better toys."
ORD001704,Jagat Iyengar,Groceries,No,2023-09-05,2.0,"Disappointed with this groceries, quality is not good."
ORD001705,Yug Rao,Books,No,2025-12-07,4.0,"Really satisfied, highly recommend this books."
ORD001706,Sanya Cherian,Groceries,No,2025-05-29,5.0,"Really satisfied, highly recommend this groceries."
ORD001707,Vrishti Lalla,Clothes,Yes,2023-06-29,4.0,"Fast delivery, clothes exceeded my expectations."
ORD001708,Frado Raj,Clothes,No,2023-05-11,4.0,"Excellent quality for the price, would buy clothes again."
ORD001709,Harsh Agrawal,Books,No,2023-08-30,1.0,"Received a damaged books, had to return it."
ORD001710,Mohammed Ramachandran,Sports Equipment,No,2025-05-09,4.0,"Excellent quality for the price, would buy sports equipment again."
ORD001711,Fitan Kala,Toys,No,,,
ORD001712,Darsh Sunder,Shoes,No,2023-12-21,3.0,"Average shoes, packaging could be better."
ORD001713,Frederick Solanki,Shoes,No,2025-03-06,5.0,"Fast delivery, shoes exceeded my expectations."
ORD001714,Akshay Ram,Books,No,2025-02-01,5.0,"Fast delivery, books exceeded my expectations."
ORD001715,Mekhala Dar,Kitchenware,No,,,
ORD001716,Ganga Handa,Groceries,No,2023-09-19,5.0,"Fast delivery, groceries exceeded my expectations."
ORD001717,Kamala Keer,Clothes,No,2024-11-16,3.0,"Average clothes, packaging could be better."
ORD001718,Elijah Dalal,Groceries,No,2023-08-03,4.0,"Really satisfied, highly recommend this groceries."
ORD001719,Fariq Gandhi,Electronics,No,2023-11-05,5.0,"Great electronics, exactly as described. Very happy with it."
ORD001720,Zayyan Wason,Electronics,No,2023-11-28,3.0,"Average electronics, packaging could be better."
ORD001721,Rehaan Morar,Sports Equipment,Yes,2024-12-08,3.0,"Average sports equipment, packaging could be better."
ORD001722,Warda Kala,Clothes,No,,,
ORD001723,Maanas Chaudry,Electronics,No,2026-01-06,3.0,"Average electronics, packaging could be better."
ORD001724,Fitan Sodhi,Groceries,No,2025-01-29,3.0,"Average groceries, packaging could be better."
ORD001725,Tanveer Karpe,Furniture,No,2024-10-09,1.0,"Disappointed with this furniture, quality is not good."
ORD001726,Rohan Arora,Toys,No,2025-06-04,5.0,"Great toys, exactly as described. Very happy with it."
ORD001727,Harita Som,Books,No,2024-01-21,5.0,"Great books, exactly as described. Very happy with it."
ORD001728,Zashil Bansal,Furniture,No,,,
ORD001729,Lopa Salvi,Shoes,No,,,
ORD001730,Madhavi Mann,Toys,No,2023-01-13,5.0,"Great toys, exactly as described. Very happy with it."
ORD001731,Leena Ratta,Clothes,No,2024-05-07,3.0,"Average clothes, packaging could be better."
ORD001732,Bimala Master,Furniture,No,2023-11-10,4.0,"Really satisfied, highly recommend this furniture."
ORD001733,Vrishti Cherian,Sports Equipment,No,2023-01-20,3.0,"Average sports equipment, packaging could be better."
ORD001734,Harsh Agrawal,Groceries,No,2025-09-27,3.0,"Average groceries, packaging could be better."
ORD001735,Tarak Chand,Furniture,No,2025-07-18,5.0,"Fast delivery, furniture exceeded my expectations."
ORD001736,Gagan Tandon,Clothes,No,,,
ORD001737,Akshay Ram,Furniture,No,2023-11-04,2.0,"Not worth the price, expected better furniture."
ORD001738,Falak Anne,Beauty Products,No,2025-04-08,5.0,"Great beauty products, exactly as described. Very happy with it."
ORD001739,Pranit Vig,Groceries,No,2023-09-28,3.0,"The groceries is okay, does the job but nothing special."
ORD001740,Yashvi Bahl,Groceries,No,,,
ORD001741,Balveer Agarwal,Books,Yes,2025-07-28,5.0,"Great books, exactly as described. Very happy with it."
ORD001742,Henry Narain,Furniture,No,2025-07-20,5.0,"Fast delivery, furniture exceeded my expectations."
ORD001743,Pahal Krishnamurthy,Toys,No,2024-12-29,3.0,"The toys is okay, does the job but nothing special."
ORD001744,Chanakya Pillai,Clothes,No,,,
ORD001745,Vivaan Grewal,Electronics,No,2023-10-06,5.0,"Really satisfied, highly recommend this electronics."
ORD001746,Ansh Kohli,Furniture,No,2024-05-13,2.0,"Disappointed with this furniture, quality is not good."
ORD001747,Arunima Parsa,Electronics,No,2025-04-12,4.0,"Fast delivery, electronics exceeded my expectations."
ORD001748,Alka Srinivas,Clothes,No,,,
ORD001749,Baghyawati Guha,Furniture,No,2025-03-30,4.0,"Fast delivery, furniture exceeded my expectations."
ORD001750,Dayamai Sangha,Beauty Products,No,2024-01-01,4.0,"Really satisfied, highly recommend this beauty products."
ORD001751,Ikbal Chhabra,Furniture,No,2025-04-05,4.0,"Great furniture, exactly as described. Very happy with it."
ORD001752,Bahadurjit Arora,Kitchenware,No,,,
ORD001753,Yashoda Mammen,Toys,No,2025-11-07,5.0,"Really satisfied, highly recommend this toys."
ORD001754,Darsh Sunder,Books,No,,,
ORD001755,Orinder Barad,Kitchenware,No,2023-08-29,4.0,"Great kitchenware, exactly as described. Very happy with it."
ORD001756,Vedhika Raj,Electronics,No,2024-12-31,4.0,"Great electronics, exactly as described. Very happy with it."
ORD001757,Tristan Ravel,Electronics,Yes,2024-11-17,5.0,"Excellent quality for the price, would buy electronics again."
ORD001758,Hardik Kalla,Sports Equipment,No,2023-03-10,2.0,"Disappointed with this sports equipment, quality is not good."
ORD001759,Rohan Rajagopalan,Groceries,Yes,2024-10-14,5.0,"Great groceries, exactly as described. Very happy with it."
ORD001760,Jasmit Bhardwaj,Electronics,No,2025-05-07,5.0,"Fast delivery, electronics exceeded my expectations."
ORD001761,Yamini Garg,Books,No,2023-02-27,4.0,"Fast delivery, books exceeded my expectations."
ORD001762,Maanav Chad,Toys,No,2023-06-20,4.0,"Really satisfied, highly recommend this toys."
ORD001763,Vivaan Seth,Books,No,2023-02-21,3.0,"Average books, packaging could be better."
ORD001764,Urvi Bhattacharyya,Kitchenware,No,,,
ORD001765,Pranit Kohli,Electronics,No,2023-05-11,5.0,"Really satisfied, highly recommend this electronics."
ORD001766,Guneet Tripathi,Toys,No,2024-11-28,5.0,"Fast delivery, toys exceeded my expectations."
ORD001767,Praneel Bajaj,Clothes,No,2023-06-26,5.0,"Really satisfied, highly recommend this clothes."
ORD001768,Isaac Chaudhary,Kitchenware,No,,,
ORD001769,David Kurian,Kitchenware,No,2024-12-15,5.0,"Fast delivery, kitchenware exceeded my expectations."
ORD001770,Yashica Aurora,Toys,No,2024-02-17,5.0,"Great toys, exactly as described. Very happy with it."
ORD001771,Fitan Kala,Groceries,No,2023-05-05,5.0,"Really satisfied, highly recommend this groceries."
ORD001772,Benjamin Barad,Shoes,Yes,2025-05-13,5.0,"Fast delivery, shoes exceeded my expectations."
ORD001773,Pallavi Lal,Shoes,No,2023-08-03,5.0,"Excellent quality for the price, would buy shoes again."
ORD001774,Imaran Edwin,Books,No,,,
ORD001775,Gautam Samra,Kitchenware,No,2023-03-19,5.0,"Fast delivery, kitchenware exceeded my expectations."
ORD001776,Gavin Gade,Clothes,No,2025-06-13,4.0,"Excellent quality for the price, would buy clothes again."
ORD001777,Yatin Balakrishnan,Groceries,No,2025-07-21,4.0,"Great groceries, exactly as described. Very happy with it."
ORD001778,Janya Sankaran,Beauty Products,No,,,
ORD001779,Saumya Kothari,Books,No,2025-07-09,4.0,"Great books, exactly as described. Very happy with it."
ORD001780,Ronith Raman,Electronics,No,2025-09-08,3.0,"Average electronics, packaging could be better."
ORD001781,Veer Karnik,Beauty Products,No,2024-11-09,4.0,"Really satisfied, highly recommend this beauty products."
ORD001782,Falan Chana,Groceries,No,2023-08-04,4.0,"Really satisfied, highly recommend this groceries."
ORD001783,Mohammed Pau,Clothes,No,2024-05-31,5.0,"Fast delivery, clothes exceeded my expectations."
ORD001784,Imaran Edwin,Clothes,No,,,
ORD001785,Jeet Setty,Kitchenware,Yes,2025-03-08,3.0,"The kitchenware is okay, does the job but nothing special."
ORD001786,Kamala Keer,Furniture,No,2025-10-21,5.0,"Really satisfied, highly recommend this furniture."
ORD001787,Nathaniel Kota,Groceries,Yes,2023-12-07,3.0,"Average groceries, packaging could be better."
ORD001788,Yahvi Wadhwa,Toys,No,2024-05-09,2.0,"Not worth the price, expected better toys."
ORD001789,Aishani Apte,Groceries,No,2025-10-25,4.0,"Excellent quality for the price, would buy groceries again."
ORD001790,Mugdha Jani,Books,No,2024-11-14,4.0,"Great books, exactly as described. Very happy with it."
ORD001791,Banjeet Memon,Clothes,Yes,2024-01-22,4.0,"Really satisfied, highly recommend this clothes."
ORD001792,Elijah Wason,Electronics,No,,,
ORD001793,Widisha Minhas,Electronics,No,2023-03-16,4.0,"Excellent quality for the price, would buy electronics again."
ORD001794,Kashvi Sangha,Sports Equipment,No,2024-12-21,5.0,"Fast delivery, sports equipment exceeded my expectations."
ORD001795,Abha Ravi,Electronics,No,2024-02-19,4.0,"Fast delivery, electronics exceeded my expectations."
ORD001796,Yasti Mutti,Sports Equipment,No,2023-01-19,4.0,"Fast delivery, sports equipment exceeded my expectations."
ORD001797,Aarnav Mand,Clothes,No,2024-09-07,5.0,"Great clothes, exactly as described. Very happy with it."
ORD001798,Urvi Bhattacharyya,Sports Equipment,No,2025-03-29,5.0,"Really satisfied, highly recommend this sports equipment."
ORD001799,Saksham Mani,Electronics,No,2023-02-26,4.0,"Really satisfied, highly recommend this electronics."
ORD001800,Akshay Bobal,Groceries,No,,,
ORD001801,Girindra Gola,Beauty Products,No,2025-08-22,5.0,"Fast delivery, beauty products exceeded my expectations."
ORD001802,Bimala Master,Groceries,No,2024-08-24,5.0,"Fast delivery, groceries exceeded my expectations."
ORD001803,Hemal Sen,Clothes,Yes,2023-06-15,4.0,"Great clothes, exactly as described. Very happy with it."
ORD001804,Ayush Bail,Electronics,No,,,
ORD001805,Zayan Kamdar,Sports Equipment,No,2023-07-12,5.0,"Fast delivery, sports equipment exceeded my expectations."
ORD001806,Watika Wali,Electronics,No,2026-01-16,5.0,"Excellent quality for the price, would buy electronics again."
ORD001807,Nathaniel Bhardwaj,Furniture,Yes,2023-09-28,4.0,"Fast delivery, furniture exceeded my expectations."
ORD001808,Gaurav Toor,Clothes,No,2025-12-14,5.0,"Excellent quality for the price, would buy clothes again."
ORD001809,Bhanumati Saran,Sports Equipment,No,2023-01-22,5.0,"Excellent quality for the price, would buy sports equipment again."
ORD001810,Balveer Agarwal,Books,No,2024-11-08,1.0,"Not worth the price, expected better books."
ORD001811,Zarna Peri,Electronics,Yes,2023-10-09,4.0,"Really satisfied, highly recommend this electronics."
ORD001812,Chanakya Mand,Beauty Products,No,2025-12-04,3.0,"The beauty products is okay, does the job but nothing special."
ORD001813,Vasudha Murty,Kitchenware,Yes,,,
ORD001814,Jonathan Wali,Beauty Products,No,2024-05-02,3.0,"The beauty products is okay, does the job but nothing special."
ORD001815,Tristan Ravel,Beauty Products,No,2024-05-01,4.0,"Really satisfied, highly recommend this beauty products."
ORD001816,Onkar Datta,Clothes,No,,,
ORD001817,Inaya Kalla,Groceries,Yes,2025-09-26,5.0,"Great groceries, exactly as described. Very happy with it."
ORD001818,Chanchal Sastry,Clothes,No,2023-03-24,3.0,"The clothes is okay, does the job but nothing special."
ORD001819,Luke Arora,Groceries,No,2025-03-29,4.0,"Fast delivery, groceries exceeded my expectations."
ORD001820,Damini Salvi,Shoes,No,2024-12-19,5.0,"Really satisfied, highly recommend this shoes."
ORD001821,Rushil Brahmbhatt,Electronics,No,2025-11-26,5.0,"Great electronics, exactly as described. Very happy with it."
ORD001822,Yatan Tripathi,Books,Yes,2024-04-28,5.0,"Fast delivery, books exceeded my expectations."
ORD001823,Amrita Sami,Beauty Products,No,,,
ORD001824,Parth Hegde,Clothes,No,2023-09-22,4.0,"Great clothes, exactly as described. Very happy with it."
ORD001825,Arunima Parsa,Beauty Products,No,2023-09-29,5.0,"Excellent quality for the price, would buy beauty products again."
ORD001826,Reyansh Singh,Shoes,No,2024-06-28,5.0,"Really satisfied, highly recommend this shoes."
ORD001827,Lakshit Mangat,Groceries,No,,,
ORD001828,Rishi Tara,Furniture,No,2023-10-20,3.0,"Average furniture, packaging could be better."
ORD001829,Vyanjana Mani,Electronics,No,2023-10-31,4.0,"Fast delivery, electronics exceeded my expectations."
ORD001830,Hitesh Prabhu,Groceries,No,,,
ORD001831,Parth Hegde,Books,No,2025-09-10,4.0,"Excellent quality for the price, would buy books again."
ORD001832,Kala Vig,Furniture,No,2023-09-27,4.0,"Really satisfied, highly recommend this furniture."
ORD001833,Maanav Chad,Kitchenware,No,2023-01-24,5.0,"Excellent quality for the price, would buy kitchenware again."
ORD001834,Kavya Srivastava,Groceries,No,2024-02-16,4.0,"Really satisfied, highly recommend this groceries."
ORD001835,Pahal Krishnamurthy,Clothes,No,,,
ORD001836,Zehaan Pradhan,Furniture,No,2024-09-05,4.0,"Great furniture, exactly as described. Very happy with it."
ORD001837,Varenya Mani,Electronics,No,2023-09-04,5.0,"Really satisfied, highly recommend this electronics."
ORD001838,Adweta Nadig,Kitchenware,No,2024-07-01,4.0,"Great kitchenware, exactly as described. Very happy with it."
ORD001839,Girindra Gola,Electronics,No,,,
ORD001840,Kevin Suresh,Electronics,Yes,2025-06-07,4.0,"Excellent quality for the price, would buy electronics again."
ORD001841,Benjamin Deol,Shoes,No,2024-07-30,5.0,"Excellent quality for the price, would buy shoes again."
ORD001842,Ganga Chandra,Sports Equipment,No,2024-03-23,5.0,"Excellent quality for the price, would buy sports equipment again."
ORD001843,Chandran Datta,Books,Yes,2023-11-12,4.0,"Great books, exactly as described. Very happy with it."
ORD001844,Aarini Ravel,Electronics,Yes,2024-11-07,5.0,"Great electronics, exactly as described. Very happy with it."
ORD001845,Nitara Rajagopal,Clothes,No,2025-12-23,5.0,"Great clothes, exactly as described. Very happy with it."
ORD001846,Anjali Dasgupta,Clothes,No,2023-06-20,4.0,"Fast delivery, clothes exceeded my expectations."
ORD001847,Xavier Soman,Kitchenware,No,,,
ORD001848,Bhanumati Saran,Kitchenware,No,2025-02-20,4.0,"Really satisfied, highly recommend this kitchenware."
ORD001849,Rachit Bedi,Groceries,No,2023-12-23,3.0,"The groceries is okay, does the job but nothing special."
ORD001850,Yatan Keer,Sports Equipment,No,,,
ORD001851,Chandresh Bahl,Groceries,No,2025-06-29,3.0,"Average groceries, packaging could be better."
ORD001852,Aarini Ravel,Books,No,2023-06-15,4.0,"Really satisfied, highly recommend this books."
ORD001853,Ladli Yadav,Beauty Products,No,2024-09-25,5.0,"Fast delivery, beauty products exceeded my expectations."
ORD001854,Ayushman Bahl,Furniture,No,2023-04-16,5.0,"Really satisfied, highly recommend this furniture."
ORD001855,Laban Bal,Groceries,No,2025-08-28,2.0,"Received a damaged groceries, had to return it."
ORD001856,Rishi Borde,Books,No,,,
ORD001857,Kala Vig,Clothes,No,2024-01-04,5.0,"Really satisfied, highly recommend this clothes."
ORD001858,Praneel Bajaj,Groceries,No,2024-08-09,3.0,"Average groceries, packaging could be better."
ORD001859,Akshay Kohli,Toys,No,2025-07-31,5.0,"Great toys, exactly as described. Very happy with it."
ORD001860,Rushil Gopal,Books,No,,,
ORD001861,Gavin Gade,Electronics,No,,,
ORD001862,Nitesh Dayal,Toys,No,,,
ORD001863,Dayamai Kamdar,Shoes,No,2024-03-12,4.0,"Excellent quality for the price, would buy shoes again."
ORD001864,Devansh Mital,Electronics,No,2023-10-16,3.0,"Average electronics, packaging could be better."
ORD001865,Aachal Andra,Groceries,No,2023-04-17,5.0,"Excellent quality for the price, would buy groceries again."
ORD001866,Leela Swaminathan,Beauty Products,No,2023-11-09,5.0,"Great beauty products, exactly as described. Very happy with it."
ORD001867,Rishi Borde,Electronics,No,2025-10-12,1.0,"Not worth the price, expected better electronics."
ORD001868,Chavvi Rajan,Electronics,No,,,
ORD001869,Liam Solanki,Furniture,No,,,
ORD001870,Nirja Shan,Books,Yes,2025-10-14,4.0,"Great books, exactly as described. Very happy with it."
ORD001871,Charvi Subramanian,Groceries,No,2023-06-19,4.0,"Fast delivery, groceries exceeded my expectations."
ORD001872,Vasudha Agarwal,Clothes,No,,,
ORD001873,Chatura Thaman,Groceries,Yes,2024-04-22,4.0,"Great groceries, exactly as described. Very happy with it."
ORD001874,Falak Anne,Electronics,No,2023-11-23,4.0,"Excellent quality for the price, would buy electronics again."
ORD001875,Sarthak Puri,Furniture,No,2024-03-09,5.0,"Really satisfied, highly recommend this furniture."
ORD001876,Hamsini Iyer,Shoes,No,2025-09-21,5.0,"Really satisfied, highly recommend this shoes."
ORD001877,Jatin Kapoor,Clothes,No,2024-07-03,4.0,"Fast delivery, clothes exceeded my expectations."
ORD001878,Zehaan Devan,Kitchenware,No,2023-04-25,3.0,"The kitchenware is okay, does the job but nothing special."
ORD001879,Triveni Mallick,Toys,No,2025-12-05,5.0,"Really satisfied, highly recommend this toys."
ORD001880,Zashil Bansal,Groceries,No,,,
ORD001881,Abha Ravi,Beauty Products,No,2024-12-18,3.0,"Average beauty products, packaging could be better."
ORD001882,Zayyan Palan,Kitchenware,No,2025-08-12,4.0,"Excellent quality for the price, would buy kitchenware again."
ORD001883,Akshay Kohli,Books,No,2023-11-27,4.0,"Great books, exactly as described. Very happy with it."
ORD001884,Tanveer Karpe,Books,No,2024-04-05,5.0,"Excellent quality for the price, would buy books again."
ORD001885,Mohammed Pau,Electronics,No,2024-11-13,3.0,"Average electronics, packaging could be better."
ORD001886,Bimala Shanker,Shoes,No,2024-08-10,5.0,"Great shoes, exactly as described. Very happy with it."
ORD001887,Orinder Barad,Groceries,No,2023-05-19,5.0,"Really satisfied, highly recommend this groceries."
ORD001888,Yashasvi Dewan,Books,No,2023-08-13,5.0,"Excellent quality for the price, would buy books again."
ORD001889,Charles Chaudry,Electronics,Yes,,,
ORD001890,Akshay Kohli,Kitchenware,No,2025-12-16,4.0,"Great kitchenware, exactly as described. Very happy with it."
ORD001891,Ojasvi Parmer,Sports Equipment,No,,,
ORD001892,Ikbal Ahuja,Groceries,No,2025-09-18,2.0,"Received a damaged groceries, had to return it."
ORD001893,Girish Rattan,Furniture,No,2023-07-24,1.0,"Received a damaged furniture, had to return it."
ORD001894,Tara Varughese,Shoes,No,2023-08-19,3.0,"The shoes is okay, does the job but nothing special."
ORD001895,Isaac Chaudhary,Books,No,2023-04-20,4.0,"Fast delivery, books exceeded my expectations."
ORD001896,Tristan Bhavsar,Toys,No,2025-09-05,4.0,"Really satisfied, highly recommend this toys."
ORD001897,Pahal Kuruvilla,Books,No,,,
ORD001898,Omya Boase,Toys,No,,,
ORD001899,Darika Golla,Clothes,No,,,
ORD001900,Azad Muni,Groceries,No,2024-03-10,2.0,"Disappointed with this groceries, quality is not good."
ORD001901,Vasudha Murty,Furniture,No,2023-01-21,4.0,"Excellent quality for the price, would buy furniture again."
ORD001902,Daksh Chaudhuri,Electronics,No,2025-11-23,4.0,"Great electronics, exactly as described. Very happy with it."
ORD001903,Leena Narula,Clothes,No,,,
ORD001904,Rehaan Morar,Clothes,No,2023-08-19,4.0,"Fast delivery, clothes exceeded my expectations."
ORD001905,Bahadurjit Kant,Groceries,No,2025-01-18,3.0,"The groceries is okay, does the job but nothing special."
ORD001906,Idika Warrior,Furniture,Yes,2023-06-14,5.0,"Really satisfied, highly recommend this furniture."
ORD001907,Janaki Din,Electronics,No,2025-06-25,5.0,"Really satisfied, highly recommend this electronics."
ORD001908,Hamsini Iyer,Toys,Yes,2024-01-11,5.0,"Fast delivery, toys exceeded my expectations."
ORD001909,Vivaan More,Groceries,No,2023-11-07,5.0,"Fast delivery, groceries exceeded my expectations."
ORD001910,Balvan Jani,Groceries,No,2025-11-03,4.0,"Great groceries, exactly as described. Very happy with it."
ORD001911,Dhruv Bandi,Clothes,No,2023-10-14,5.0,"Great clothes, exactly as described. Very happy with it."
ORD001912,Wakeeta Raval,Furniture,No,2025-03-17,1.0,"Disappointed with this furniture, quality is not good."
ORD001913,Dipta Vaidya,Electronics,No,2023-10-19,4.0,"Fast delivery, electronics exceeded my expectations."
ORD001914,Osha Patil,Electronics,No,2023-02-23,4.0,"Fast delivery, electronics exceeded my expectations."
ORD001915,Lipika Chadha,Toys,No,2024-07-16,3.0,"Average toys, packaging could be better."
ORD001916,Yashasvi Dewan,Electronics,No,,,
ORD001917,Qadim Agrawal,Beauty Products,No,2023-08-06,5.0,"Excellent quality for the price, would buy beauty products again."
ORD001918,Liam Solanki,Books,No,2023-03-18,4.0,"Really satisfied, highly recommend this books."
ORD001919,Nirja Shan,Groceries,No,2025-05-30,4.0,"Great groceries, exactly as described. Very happy with it."
ORD001920,Dalbir Sule,Electronics,No,2023-03-23,2.0,"Disappointed with this electronics, quality is not good."
ORD001921,Anusha Raja,Electronics,No,2024-11-03,3.0,"The electronics is okay, does the job but nothing special."
ORD001922,Tara Varughese,Toys,No,2025-11-28,5.0,"Really satisfied, highly recommend this toys."
ORD001923,Laban Bal,Kitchenware,No,2023-11-30,5.0,"Really satisfied, highly recommend this kitchenware."
ORD001924,Yug Rao,Electronics,No,2025-03-13,4.0,"Great electronics, exactly as described. Very happy with it."
ORD001925,Rehaan Morar,Toys,No,2023-04-03,3.0,"Average toys, packaging could be better."
ORD001926,Ijaya Narain,Groceries,No,2023-02-28,3.0,"The groceries is okay, does the job but nothing special."
ORD001927,Nandini Bhatia,Electronics,Yes,,,
ORD001928,Harrison Arya,Sports Equipment,No,2024-02-24,3.0,"The sports equipment is okay, does the job but nothing special."
ORD001929,Chandran Solanki,Groceries,No,2025-05-06,4.0,"Excellent quality for the price, would buy groceries again."
ORD001930,Yashawini Sengupta,Furniture,No,2025-01-08,2.0,"Disappointed with this furniture, quality is not good."
ORD001931,Zarna Tailor,Kitchenware,No,2025-06-27,2.0,"Received a damaged kitchenware, had to return it."
ORD001932,Vivaan Seth,Electronics,No,2024-11-17,4.0,"Really satisfied, highly recommend this electronics."
ORD001933,Nicholas Choudhary,Furniture,No,2024-03-25,4.0,"Great furniture, exactly as described. Very happy with it."
ORD001934,Neelima Chad,Sports Equipment,No,2025-02-28,5.0,"Really satisfied, highly recommend this sports equipment."
ORD001935,Radha Hayer,Electronics,Yes,2024-01-10,5.0,"Excellent quality for the price, would buy electronics again."
ORD001936,Manya Shere,Groceries,No,2024-07-01,3.0,"Average groceries, packaging could be better."
ORD001937,Arunima Parsa,Groceries,No,2024-08-03,5.0,"Fast delivery, groceries exceeded my expectations."
ORD001938,Ikbal Ahuja,Books,No,2023-12-02,3.0,"Average books, packaging could be better."
ORD001939,Aachal Thakkar,Toys,No,2023-05-28,5.0,"Really satisfied, highly recommend this toys."
ORD001940,Chanchal Chand,Books,No,2024-09-23,5.0,"Great books, exactly as described. Very happy with it."
ORD001941,Guneet Tripathi,Groceries,No,2024-10-22,5.0,"Really satisfied, highly recommend this groceries."
ORD001942,Harrison Shan,Sports Equipment,No,2024-03-20,3.0,"The sports equipment is okay, does the job but nothing special."
ORD001943,Pranav Saraf,Beauty Products,No,2023-10-15,3.0,"Average beauty products, packaging could be better."
ORD001944,Oviya Tara,Furniture,No,2025-12-07,5.0,"Really satisfied, highly recommend this furniture."
ORD001945,Manya Shere,Shoes,No,2023-03-11,4.0,"Fast delivery, shoes exceeded my expectations."
ORD001946,Chakradev Bains,Clothes,No,2025-11-13,2.0,"Received a damaged clothes, had to return it."
ORD001947,Ishwar Wali,Shoes,No,2024-05-22,1.0,"Not worth the price, expected better shoes."
ORD001948,Leena Narula,Toys,No,2024-07-13,5.0,"Excellent quality for the price, would buy toys again."
ORD001949,Udant Sundaram,Clothes,No,2025-02-09,4.0,"Great clothes, exactly as described. Very happy with it."
ORD001950,Brinda Mammen,Beauty Products,No,2025-10-16,3.0,"Average beauty products, packaging could be better."
ORD001951,Ronith Nazareth,Clothes,No,,,
ORD001952,Amruta Sehgal,Groceries,No,2025-11-08,5.0,"Fast delivery, groceries exceeded my expectations."
ORD001953,Yahvi Wadhwa,Sports Equipment,No,2023-05-18,4.0,"Great sports equipment, exactly as described. Very happy with it."
ORD001954,Lekha Bains,Furniture,No,2024-12-07,5.0,"Excellent quality for the price, would buy furniture again."
ORD001955,Simon Mitter,Clothes,No,2024-08-23,5.0,"Great clothes, exactly as described. Very happy with it."
ORD001956,Radhika Mahal,Sports Equipment,No,2025-01-26,2.0,"Disappointed with this sports equipment, quality is not good."
ORD001957,Karan Kumar,Furniture,No,2023-06-14,3.0,"The furniture is okay, does the job but nothing special."
ORD001958,Shravya Char,Kitchenware,No,2024-10-19,5.0,"Fast delivery, kitchenware exceeded my expectations."
ORD001959,Tanay Sagar,Sports Equipment,No,2025-02-06,4.0,"Fast delivery, sports equipment exceeded my expectations."
ORD001960,Jagdish Ganesh,Clothes,No,,,
ORD001961,Manya Shere,Clothes,No,2025-02-03,5.0,"Really satisfied, highly recommend this clothes."
ORD001962,Dipta Shroff,Shoes,No,2024-03-05,4.0,"Fast delivery, shoes exceeded my expectations."
ORD001963,Maanav Chad,Groceries,Yes,2025-12-05,3.0,"The groceries is okay, does the job but nothing special."
ORD001964,Ishwar Wali,Sports Equipment,No,2023-10-18,2.0,"Received a damaged sports equipment, had to return it."
ORD001965,Vedika Ramesh,Groceries,No,2024-01-14,3.0,"The groceries is okay, does the job but nothing special."
ORD001966,Samar Ahuja,Groceries,No,,,
ORD001967,Henry Bora,Groceries,Yes,2023-05-06,2.0,"Disappointed with this groceries, quality is not good."
ORD001968,Radhika Mahal,Electronics,No,2023-06-29,5.0,"Excellent quality for the price, would buy electronics again."
ORD001969,Imaran Hari,Kitchenware,No,,,
ORD001970,Harsh Karan,Groceries,No,2025-07-09,4.0,"Really satisfied, highly recommend this groceries."
ORD001971,Vaishnavi Sachar,Books,No,2026-01-06,3.0,"Average books, packaging could be better."
ORD001972,Akshay Bobal,Books,Yes,2026-01-08,5.0,"Great books, exactly as described. Very happy with it."
ORD001973,Gautami Lall,Electronics,No,,,
ORD001974,Chakrika Kalla,Kitchenware,No,,,
ORD001975,Ekalinga Joshi,Kitchenware,No,2023-11-07,5.0,"Really satisfied, highly recommend this kitchenware."
ORD001976,Neel Sankar,Sports Equipment,No,2025-07-05,5.0,"Really satisfied, highly recommend this sports equipment."
ORD001977,Naksh Sampath,Electronics,No,2025-12-13,4.0,"Great electronics, exactly as described. Very happy with it."
ORD001978,Warda Kala,Shoes,No,2023-10-19,5.0,"Fast delivery, shoes exceeded my expectations."
ORD001979,Hamsini Rao,Beauty Products,No,,,
ORD001980,Jhalak Sekhon,Beauty Products,No,2025-01-24,5.0,"Fast delivery, beauty products exceeded my expectations."
ORD001981,Azaan Sachar,Books,No,2026-01-03,2.0,"Not worth the price, expected better books."
ORD001982,Ayushman Bahl,Groceries,No,2024-11-19,3.0,"The groceries is okay, does the job but nothing special."
ORD001983,Amara Mitra,Groceries,No,2025-01-20,4.0,"Really satisfied, highly recommend this groceries."
ORD001984,Ekansh Batra,Clothes,No,2023-09-05,2.0,"Disappointed with this clothes, quality is not good."
ORD001985,Vrishti Shroff,Shoes,No,2024-02-04,4.0,"Fast delivery, shoes exceeded my expectations."
ORD001986,Viraj Barad,Furniture,No,,,
ORD001987,Panini Prabhakar,Furniture,No,,,
ORD001988,Xavier Memon,Beauty Products,Yes,2024-06-03,2.0,"Disappointed with this beauty products, quality is not good."
ORD001989,Wakeeta Tella,Groceries,No,2025-06-27,4.0,"Fast delivery, groceries exceeded my expectations."
ORD001990,Vasudha Shah,Kitchenware,No,2025-02-09,3.0,"The kitchenware is okay, does the job but nothing special."
ORD001991,Yashvi Bahl,Electronics,No,2023-05-23,5.0,"Fast delivery, electronics exceeded my expectations."
ORD001992,Zayyan Wason,Kitchenware,No,,,
ORD001993,Vrinda Sama,Books,No,,,
ORD001994,Ayush Bala,Beauty Products,No,,,
ORD001995,Lipika Lal,Kitchenware,No,2025-07-30,2.0,"Not worth the price, expected better kitchenware."
ORD001996,Urvi Bhattacharyya,Furniture,No,2024-02-12,5.0,"Fast delivery, furniture exceeded my expectations."
ORD001997,Chanchal Sastry,Books,Yes,2024-10-20,2.0,"Disappointed with this books, quality is not good."
ORD001998,Bahadurjit Banerjee,Groceries,No,,,
ORD001999,David Kurian,Books,No,2024-08-14,5.0,"Fast delivery, books exceeded my expectations."
ORD002000,Aarav Nagy,Toys,No,2023-04-01,4.0,"Excellent quality for the price, would buy toys again."
ORD002001,Aradhana Golla,Shoes,Yes,2024-11-01,4.0,"Great shoes, exactly as described. Very happy with it."
ORD002002,Meera Bajaj,Groceries,No,2025-12-30,3.0,"The groceries is okay, does the job but nothing special."
ORD002003,Chaman Varty,Shoes,No,2024-09-26,3.0,"The shoes is okay, does the job but nothing special."
ORD002004,Ikbal Shankar,Books,No,2023-10-15,5.0,"Great books, exactly as described. Very happy with it."
ORD002005,Fitan Kala,Groceries,No,2023-09-07,5.0,"Really satisfied, highly recommend this groceries."
ORD002006,Gavin Gade,Kitchenware,Yes,2025-04-06,5.0,"Great kitchenware, exactly as described. Very happy with it."
ORD002007,Benjamin Devi,Beauty Products,No,2023-04-14,5.0,"Fast delivery, beauty products exceeded my expectations."
ORD002008,Nandini Bhatia,Books,No,2024-02-12,4.0,"Really satisfied, highly recommend this books."
ORD002009,Kritika Chacko,Clothes,No,,,
ORD002010,Ranveer Soman,Clothes,No,2023-12-21,4.0,"Great clothes, exactly as described. Very happy with it."
ORD002011,Shravya Char,Clothes,No,,,
ORD002012,Arunima Parsa,Toys,No,2023-09-08,5.0,"Really satisfied, highly recommend this toys."
ORD002013,Kavya Sandhu,Shoes,No,2025-05-06,4.0,"Great shoes, exactly as described. Very happy with it."
ORD002014,Shivani Sane,Furniture,No,2025-09-06,5.0,"Excellent quality for the price, would buy furniture again."
ORD002015,Dakshesh Goswami,Electronics,No,,,
ORD002016,Isha Bhatnagar,Groceries,No,2024-03-28,1.0,"Received a damaged groceries, had to return it."
ORD002017,Turvi Khanna,Shoes,Yes,,,
ORD002018,Aarini Ramakrishnan,Clothes,Yes,2025-06-14,5.0,"Fast delivery, clothes exceeded my expectations."
ORD002019,Ubika Bains,Beauty Products,No,2025-04-07,4.0,"Excellent quality for the price, would buy beauty products again."
ORD002020,Rayaan Goyal,Groceries,No,2023-05-14,4.0,"Excellent quality for the price, would buy groceries again."
ORD002021,Tristan Ravel,Groceries,No,,,
ORD002022,Mekhala Gala,Groceries,No,2025-08-03,5.0,"Fast delivery, groceries exceeded my expectations."
ORD002023,Yahvi Soni,Toys,No,2024-03-23,4.0,"Great toys, exactly as described. Very happy with it."
ORD002024,Xavier Soman,Groceries,No,2023-08-07,5.0,"Excellent quality for the price, would buy groceries again."
ORD002025,Yashvi Bahl,Clothes,No,2024-04-10,4.0,"Excellent quality for the price, would buy clothes again."
ORD002026,Ganga Bumb,Sports Equipment,No,2025-05-12,5.0,"Great sports equipment, exactly as described. Very happy with it."
ORD002027,Vaishnavi Sachar,Electronics,No,2025-11-11,5.0,"Really satisfied, highly recommend this electronics."
ORD002028,Manbir Mittal,Shoes,No,2024-02-06,4.0,"Great shoes, exactly as described. Very happy with it."
ORD002029,Vincent Tara,Kitchenware,Yes,2023-07-31,4.0,"Really satisfied, highly recommend this kitchenware."
ORD002030,Qushi Pau,Electronics,No,2023-07-28,5.0,"Excellent quality for the price, would buy electronics again."
ORD002031,Anvi Shan,Beauty Products,No,2024-03-07,2.0,"Disappointed with this beauty products, quality is not good."
ORD002032,Aarini Ravel,Shoes,No,2024-12-10,5.0,"Excellent quality for the price, would buy shoes again."
ORD002033,Adya Sangha,Electronics,No,,,
ORD002034,Inaya Sawhney,Clothes,No,2025-04-07,3.0,"Average clothes, packaging could be better."
ORD002035,Idika Singh,Beauty Products,No,2025-02-03,5.0,"Really satisfied, highly recommend this beauty products."
ORD002036,Dev Bhasin,Books,No,,,
ORD002037,Nathaniel Kota,Sports Equipment,Yes,2024-08-22,4.0,"Excellent quality for the price, would buy sports equipment again."
ORD002038,Zarna Tailor,Clothes,No,2025-01-06,4.0,"Great clothes, exactly as described. Very happy with it."
ORD002039,Dalbir Sule,Shoes,No,2024-07-29,5.0,"Fast delivery, shoes exceeded my expectations."
ORD002040,Kiaan Arora,Beauty Products,No,2024-02-07,3.0,"The beauty products is okay, does the job but nothing special."
ORD002041,Zilmil Bail,Clothes,No,,,
ORD002042,Darika Golla,Toys,No,2023-07-21,3.0,"Average toys, packaging could be better."
ORD002043,Yauvani Gokhale,Groceries,No,2024-01-29,4.0,"Excellent quality for the price, would buy groceries again."
ORD002044,Lopa Narasimhan,Shoes,No,2023-11-10,4.0,"Really satisfied, highly recommend this shoes."
ORD002045,Viraj Arora,Books,No,,,
ORD002046,Neha Warrior,Groceries,No,2023-03-04,5.0,"Fast delivery, groceries exceeded my expectations."
ORD002047,Harsh Karan,Toys,No,2025-02-18,5.0,"Really satisfied, highly recommend this toys."
ORD002048,Gabriel Randhawa,Groceries,No,,,
ORD002049,Falan Lanka,Groceries,No,2023-11-29,4.0,"Fast delivery, groceries exceeded my expectations."
ORD002050,Vritti Chopra,Electronics,No,2023-03-25,4.0,"Excellent quality for the price, would buy electronics again."
ORD002051,Pranav Saraf,Clothes,No,2023-05-04,5.0,"Excellent quality for the price, would buy clothes again."
ORD002052,Omkaar Chopra,Clothes,No,2023-09-20,4.0,"Fast delivery, clothes exceeded my expectations."
ORD002053,Balvan Jani,Clothes,No,2025-08-29,5.0,"Fast delivery, clothes exceeded my expectations."
ORD002054,Imaran Buch,Beauty Products,No,2025-10-25,5.0,"Great beauty products, exactly as described. Very happy with it."
ORD002055,Varenya Mani,Groceries,No,2023-05-23,3.0,"The groceries is okay, does the job but nothing special."
ORD002056,Wakeeta Raja,Books,No,2023-09-20,3.0,"The books is okay, does the job but nothing special."
ORD002057,Leela Swaminathan,Toys,Yes,,,
ORD002058,Janya Buch,Sports Equipment,No,2025-01-16,2.0,"Not worth the price, expected better sports equipment."
ORD002059,Yauvani Hora,Groceries,No,2024-05-28,5.0,"Really satisfied, highly recommend this groceries."
ORD002060,Zansi Dixit,Beauty Products,No,2024-06-27,5.0,"Excellent quality for the price, would buy beauty products again."
ORD002061,Baghyawati Guha,Sports Equipment,No,2023-02-09,4.0,"Fast delivery, sports equipment exceeded my expectations."
ORD002062,Ayaan Krishnamurthy,Electronics,No,2025-09-22,3.0,"Average electronics, packaging could be better."
ORD002063,Kai Sodhi,Beauty Products,No,2023-06-18,1.0,"Disappointed with this beauty products, quality is not good."
ORD002064,Shivani Murthy,Furniture,No,2024-07-03,4.0,"Excellent quality for the price, would buy furniture again."
ORD002065,Victor Chada,Books,Yes,,,
ORD002066,Baljiwan Chadha,Beauty Products,Yes,2024-07-15,5.0,"Great beauty products, exactly as described. Very happy with it."
ORD002067,Nisha Koshy,Furniture,Yes,,,
ORD002068,Madhav Pandit,Groceries,Yes,,,
ORD002069,Zashil Chaudhuri,Furniture,No,2025-07-07,5.0,"Excellent quality for the price, would buy furniture again."
ORD002070,Upasna Pant,Furniture,No,2024-09-26,2.0,"Received a damaged furniture, had to return it."
ORD002071,Ishanvi Nagar,Furniture,No,2023-02-18,4.0,"Fast delivery, furniture exceeded my expectations."
ORD002072,Rudra Ahuja,Clothes,No,,,
ORD002073,Samuel Rama,Electronics,No,,,
ORD002074,Dayamai Sangha,Shoes,No,2026-01-06,5.0,"Really satisfied, highly recommend this shoes."
ORD002075,Aarini Ramakrishnan,Groceries,No,2025-11-26,4.0,"Excellent quality for the price, would buy groceries again."
ORD002076,Rayaan Goyal,Groceries,No,,,
ORD002077,Urvashi Goswami,Beauty Products,No,2023-06-27,4.0,"Excellent quality for the price, would buy beauty products again."
ORD002078,Ansh Kohli,Groceries,Yes,2025-07-09,4.0,"Really satisfied, highly recommend this groceries."
ORD002079,Lakshit Mangat,Electronics,Yes,,,
ORD002080,Matthew Shroff,Books,No,2025-07-27,2.0,"Disappointed with this books, quality is not good."
ORD002081,Reva Kota,Sports Equipment,No,2025-04-29,4.0,"Fast delivery, sports equipment exceeded my expectations."
ORD002082,Aishani Saini,Kitchenware,No,2025-02-19,4.0,"Really satisfied, highly recommend this kitchenware."
ORD002083,Hritik Talwar,Kitchenware,No,,,
ORD002084,Meghana Ben,Clothes,No,2023-07-02,5.0,"Fast delivery, clothes exceeded my expectations."
ORD002085,Urmi Wali,Clothes,No,2024-06-15,5.0,"Excellent quality for the price, would buy clothes again."
ORD002086,Veda Bhatnagar,Furniture,Yes,,,
ORD002087,Yutika Bhagat,Sports Equipment,No,2024-06-09,4.0,"Fast delivery, sports equipment exceeded my expectations."
ORD002088,Urvashi Suri,Shoes,No,,,
ORD002089,Aayush Pall,Groceries,No,,,
ORD002090,Zarna Wali,Books,No,2025-09-04,1.0,"Disappointed with this books, quality is not good."
ORD002091,Gaurang Kamdar,Clothes,No,2025-08-03,4.0,"Excellent quality for the price, would buy clothes again."
ORD002092,Indali Salvi,Furniture,Yes,2023-10-05,5.0,"Fast delivery, furniture exceeded my expectations."
ORD002093,Fitan Kala,Groceries,No,2023-05-09,4.0,"Really satisfied, highly recommend this groceries."
ORD002094,Neha Warrior,Kitchenware,No,,,
ORD002095,Oviya Tara,Kitchenware,No,2024-10-20,5.0,"Really satisfied, highly recommend this kitchenware."
ORD002096,Qasim Muni,Kitchenware,No,2023-09-11,5.0,"Great kitchenware, exactly as described. Very happy with it."
ORD002097,Dhruv Bandi,Toys,No,2025-01-23,4.0,"Great toys, exactly as described. Very happy with it."
ORD002098,Zehaan Devan,Groceries,Yes,,,
ORD002099,Gaurangi Aurora,Toys,No,2025-04-05,5.0,"Really satisfied, highly recommend this toys."
ORD002100,Bimala Sehgal,Groceries,No,2025-07-11,4.0,"Fast delivery, groceries exceeded my expectations."
ORD002101,David Kurian,Furniture,No,2023-09-08,4.0,"Great furniture, exactly as described. Very happy with it."
ORD002102,Xavier Soman,Shoes,No,,,
ORD002103,Pranit Kohli,Furniture,No,2024-10-29,4.0,"Fast delivery, furniture exceeded my expectations."
ORD002104,Pooja Grewal,Clothes,No,2024-06-04,2.0,"Received a damaged clothes, had to return it."
ORD002105,Janaki Mistry,Toys,No,2025-09-16,3.0,"The toys is okay, does the job but nothing special."
ORD002106,Gaurang Lad,Groceries,No,2023-07-13,1.0,"Disappointed with this groceries, quality is not good."
ORD002107,Wridesh Sangha,Furniture,No,,,
ORD002108,Zilmil Bail,Sports Equipment,No,2024-05-22,3.0,"Average sports equipment, packaging could be better."
ORD002109,Harinakshi Sama,Sports Equipment,No,2023-07-04,3.0,"The sports equipment is okay, does the job but nothing special."
ORD002110,Eta Chakraborty,Kitchenware,No,2024-04-05,5.0,"Great kitchenware, exactly as described. Very happy with it."
ORD002111,Tripti Zachariah,Clothes,No,2023-11-20,2.0,"Not worth the price, expected better clothes."
ORD002112,Sachi Chauhan,Groceries,No,,,
ORD002113,Nimrat Vasa,Kitchenware,No,,,
ORD002114,Manthan Lata,Toys,No,2023-12-23,3.0,"Average toys, packaging could be better."
ORD002115,Om Sastry,Sports Equipment,No,,,
ORD002116,Urmi Sachdeva,Toys,No,2025-10-25,5.0,"Fast delivery, toys exceeded my expectations."
ORD002117,Adweta Nadig,Books,No,,,
ORD002118,Nachiket Kota,Clothes,Yes,2025-12-26,5.0,"Excellent quality for the price, would buy clothes again."
ORD002119,Abha Ravi,Groceries,No,2023-05-23,5.0,"Really satisfied, highly recommend this groceries."
ORD002120,Mekhala Bawa,Groceries,No,2023-04-24,4.0,"Really satisfied, highly recommend this groceries."
ORD002121,Manthan Yadav,Beauty Products,No,,,
ORD002122,Balvan Jani,Books,No,2024-04-03,3.0,"Average books, packaging could be better."
ORD002123,Radhika Mahal,Kitchenware,No,2024-10-12,5.0,"Fast delivery, kitchenware exceeded my expectations."
ORD002124,Maanav Bassi,Sports Equipment,No,2024-09-05,5.0,"Great sports equipment, exactly as described. Very happy with it."
ORD002125,Gavin Gade,Beauty Products,No,,,
ORD002126,Pooja Chatterjee,Electronics,No,2025-01-01,3.0,"Average electronics, packaging could be better."
ORD002127,Avi Sarkar,Furniture,No,2025-11-09,3.0,"The furniture is okay, does the job but nothing special."
ORD002128,Ishwar Wali,Shoes,No,2023-05-05,3.0,"Average shoes, packaging could be better."
ORD002129,Benjamin Ratta,Furniture,No,2025-09-20,5.0,"Excellent quality for the price, would buy furniture again."
ORD002130,Rehaan Morar,Toys,Yes,2024-04-16,4.0,"Fast delivery, toys exceeded my expectations."
ORD002131,Mekhala Bawa,Electronics,No,2023-02-27,4.0,"Fast delivery, electronics exceeded my expectations."
ORD002132,Omkaar Chopra,Books,No,2025-04-16,4.0,"Great books, exactly as described. Very happy with it."
ORD002133,Rehaan Morar,Clothes,No,,,
ORD002134,Zayyan Palan,Clothes,No,2025-06-09,1.0,"Received a damaged clothes, had to return it."
ORD002135,Tripti Goyal,Toys,No,2023-06-19,4.0,"Excellent quality for the price, would buy toys again."
ORD002136,Frederick Solanki,Books,No,2023-06-05,4.0,"Great books, exactly as described. Very happy with it."
ORD002137,Falan Johal,Shoes,No,2023-12-27,5.0,"Great shoes, exactly as described. Very happy with it."
ORD002138,Triveni Pathak,Shoes,No,,,
ORD002139,Maanav Bassi,Beauty Products,No,2023-07-12,3.0,"Average beauty products, packaging could be better."
ORD002140,Aradhana Sethi,Furniture,No,2023-01-24,4.0,"Fast delivery, furniture exceeded my expectations."
ORD002141,Vasudha Murty,Beauty Products,Yes,2023-03-25,5.0,"Excellent quality for the price, would buy beauty products again."
ORD002142,Shaurya Bora,Beauty Products,No,,,
ORD002143,Chaman Varty,Books,No,2024-04-03,5.0,"Great books, exactly as described. Very happy with it."
ORD002144,Maanas Ratta,Shoes,No,2023-04-11,4.0,"Really satisfied, highly recommend this shoes."
ORD002145,Lucky Sagar,Shoes,No,,,
ORD002146,Jalsa Sangha,Books,No,,,
ORD002147,William Khanna,Electronics,No,2025-07-19,5.0,"Excellent quality for the price, would buy electronics again."
ORD002148,Lopa Mukhopadhyay,Electronics,No,,,
ORD002149,Chandresh Golla,Toys,No,2025-12-09,4.0,"Really satisfied, highly recommend this toys."
ORD002150,Saumya Ratti,Shoes,Yes,2025-10-29,5.0,"Excellent quality for the price, would buy shoes again."
ORD002151,Charvi Date,Sports Equipment,No,2023-03-12,4.0,"Fast delivery, sports equipment exceeded my expectations."
ORD002152,Reyansh Kohli,Furniture,Yes,2025-08-02,3.0,"The furniture is okay, does the job but nothing special."
ORD002153,Karan Bhat,Groceries,No,2023-08-05,5.0,"Really satisfied, highly recommend this groceries."
ORD002154,Dominic Som,Furniture,No,2025-11-08,5.0,"Great furniture, exactly as described. Very happy with it."
ORD002155,Zaid Sandal,Furniture,Yes,2023-03-25,4.0,"Excellent quality for the price, would buy furniture again."
ORD002156,Vincent Barad,Furniture,No,2024-10-08,5.0,"Excellent quality for the price, would buy furniture again."
ORD002157,Akshay Ram,Groceries,No,,,
ORD002158,Tripti Goyal,Groceries,No,2023-10-08,4.0,"Great groceries, exactly as described. Very happy with it."
ORD002159,Farhan Mammen,Beauty Products,No,,,
ORD002160,Ishani Bhalla,Kitchenware,No,2024-10-08,4.0,"Really satisfied, highly recommend this kitchenware."
ORD002161,Qadim Agrawal,Books,No,,,
ORD002162,Watika Wali,Kitchenware,No,2024-10-31,5.0,"Great kitchenware, exactly as described. Very happy with it."
ORD002163,Zayan Sani,Electronics,No,2023-06-24,3.0,"The electronics is okay, does the job but nothing special."
ORD002164,Tanmayi Subramanian,Furniture,No,2024-12-21,5.0,"Excellent quality for the price, would buy furniture again."
ORD002165,Tripti Goyal,Shoes,Yes,2025-05-14,3.0,"Average shoes, packaging could be better."
ORD002166,Kai Sodhi,Shoes,Yes,2025-03-08,1.0,"Received a damaged shoes, had to return it."
ORD002167,Vansha Deol,Sports Equipment,Yes,2023-06-27,4.0,"Great sports equipment, exactly as described. Very happy with it."
ORD002168,Inaya Taneja,Clothes,No,2024-01-24,4.0,"Fast delivery, clothes exceeded my expectations."
ORD002169,Krisha Ram,Groceries,Yes,,,
ORD002170,Triveni Mallick,Clothes,No,2023-08-24,3.0,"The clothes is okay, does the job but nothing special."
ORD002171,Vincent Barad,Clothes,No,2025-10-02,1.0,"Not worth the price, expected better clothes."
ORD002172,Matthew Yadav,Toys,No,2023-06-15,5.0,"Great toys, exactly as described. Very happy with it."
ORD002173,Yuvraj Gandhi,Clothes,No,2025-12-05,2.0,"Not worth the price, expected better clothes."
ORD002174,Urvi Bhattacharyya,Toys,No,,,
ORD002175,Onkar Sarin,Books,No,,,
ORD002176,Alka Srinivas,Groceries,No,2023-07-20,4.0,"Excellent quality for the price, would buy groceries again."
ORD002177,Zehaan Devan,Electronics,No,2025-11-23,5.0,"Fast delivery, electronics exceeded my expectations."
ORD002178,Advik Hegde,Beauty Products,No,2025-02-23,5.0,"Excellent quality for the price, would buy beauty products again."
ORD002179,Rishi Tara,Toys,No,2023-02-23,5.0,"Excellent quality for the price, would buy toys again."
ORD002180,Darsh Sunder,Electronics,No,,,
ORD002181,Vrinda Sama,Furniture,No,,,
ORD002182,Yashica Kota,Kitchenware,No,2023-06-09,4.0,"Really satisfied, highly recommend this kitchenware."
ORD002183,Jackson Tak,Clothes,No,,,
ORD002184,Gavin Gade,Shoes,No,2023-06-23,5.0,"Really satisfied, highly recommend this shoes."
ORD002185,Mekhala Dar,Groceries,No,,,
ORD002186,Jagat Iyengar,Kitchenware,No,2024-12-24,4.0,"Fast delivery, kitchenware exceeded my expectations."
ORD002187,Yashoda Mammen,Sports Equipment,No,2025-07-06,5.0,"Really satisfied, highly recommend this sports equipment."
ORD002188,Logan Sekhon,Shoes,No,2023-06-23,5.0,"Fast delivery, shoes exceeded my expectations."
ORD002189,Garima Kumar,Kitchenware,No,2025-09-19,4.0,"Really satisfied, highly recommend this kitchenware."
ORD002190,Charles Balay,Beauty Products,No,2025-07-25,2.0,"Disappointed with this beauty products, quality is not good."
ORD002191,Gautam Samra,Groceries,No,2024-10-09,4.0,"Great groceries, exactly as described. Very happy with it."
ORD002192,Vanya Yohannan,Toys,No,,,
ORD002193,Azad Muni,Electronics,No,2023-11-18,5.0,"Fast delivery, electronics exceeded my expectations."
ORD002194,Lucky Balakrishnan,Kitchenware,No,2023-11-15,3.0,"Average kitchenware, packaging could be better."
ORD002195,Jalsa Sangha,Kitchenware,No,,,
ORD002196,Leela Swaminathan,Sports Equipment,No,,,
ORD002197,Logan Sekhon,Electronics,No,2023-04-05,4.0,"Excellent quality for the price, would buy electronics again."
ORD002198,Bimala Sehgal,Groceries,No,2023-05-13,5.0,"Excellent quality for the price, would buy groceries again."
ORD002199,Yauvani Patla,Beauty Products,No,2025-06-24,4.0,"Great beauty products, exactly as described. Very happy with it."
ORD002200,Aarini Nagar,Books,No,2024-03-31,4.0,"Fast delivery, books exceeded my expectations."
ORD002201,Watika Wali,Groceries,No,2023-08-21,4.0,"Really satisfied, highly recommend this groceries."
ORD002202,Ijaya Mander,Clothes,No,,,
ORD002203,Amaira Sarin,Groceries,No,,,
ORD002204,Garima Agarwal,Kitchenware,No,2024-12-22,3.0,"The kitchenware is okay, does the job but nothing special."
ORD002205,Elijah Raman,Sports Equipment,No,2025-10-18,2.0,"Not worth the price, expected better sports equipment."
ORD002206,Pratyush Madan,Electronics,No,2023-02-20,1.0,"Not worth the price, expected better electronics."
ORD002207,Veer Cheema,Groceries,No,2025-05-01,5.0,"Really satisfied, highly recommend this groceries."
ORD002208,Hemangini Chad,Clothes,No,,,
ORD002209,Wishi Gala,Toys,No,2023-04-14,5.0,"Excellent quality for the price, would buy toys again."
ORD002210,Nidhi Baria,Groceries,No,2024-01-04,3.0,"Average groceries, packaging could be better."
ORD002211,Qasim Muni,Electronics,No,2024-11-07,3.0,"The electronics is okay, does the job but nothing special."
ORD002212,Yashvi Bahl,Electronics,No,2024-11-05,3.0,"The electronics is okay, does the job but nothing special."
ORD002213,Anjali Dasgupta,Groceries,No,2024-05-23,3.0,"Average groceries, packaging could be better."
ORD002214,Ekansh Batra,Books,No,,,
ORD002215,Imaran Buch,Books,No,,,
ORD002216,Rayaan Malhotra,Books,No,2023-06-03,2.0,"Disappointed with this books, quality is not good."
ORD002217,Arya Thakkar,Kitchenware,No,2024-03-24,2.0,"Not worth the price, expected better kitchenware."
ORD002218,Lohit Saha,Electronics,No,2025-09-04,2.0,"Received a damaged electronics, had to return it."
ORD002219,Jalsa Sangha,Groceries,No,2024-10-30,5.0,"Great groceries, exactly as described. Very happy with it."
ORD002220,Sarthak Puri,Furniture,No,2023-08-13,5.0,"Excellent quality for the price, would buy furniture again."
ORD002221,Chanakya Pillai,Clothes,No,2023-05-28,5.0,"Fast delivery, clothes exceeded my expectations."
ORD002222,Rohan Arora,Groceries,No,,,
ORD002223,Tristan Ravel,Electronics,Yes,2024-07-29,5.0,"Great electronics, exactly as described. Very happy with it."
ORD002224,Banjeet Rastogi,Kitchenware,No,2023-05-28,5.0,"Excellent quality for the price, would buy kitchenware again."
ORD002225,Zarna Peri,Toys,No,2024-04-07,3.0,"The toys is okay, does the job but nothing special."
ORD002226,Noah Sur,Beauty Products,No,2025-07-31,4.0,"Great beauty products, exactly as described. Very happy with it."
ORD002227,Oni Dhawan,Groceries,No,2024-07-13,2.0,"Not worth the price, expected better groceries."
ORD002228,Benjamin Ratta,Furniture,No,2025-06-24,5.0,"Really satisfied, highly recommend this furniture."
ORD002229,Yahvi Soni,Books,No,,,
ORD002230,Udant Hayer,Furniture,No,2024-09-27,4.0,"Excellent quality for the price, would buy furniture again."
ORD002231,Yasti Mutti,Clothes,No,2024-07-25,5.0,"Fast delivery, clothes exceeded my expectations."
ORD002232,Harsh Gala,Kitchenware,No,2024-11-11,5.0,"Excellent quality for the price, would buy kitchenware again."
ORD002233,Omya Salvi,Furniture,Yes,2025-06-19,4.0,"Really satisfied, highly recommend this furniture."
ORD002234,Gautam Aurora,Groceries,No,2026-01-03,4.0,"Fast delivery, groceries exceeded my expectations."
ORD002235,Riya Mutti,Clothes,No,,,
ORD002236,Advik Hegde,Furniture,No,,,
ORD002237,Charita Vohra,Shoes,No,,,
ORD002238,Yamini Bir,Groceries,No,2025-12-15,4.0,"Excellent quality for the price, would buy groceries again."
ORD002239,Vedhika Dhawan,Groceries,Yes,2025-09-28,4.0,"Really satisfied, highly recommend this groceries."
ORD002240,Qadim Sen,Furniture,No,2023-06-07,4.0,"Fast delivery, furniture exceeded my expectations."
ORD002241,Chandran Rastogi,Books,No,,,
ORD002242,Hamsini Rattan,Sports Equipment,No,2025-06-11,5.0,"Excellent quality for the price, would buy sports equipment again."
ORD002243,Pahal Kuruvilla,Electronics,No,2025-05-25,4.0,"Really satisfied, highly recommend this electronics."
ORD002244,Maanas Chaudry,Groceries,No,2023-05-12,3.0,"The groceries is okay, does the job but nothing special."
ORD002245,Mason Koshy,Groceries,No,2024-10-27,4.0,"Fast delivery, groceries exceeded my expectations."
ORD002246,Hamsini Rattan,Beauty Products,Yes,2023-02-14,4.0,"Excellent quality for the price, would buy beauty products again."
ORD002247,Vedhika Dhawan,Toys,No,2025-03-03,1.0,"Not worth the price, expected better toys."
ORD002248,Chaitanya Bhatia,Electronics,No,2025-08-29,3.0,"Average electronics, packaging could be better."
ORD002249,Saumya Kothari,Groceries,No,2023-11-23,5.0,"Great groceries, exactly as described. Very happy with it."
ORD002250,Sarthak Rai,Electronics,No,2023-07-17,5.0,"Excellent quality for the price, would buy electronics again."
ORD002251,Mitali Verma,Furniture,No,2024-10-14,4.0,"Great furniture, exactly as described. Very happy with it."
ORD002252,Waida Bandi,Beauty Products,No,2023-11-08,4.0,"Excellent quality for the price, would buy beauty products again."
ORD002253,Nirja Shan,Shoes,No,2024-11-16,3.0,"Average shoes, packaging could be better."
ORD002254,Maanas Swamy,Shoes,No,,,
ORD002255,Thomas Brahmbhatt,Beauty Products,Yes,,,
ORD002256,Gautam Aurora,Beauty Products,Yes,2024-10-12,4.0,"Fast delivery, beauty products exceeded my expectations."
ORD002257,Maanas Babu,Furniture,No,2024-05-03,3.0,"The furniture is okay, does the job but nothing special."
ORD002258,Madhav Pandit,Sports Equipment,No,2025-07-23,5.0,"Really satisfied, highly recommend this sports equipment."
ORD002259,Upasna Pant,Kitchenware,No,2023-08-25,4.0,"Really satisfied, highly recommend this kitchenware."
ORD002260,Thomas Sethi,Toys,No,,,
ORD002261,Oscar Kaur,Books,Yes,,,
ORD002262,Naksh Krishna,Books,No,2023-04-18,4.0,"Excellent quality for the price, would buy books again."
ORD002263,Nidra Grewal,Shoes,No,,,
ORD002264,Bahadurjit Kant,Shoes,No,2025-07-11,5.0,"Great shoes, exactly as described. Very happy with it."
ORD002265,Utkarsh Din,Clothes,No,2023-09-03,4.0,"Fast delivery, clothes exceeded my expectations."
ORD002266,Kala Vig,Shoes,Yes,2025-06-13,4.0,"Fast delivery, shoes exceeded my expectations."
ORD002267,Radhika Mahal,Beauty Products,No,2023-06-10,5.0,"Excellent quality for the price, would buy beauty products again."
ORD002268,Jeet Setty,Toys,No,2023-02-24,3.0,"The toys is okay, does the job but nothing special."
ORD002269,Tanmayi Boase,Shoes,No,2023-04-01,5.0,"Fast delivery, shoes exceeded my expectations."
ORD002270,Inaya Taneja,Clothes,Yes,2024-09-19,2.0,"Not worth the price, expected better clothes."
ORD002271,Jasmit Bhardwaj,Books,No,,,
ORD002272,Luke Arora,Books,No,,,
ORD002273,Arunima Parsa,Sports Equipment,No,2025-03-29,3.0,"The sports equipment is okay, does the job but nothing special."
ORD002274,Chanakya Mand,Kitchenware,No,2025-06-15,5.0,"Really satisfied, highly recommend this kitchenware."
ORD002275,Xavier Sani,Electronics,No,2023-11-23,3.0,"The electronics is okay, does the job but nothing special."
ORD002276,Guneet Tripathi,Electronics,No,,,
ORD002277,Vyanjana Mani,Sports Equipment,No,,,
ORD002278,Bimala Master,Kitchenware,No,2024-01-08,5.0,"Fast delivery, kitchenware exceeded my expectations."
ORD002279,Tanay Sagar,Electronics,No,2023-01-08,4.0,"Great electronics, exactly as described. Very happy with it."
ORD002280,Jagdish Bedi,Groceries,No,,,
ORD002281,Pranit Kohli,Beauty Products,No,2023-02-11,2.0,"Received a damaged beauty products, had to return it."
ORD002282,Urvashi Goswami,Groceries,No,,,
ORD002283,Meera Bajaj,Furniture,No,2025-09-25,5.0,"Excellent quality for the price, would buy furniture again."
ORD002284,Samesh Jani,Groceries,No,2025-09-21,5.0,"Really satisfied, highly recommend this groceries."
ORD002285,Mekhala Gala,Beauty Products,Yes,2025-09-20,5.0,"Excellent quality for the price, would buy beauty products again."
ORD002286,Victor Goda,Beauty Products,No,2025-02-14,1.0,"Received a damaged beauty products, had to return it."
ORD002287,Theodore Chandra,Electronics,No,2025-01-05,4.0,"Great electronics, exactly as described. Very happy with it."
ORD002288,Harrison Arya,Books,No,2025-12-01,4.0,"Excellent quality for the price, would buy books again."
ORD002289,Zayyan Dutt,Beauty Products,No,2023-04-18,4.0,"Really satisfied, highly recommend this beauty products."
ORD002290,Kavya Srivastava,Clothes,No,2023-11-25,5.0,"Really satisfied, highly recommend this clothes."
ORD002291,Manbir Mittal,Groceries,Yes,2025-02-02,4.0,"Really satisfied, highly recommend this groceries."
ORD002292,Pallavi Lal,Kitchenware,No,2024-05-09,5.0,"Excellent quality for the price, would buy kitchenware again."
ORD002293,Yutika Bhagat,Electronics,No,2024-11-12,2.0,"Received a damaged electronics, had to return it."
ORD002294,Utkarsh Din,Shoes,No,,,
ORD002295,Tripti Zachariah,Toys,Yes,2023-08-14,3.0,"The toys is okay, does the job but nothing special."
ORD002296,Omya Boase,Electronics,No,2023-03-04,5.0,"Great electronics, exactly as described. Very happy with it."
ORD002297,Quincy Parsa,Books,No,,,
ORD002298,Anusha Raja,Kitchenware,No,,,
ORD002299,Gabriel Sami,Beauty Products,No,,,
ORD002300,Anvi Shan,Sports Equipment,No,,,
ORD002301,Rushil Gopal,Kitchenware,Yes,2023-11-27,1.0,"Disappointed with this kitchenware, quality is not good."
ORD002302,Ansh Kohli,Clothes,Yes,2023-07-03,4.0,"Fast delivery, clothes exceeded my expectations."
ORD002303,Yoshita Soman,Furniture,No,2025-03-11,5.0,"Excellent quality for the price, would buy furniture again."
ORD002304,Warhi Iyer,Shoes,No,,,
ORD002305,Nicholas Bhandari,Groceries,No,2024-01-18,3.0,"Average groceries, packaging could be better."
ORD002306,Vivaan Seth,Books,Yes,2023-04-29,5.0,"Great books, exactly as described. Very happy with it."
ORD002307,Ronith Raman,Beauty Products,No,2025-01-17,4.0,"Really satisfied, highly recommend this beauty products."
ORD002308,Maya Ramakrishnan,Clothes,No,2023-06-26,5.0,"Really satisfied, highly recommend this clothes."
ORD002309,Bakhshi Nagar,Beauty Products,No,2025-05-20,1.0,"Received a damaged beauty products, had to return it."
ORD002310,Lucky Balakrishnan,Toys,No,2025-04-28,4.0,"Excellent quality for the price, would buy toys again."
ORD002311,Yashica Aurora,Toys,Yes,2023-02-11,5.0,"Excellent quality for the price, would buy toys again."
ORD002312,Ladli Yadav,Kitchenware,No,2023-10-15,4.0,"Excellent quality for the price, would buy kitchenware again."
ORD002313,Inaya Kalla,Shoes,No,2023-08-11,5.0,"Great shoes, exactly as described. Very happy with it."
ORD002314,Harish Shetty,Books,No,2026-01-12,5.0,"Excellent quality for the price, would buy books again."
ORD002315,Shravya Naik,Books,No,2025-02-07,5.0,"Fast delivery, books exceeded my expectations."
ORD002316,Riya Thaman,Sports Equipment,No,2026-01-07,5.0,"Fast delivery, sports equipment exceeded my expectations."
ORD002317,Meera Chawla,Electronics,No,,,
ORD002318,Mohammed Pau,Shoes,No,2023-04-22,5.0,"Fast delivery, shoes exceeded my expectations."
ORD002319,Urmi Lad,Books,No,2023-12-11,4.0,"Great books, exactly as described. Very happy with it."
ORD002320,Yashasvi Dewan,Electronics,No,2023-04-30,4.0,"Fast delivery, electronics exceeded my expectations."
ORD002321,Ojasvi Parmer,Furniture,Yes,2025-08-07,5.0,"Fast delivery, furniture exceeded my expectations."
ORD002322,Neha Warrior,Groceries,No,2025-10-29,5.0,"Fast delivery, groceries exceeded my expectations."
ORD002323,Gautami Lall,Groceries,No,2026-01-14,2.0,"Not worth the price, expected better groceries."
ORD002324,Vasudha Murty,Electronics,No,2025-04-12,5.0,"Great electronics, exactly as described. Very happy with it."
ORD002325,Banjeet De,Furniture,No,2024-02-12,4.0,"Really satisfied, highly recommend this furniture."
ORD002326,Shivansh Puri,Books,No,2024-05-19,5.0,"Really satisfied, highly recommend this books."
ORD002327,Maanas Babu,Shoes,No,2024-04-16,4.0,"Excellent quality for the price, would buy shoes again."
ORD002328,Rachit Bedi,Electronics,No,2024-11-14,4.0,"Really satisfied, highly recommend this electronics."
ORD002329,Nachiket Kota,Beauty Products,No,,,
ORD002330,Sneha Nori,Kitchenware,No,2023-07-21,1.0,"Received a damaged kitchenware, had to return it."
ORD002331,Zehaan Pradhan,Sports Equipment,No,2024-09-28,2.0,"Not worth the price, expected better sports equipment."
ORD002332,Manan Mahal,Clothes,No,2025-12-03,3.0,"Average clothes, packaging could be better."
ORD002333,Kashvi Narula,Groceries,No,2024-08-27,5.0,"Great groceries, exactly as described. Very happy with it."
ORD002334,Yamini Bir,Groceries,No,2025-01-15,4.0,"Great groceries, exactly as described. Very happy with it."
ORD002335,Pratyush Madan,Toys,No,2025-09-06,3.0,"Average toys, packaging could be better."
ORD002336,Riya Mutti,Furniture,No,2024-10-29,4.0,"Great furniture, exactly as described. Very happy with it."
ORD002337,Jonathan Wali,Furniture,No,,,
ORD002338,Gautam Aurora,Books,No,2025-11-03,4.0,"Great books, exactly as described. Very happy with it."
ORD002339,Saumya Kothari,Sports Equipment,No,2025-07-14,4.0,"Great sports equipment, exactly as described. Very happy with it."
ORD002340,Tristan Bhavsar,Groceries,No,2023-09-03,3.0,"The groceries is okay, does the job but nothing special."
ORD002341,Neelima Chad,Electronics,No,2023-12-26,2.0,"Received a damaged electronics, had to return it."
ORD002342,Chakradev Bains,Books,No,,,
ORD002343,Samaksh Sem,Shoes,No,2024-01-13,1.0,"Not worth the price, expected better shoes."
ORD002344,Turvi Khanna,Electronics,No,,,
ORD002345,Dev Bhasin,Furniture,Yes,2024-06-17,3.0,"The furniture is okay, does the job but nothing special."
ORD002346,Zaitra Bajaj,Clothes,No,,,
ORD002347,Tanmayi Boase,Kitchenware,No,2023-12-08,4.0,"Fast delivery, kitchenware exceeded my expectations."
ORD002348,Thomas Brahmbhatt,Clothes,No,2023-06-29,5.0,"Really satisfied, highly recommend this clothes."
ORD002349,Adya Patla,Toys,No,2023-09-08,3.0,"Average toys, packaging could be better."
ORD002350,Saumya Ratti,Groceries,No,2023-10-14,5.0,"Great groceries, exactly as described. Very happy with it."
ORD002351,Daksh Dhingra,Clothes,Yes,,,
ORD002352,Chandran Roy,Groceries,No,,,
ORD002353,Yauvani Gokhale,Books,No,,,
ORD002354,Eshana Lad,Electronics,No,2023-08-18,5.0,"Fast delivery, electronics exceeded my expectations."
ORD002355,Henry Bora,Sports Equipment,No,2023-11-06,4.0,"Fast delivery, sports equipment exceeded my expectations."
ORD002356,Azaan Pai,Clothes,No,2024-09-03,4.0,"Excellent quality for the price, would buy clothes again."
ORD002357,Finn Dugal,Clothes,Yes,2025-01-31,5.0,"Great clothes, exactly as described. Very happy with it."
ORD002358,Damyanti Sahni,Groceries,No,2023-08-21,4.0,"Great groceries, exactly as described. Very happy with it."
ORD002359,Kamya Jhaveri,Toys,No,2023-03-14,4.0,"Really satisfied, highly recommend this toys."
ORD002360,Darsh Sunder,Shoes,No,2023-07-29,3.0,"The shoes is okay, does the job but nothing special."
ORD002361,Banjeet Memon,Groceries,No,2023-08-19,1.0,"Not worth the price, expected better groceries."
ORD002362,Darika Kala,Books,No,2025-05-30,2.0,"Disappointed with this books, quality is not good."
ORD002363,Bhavna Sood,Kitchenware,No,2025-01-01,5.0,"Fast delivery, kitchenware exceeded my expectations."
ORD002364,Nicholas Choudhary,Clothes,No,2024-09-30,5.0,"Great clothes, exactly as described. Very happy with it."
ORD002365,Banjeet Rege,Toys,No,2023-12-06,4.0,"Fast delivery, toys exceeded my expectations."
ORD002366,Jairaj Setty,Groceries,No,2023-07-26,2.0,"Disappointed with this groceries, quality is not good."
ORD002367,Madhavi Mann,Clothes,No,2024-08-10,1.0,"Not worth the price, expected better clothes."
ORD002368,Hitesh Prabhu,Groceries,No,2023-05-03,4.0,"Really satisfied, highly recommend this groceries."
ORD002369,Jackson Patil,Furniture,No,,,
ORD002370,Kashvi Sangha,Beauty Products,No,2023-04-10,4.0,"Great beauty products, exactly as described. Very happy with it."
ORD002371,Gagan Tandon,Electronics,No,2023-11-28,5.0,"Fast delivery, electronics exceeded my expectations."
ORD002372,Warda Doctor,Electronics,No,2025-04-01,5.0,"Really satisfied, highly recommend this electronics."
ORD002373,Frederick Nair,Groceries,No,2023-07-02,4.0,"Great groceries, exactly as described. Very happy with it."
ORD002374,Alka Magar,Beauty Products,No,2025-01-18,5.0,"Really satisfied, highly recommend this beauty products."
ORD002375,Jasmit Bahl,Shoes,No,,,
ORD002376,Dhriti Lad,Beauty Products,Yes,2025-06-15,5.0,"Great beauty products, exactly as described. Very happy with it."
ORD002377,Hemani Aurora,Electronics,No,2023-10-06,2.0,"Disappointed with this electronics, quality is not good."
ORD002378,Tanmayi Boase,Toys,No,2023-11-05,5.0,"Really satisfied, highly recommend this toys."
ORD002379,Pratyush Bansal,Clothes,No,2023-03-31,5.0,"Really satisfied, highly recommend this clothes."
ORD002380,Theodore Chandra,Shoes,No,2026-01-08,4.0,"Excellent quality for the price, would buy shoes again."
ORD002381,Chanakya Mand,Sports Equipment,Yes,2025-12-18,3.0,"Average sports equipment, packaging could be better."
ORD002382,Chanchal Sastry,Sports Equipment,No,2025-09-18,1.0,"Received a damaged sports equipment, had to return it."
ORD002383,Lopa Salvi,Books,No,,,
ORD002384,Shravya Char,Furniture,No,2023-05-10,4.0,"Really satisfied, highly recommend this furniture."
ORD002385,Ganga Chandra,Groceries,No,,,
ORD002386,Jasmit Bhardwaj,Kitchenware,No,2025-08-14,5.0,"Fast delivery, kitchenware exceeded my expectations."
ORD002387,Faris Sethi,Groceries,No,2023-05-04,5.0,"Great groceries, exactly as described. Very happy with it."
ORD002388,Advik Hegde,Sports Equipment,No,2024-02-21,3.0,"The sports equipment is okay, does the job but nothing special."
ORD002389,Onkar Datta,Books,No,2024-12-31,3.0,"The books is okay, does the job but nothing special."
ORD002390,Damyanti Sahni,Kitchenware,No,2023-04-20,5.0,"Excellent quality for the price, would buy kitchenware again."
ORD002391,Sachi Chauhan,Groceries,No,,,
ORD002392,Veda Muni,Toys,No,2024-08-03,3.0,"The toys is okay, does the job but nothing special."
ORD002393,Max Aurora,Groceries,No,2024-09-19,3.0,"The groceries is okay, does the job but nothing special."
ORD002394,Charvi Date,Clothes,No,2025-05-18,3.0,"Average clothes, packaging could be better."
ORD002395,Rayaan Malhotra,Shoes,No,2025-08-14,5.0,"Excellent quality for the price, would buy shoes again."
ORD002396,Tripti Goyal,Electronics,Yes,2023-03-07,4.0,"Really satisfied, highly recommend this electronics."
ORD002397,Dakshesh Goswami,Groceries,No,2023-08-07,2.0,"Not worth the price, expected better groceries."
ORD002398,Samar Balay,Electronics,No,2025-08-25,5.0,"Excellent quality for the price, would buy electronics again."
ORD002399,Hamsini Rattan,Groceries,No,2023-04-24,5.0,"Excellent quality for the price, would buy groceries again."
ORD002400,Indali Salvi,Beauty Products,No,2024-10-28,5.0,"Great beauty products, exactly as described. Very happy with it."
ORD002401,Nicholas Bhandari,Sports Equipment,No,2025-02-08,5.0,"Really satisfied, highly recommend this sports equipment."
ORD002402,Alexander Behl,Groceries,No,2025-05-09,3.0,"The groceries is okay, does the job but nothing special."
ORD002403,Owen Oommen,Electronics,No,,,
ORD002404,Wakeeta Raja,Shoes,No,2023-02-01,3.0,"Average shoes, packaging could be better."
ORD002405,Nathaniel Bhardwaj,Toys,No,2023-07-12,2.0,"Not worth the price, expected better toys."
ORD002406,Vrinda Sama,Sports Equipment,No,2025-01-11,5.0,"Great sports equipment, exactly as described. Very happy with it."
ORD002407,Azaan Pai,Shoes,No,2024-12-30,4.0,"Really satisfied, highly recommend this shoes."
ORD002408,Radha Hayer,Kitchenware,No,2024-02-28,5.0,"Fast delivery, kitchenware exceeded my expectations."
ORD002409,Ishani Bhalla,Sports Equipment,No,,,
ORD002410,Triveni Gaba,Kitchenware,No,2024-10-01,4.0,"Fast delivery, kitchenware exceeded my expectations."
ORD002411,Zilmil Bail,Beauty Products,No,2023-02-06,3.0,"Average beauty products, packaging could be better."
ORD002412,Urishilla Naik,Electronics,No,2025-07-16,3.0,"The electronics is okay, does the job but nothing special."
ORD002413,Vivaan Seth,Clothes,No,2023-02-21,4.0,"Fast delivery, clothes exceeded my expectations."
ORD002414,Hamsini Rao,Shoes,No,2023-05-27,4.0,"Great shoes, exactly as described. Very happy with it."
ORD002415,Leena Ratta,Sports Equipment,No,2024-04-28,3.0,"The sports equipment is okay, does the job but nothing special."
ORD002416,Pooja Chatterjee,Kitchenware,Yes,2023-11-08,4.0,"Fast delivery, kitchenware exceeded my expectations."
ORD002417,Shivani Sane,Furniture,No,,,
ORD002418,Rajeshri Kapadia,Electronics,No,,,
ORD002419,Ranbir Kala,Beauty Products,No,2024-08-29,4.0,"Fast delivery, beauty products exceeded my expectations."
ORD002420,Saksham Mani,Groceries,No,2024-05-16,2.0,"Not worth the price, expected better groceries."
ORD002421,Chavvi Rajan,Shoes,No,2024-01-13,2.0,"Received a damaged shoes, had to return it."
ORD002422,Charles Chaudry,Books,No,2025-03-22,1.0,"Received a damaged books, had to return it."
ORD002423,Vihaan Dora,Electronics,No,2024-02-04,5.0,"Excellent quality for the price, would buy electronics again."
ORD002424,Urmi Lad,Books,No,2024-04-30,1.0,"Received a damaged books, had to return it."
ORD002425,Harrison Arya,Shoes,No,2024-03-02,5.0,"Great shoes, exactly as described. Very happy with it."
ORD002426,Falak Rege,Shoes,No,2024-12-31,2.0,"Not worth the price, expected better shoes."
ORD002427,Omaja Badami,Groceries,No,,,
ORD002428,Harsh Agrawal,Shoes,No,2024-12-27,3.0,"Average shoes, packaging could be better."
ORD002429,Shaurya Bora,Sports Equipment,Yes,2023-09-05,4.0,"Fast delivery, sports equipment exceeded my expectations."
ORD002430,Naksh Krishna,Beauty Products,No,2024-09-18,5.0,"Excellent quality for the price, would buy beauty products again."
ORD002431,Benjamin Devi,Books,Yes,2025-04-23,5.0,"Really satisfied, highly recommend this books."
ORD002432,Kevin Chaudhari,Electronics,No,,,
ORD002433,Benjamin Barad,Sports Equipment,No,2024-07-03,1.0,"Received a damaged sports equipment, had to return it."
ORD002434,Saksham Mani,Groceries,No,2025-07-01,4.0,"Excellent quality for the price, would buy groceries again."
ORD002435,Ekapad Chander,Beauty Products,No,2025-08-11,2.0,"Received a damaged beauty products, had to return it."
ORD002436,Frederick Nair,Kitchenware,No,2023-01-18,1.0,"Not worth the price, expected better kitchenware."
ORD002437,Upma Ganesan,Groceries,No,,,
ORD002438,Aayush Dhingra,Furniture,No,2023-11-09,5.0,"Fast delivery, furniture exceeded my expectations."
ORD002439,Maanas Swamy,Electronics,No,2025-08-23,2.0,"Not worth the price, expected better electronics."
ORD002440,Varenya Mani,Electronics,No,2023-06-18,4.0,"Really satisfied, highly recommend this electronics."
ORD002441,Zehaan Devan,Kitchenware,No,2023-02-02,5.0,"Great kitchenware, exactly as described. Very happy with it."
ORD002442,Sathvik Lall,Beauty Products,No,2024-12-12,5.0,"Great beauty products, exactly as described. Very happy with it."
ORD002443,Dayamai Sangha,Clothes,No,,,
ORD002444,Xiti Puri,Electronics,No,2025-07-15,5.0,"Great electronics, exactly as described. Very happy with it."
ORD002445,Zayan Kamdar,Books,No,2024-03-18,5.0,"Excellent quality for the price, would buy books again."
ORD002446,Kevin Taneja,Electronics,No,2025-04-03,4.0,"Great electronics, exactly as described. Very happy with it."
ORD002447,Kala Nagar,Sports Equipment,No,2023-10-13,5.0,"Great sports equipment, exactly as described. Very happy with it."
ORD002448,Charvi Subramanian,Electronics,No,2024-11-08,3.0,"The electronics is okay, does the job but nothing special."
ORD002449,Bhanumati Saran,Electronics,No,2025-05-04,3.0,"Average electronics, packaging could be better."
ORD002450,Jacob Ramakrishnan,Books,Yes,,,
ORD002451,Leela Swaminathan,Shoes,No,2025-11-11,3.0,"Average shoes, packaging could be better."
ORD002452,Anjali Dasgupta,Beauty Products,No,,,
ORD002453,Pallavi Lal,Groceries,No,2024-07-20,1.0,"Received a damaged groceries, had to return it."
ORD002454,Chandresh Bahl,Groceries,Yes,2024-12-08,3.0,"The groceries is okay, does the job but nothing special."
ORD002455,Yahvi Wadhwa,Sports Equipment,No,2025-04-11,3.0,"The sports equipment is okay, does the job but nothing special."
ORD002456,Idika Bhagat,Clothes,No,2023-04-15,2.0,"Not worth the price, expected better clothes."
ORD002457,Balveer Agarwal,Groceries,No,2024-11-01,5.0,"Great groceries, exactly as described. Very happy with it."
ORD002458,Matthew Yadav,Electronics,No,2023-02-17,5.0,"Really satisfied, highly recommend this electronics."
ORD002459,Bahadurjit Jayaraman,Groceries,No,2023-04-18,5.0,"Excellent quality for the price, would buy groceries again."
ORD002460,Zaid Sandal,Toys,No,2025-08-28,4.0,"Excellent quality for the price, would buy toys again."
ORD002461,Vrinda Sama,Groceries,No,2024-06-13,5.0,"Fast delivery, groceries exceeded my expectations."
ORD002462,Ati Loyal,Toys,No,2025-04-23,5.0,"Great toys, exactly as described. Very happy with it."
ORD002463,Yauvani Bhatt,Shoes,No,2025-07-18,4.0,"Really satisfied, highly recommend this shoes."
ORD002464,Timothy Bhandari,Electronics,No,2023-03-09,4.0,"Great electronics, exactly as described. Very happy with it."
ORD002465,Zayan Kamdar,Furniture,No,2023-04-26,5.0,"Fast delivery, furniture exceeded my expectations."
ORD002466,Dhriti Lad,Clothes,No,,,
ORD002467,Arunima Parsa,Beauty Products,Yes,,,
ORD002468,Janya Sankaran,Books,No,2025-06-07,5.0,"Fast delivery, books exceeded my expectations."
ORD002469,Wridesh Sangha,Electronics,Yes,2024-04-30,5.0,"Great electronics, exactly as described. Very happy with it."
ORD002470,Wakeeta Tella,Sports Equipment,No,2024-08-04,5.0,"Excellent quality for the price, would buy sports equipment again."
ORD002471,Urvi Bhattacharyya,Beauty Products,No,2023-05-08,5.0,"Really satisfied, highly recommend this beauty products."
ORD002472,Theodore Chandra,Sports Equipment,No,2026-01-02,1.0,"Not worth the price, expected better sports equipment."
ORD002473,Naksh Sampath,Groceries,No,,,
ORD002474,Zilmil Bail,Shoes,No,2023-07-07,5.0,"Great shoes, exactly as described. Very happy with it."
ORD002475,Darika Golla,Shoes,No,2025-05-11,4.0,"Excellent quality for the price, would buy shoes again."
ORD002476,Frederick Nair,Groceries,Yes,2026-01-15,1.0,"Not worth the price, expected better groceries."
ORD002477,Dayamai Kamdar,Clothes,No,,,
ORD002478,Tanmayi Boase,Furniture,No,,,
ORD002479,Ayush Bail,Books,No,2023-09-06,4.0,"Great books, exactly as described. Very happy with it."
ORD002480,Yamini Garg,Furniture,No,2024-02-02,3.0,"Average furniture, packaging could be better."
ORD002481,Dominic Som,Beauty Products,No,2024-04-28,5.0,"Really satisfied, highly recommend this beauty products."
ORD002482,Alka Magar,Groceries,No,2023-11-21,4.0,"Fast delivery, groceries exceeded my expectations."
ORD002483,Hamsini Bhatia,Shoes,No,2023-10-02,3.0,"Average shoes, packaging could be better."
ORD002484,Xavier Soman,Shoes,Yes,2023-08-24,4.0,"Great shoes, exactly as described. Very happy with it."
ORD002485,Andrew Tiwari,Books,No,,,
ORD002486,Vivaan More,Toys,No,,,
ORD002487,Sarthak Rai,Groceries,No,,,
ORD002488,Udarsh Sachdev,Toys,No,2025-11-15,4.0,"Fast delivery, toys exceeded my expectations."
ORD002489,Lopa Mukhopadhyay,Clothes,No,2025-11-20,5.0,"Really satisfied, highly recommend this clothes."
ORD002490,Jacob Ramakrishnan,Furniture,No,2025-02-13,5.0,"Excellent quality for the price, would buy furniture again."
ORD002491,Dhruv Randhawa,Kitchenware,No,2025-07-02,2.0,"Disappointed with this kitchenware, quality is not good."
ORD002492,Banjeet Rege,Groceries,No,2025-10-15,4.0,"Fast delivery, groceries exceeded my expectations."
ORD002493,Warhi Iyer,Electronics,No,2024-03-19,5.0,"Fast delivery, electronics exceeded my expectations."
ORD002494,Benjamin Devi,Sports Equipment,No,2024-05-06,5.0,"Fast delivery, sports equipment exceeded my expectations."
ORD002495,Zashil Chaudhuri,Electronics,No,2025-08-29,5.0,"Fast delivery, electronics exceeded my expectations."
ORD002496,Zayyan Wason,Kitchenware,No,2023-12-09,5.0,"Great kitchenware, exactly as described. Very happy with it."
ORD002497,Udarsh Gopal,Electronics,Yes,,,
ORD002498,Panini Prabhakar,Beauty Products,No,2024-07-09,4.0,"Really satisfied, highly recommend this beauty products."
ORD002499,Aarav Anne,Clothes,No,2025-04-02,3.0,"Average clothes, packaging could be better."
ORD002500,Qasim Muni,Kitchenware,No,,,
ORD002501,Quincy Parsa,Kitchenware,No,2025-06-14,3.0,"The kitchenware is okay, does the job but nothing special."
ORD002502,Maanas Ratta,Sports Equipment,No,,,
ORD002503,Dalbir Sule,Electronics,No,2023-10-08,3.0,"Average electronics, packaging could be better."
ORD002504,Theodore Chandra,Electronics,No,2023-04-04,5.0,"Fast delivery, electronics exceeded my expectations."
ORD002505,Zashil Bansal,Toys,Yes,2025-05-26,5.0,"Really satisfied, highly recommend this toys."
ORD002506,Gaurangi Aurora,Groceries,No,2025-03-18,3.0,"The groceries is okay, does the job but nothing special."
ORD002507,Qasim Muni,Electronics,No,2024-11-22,4.0,"Great electronics, exactly as described. Very happy with it."
ORD002508,Ijaya Dyal,Sports Equipment,No,2025-12-28,3.0,"The sports equipment is okay, does the job but nothing special."
ORD002509,Vrinda Sama,Clothes,No,2023-10-06,5.0,"Great clothes, exactly as described. Very happy with it."
ORD002510,Kamya Jhaveri,Groceries,No,2024-10-19,5.0,"Really satisfied, highly recommend this groceries."
ORD002511,Benjamin Devi,Electronics,No,,,
ORD002512,Sathvik Lall,Sports Equipment,No,2025-08-26,1.0,"Received a damaged sports equipment, had to return it."
ORD002513,Dalbir Sule,Kitchenware,No,2025-02-01,5.0,"Fast delivery, kitchenware exceeded my expectations."
ORD002514,Banjeet Rastogi,Groceries,Yes,2024-05-04,2.0,"Not worth the price, expected better groceries."
ORD002515,Upma Ganesan,Toys,No,2025-12-12,4.0,"Excellent quality for the price, would buy toys again."
ORD002516,Viraj Barad,Books,No,,,
ORD002517,Arjun Kaur,Toys,Yes,,,
ORD002518,Inaya Taneja,Furniture,No,2025-12-30,5.0,"Excellent quality for the price, would buy furniture again."
ORD002519,Abha Ahuja,Electronics,No,2024-01-30,5.0,"Excellent quality for the price, would buy electronics again."
ORD002520,Nathaniel Narain,Clothes,Yes,2024-05-11,4.0,"Fast delivery, clothes exceeded my expectations."
ORD002521,Faris Sethi,Clothes,No,2024-09-10,4.0,"Excellent quality for the price, would buy clothes again."
ORD002522,Amruta Sehgal,Electronics,No,2024-05-09,5.0,"Fast delivery, electronics exceeded my expectations."
ORD002523,Charita Vohra,Sports Equipment,No,2024-05-12,5.0,"Great sports equipment, exactly as described. Very happy with it."
ORD002524,Vaishnavi Sachar,Groceries,No,2025-11-17,5.0,"Really satisfied, highly recommend this groceries."
ORD002525,Shivani Sane,Books,Yes,2024-03-29,5.0,"Really satisfied, highly recommend this books."
ORD002526,Simon Mitter,Beauty Products,No,,,
ORD002527,Devika Parikh,Electronics,Yes,2024-05-05,4.0,"Fast delivery, electronics exceeded my expectations."
ORD002528,Chavvi Rattan,Shoes,No,2024-05-22,3.0,"Average shoes, packaging could be better."
ORD002529,Nathan Mander,Shoes,Yes,2024-05-03,5.0,"Great shoes, exactly as described. Very happy with it."
ORD002530,Chanakya Pillai,Toys,No,2025-05-10,5.0,"Really satisfied, highly recommend this toys."
ORD002531,Darpan Gour,Electronics,No,2025-09-24,5.0,"Excellent quality for the price, would buy electronics again."
ORD002532,Pranit Kohli,Clothes,No,2024-11-07,5.0,"Fast delivery, clothes exceeded my expectations."
ORD002533,Kevin Chaudhari,Electronics,No,2024-04-05,3.0,"The electronics is okay, does the job but nothing special."
ORD002534,Lopa Narasimhan,Sports Equipment,No,,,
ORD002535,Faras Garg,Furniture,No,2024-04-26,5.0,"Great furniture, exactly as described. Very happy with it."
ORD002536,Rachana Muni,Shoes,No,,,
ORD002537,Ishwar Wali,Books,No,2023-03-07,3.0,"Average books, packaging could be better."
ORD002538,Bachittar Bala,Clothes,No,2023-12-23,4.0,"Excellent quality for the price, would buy clothes again."
ORD002539,Pratyush Bansal,Electronics,No,2025-07-21,4.0,"Excellent quality for the price, would buy electronics again."
ORD002540,Azaan Pai,Shoes,No,2025-08-08,2.0,"Disappointed with this shoes, quality is not good."
ORD002541,Charles Balay,Clothes,No,2024-07-15,1.0,"Disappointed with this clothes, quality is not good."
ORD002542,Manthan Yadav,Sports Equipment,No,,,
ORD002543,Quincy Parsa,Shoes,No,2023-11-26,5.0,"Excellent quality for the price, would buy shoes again."
ORD002544,Panini Prabhakar,Shoes,No,2025-08-22,4.0,"Great shoes, exactly as described. Very happy with it."
ORD002545,Yashoda Mammen,Kitchenware,No,2025-06-28,5.0,"Really satisfied, highly recommend this kitchenware."
ORD002546,Ijaya Mander,Clothes,No,2024-07-14,4.0,"Excellent quality for the price, would buy clothes again."
ORD002547,Warinder Narang,Books,No,2023-05-26,5.0,"Excellent quality for the price, would buy books again."
ORD002548,Januja Iyengar,Shoes,No,2024-10-10,5.0,"Excellent quality for the price, would buy shoes again."
ORD002549,Aarnav Mand,Clothes,No,2026-01-17,5.0,"Great clothes, exactly as described. Very happy with it."
ORD002550,Jagdish Ganesh,Electronics,No,,,
ORD002551,Rushil Brahmbhatt,Clothes,Yes,2025-09-02,4.0,"Really satisfied, highly recommend this clothes."
ORD002552,Devika Mody,Groceries,No,2024-09-21,5.0,"Great groceries, exactly as described. Very happy with it."
ORD002553,Brinda Thaker,Beauty Products,No,2025-04-02,4.0,"Really satisfied, highly recommend this beauty products."
ORD002554,Osha Patil,Toys,No,2025-05-06,4.0,"Fast delivery, toys exceeded my expectations."
ORD002555,Kamala Keer,Groceries,No,2024-04-14,4.0,"Great groceries, exactly as described. Very happy with it."
ORD002556,Vihaan Sen,Beauty Products,No,2023-08-01,5.0,"Great beauty products, exactly as described. Very happy with it."
ORD002557,Pahal Kuruvilla,Electronics,No,2023-11-24,5.0,"Really satisfied, highly recommend this electronics."
ORD002558,Chaitanya Tak,Furniture,No,2024-09-01,4.0,"Really satisfied, highly recommend this furniture."
ORD002559,Veer Cheema,Clothes,No,2025-03-28,4.0,"Fast delivery, clothes exceeded my expectations."
ORD002560,Rajata Venkataraman,Sports Equipment,No,2025-09-17,5.0,"Really satisfied, highly recommend this sports equipment."
ORD002561,Megha Shroff,Groceries,No,2024-12-30,2.0,"Received a damaged groceries, had to return it."
ORD002562,Elijah Dalal,Groceries,No,2025-05-08,2.0,"Received a damaged groceries, had to return it."
ORD002563,Urvi Bhattacharyya,Electronics,No,,,
ORD002564,Gautami Sarin,Furniture,Yes,2024-11-08,2.0,"Not worth the price, expected better furniture."
ORD002565,Widisha Minhas,Groceries,No,2024-04-19,5.0,"Great groceries, exactly as described. Very happy with it."
ORD002566,Hredhaan Edwin,Shoes,No,2025-03-09,4.0,"Excellent quality for the price, would buy shoes again."
ORD002567,Yasti Mutti,Beauty Products,No,2024-12-27,4.0,"Fast delivery, beauty products exceeded my expectations."
ORD002568,Saanvi Agarwal,Electronics,No,2025-04-04,4.0,"Fast delivery, electronics exceeded my expectations."
ORD002569,Manan Mahal,Beauty Products,No,2025-01-18,4.0,"Really satisfied, highly recommend this beauty products."
ORD002570,Daksh Dhingra,Groceries,No,2023-03-13,5.0,"Really satisfied, highly recommend this groceries."
ORD002571,Janaki Mistry,Electronics,No,2023-09-03,5.0,"Fast delivery, electronics exceeded my expectations."
ORD002572,Balveer Dani,Clothes,No,,,
ORD002573,Tara Sastry,Clothes,No,2024-08-09,5.0,"Great clothes, exactly as described. Very happy with it."
ORD002574,Yahvi Wadhwa,Toys,No,,,
ORD002575,Harsh Karan,Electronics,Yes,2025-08-22,5.0,"Great electronics, exactly as described. Very happy with it."
ORD002576,Zaitra Bajaj,Furniture,Yes,,,
ORD002577,Vedhika Dhawan,Furniture,No,,,
ORD002578,Yamini Bir,Kitchenware,No,2023-09-07,4.0,"Excellent quality for the price, would buy kitchenware again."
ORD002579,Urishilla Naik,Furniture,No,2024-03-28,3.0,"Average furniture, packaging could be better."
ORD002580,Dayamai Sangha,Electronics,No,2025-06-19,4.0,"Really satisfied, highly recommend this electronics."
ORD002581,Kashish Sekhon,Shoes,No,2024-08-05,5.0,"Fast delivery, shoes exceeded my expectations."
ORD002582,Rayaan Goyal,Shoes,No,,,
ORD002583,Omisha Sood,Electronics,No,2024-10-20,5.0,"Great electronics, exactly as described. Very happy with it."
ORD002584,Tanay Lal,Sports Equipment,No,,,
ORD002585,Nitesh Oommen,Books,No,2025-07-09,2.0,"Not worth the price, expected better books."
ORD002586,Imaran Dara,Furniture,No,2024-09-12,5.0,"Great furniture, exactly as described. Very happy with it."
ORD002587,Tristan Ravel,Shoes,No,2024-07-18,5.0,"Excellent quality for the price, would buy shoes again."
ORD002588,Sneha Magar,Electronics,No,2024-03-31,5.0,"Great electronics, exactly as described. Very happy with it."
ORD002589,Oni Dhawan,Toys,No,2023-03-10,5.0,"Really satisfied, highly recommend this toys."
ORD002590,Dayita Sehgal,Shoes,No,2024-11-20,3.0,"The shoes is okay, does the job but nothing special."
ORD002591,Ikbal Ahuja,Groceries,No,2025-10-20,5.0,"Excellent quality for the price, would buy groceries again."
ORD002592,Yutika Bhagat,Kitchenware,No,,,
ORD002593,Neel Mall,Clothes,No,2024-04-15,4.0,"Great clothes, exactly as described. Very happy with it."
ORD002594,Falan Lanka,Beauty Products,No,2024-10-30,4.0,"Excellent quality for the price, would buy beauty products again."
ORD002595,Charvi Date,Electronics,No,2025-03-30,5.0,"Great electronics, exactly as described. Very happy with it."
ORD002596,Wishi Gala,Books,No,2024-07-14,3.0,"Average books, packaging could be better."
ORD002597,Amruta Sehgal,Kitchenware,No,,,
ORD002598,Tristan Ravel,Sports Equipment,No,2024-10-28,5.0,"Really satisfied, highly recommend this sports equipment."
ORD002599,Wakeeta Tella,Shoes,No,2023-06-19,5.0,"Really satisfied, highly recommend this shoes."
ORD002600,Ekalinga Dave,Electronics,No,2025-11-30,3.0,"The electronics is okay, does the job but nothing special."
ORD002601,Vaishnavi Sachar,Clothes,No,2024-11-17,5.0,"Fast delivery, clothes exceeded my expectations."
ORD002602,Aachal Lad,Clothes,No,2026-01-11,1.0,"Not worth the price, expected better clothes."
ORD002603,Vedhika Dhawan,Kitchenware,No,,,
ORD002604,Raghav Pradhan,Groceries,Yes,2025-12-29,4.0,"Fast delivery, groceries exceeded my expectations."
ORD002605,Guneet Tripathi,Shoes,No,2024-03-19,4.0,"Great shoes, exactly as described. Very happy with it."
ORD002606,Harsh Karan,Books,No,2023-04-14,4.0,"Really satisfied, highly recommend this books."
ORD002607,Tara Varughese,Groceries,No,2023-09-02,5.0,"Really satisfied, highly recommend this groceries."
ORD002608,Henry Bora,Toys,No,2025-06-12,5.0,"Great toys, exactly as described. Very happy with it."
ORD002609,Bakhshi Nagar,Sports Equipment,Yes,,,
ORD002610,Vaishnavi Dutt,Electronics,No,2024-04-17,1.0,"Disappointed with this electronics, quality is not good."
ORD002611,Hritik Talwar,Kitchenware,No,2023-09-12,5.0,"Really satisfied, highly recommend this kitchenware."
ORD002612,Zayyan Palan,Furniture,No,2024-10-01,5.0,"Fast delivery, furniture exceeded my expectations."
ORD002613,Lopa Salvi,Beauty Products,No,2024-06-13,3.0,"Average beauty products, packaging could be better."
ORD002614,Eshana Lad,Books,No,2024-11-04,3.0,"Average books, packaging could be better."
ORD002615,Thomas Brahmbhatt,Toys,No,2023-11-28,5.0,"Excellent quality for the price, would buy toys again."
ORD002616,Dayamai Sankaran,Electronics,No,2025-05-11,4.0,"Great electronics, exactly as described. Very happy with it."
ORD002617,Vrishti Lalla,Clothes,No,,,
ORD002618,Urishilla Naik,Groceries,No,,,
ORD002619,Janani Parmer,Sports Equipment,No,2023-01-17,5.0,"Fast delivery, sports equipment exceeded my expectations."
ORD002620,Urvi Bhattacharyya,Electronics,No,,,
ORD002621,Utkarsh Din,Groceries,No,2024-04-04,2.0,"Disappointed with this groceries, quality is not good."
ORD002622,Vivaan Sood,Books,No,2025-12-24,4.0,"Really satisfied, highly recommend this books."
ORD002623,Yochana Bal,Electronics,No,2025-10-29,5.0,"Excellent quality for the price, would buy electronics again."
ORD002624,Vihaan Sen,Electronics,No,,,
ORD002625,Fitan Sodhi,Kitchenware,No,2024-09-07,3.0,"Average kitchenware, packaging could be better."
ORD002626,Bhavna Sood,Shoes,No,2023-09-28,3.0,"Average shoes, packaging could be better."
ORD002627,Wishi Sharma,Groceries,No,,,
ORD002628,Yuvraj Grewal,Sports Equipment,No,,,
ORD002629,Rudra Ahuja,Clothes,No,2024-01-02,5.0,"Great clothes, exactly as described. Very happy with it."
ORD002630,Wakeeta Tella,Groceries,No,2023-03-06,5.0,"Great groceries, exactly as described. Very happy with it."
ORD002631,Tara Sur,Kitchenware,No,2023-10-13,4.0,"Fast delivery, kitchenware exceeded my expectations."
ORD002632,Sneha Magar,Electronics,No,2024-06-28,4.0,"Excellent quality for the price, would buy electronics again."
ORD002633,Vedhika Dhawan,Toys,No,2025-03-28,4.0,"Great toys, exactly as described. Very happy with it."
ORD002634,Yamini Garg,Books,No,2025-05-16,5.0,"Really satisfied, highly recommend this books."
ORD002635,Triveni Mallick,Furniture,No,2025-03-17,2.0,"Disappointed with this furniture, quality is not good."
ORD002636,Urvi Palla,Books,No,2026-01-18,4.0,"Excellent quality for the price, would buy books again."
ORD002637,Tara Varughese,Electronics,No,2025-04-06,5.0,"Fast delivery, electronics exceeded my expectations."
ORD002638,Urvi Bhattacharyya,Clothes,No,2023-12-23,5.0,"Really satisfied, highly recommend this clothes."
ORD002639,Omkaar Chopra,Shoes,Yes,2024-04-22,4.0,"Great shoes, exactly as described. Very happy with it."
ORD002640,Jagat Iyengar,Electronics,No,2025-05-24,5.0,"Excellent quality for the price, would buy electronics again."
ORD002641,Riya Thaman,Clothes,No,,,
ORD002642,Udarsh Gopal,Toys,No,2024-06-21,5.0,"Excellent quality for the price, would buy toys again."
ORD002643,Darika Golla,Toys,No,2024-04-28,4.0,"Fast delivery, toys exceeded my expectations."
ORD002644,Aarnav Pant,Furniture,No,2024-02-26,5.0,"Really satisfied, highly recommend this furniture."
ORD002645,Urvashi Ratta,Kitchenware,No,2025-07-03,3.0,"Average kitchenware, packaging could be better."
ORD002646,Hemani Aurora,Beauty Products,No,2025-06-07,4.0,"Fast delivery, beauty products exceeded my expectations."
ORD002647,Abhiram Mitter,Groceries,No,2023-12-12,5.0,"Fast delivery, groceries exceeded my expectations."
ORD002648,Hamsini Rao,Clothes,Yes,2024-09-12,5.0,"Fast delivery, clothes exceeded my expectations."
ORD002649,Chavvi Rajan,Shoes,No,2025-07-10,5.0,"Excellent quality for the price, would buy shoes again."
ORD002650,Aachal Thakkar,Books,No,2024-12-12,5.0,"Fast delivery, books exceeded my expectations."
ORD002651,Balhaar Gade,Electronics,No,2023-12-12,3.0,"Average electronics, packaging could be better."
ORD002652,Megha Shroff,Sports Equipment,No,2024-01-23,4.0,"Excellent quality for the price, would buy sports equipment again."
ORD002653,Eiravati Khare,Groceries,No,2023-08-21,4.0,"Excellent quality for the price, would buy groceries again."
ORD002654,Vamakshi Vala,Beauty Products,No,2023-02-11,2.0,"Disappointed with this beauty products, quality is not good."
ORD002655,Upkaar Cheema,Beauty Products,No,,,
ORD002656,Dev Nori,Groceries,No,2025-12-30,5.0,"Excellent quality for the price, would buy groceries again."
ORD002657,Karan Bhat,Clothes,No,2025-05-21,5.0,"Really satisfied, highly recommend this clothes."
ORD002658,Dalbir Sule,Sports Equipment,No,2025-09-25,4.0,"Fast delivery, sports equipment exceeded my expectations."
ORD002659,Urvashi Suri,Kitchenware,No,2023-04-01,5.0,"Really satisfied, highly recommend this kitchenware."
ORD002660,Brinda Mammen,Beauty Products,No,2023-08-11,2.0,"Disappointed with this beauty products, quality is not good."
ORD002661,Alexander Behl,Electronics,No,2025-02-26,5.0,"Fast delivery, electronics exceeded my expectations."
ORD002662,Hamsini Rattan,Toys,No,,,
ORD002663,Bahadurjit Banerjee,Beauty Products,No,2024-02-04,1.0,"Received a damaged beauty products, had to return it."
ORD002664,Veer Cheema,Sports Equipment,No,2024-08-17,3.0,"Average sports equipment, packaging could be better."
ORD002665,Nathan Mander,Toys,No,2024-08-14,4.0,"Fast delivery, toys exceeded my expectations."
ORD002666,Dalbir Sule,Sports Equipment,No,2024-09-03,5.0,"Really satisfied, highly recommend this sports equipment."
ORD002667,Nidra Grewal,Sports Equipment,No,2024-04-19,5.0,"Fast delivery, sports equipment exceeded my expectations."
ORD002668,Aarnav Pant,Toys,No,2023-04-16,4.0,"Really satisfied, highly recommend this toys."
ORD002669,Ekapad Chander,Electronics,No,2023-05-08,4.0,"Really satisfied, highly recommend this electronics."
ORD002670,Elijah Dalal,Books,No,2024-10-27,4.0,"Really satisfied, highly recommend this books."
ORD002671,Azaan Pai,Shoes,No,2023-10-21,5.0,"Really satisfied, highly recommend this shoes."
ORD002672,Banjeet De,Books,No,2023-09-11,5.0,"Great books, exactly as described. Very happy with it."
ORD002673,Leela Parmer,Shoes,No,2025-05-07,4.0,"Great shoes, exactly as described. Very happy with it."
ORD002674,Nathan Aggarwal,Furniture,Yes,2025-08-29,5.0,"Excellent quality for the price, would buy furniture again."
ORD002675,Vritti Chopra,Groceries,No,2024-05-16,4.0,"Really satisfied, highly recommend this groceries."
ORD002676,Parth Jha,Electronics,No,2024-03-25,4.0,"Excellent quality for the price, would buy electronics again."
ORD002677,Yauvani Hora,Beauty Products,No,2024-10-11,5.0,"Great beauty products, exactly as described. Very happy with it."
ORD002678,Mekhala Dar,Electronics,No,2025-07-27,5.0,"Really satisfied, highly recommend this electronics."
ORD002679,Udarsh Sachdev,Toys,No,2025-06-23,4.0,"Really satisfied, highly recommend this toys."
ORD002680,Odika Iyengar,Books,No,2023-11-26,4.0,"Really satisfied, highly recommend this books."
ORD002681,Nitara Rajagopal,Toys,No,2023-08-23,5.0,"Great toys, exactly as described. Very happy with it."
ORD002682,Garima Kumar,Groceries,No,2025-11-10,4.0,"Fast delivery, groceries exceeded my expectations."
ORD002683,Yochana Bal,Clothes,No,2025-04-21,3.0,"Average clothes, packaging could be better."
ORD002684,Daksh Chaudhuri,Clothes,No,2024-03-31,4.0,"Fast delivery, clothes exceeded my expectations."
ORD002685,Siya Dhillon,Shoes,No,2025-05-02,5.0,"Fast delivery, shoes exceeded my expectations."
ORD002686,Samesh Jani,Groceries,No,2024-11-29,5.0,"Fast delivery, groceries exceeded my expectations."
ORD002687,Rohan Rajagopalan,Groceries,No,2025-06-28,4.0,"Really satisfied, highly recommend this groceries."
ORD002688,Alka Magar,Clothes,No,2025-04-03,3.0,"The clothes is okay, does the job but nothing special."
ORD002689,Urvi Palla,Groceries,No,2025-12-07,4.0,"Really satisfied, highly recommend this groceries."
ORD002690,Nimrat Vasa,Beauty Products,No,2025-05-22,4.0,"Excellent quality for the price, would buy beauty products again."
ORD002691,Chakradhar Deol,Beauty Products,No,,,
ORD002692,Timothy Bhatti,Electronics,No,2024-12-13,5.0,"Excellent quality for the price, would buy electronics again."
ORD002693,Urmi Lad,Sports Equipment,No,2023-04-04,3.0,"Average sports equipment, packaging could be better."
ORD002694,Lopa Mukhopadhyay,Electronics,No,2023-01-25,4.0,"Fast delivery, electronics exceeded my expectations."
ORD002695,Anika Rout,Furniture,No,2024-07-04,5.0,"Great furniture, exactly as described. Very happy with it."
ORD002696,Samar Ahuja,Sports Equipment,No,2023-09-03,1.0,"Received a damaged sports equipment, had to return it."
ORD002697,Darsh Sunder,Electronics,No,2024-09-04,4.0,"Great electronics, exactly as described. Very happy with it."
ORD002698,Aradhana Sethi,Furniture,No,2025-11-30,3.0,"Average furniture, packaging could be better."
ORD002699,Pooja Chatterjee,Books,No,2023-09-20,5.0,"Great books, exactly as described. Very happy with it."
ORD002700,Ikbal Chhabra,Groceries,No,2024-04-24,5.0,"Fast delivery, groceries exceeded my expectations."
ORD002701,Sanya Shanker,Books,No,2024-02-03,4.0,"Fast delivery, books exceeded my expectations."
ORD002702,Bina Sankaran,Toys,No,2023-04-28,3.0,"The toys is okay, does the job but nothing special."
ORD002703,Widisha Minhas,Kitchenware,No,,,
ORD002704,Alexander Behl,Toys,No,2023-12-04,4.0,"Great toys, exactly as described. Very happy with it."
ORD002705,Jatin Kapoor,Electronics,No,2023-11-12,3.0,"The electronics is okay, does the job but nothing special."
ORD002706,Zarna Tailor,Kitchenware,No,2024-12-16,5.0,"Great kitchenware, exactly as described. Very happy with it."
ORD002707,Ekiya Konda,Clothes,No,2025-11-06,2.0,"Received a damaged clothes, had to return it."
ORD002708,Hemangini Chad,Kitchenware,No,2025-07-01,3.0,"The kitchenware is okay, does the job but nothing special."
ORD002709,Sarthak Puri,Books,No,2026-01-02,5.0,"Great books, exactly as described. Very happy with it."
ORD002710,Jagdish Bedi,Books,Yes,2024-07-26,3.0,"Average books, packaging could be better."
ORD002711,Oscar Kaur,Groceries,No,2025-07-25,5.0,"Fast delivery, groceries exceeded my expectations."
ORD002712,Ansh Kohli,Groceries,No,2023-05-27,3.0,"Average groceries, packaging could be better."
ORD002713,Idika Bhagat,Kitchenware,No,2025-11-14,4.0,"Excellent quality for the price, would buy kitchenware again."
ORD002714,Warinder Narang,Clothes,Yes,,,
ORD002715,Finn Kurian,Clothes,No,2024-08-29,5.0,"Fast delivery, clothes exceeded my expectations."
ORD002716,Gautam Aurora,Books,No,2025-12-04,5.0,"Fast delivery, books exceeded my expectations."
ORD002717,Urmi Sachdeva,Groceries,No,2023-09-03,5.0,"Great groceries, exactly as described. Very happy with it."
ORD002718,Abha Ravi,Electronics,No,2024-06-27,4.0,"Really satisfied, highly recommend this electronics."
ORD002719,Gautam Samra,Books,No,2024-04-22,2.0,"Received a damaged books, had to return it."
ORD002720,Elijah Luthra,Groceries,No,,,
ORD002721,Urvashi Ratta,Groceries,No,2025-11-22,5.0,"Great groceries, exactly as described. Very happy with it."
ORD002722,Liam Solanki,Beauty Products,Yes,2024-10-30,1.0,"Received a damaged beauty products, had to return it."
ORD002723,Gabriel Sami,Books,No,,,
ORD002724,Upadhriti Menon,Kitchenware,No,,,
ORD002725,Kamya Jhaveri,Toys,No,2023-07-25,2.0,"Disappointed with this toys, quality is not good."
ORD002726,Ayaan Krishnamurthy,Furniture,Yes,2023-04-25,4.0,"Excellent quality for the price, would buy furniture again."
ORD002727,Benjamin Ratta,Kitchenware,No,2025-06-29,3.0,"Average kitchenware, packaging could be better."
ORD002728,Charan Banerjee,Shoes,Yes,2025-11-15,5.0,"Excellent quality for the price, would buy shoes again."
ORD002729,Kiaan Arora,Electronics,No,,,
ORD002730,Kala Nagar,Clothes,No,2023-07-02,4.0,"Great clothes, exactly as described. Very happy with it."
ORD002731,Sarthak Rai,Electronics,No,2023-10-05,3.0,"Average electronics, packaging could be better."
ORD002732,Rajeshri Kapadia,Clothes,No,2025-02-20,3.0,"The clothes is okay, does the job but nothing special."
ORD002733,Vincent Barad,Toys,Yes,2025-04-11,5.0,"Excellent quality for the price, would buy toys again."
ORD002734,Lakshmi Bhat,Books,No,,,
ORD002735,Jyoti Dhingra,Clothes,Yes,2023-11-18,4.0,"Excellent quality for the price, would buy clothes again."
ORD002736,Joshua Bali,Books,No,,,
ORD002737,Pranav Saraf,Clothes,No,,,
ORD002738,Anvi Shan,Clothes,Yes,2023-12-07,4.0,"Fast delivery, clothes exceeded my expectations."
ORD002739,Frado Joshi,Shoes,No,2025-06-28,5.0,"Excellent quality for the price, would buy shoes again."
ORD002740,Waida Bandi,Books,No,,,
ORD002741,Kabir Krishnamurthy,Shoes,No,2024-05-23,3.0,"Average shoes, packaging could be better."
ORD002742,Garima Kumar,Beauty Products,No,2025-02-08,3.0,"Average beauty products, packaging could be better."
ORD002743,Harita Som,Groceries,No,2024-04-28,4.0,"Fast delivery, groceries exceeded my expectations."
ORD002744,Omaja Sharma,Groceries,No,,,
ORD002745,Manthan Yadav,Toys,No,2023-10-19,3.0,"The toys is okay, does the job but nothing special."
ORD002746,Aarav Nagy,Groceries,No,2024-01-16,4.0,"Fast delivery, groceries exceeded my expectations."
ORD002747,Jagvi Sethi,Furniture,No,2023-06-07,3.0,"Average furniture, packaging could be better."
ORD002748,Anika Palan,Kitchenware,No,2025-12-11,4.0,"Excellent quality for the price, would buy kitchenware again."
ORD002749,Oviya Tara,Groceries,No,2025-10-12,4.0,"Fast delivery, groceries exceeded my expectations."
ORD002750,Naksh Krishna,Shoes,No,2025-09-02,5.0,"Great shoes, exactly as described. Very happy with it."
ORD002751,Vasudha Murty,Beauty Products,No,2025-08-21,3.0,"Average beauty products, packaging could be better."
ORD002752,Zayyan Wason,Groceries,No,2024-05-18,3.0,"The groceries is okay, does the job but nothing special."
ORD002753,Nandini Karan,Sports Equipment,No,2025-05-17,5.0,"Excellent quality for the price, would buy sports equipment again."
ORD002754,Nidra Grewal,Electronics,No,,,
ORD002755,Pranit Kohli,Furniture,No,,,
ORD002756,Anjali Dasgupta,Furniture,No,2025-05-26,3.0,"The furniture is okay, does the job but nothing special."
ORD002757,Mason Koshy,Toys,No,2025-01-21,5.0,"Really satisfied, highly recommend this toys."
ORD002758,David Kurian,Beauty Products,No,,,
ORD002759,Hemangini Sekhon,Electronics,No,2024-04-06,3.0,"Average electronics, packaging could be better."
ORD002760,Garima Kumar,Groceries,No,2025-12-18,5.0,"Fast delivery, groceries exceeded my expectations."
ORD002761,Samuel Rama,Groceries,No,2023-08-23,5.0,"Fast delivery, groceries exceeded my expectations."
ORD002762,Aarav Nagy,Groceries,Yes,2023-06-25,4.0,"Really satisfied, highly recommend this groceries."
ORD002763,Bahadurjit Kant,Groceries,Yes,,,
ORD002764,Hamsini Iyer,Toys,No,2023-06-24,3.0,"The toys is okay, does the job but nothing special."
ORD002765,Oni Dhawan,Electronics,No,2025-04-30,2.0,"Not worth the price, expected better electronics."
ORD002766,Chameli Aggarwal,Toys,No,2024-02-05,3.0,"The toys is okay, does the job but nothing special."
ORD002767,Anjali Dasgupta,Shoes,No,2025-07-19,5.0,"Great shoes, exactly as described. Very happy with it."
ORD002768,Onveer Bhavsar,Clothes,Yes,,,
ORD002769,Matthew Shroff,Clothes,Yes,2023-11-03,5.0,"Fast delivery, clothes exceeded my expectations."
ORD002770,Lila Kadakia,Beauty Products,No,2025-12-28,5.0,"Fast delivery, beauty products exceeded my expectations."
ORD002771,Jai Bhatia,Clothes,No,2025-07-22,5.0,"Really satisfied, highly recommend this clothes."
ORD002772,Gavin Lalla,Toys,No,2024-01-28,4.0,"Really satisfied, highly recommend this toys."
ORD002773,Raagini Gade,Shoes,No,2025-11-30,4.0,"Fast delivery, shoes exceeded my expectations."
ORD002774,Varenya Mani,Clothes,No,2025-12-26,2.0,"Received a damaged clothes, had to return it."
ORD002775,Reyansh Singh,Groceries,No,2025-04-24,3.0,"The groceries is okay, does the job but nothing special."
ORD002776,Aarini Ramakrishnan,Shoes,Yes,2023-03-29,5.0,"Great shoes, exactly as described. Very happy with it."
ORD002777,Jyoti Oak,Toys,No,2023-04-05,4.0,"Great toys, exactly as described. Very happy with it."
ORD002778,Aayush Dhingra,Furniture,No,2023-07-30,5.0,"Really satisfied, highly recommend this furniture."
ORD002779,Yutika Bhagat,Books,No,2025-07-02,5.0,"Fast delivery, books exceeded my expectations."
ORD002780,Farhan Mammen,Shoes,No,,,
ORD002781,Yashica Om,Books,No,2025-07-22,5.0,"Great books, exactly as described. Very happy with it."
ORD002782,Lopa Narasimhan,Electronics,No,2025-05-16,5.0,"Excellent quality for the price, would buy electronics again."
ORD002783,Urmi Wali,Furniture,No,2023-03-09,3.0,"Average furniture, packaging could be better."
ORD002784,Veer Cheema,Electronics,No,,,
ORD002785,Arunima Parsa,Groceries,No,2024-08-02,4.0,"Great groceries, exactly as described. Very happy with it."
ORD002786,Arunima Parsa,Furniture,No,2023-11-28,5.0,"Great furniture, exactly as described. Very happy with it."
ORD002787,Karan Kumar,Furniture,No,2024-01-14,4.0,"Really satisfied, highly recommend this furniture."
ORD002788,Hamsini Rao,Furniture,No,2024-08-27,4.0,"Really satisfied, highly recommend this furniture."
ORD002789,Varsha Sundaram,Groceries,No,2024-05-19,2.0,"Not worth the price, expected better groceries."
ORD002790,Vansha Deol,Groceries,No,2023-11-02,5.0,"Excellent quality for the price, would buy groceries again."
ORD002791,Lakshmi Bhat,Toys,No,2024-11-05,3.0,"The toys is okay, does the job but nothing special."
ORD002792,Vritti Chopra,Furniture,No,2024-02-17,4.0,"Fast delivery, furniture exceeded my expectations."
ORD002793,Shivani Murthy,Kitchenware,No,2023-04-11,5.0,"Fast delivery, kitchenware exceeded my expectations."
ORD002794,Ishani Kapoor,Books,Yes,2024-01-26,4.0,"Really satisfied, highly recommend this books."
ORD002795,Zehaan Pradhan,Beauty Products,No,2024-11-26,4.0,"Fast delivery, beauty products exceeded my expectations."
ORD002796,Viraj Barad,Sports Equipment,No,2023-05-28,5.0,"Fast delivery, sports equipment exceeded my expectations."
ORD002797,Triveni Gaba,Groceries,No,2023-03-10,5.0,"Fast delivery, groceries exceeded my expectations."
ORD002798,Yuvraj Grewal,Clothes,No,2025-07-12,4.0,"Excellent quality for the price, would buy clothes again."
ORD002799,Triya Pant,Furniture,No,2023-01-25,4.0,"Excellent quality for the price, would buy furniture again."
ORD002800,Hemangini Chad,Furniture,No,2025-05-05,4.0,"Excellent quality for the price, would buy furniture again."
ORD002801,Abhiram Mitter,Clothes,No,2023-12-26,5.0,"Fast delivery, clothes exceeded my expectations."
ORD002802,Henry Puri,Kitchenware,No,2024-08-08,5.0,"Excellent quality for the price, would buy kitchenware again."
ORD002803,Yashica Om,Groceries,No,,,
ORD002804,Idika Bhagat,Furniture,No,2026-01-16,5.0,"Excellent quality for the price, would buy furniture again."
ORD002805,Ikbal Tandon,Clothes,No,2024-06-12,5.0,"Fast delivery, clothes exceeded my expectations."
ORD002806,Rachit Bedi,Books,No,,,
ORD002807,Ojasvi Parmer,Beauty Products,No,2024-12-11,3.0,"Average beauty products, packaging could be better."
ORD002808,Tejas Mani,Electronics,No,2025-04-09,3.0,"Average electronics, packaging could be better."
ORD002809,Charvi Subramanian,Groceries,No,2023-08-16,4.0,"Great groceries, exactly as described. Very happy with it."
ORD002810,Sarthak Puri,Kitchenware,No,,,
ORD002811,Ijaya Mander,Furniture,No,2023-03-26,2.0,"Received a damaged furniture, had to return it."
ORD002812,Thomas Sethi,Electronics,No,2025-10-11,4.0,"Excellent quality for the price, would buy electronics again."
ORD002813,Christopher Vasa,Clothes,No,,,
ORD002814,Tanvi Ghosh,Sports Equipment,No,2025-07-18,3.0,"The sports equipment is okay, does the job but nothing special."
ORD002815,Krisha Mutti,Kitchenware,No,2025-09-18,4.0,"Fast delivery, kitchenware exceeded my expectations."
ORD002816,Hemangini Chad,Electronics,No,,,
ORD002817,Chatura Kala,Clothes,No,2023-10-20,4.0,"Really satisfied, highly recommend this clothes."
ORD002818,Tara Sur,Beauty Products,No,,,
ORD002819,Garima Kumar,Furniture,Yes,2023-07-18,4.0,"Really satisfied, highly recommend this furniture."
ORD002820,Gautam Samra,Beauty Products,No,2024-07-11,2.0,"Not worth the price, expected better beauty products."
ORD002821,Falan Johal,Electronics,No,2024-10-03,1.0,"Disappointed with this electronics, quality is not good."
ORD002822,Arunima Parsa,Toys,No,2025-04-03,3.0,"The toys is okay, does the job but nothing special."
ORD002823,Akshay Bobal,Toys,No,2023-09-25,1.0,"Disappointed with this toys, quality is not good."
ORD002824,Yochana Bal,Kitchenware,No,2024-08-20,5.0,"Excellent quality for the price, would buy kitchenware again."
ORD002825,Ronith Raman,Books,No,2023-07-15,2.0,"Disappointed with this books, quality is not good."
ORD002826,Maanav Chad,Electronics,No,2024-09-11,5.0,"Really satisfied, highly recommend this electronics."
ORD002827,Jagdish Bedi,Books,No,2024-08-04,5.0,"Great books, exactly as described. Very happy with it."
ORD002828,Jalsa Sangha,Groceries,No,,,
ORD002829,Shivansh Puri,Sports Equipment,No,2023-02-03,2.0,"Disappointed with this sports equipment, quality is not good."
ORD002830,Vedhika Raj,Sports Equipment,No,2023-06-04,5.0,"Great sports equipment, exactly as described. Very happy with it."
ORD002831,Qabil Lall,Furniture,Yes,2025-02-20,5.0,"Great furniture, exactly as described. Very happy with it."
ORD002832,Shivani Sane,Groceries,No,,,
ORD002833,Qabil Lall,Shoes,No,2023-09-18,1.0,"Disappointed with this shoes, quality is not good."
ORD002834,Qabil Lall,Shoes,No,2025-12-23,5.0,"Fast delivery, shoes exceeded my expectations."
ORD002835,Matthew Yadav,Groceries,No,2025-11-10,4.0,"Fast delivery, groceries exceeded my expectations."
ORD002836,Vansha Deol,Clothes,No,2025-05-16,4.0,"Excellent quality for the price, would buy clothes again."
ORD002837,Chasmum Goyal,Groceries,No,2024-12-15,5.0,"Fast delivery, groceries exceeded my expectations."
ORD002838,Shaurya Bora,Kitchenware,No,2024-09-23,4.0,"Really satisfied, highly recommend this kitchenware."
ORD002839,Bhanumati Saran,Furniture,No,,,
ORD002840,George Madan,Furniture,No,2025-01-10,3.0,"The furniture is okay, does the job but nothing special."
ORD002841,Warda Palan,Shoes,No,2024-06-08,4.0,"Great shoes, exactly as described. Very happy with it."
ORD002842,Aishani Apte,Groceries,No,,,
ORD002843,Vihaan Date,Kitchenware,Yes,2023-12-31,3.0,"The kitchenware is okay, does the job but nothing special."
ORD002844,Benjamin Devi,Groceries,No,2023-11-03,5.0,"Really satisfied, highly recommend this groceries."
ORD002845,Samesh Jani,Groceries,Yes,2025-12-30,4.0,"Excellent quality for the price, would buy groceries again."
ORD002846,Dhruv Randhawa,Groceries,No,2024-09-29,4.0,"Excellent quality for the price, would buy groceries again."
ORD002847,Finn Dugal,Electronics,No,2024-09-18,3.0,"The electronics is okay, does the job but nothing special."
ORD002848,Samesh Kashyap,Sports Equipment,Yes,,,
ORD002849,Kamala Keer,Sports Equipment,No,2024-05-31,5.0,"Great sports equipment, exactly as described. Very happy with it."
ORD002850,Triveni Gaba,Sports Equipment,No,2024-01-02,5.0,"Great sports equipment, exactly as described. Very happy with it."
ORD002851,Yuvraj Thaman,Furniture,No,,,
ORD002852,Kashvi Narula,Books,No,,,
ORD002853,Timothy Lanka,Furniture,No,2023-02-27,4.0,"Fast delivery, furniture exceeded my expectations."
ORD002854,Rudra Ahuja,Toys,No,2025-04-23,4.0,"Great toys, exactly as described. Very happy with it."
ORD002855,Wridesh Sangha,Clothes,No,2023-10-25,4.0,"Excellent quality for the price, would buy clothes again."
ORD002856,Zaitra Bajaj,Electronics,No,2024-09-04,3.0,"The electronics is okay, does the job but nothing special."
ORD002857,Chandran Roy,Beauty Products,No,2024-07-19,1.0,"Not worth the price, expected better beauty products."
ORD002858,Samar Tailor,Books,No,2024-07-09,4.0,"Excellent quality for the price, would buy books again."
ORD002859,Ubika Bains,Shoes,No,,,
ORD002860,Devansh Mital,Kitchenware,No,,,
ORD002861,Chandresh Bahl,Groceries,No,2023-03-26,2.0,"Received a damaged groceries, had to return it."
ORD002862,Gautami Manda,Toys,No,2025-11-23,4.0,"Excellent quality for the price, would buy toys again."
ORD002863,Tristan Bhavsar,Furniture,No,,,
ORD002864,Ijaya Dyal,Electronics,No,2023-12-22,5.0,"Really satisfied, highly recommend this electronics."
ORD002865,Vincent Tara,Sports Equipment,No,2023-10-07,5.0,"Great sports equipment, exactly as described. Very happy with it."
ORD002866,Azaan Roy,Clothes,No,2025-08-22,4.0,"Great clothes, exactly as described. Very happy with it."
ORD002867,Nathaniel Bhardwaj,Sports Equipment,No,2025-03-25,4.0,"Great sports equipment, exactly as described. Very happy with it."
ORD002868,Maanas Ratta,Clothes,No,,,
ORD002869,Pahal Krishnamurthy,Electronics,No,2024-06-17,5.0,"Great electronics, exactly as described. Very happy with it."
ORD002870,Owen Trivedi,Kitchenware,No,2023-03-30,4.0,"Fast delivery, kitchenware exceeded my expectations."
ORD002871,Dhriti Lad,Furniture,Yes,2023-07-08,4.0,"Excellent quality for the price, would buy furniture again."
ORD002872,Urmi Wali,Sports Equipment,No,2024-02-26,5.0,"Excellent quality for the price, would buy sports equipment again."
ORD002873,Yamini Bir,Shoes,No,2024-09-27,4.0,"Really satisfied, highly recommend this shoes."
ORD002874,Nidhi Sekhon,Electronics,No,2025-08-04,3.0,"Average electronics, packaging could be better."
ORD002875,Veda Bhatnagar,Groceries,No,2023-05-08,1.0,"Not worth the price, expected better groceries."
ORD002876,Utkarsh Din,Furniture,No,2025-09-27,2.0,"Received a damaged furniture, had to return it."
ORD002877,Vrinda Sama,Kitchenware,No,2025-01-28,5.0,"Fast delivery, kitchenware exceeded my expectations."
ORD002878,Bimala Sehgal,Groceries,Yes,2024-06-16,2.0,"Disappointed with this groceries, quality is not good."
ORD002879,Aarini Nagar,Groceries,No,2023-05-14,4.0,"Great groceries, exactly as described. Very happy with it."
ORD002880,Anusha Raja,Furniture,No,2024-11-05,3.0,"Average furniture, packaging could be better."
ORD002881,Azaan Roy,Electronics,No,2023-06-14,3.0,"The electronics is okay, does the job but nothing special."
ORD002882,Ekiya Konda,Shoes,No,,,
ORD002883,Zayyan Palan,Groceries,No,,,
ORD002884,Jonathan Wali,Furniture,No,2023-10-28,1.0,"Not worth the price, expected better furniture."
ORD002885,Rehaan Morar,Groceries,No,2024-12-24,5.0,"Really satisfied, highly recommend this groceries."
ORD002886,Sarthak Puri,Clothes,No,2026-01-14,4.0,"Fast delivery, clothes exceeded my expectations."
ORD002887,Mugdha Jani,Shoes,No,2025-01-19,4.0,"Excellent quality for the price, would buy shoes again."
ORD002888,Yahvi Magar,Books,No,,,
ORD002889,Pahal Krishnamurthy,Kitchenware,Yes,2024-03-02,5.0,"Excellent quality for the price, would buy kitchenware again."
ORD002890,Vritti Chopra,Books,No,2024-04-22,5.0,"Great books, exactly as described. Very happy with it."
ORD002891,Lipika Lal,Electronics,No,2023-11-24,4.0,"Really satisfied, highly recommend this electronics."
ORD002892,Indali Salvi,Electronics,No,2024-03-31,5.0,"Fast delivery, electronics exceeded my expectations."
ORD002893,Zayyan Palan,Electronics,No,,,
ORD002894,Omya Boase,Books,No,2024-06-15,5.0,"Fast delivery, books exceeded my expectations."
ORD002895,Zayan Kamdar,Shoes,No,2024-10-04,4.0,"Really satisfied, highly recommend this shoes."
ORD002896,Zansi Dixit,Electronics,No,2023-05-05,5.0,"Excellent quality for the price, would buy electronics again."
ORD002897,Bimala Shanker,Shoes,No,2024-03-17,5.0,"Fast delivery, shoes exceeded my expectations."
ORD002898,Shravya Char,Clothes,No,,,
ORD002899,Charan Mangal,Clothes,No,2025-10-07,4.0,"Really satisfied, highly recommend this clothes."
ORD002900,Utkarsh Din,Beauty Products,No,2024-07-28,4.0,"Fast delivery, beauty products exceeded my expectations."
ORD002901,Falan Johal,Books,No,,,
ORD002902,Zayyan Dutt,Electronics,Yes,2024-08-29,4.0,"Great electronics, exactly as described. Very happy with it."
ORD002903,Chanakya Mand,Shoes,No,2024-06-15,4.0,"Excellent quality for the price, would buy shoes again."
ORD002904,Manya Rao,Furniture,No,2024-05-31,4.0,"Excellent quality for the price, would buy furniture again."
ORD002905,Wakeeta Raja,Furniture,No,2024-05-03,5.0,"Really satisfied, highly recommend this furniture."
ORD002906,Azaan Roy,Electronics,No,2025-06-02,3.0,"Average electronics, packaging could be better."
ORD002907,George Madan,Beauty Products,No,2025-03-05,3.0,"The beauty products is okay, does the job but nothing special."
ORD002908,Chandani Datta,Groceries,No,2023-10-23,1.0,"Received a damaged groceries, had to return it."
ORD002909,Gautami Lall,Books,No,2024-01-24,4.0,"Fast delivery, books exceeded my expectations."
ORD002910,Panini Prabhakar,Kitchenware,No,,,
ORD002911,Harrison Shan,Electronics,No,,,
ORD002912,Kala Vig,Furniture,Yes,2025-01-22,4.0,"Excellent quality for the price, would buy furniture again."
ORD002913,Champak Kuruvilla,Groceries,No,,,
ORD002914,Shaurya Bora,Books,No,2024-04-24,5.0,"Fast delivery, books exceeded my expectations."
ORD002915,Jyoti Dhingra,Sports Equipment,No,2025-07-20,5.0,"Really satisfied, highly recommend this sports equipment."
ORD002916,Anusha Raja,Electronics,Yes,2025-12-23,5.0,"Really satisfied, highly recommend this electronics."
ORD002917,Rishi Kashyap,Electronics,No,2024-05-22,5.0,"Really satisfied, highly recommend this electronics."
ORD002918,Chaman Varty,Books,No,2024-08-10,1.0,"Received a damaged books, had to return it."
ORD002919,Jatin Kapoor,Books,Yes,,,
ORD002920,Janani Parmer,Books,No,2024-12-15,2.0,"Disappointed with this books, quality is not good."
ORD002921,Bahadurjit Kant,Groceries,No,2023-06-15,5.0,"Really satisfied, highly recommend this groceries."
ORD002922,Ekiya Patla,Furniture,No,2024-09-22,1.0,"Received a damaged furniture, had to return it."
ORD002923,Lopa Salvi,Electronics,Yes,2024-04-26,1.0,"Not worth the price, expected better electronics."
ORD002924,Robert Lal,Clothes,No,2025-08-06,5.0,"Excellent quality for the price, would buy clothes again."
ORD002925,Shivani Murthy,Books,No,2023-11-03,4.0,"Great books, exactly as described. Very happy with it."
ORD002926,Kiaan Jayaraman,Kitchenware,No,2025-10-18,5.0,"Excellent quality for the price, would buy kitchenware again."
ORD002927,Chaman Varty,Furniture,No,2024-07-30,4.0,"Excellent quality for the price, would buy furniture again."
ORD002928,Udarsh Gopal,Books,No,2025-02-27,5.0,"Fast delivery, books exceeded my expectations."
ORD002929,Riya Mutti,Sports Equipment,No,2023-02-11,4.0,"Fast delivery, sports equipment exceeded my expectations."
ORD002930,Tanmayi Subramanian,Books,No,2023-03-14,4.0,"Excellent quality for the price, would buy books again."
ORD002931,Januja Iyengar,Toys,No,,,
ORD002932,Nathaniel Kota,Furniture,No,,,
ORD002933,Ayushman Bahl,Groceries,Yes,,,
ORD002934,Noah Sur,Beauty Products,No,2026-01-17,3.0,"The beauty products is okay, does the job but nothing special."
ORD002935,Lekha Bains,Kitchenware,No,,,
ORD002936,Damyanti Bhakta,Beauty Products,No,,,
ORD002937,Pratyush Madan,Groceries,No,,,
ORD002938,Banjeet Memon,Books,No,2024-10-02,3.0,"The books is okay, does the job but nothing special."
ORD002939,Gaurav Toor,Electronics,No,,,
ORD002940,Faqid Gole,Clothes,Yes,2023-05-23,5.0,"Fast delivery, clothes exceeded my expectations."
ORD002941,Yatin Balakrishnan,Kitchenware,No,2025-07-24,2.0,"Not worth the price, expected better kitchenware."
ORD002942,Hitesh Prabhu,Electronics,No,2024-12-08,4.0,"Great electronics, exactly as described. Very happy with it."
ORD002943,Orinder Dhaliwal,Groceries,No,2023-08-06,2.0,"Disappointed with this groceries, quality is not good."
ORD002944,Gavin Lalla,Shoes,No,,,
ORD002945,Eshana Lad,Groceries,No,,,
ORD002946,Bakhshi Nagar,Kitchenware,Yes,,,
ORD002947,Dhruv Randhawa,Beauty Products,No,2024-02-25,4.0,"Excellent quality for the price, would buy beauty products again."
ORD002948,Urvi Palla,Furniture,No,2023-11-16,3.0,"The furniture is okay, does the job but nothing special."
ORD002949,Nidhi Sekhon,Shoes,No,2025-09-10,4.0,"Really satisfied, highly recommend this shoes."
ORD002950,Aishani Saini,Shoes,No,2023-07-15,1.0,"Not worth the price, expected better shoes."
ORD002951,Kevin Suresh,Groceries,No,2023-01-20,5.0,"Fast delivery, groceries exceeded my expectations."
ORD002952,Hemangini Chad,Groceries,No,2023-10-07,4.0,"Fast delivery, groceries exceeded my expectations."
ORD002953,Kamya Jhaveri,Kitchenware,No,2024-03-12,5.0,"Fast delivery, kitchenware exceeded my expectations."
ORD002954,Qadim Agrawal,Beauty Products,No,,,
ORD002955,Jacob Ramakrishnan,Beauty Products,No,2023-04-07,4.0,"Fast delivery, beauty products exceeded my expectations."
ORD002956,Hitesh Prabhu,Shoes,No,,,
ORD002957,Vidhi Gaba,Groceries,Yes,2024-03-08,5.0,"Great groceries, exactly as described. Very happy with it."
ORD002958,Saanvi Agarwal,Clothes,No,,,
ORD002959,Kashvi Sangha,Books,No,2023-12-14,5.0,"Really satisfied, highly recommend this books."
ORD002960,Benjamin Ratta,Groceries,No,2024-11-22,4.0,"Excellent quality for the price, would buy groceries again."
ORD002961,Yash Mittal,Furniture,No,,,
ORD002962,Hemani Aurora,Sports Equipment,No,2023-09-07,2.0,"Disappointed with this sports equipment, quality is not good."
ORD002963,Dakshesh Goswami,Books,No,2024-10-31,5.0,"Really satisfied, highly recommend this books."
ORD002964,Vansha Deol,Shoes,No,,,
ORD002965,Amruta Sehgal,Groceries,No,2025-05-06,3.0,"Average groceries, packaging could be better."
ORD002966,Osha Patil,Clothes,No,2024-06-19,4.0,"Great clothes, exactly as described. Very happy with it."
ORD002967,Warda Palan,Clothes,No,,,
ORD002968,Damyanti Bhakta,Groceries,No,2025-04-22,3.0,"The groceries is okay, does the job but nothing special."
ORD002969,Manya Shere,Electronics,No,2025-05-09,4.0,"Really satisfied, highly recommend this electronics."
ORD002970,Amrita Sami,Furniture,No,2025-04-20,5.0,"Really satisfied, highly recommend this furniture."
ORD002971,Kamya Lanka,Books,No,,,
ORD002972,Upadhriti Menon,Groceries,No,2023-02-14,2.0,"Not worth the price, expected better groceries."
ORD002973,Vritti Chopra,Groceries,No,2023-02-08,3.0,"The groceries is okay, does the job but nothing special."
ORD002974,Yashasvi Dewan,Groceries,No,2025-09-20,2.0,"Not worth the price, expected better groceries."
ORD002975,Kala Nagar,Clothes,No,,,
ORD002976,Jai Bhatia,Electronics,Yes,2023-08-08,4.0,"Excellent quality for the price, would buy electronics again."
ORD002977,Shivansh Puri,Shoes,No,2024-08-06,3.0,"The shoes is okay, does the job but nothing special."
ORD002978,Dipta Shroff,Sports Equipment,No,,,
ORD002979,Siddharth Sood,Furniture,No,2025-04-26,4.0,"Excellent quality for the price, would buy furniture again."
ORD002980,Ishanvi Konda,Kitchenware,No,2025-08-23,1.0,"Not worth the price, expected better kitchenware."
ORD002981,Matthew Yadav,Sports Equipment,Yes,2024-03-25,4.0,"Excellent quality for the price, would buy sports equipment again."
ORD002982,Madhav Pandit,Clothes,No,2023-03-21,4.0,"Excellent quality for the price, would buy clothes again."
ORD002983,Jonathan Wali,Electronics,No,2023-09-23,2.0,"Not worth the price, expected better electronics."
ORD002984,Azaan Roy,Groceries,No,2023-09-20,4.0,"Really satisfied, highly recommend this groceries."
ORD002985,Dayamai Sangha,Furniture,No,2024-10-16,4.0,"Great furniture, exactly as described. Very happy with it."
ORD002986,Daksh Chaudhuri,Shoes,No,2025-08-11,4.0,"Excellent quality for the price, would buy shoes again."
ORD002987,Devika Parikh,Kitchenware,No,2025-08-14,4.0,"Excellent quality for the price, would buy kitchenware again."
ORD002988,Banjeet Rege,Electronics,No,2025-10-28,2.0,"Not worth the price, expected better electronics."
ORD002989,Qasim Muni,Electronics,No,2025-10-06,4.0,"Fast delivery, electronics exceeded my expectations."
ORD002990,Hritik Talwar,Kitchenware,No,2025-11-29,3.0,"The kitchenware is okay, does the job but nothing special."
ORD002991,Rudra Ahuja,Beauty Products,No,2023-02-19,4.0,"Really satisfied, highly recommend this beauty products."
ORD002992,Imaran Hari,Clothes,No,2023-08-09,5.0,"Excellent quality for the price, would buy clothes again."
ORD002993,Tanvi Ghosh,Furniture,No,2024-07-06,5.0,"Really satisfied, highly recommend this furniture."
ORD002994,Aarini Ramakrishnan,Clothes,No,2025-10-30,5.0,"Really satisfied, highly recommend this clothes."
ORD002995,Samar Ahuja,Electronics,Yes,2023-07-11,5.0,"Excellent quality for the price, would buy electronics again."
ORD002996,Madhav Pandit,Beauty Products,No,2024-11-20,1.0,"Disappointed with this beauty products, quality is not good."
ORD002997,Chandran Datta,Furniture,No,,,
ORD002998,Ikbal Tandon,Books,No,2023-09-27,2.0,"Not worth the price, expected better books."
ORD002999,Bina Sankaran,Electronics,No,2025-08-09,4.0,"Fast delivery, electronics exceeded my expectations."
ORD003000,Harshil Muni,Beauty Products,No,2024-03-18,4.0,"Great beauty products, exactly as described. Very happy with it."
ORD003001,Nidra Grewal,Furniture,No,,,
ORD003002,Abhiram Mitter,Clothes,No,2024-03-27,5.0,"Really satisfied, highly recommend this clothes."
ORD003003,Mitesh Varghese,Electronics,No,2024-04-04,4.0,"Excellent quality for the price, would buy electronics again."
ORD003004,Triveni Gaba,Kitchenware,No,2025-05-14,5.0,"Fast delivery, kitchenware exceeded my expectations."
ORD003005,Zarna Tailor,Books,No,2023-06-07,3.0,"Average books, packaging could be better."
ORD003006,Wakeeta Raja,Groceries,No,,,
ORD003007,Yashasvi Dewan,Books,No,2025-05-26,3.0,"Average books, packaging could be better."
ORD003008,Varenya Mani,Shoes,No,,,
ORD003009,Kamya Jhaveri,Beauty Products,No,2024-01-20,5.0,"Really satisfied, highly recommend this beauty products."
ORD003010,Yauvani Bhatt,Groceries,Yes,,,
ORD003011,Sanya Cherian,Electronics,No,,,
ORD003012,Zaid Lata,Kitchenware,No,2025-10-05,2.0,"Not worth the price, expected better kitchenware."
ORD003013,Ojasvi Parmer,Kitchenware,Yes,2024-12-11,4.0,"Great kitchenware, exactly as described. Very happy with it."
ORD003014,Isaac Chaudhary,Groceries,No,2025-01-10,5.0,"Great groceries, exactly as described. Very happy with it."
ORD003015,Pranit Vig,Clothes,No,,,
ORD003016,Gabriel Sami,Toys,No,2025-06-07,1.0,"Received a damaged toys, had to return it."
ORD003017,Jacob Ramakrishnan,Shoes,No,2025-04-07,3.0,"Average shoes, packaging could be better."
ORD003018,Urvashi Suri,Groceries,Yes,,,
ORD003019,Vrishti Cherian,Books,No,2023-05-24,3.0,"The books is okay, does the job but nothing special."
ORD003020,Aarav Nagy,Beauty Products,No,,,
ORD003021,Widisha Minhas,Books,No,2023-06-14,5.0,"Really satisfied, highly recommend this books."
ORD003022,Devika Parikh,Electronics,No,2023-12-03,5.0,"Fast delivery, electronics exceeded my expectations."
ORD003023,Yuvraj Gandhi,Shoes,Yes,2024-03-14,3.0,"Average shoes, packaging could be better."
ORD003024,Chandresh Golla,Furniture,Yes,2025-06-04,1.0,"Received a damaged furniture, had to return it."
ORD003025,Rayaan Goyal,Books,No,,,
ORD003026,Dev Bhasin,Electronics,No,2023-11-23,5.0,"Excellent quality for the price, would buy electronics again."
ORD003027,Madhavi Mann,Beauty Products,No,2024-05-02,4.0,"Fast delivery, beauty products exceeded my expectations."
ORD003028,Theodore Chandra,Kitchenware,No,,,
ORD003029,Arunima Parsa,Groceries,No,2024-04-15,4.0,"Fast delivery, groceries exceeded my expectations."
ORD003030,Yatan Keer,Shoes,No,2025-02-10,4.0,"Fast delivery, shoes exceeded my expectations."
ORD003031,Bahadurjit Jayaraman,Toys,No,2023-07-30,1.0,"Not worth the price, expected better toys."
ORD003032,Zehaan Devan,Clothes,No,2025-10-14,5.0,"Fast delivery, clothes exceeded my expectations."
ORD003033,Qasim Muni,Shoes,No,2025-07-05,4.0,"Fast delivery, shoes exceeded my expectations."
ORD003034,Fariq Gandhi,Sports Equipment,No,2023-03-22,5.0,"Excellent quality for the price, would buy sports equipment again."
ORD003035,Aayush Dhingra,Clothes,No,2023-09-14,5.0,"Excellent quality for the price, would buy clothes again."
ORD003036,Pooja Chatterjee,Clothes,No,2025-06-06,3.0,"Average clothes, packaging could be better."
ORD003037,Luke Arora,Sports Equipment,No,,,
ORD003038,Ishwar Wali,Groceries,No,2024-08-15,1.0,"Disappointed with this groceries, quality is not good."
ORD003039,Kritika Chacko,Clothes,No,2025-12-20,5.0,"Excellent quality for the price, would buy clothes again."
ORD003040,Imaran Buch,Groceries,No,2023-06-24,5.0,"Fast delivery, groceries exceeded my expectations."
ORD003041,Ayushman Bahl,Clothes,No,2025-12-26,4.0,"Excellent quality for the price, would buy clothes again."
ORD003042,Radha Hayer,Furniture,No,2024-03-15,4.0,"Excellent quality for the price, would buy furniture again."
ORD003043,Kevin Taneja,Furniture,No,2024-12-29,3.0,"The furniture is okay, does the job but nothing special."
ORD003044,Patrick Dora,Clothes,No,,,
ORD003045,Zehaan Devan,Toys,No,2025-09-08,5.0,"Fast delivery, toys exceeded my expectations."
ORD003046,Chakradhar Deol,Sports Equipment,No,2023-02-16,3.0,"Average sports equipment, packaging could be better."
ORD003047,Dalbir Sule,Clothes,Yes,2025-05-13,2.0,"Not worth the price, expected better clothes."
ORD003048,Vasudha Shah,Beauty Products,No,,,
ORD003049,Anya Kibe,Sports Equipment,No,2025-08-13,5.0,"Great sports equipment, exactly as described. Very happy with it."
ORD003050,Aarna Jaggi,Books,No,2025-12-20,5.0,"Great books, exactly as described. Very happy with it."
ORD003051,Janaki Mistry,Sports Equipment,No,2023-06-25,4.0,"Great sports equipment, exactly as described. Very happy with it."
ORD003052,Neha Warrior,Books,No,2025-03-10,5.0,"Excellent quality for the price, would buy books again."
ORD003053,Yatan Keer,Furniture,No,2024-04-21,3.0,"Average furniture, packaging could be better."
ORD003054,Dev Bhasin,Beauty Products,No,2025-05-28,5.0,"Fast delivery, beauty products exceeded my expectations."
ORD003055,Zarna Wali,Groceries,No,,,
ORD003056,Raagini Bhagat,Groceries,Yes,2023-02-27,2.0,"Not worth the price, expected better groceries."
ORD003057,Jackson Tak,Shoes,No,2024-06-02,5.0,"Great shoes, exactly as described. Very happy with it."
ORD003058,Yuvraj Grewal,Electronics,No,2023-09-07,5.0,"Fast delivery, electronics exceeded my expectations."
ORD003059,Zilmil Bail,Furniture,No,2025-11-01,5.0,"Excellent quality for the price, would buy furniture again."
ORD003060,Mitali Verma,Furniture,No,2023-05-03,4.0,"Fast delivery, furniture exceeded my expectations."
ORD003061,Samar Tailor,Shoes,No,2024-08-22,5.0,"Really satisfied, highly recommend this shoes."
ORD003062,Indira Bhargava,Sports Equipment,No,2025-08-01,4.0,"Really satisfied, highly recommend this sports equipment."
ORD003063,Onkar Datta,Toys,No,2025-12-18,5.0,"Really satisfied, highly recommend this toys."
ORD003064,Eta Chakraborty,Beauty Products,Yes,2025-02-10,4.0,"Really satisfied, highly recommend this beauty products."
ORD003065,Sanya Shanker,Shoes,No,2023-05-02,5.0,"Really satisfied, highly recommend this shoes."
ORD003066,Bahadurjit Kant,Books,Yes,,,
ORD003067,Rohan Arora,Shoes,No,2025-02-12,3.0,"Average shoes, packaging could be better."
ORD003068,Siddharth Sood,Beauty Products,No,2025-12-12,4.0,"Great beauty products, exactly as described. Very happy with it."
ORD003069,Aayush Parekh,Electronics,No,,,
ORD003070,Jasmit Bahl,Toys,No,,,
ORD003071,Rehaan Morar,Sports Equipment,No,2023-04-02,4.0,"Excellent quality for the price, would buy sports equipment again."
ORD003072,Varsha Sundaram,Furniture,No,2025-10-02,3.0,"Average furniture, packaging could be better."
ORD003073,Nitesh Dayal,Beauty Products,Yes,2025-11-13,5.0,"Great beauty products, exactly as described. Very happy with it."
ORD003074,Ladli Yadav,Toys,No,,,
ORD003075,Ikbal Shankar,Books,No,2025-10-12,4.0,"Excellent quality for the price, would buy books again."
ORD003076,Oscar Kaur,Groceries,No,,,
ORD003077,Rushil Gopal,Books,No,2023-10-20,3.0,"The books is okay, does the job but nothing special."
ORD003078,Vyanjana Mani,Shoes,No,,,
ORD003079,Watika Wali,Furniture,No,2023-07-28,4.0,"Excellent quality for the price, would buy furniture again."
ORD003080,Dayamai Sankaran,Electronics,No,,,
ORD003081,Radhika Mahal,Clothes,No,2024-05-23,3.0,"The clothes is okay, does the job but nothing special."
ORD003082,Lipika Lal,Furniture,No,2024-11-21,5.0,"Excellent quality for the price, would buy furniture again."
ORD003083,Vyanjana Mani,Electronics,Yes,,,
ORD003084,Gautami Sarin,Clothes,No,2024-09-08,5.0,"Fast delivery, clothes exceeded my expectations."
ORD003085,Mekhala Bawa,Books,No,2025-11-13,3.0,"Average books, packaging could be better."
ORD003086,Yochana Bal,Books,No,2023-05-04,4.0,"Excellent quality for the price, would buy books again."
ORD003087,Jyoti Oak,Toys,Yes,2023-12-09,5.0,"Excellent quality for the price, would buy toys again."
ORD003088,Darsh Aurora,Shoes,No,2024-10-25,5.0,"Fast delivery, shoes exceeded my expectations."
ORD003089,Chaitanya Bhatia,Groceries,Yes,2023-09-04,3.0,"Average groceries, packaging could be better."
ORD003090,Yachana De,Clothes,No,2024-11-17,5.0,"Excellent quality for the price, would buy clothes again."
ORD003091,Gautam Mishra,Shoes,No,2025-07-31,3.0,"Average shoes, packaging could be better."
ORD003092,Nirja Shan,Beauty Products,No,,,
ORD003093,Nisha Koshy,Books,No,2024-10-18,3.0,"Average books, packaging could be better."
ORD003094,Warhi Iyer,Beauty Products,No,2023-02-05,5.0,"Excellent quality for the price, would buy beauty products again."
ORD003095,Kiaan Jayaraman,Books,Yes,2023-07-25,5.0,"Excellent quality for the price, would buy books again."
ORD003096,Mugdha Jani,Electronics,No,2024-01-15,4.0,"Great electronics, exactly as described. Very happy with it."
ORD003097,Turvi Khanna,Sports Equipment,No,,,
ORD003098,Onkar Datta,Shoes,No,,,
ORD003099,Yatin Balakrishnan,Furniture,No,2024-09-01,3.0,"The furniture is okay, does the job but nothing special."
ORD003100,Triveni Gaba,Groceries,No,2023-04-08,2.0,"Received a damaged groceries, had to return it."
ORD003101,Samar Ahuja,Shoes,No,2025-02-18,5.0,"Excellent quality for the price, would buy shoes again."
ORD003102,Nisha Koshy,Clothes,No,2026-01-12,1.0,"Disappointed with this clothes, quality is not good."
ORD003103,Zayyan Dutt,Furniture,No,2024-12-09,5.0,"Fast delivery, furniture exceeded my expectations."
ORD003104,Samar Tailor,Groceries,No,2025-05-29,4.0,"Fast delivery, groceries exceeded my expectations."
ORD003105,Vihaan Sen,Electronics,No,2025-01-30,5.0,"Really satisfied, highly recommend this electronics."
ORD003106,Timothy Bhandari,Sports Equipment,No,2025-02-23,1.0,"Received a damaged sports equipment, had to return it."
ORD003107,Maanas Chaudry,Groceries,No,2023-09-07,4.0,"Really satisfied, highly recommend this groceries."
ORD003108,Chandran Rastogi,Groceries,No,2025-12-13,5.0,"Really satisfied, highly recommend this groceries."
ORD003109,Jyoti Oak,Kitchenware,No,2023-03-13,4.0,"Excellent quality for the price, would buy kitchenware again."
ORD003110,Balveer Dani,Sports Equipment,Yes,2024-03-22,5.0,"Excellent quality for the price, would buy sports equipment again."
ORD003111,Baljiwan Chadha,Furniture,No,2024-04-10,3.0,"Average furniture, packaging could be better."
ORD003112,Nirja Shan,Clothes,No,,,
ORD003113,Manthan Yadav,Kitchenware,No,2023-05-11,5.0,"Really satisfied, highly recommend this kitchenware."
ORD003114,Pooja Grewal,Furniture,No,2025-06-11,5.0,"Fast delivery, furniture exceeded my expectations."
ORD003115,Azaan Sachar,Clothes,No,2023-04-30,3.0,"The clothes is okay, does the job but nothing special."
ORD003116,Vritti Chopra,Shoes,No,2024-06-04,5.0,"Great shoes, exactly as described. Very happy with it."
ORD003117,Leena Chhabra,Toys,No,2025-04-05,2.0,"Disappointed with this toys, quality is not good."
ORD003118,Raagini Bhagat,Beauty Products,No,2024-11-10,4.0,"Really satisfied, highly recommend this beauty products."
ORD003119,Reva Dada,Shoes,No,2023-08-16,3.0,"The shoes is okay, does the job but nothing special."
ORD003120,Elijah Luthra,Furniture,No,2024-12-17,5.0,"Fast delivery, furniture exceeded my expectations."
ORD003121,Lopa Narasimhan,Clothes,No,2025-06-12,4.0,"Really satisfied, highly recommend this clothes."
ORD003122,Arya Thakkar,Furniture,No,2023-05-07,5.0,"Excellent quality for the price, would buy furniture again."
ORD003123,Vincent Barad,Groceries,No,,,
ORD003124,Hardik Kalla,Beauty Products,Yes,2023-06-18,3.0,"Average beauty products, packaging could be better."
ORD003125,Ekansh Batra,Books,No,2023-09-04,4.0,"Fast delivery, books exceeded my expectations."
ORD003126,Dayamai Kamdar,Clothes,Yes,,,
ORD003127,Chandresh Golla,Furniture,Yes,2023-12-04,3.0,"Average furniture, packaging could be better."
ORD003128,Adya Patla,Clothes,No,2025-10-16,5.0,"Fast delivery, clothes exceeded my expectations."
ORD003129,Balhaar Gade,Sports Equipment,No,,,
ORD003130,Upasna Pant,Kitchenware,No,2024-07-20,2.0,"Not worth the price, expected better kitchenware."
ORD003131,Veda Muni,Kitchenware,Yes,,,
ORD003132,Eiravati Khare,Electronics,No,,,
ORD003133,Rachit Bedi,Electronics,No,,,
ORD003134,Darsh Sunder,Beauty Products,No,2023-12-16,2.0,"Disappointed with this beauty products, quality is not good."
ORD003135,Aradhana Sethi,Groceries,Yes,2023-07-08,3.0,"Average groceries, packaging could be better."
ORD003136,Nitara Rajagopal,Electronics,Yes,2025-01-15,5.0,"Really satisfied, highly recommend this electronics."
ORD003137,Krisha Ganguly,Books,No,,,
ORD003138,Kala Vig,Books,No,2025-07-03,5.0,"Excellent quality for the price, would buy books again."
ORD003139,Gautam Mishra,Beauty Products,No,2024-11-18,3.0,"Average beauty products, packaging could be better."
ORD003140,Falak Rege,Electronics,No,2025-12-31,5.0,"Excellent quality for the price, would buy electronics again."
ORD003141,Naksh Sampath,Sports Equipment,No,2023-07-17,2.0,"Received a damaged sports equipment, had to return it."
ORD003142,Yuvraj Gandhi,Sports Equipment,No,2025-11-22,4.0,"Really satisfied, highly recommend this sports equipment."
ORD003143,Joshua Bali,Electronics,Yes,,,
ORD003144,Dhruv Randhawa,Groceries,No,2024-03-17,5.0,"Excellent quality for the price, would buy groceries again."
ORD003145,Jyoti Dhingra,Toys,No,2023-03-05,5.0,"Fast delivery, toys exceeded my expectations."
ORD003146,Yatan Tripathi,Toys,No,2025-08-26,1.0,"Disappointed with this toys, quality is not good."
ORD003147,Qabil Lall,Groceries,No,2024-02-26,3.0,"Average groceries, packaging could be better."
ORD003148,Darsh Arya,Beauty Products,No,,,
ORD003149,Charita Vohra,Kitchenware,No,2024-04-27,4.0,"Fast delivery, kitchenware exceeded my expectations."
ORD003150,Rajata Venkataraman,Toys,No,2024-04-07,5.0,"Great toys, exactly as described. Very happy with it."
ORD003151,Gabriel Randhawa,Electronics,No,2024-03-25,5.0,"Excellent quality for the price, would buy electronics again."
ORD003152,Bhanumati Saran,Shoes,Yes,2024-10-22,5.0,"Fast delivery, shoes exceeded my expectations."
ORD003153,Tarak Chand,Books,No,2023-07-04,4.0,"Really satisfied, highly recommend this books."
ORD003154,Pranit Vig,Sports Equipment,Yes,2023-04-30,2.0,"Disappointed with this sports equipment, quality is not good."
ORD003155,Janya Kashyap,Groceries,No,2023-10-11,3.0,"Average groceries, packaging could be better."
ORD003156,Girindra Gola,Books,No,,,
ORD003157,Mohammed Ramachandran,Electronics,No,2025-10-08,3.0,"The electronics is okay, does the job but nothing special."
ORD003158,Praneel Bajaj,Beauty Products,No,2025-04-05,3.0,"Average beauty products, packaging could be better."
ORD003159,Idika Warrior,Electronics,No,2024-08-11,3.0,"The electronics is okay, does the job but nothing special."
ORD003160,Vihaan Dora,Toys,No,2025-12-08,5.0,"Really satisfied, highly recommend this toys."
ORD003161,Vrinda Sama,Sports Equipment,No,2025-11-07,5.0,"Excellent quality for the price, would buy sports equipment again."
ORD003162,Dayamai Sankaran,Shoes,Yes,2025-07-29,5.0,"Fast delivery, shoes exceeded my expectations."
ORD003163,Jeet Setty,Sports Equipment,Yes,2024-06-25,4.0,"Excellent quality for the price, would buy sports equipment again."
ORD003164,Liam More,Toys,No,2025-10-11,2.0,"Disappointed with this toys, quality is not good."
ORD003165,Vidhi Gaba,Groceries,No,,,
ORD003166,Zehaan Devan,Books,Yes,2024-07-29,5.0,"Really satisfied, highly recommend this books."
ORD003167,Mitali Verma,Groceries,No,2023-02-12,5.0,"Great groceries, exactly as described. Very happy with it."
ORD003168,Charan Mangal,Books,No,2023-07-13,2.0,"Disappointed with this books, quality is not good."
ORD003169,Henry Narain,Kitchenware,No,2023-12-16,5.0,"Really satisfied, highly recommend this kitchenware."
ORD003170,Brinda Thaker,Beauty Products,No,2023-08-07,5.0,"Great beauty products, exactly as described. Very happy with it."
ORD003171,Azaan Pai,Books,Yes,,,
ORD003172,Ganga Chandra,Electronics,No,2024-11-03,5.0,"Great electronics, exactly as described. Very happy with it."
ORD003173,Urmi Lad,Books,No,2025-12-27,1.0,"Disappointed with this books, quality is not good."
ORD003174,Varsha Sundaram,Electronics,No,,,
ORD003175,Jhalak Sekhon,Beauty Products,No,2025-01-29,5.0,"Fast delivery, beauty products exceeded my expectations."
ORD003176,Laksh Sani,Kitchenware,No,,,
ORD003177,Yashoda Mammen,Beauty Products,No,2024-02-06,5.0,"Great beauty products, exactly as described. Very happy with it."
ORD003178,Panini Prabhakar,Toys,No,2023-08-22,5.0,"Excellent quality for the price, would buy toys again."
ORD003179,Ganga Chandra,Beauty Products,Yes,2023-05-27,4.0,"Excellent quality for the price, would buy beauty products again."
ORD003180,Saanvi Agarwal,Clothes,No,2023-02-26,2.0,"Disappointed with this clothes, quality is not good."
ORD003181,Vivaan More,Beauty Products,Yes,2023-01-08,3.0,"Average beauty products, packaging could be better."
ORD003182,Qadim Agarwal,Clothes,No,2025-04-17,4.0,"Fast delivery, clothes exceeded my expectations."
ORD003183,Krisha Mutti,Shoes,No,2023-08-07,5.0,"Fast delivery, shoes exceeded my expectations."
ORD003184,Xavier Memon,Beauty Products,No,2023-05-01,1.0,"Disappointed with this beauty products, quality is not good."
ORD003185,Xiti Puri,Books,No,2025-07-19,3.0,"The books is okay, does the job but nothing special."
ORD003186,Raagini Bhagat,Beauty Products,No,,,
ORD003187,Aachal Andra,Kitchenware,No,2025-04-01,5.0,"Fast delivery, kitchenware exceeded my expectations."
ORD003188,Liam More,Furniture,Yes,2024-12-12,4.0,"Excellent quality for the price, would buy furniture again."
ORD003189,Faras Murthy,Electronics,No,2025-10-23,4.0,"Excellent quality for the price, would buy electronics again."
ORD003190,Nandini Karan,Beauty Products,No,2025-08-12,4.0,"Really satisfied, highly recommend this beauty products."
ORD003191,Idika Bhagat,Kitchenware,Yes,2023-02-24,5.0,"Great kitchenware, exactly as described. Very happy with it."
ORD003192,Idika Bhagat,Shoes,No,2023-06-05,3.0,"Average shoes, packaging could be better."
ORD003193,Zehaan Devan,Beauty Products,No,,,
ORD003194,Warda Kala,Books,No,2025-05-11,5.0,"Excellent quality for the price, would buy books again."
ORD003195,Brinda Mammen,Toys,No,2024-07-10,2.0,"Disappointed with this toys, quality is not good."
ORD003196,Megha Shroff,Clothes,Yes,2023-01-26,4.0,"Really satisfied, highly recommend this clothes."
ORD003197,Brijesh Mani,Furniture,No,2024-01-29,4.0,"Great furniture, exactly as described. Very happy with it."
ORD003198,Tripti Zachariah,Beauty Products,Yes,2025-11-09,5.0,"Really satisfied, highly recommend this beauty products."
ORD003199,Zayyan Wason,Beauty Products,No,,,
ORD003200,Reyansh Kohli,Groceries,No,,,
ORD003201,Yasti Mutti,Shoes,Yes,2024-02-14,4.0,"Really satisfied, highly recommend this shoes."
ORD003202,Nathan Mander,Shoes,No,2024-01-28,2.0,"Received a damaged shoes, had to return it."
ORD003203,Harsh Agrawal,Kitchenware,Yes,2025-02-17,3.0,"Average kitchenware, packaging could be better."
ORD003204,Liam More,Clothes,No,2025-09-14,5.0,"Excellent quality for the price, would buy clothes again."
ORD003205,Yashica Om,Furniture,No,2023-04-17,5.0,"Excellent quality for the price, would buy furniture again."
ORD003206,Aachal Andra,Books,No,2023-05-11,3.0,"The books is okay, does the job but nothing special."
ORD003207,Owen Oommen,Toys,No,,,
ORD003208,Charvi Date,Toys,No,2025-05-13,4.0,"Excellent quality for the price, would buy toys again."
ORD003209,Qabil Lall,Beauty Products,No,2024-11-26,4.0,"Really satisfied, highly recommend this beauty products."
ORD003210,Benjamin Ratta,Groceries,Yes,2024-06-12,4.0,"Really satisfied, highly recommend this groceries."
ORD003211,Faras Garg,Beauty Products,No,,,
ORD003212,Kiaan Arora,Books,No,2023-12-19,5.0,"Fast delivery, books exceeded my expectations."
ORD003213,Anvi Shan,Groceries,No,,,
ORD003214,Qarin Ramanathan,Electronics,No,2023-09-29,3.0,"Average electronics, packaging could be better."
ORD003215,Isaac Chaudhary,Clothes,No,2025-07-25,4.0,"Fast delivery, clothes exceeded my expectations."
ORD003216,Ikbal Chhabra,Beauty Products,No,2025-03-11,4.0,"Fast delivery, beauty products exceeded my expectations."
ORD003217,Janya Buch,Shoes,No,2025-06-16,5.0,"Fast delivery, shoes exceeded my expectations."
ORD003218,Zayyan Palan,Furniture,Yes,2023-08-26,3.0,"The furniture is okay, does the job but nothing special."
ORD003219,Naksh Krishna,Groceries,No,,,
ORD003220,Yashica Om,Groceries,No,2024-04-30,4.0,"Really satisfied, highly recommend this groceries."
ORD003221,Leena Narula,Sports Equipment,No,,,
ORD003222,Frederick Patil,Beauty Products,No,2024-07-07,4.0,"Really satisfied, highly recommend this beauty products."
ORD003223,Vihaan Sen,Sports Equipment,No,2025-08-28,4.0,"Excellent quality for the price, would buy sports equipment again."
ORD003224,Jyoti Dhingra,Books,No,2024-02-08,4.0,"Fast delivery, books exceeded my expectations."
ORD003225,Nitesh Dayal,Shoes,No,2024-09-08,3.0,"The shoes is okay, does the job but nothing special."
ORD003226,Zilmil Bail,Electronics,No,2024-09-30,4.0,"Great electronics, exactly as described. Very happy with it."
ORD003227,Hamsini Rattan,Toys,No,2024-06-14,3.0,"The toys is okay, does the job but nothing special."
ORD003228,Champak Kuruvilla,Groceries,No,,,
ORD003229,Chaitanya Bhatia,Clothes,No,2024-06-22,3.0,"The clothes is okay, does the job but nothing special."
ORD003230,Turvi Khanna,Electronics,No,,,
ORD003231,Vanya Yohannan,Books,No,,,
ORD003232,Baghyawati Guha,Furniture,No,2023-12-04,4.0,"Great furniture, exactly as described. Very happy with it."
ORD003233,Ekalinga Joshi,Groceries,No,2023-12-28,4.0,"Excellent quality for the price, would buy groceries again."
ORD003234,Jalsa Sangha,Kitchenware,No,2025-01-10,5.0,"Excellent quality for the price, would buy kitchenware again."
ORD003235,Pahal Kuruvilla,Sports Equipment,No,2023-11-23,5.0,"Great sports equipment, exactly as described. Very happy with it."
ORD003236,Azaan Roy,Shoes,No,2024-04-18,3.0,"Average shoes, packaging could be better."
ORD003237,Gautam Mishra,Furniture,No,,,
ORD003238,Garima Agarwal,Clothes,No,2024-10-22,3.0,"The clothes is okay, does the job but nothing special."
ORD003239,Dhruv Randhawa,Furniture,Yes,2024-01-08,4.0,"Excellent quality for the price, would buy furniture again."
ORD003240,Karan Kumar,Electronics,No,2023-05-01,4.0,"Excellent quality for the price, would buy electronics again."
ORD003241,Chaitanya Jani,Kitchenware,No,2024-04-12,2.0,"Received a damaged kitchenware, had to return it."
ORD003242,Matthew Yadav,Books,No,2024-02-16,2.0,"Received a damaged books, had to return it."
ORD003243,Robert Lal,Sports Equipment,No,2025-06-08,5.0,"Really satisfied, highly recommend this sports equipment."
ORD003244,Max Aurora,Clothes,No,2023-10-25,4.0,"Really satisfied, highly recommend this clothes."
ORD003245,Dayita Sehgal,Groceries,Yes,2023-01-27,4.0,"Fast delivery, groceries exceeded my expectations."
ORD003246,Vamakshi Vala,Beauty Products,No,2023-05-06,2.0,"Disappointed with this beauty products, quality is not good."
ORD003247,Watika Wali,Books,No,2024-02-14,3.0,"Average books, packaging could be better."
ORD003248,Eshana Dyal,Beauty Products,No,2024-12-08,4.0,"Fast delivery, beauty products exceeded my expectations."
ORD003249,Timothy Bhandari,Shoes,No,2025-05-18,2.0,"Received a damaged shoes, had to return it."
ORD003250,Harinakshi Sama,Shoes,No,2023-02-04,2.0,"Received a damaged shoes, had to return it."
ORD003251,Jhalak Sekhon,Groceries,No,2024-01-17,3.0,"The groceries is okay, does the job but nothing special."
ORD003252,Dayita Sehgal,Electronics,No,2024-11-29,5.0,"Really satisfied, highly recommend this electronics."
ORD003253,Ansh Kohli,Toys,No,2025-07-12,5.0,"Really satisfied, highly recommend this toys."
ORD003254,Triveni Gaba,Furniture,No,,,
ORD003255,Advaith Bhatti,Furniture,No,2025-08-05,2.0,"Received a damaged furniture, had to return it."
ORD003256,Victor Chada,Books,No,,,
ORD003257,Ganga Chandra,Beauty Products,No,2025-01-30,5.0,"Great beauty products, exactly as described. Very happy with it."
ORD003258,Fitan Sodhi,Clothes,No,2024-04-12,5.0,"Excellent quality for the price, would buy clothes again."
ORD003259,Balveer Agarwal,Beauty Products,No,2024-11-21,5.0,"Excellent quality for the price, would buy beauty products again."
ORD003260,Balveer Agarwal,Shoes,No,,,
ORD003261,Kabir Krishnamurthy,Groceries,No,2025-03-22,5.0,"Fast delivery, groceries exceeded my expectations."
ORD003262,Anika Rout,Toys,No,2024-07-22,1.0,"Disappointed with this toys, quality is not good."
ORD003263,Sneha Nori,Furniture,No,2023-10-14,5.0,"Really satisfied, highly recommend this furniture."
ORD003264,Harsh Agrawal,Electronics,No,2024-02-10,4.0,"Great electronics, exactly as described. Very happy with it."
ORD003265,Jeet Setty,Kitchenware,No,2025-04-09,4.0,"Excellent quality for the price, would buy kitchenware again."
ORD003266,Zayyan Palan,Clothes,No,2023-10-11,4.0,"Fast delivery, clothes exceeded my expectations."
ORD003267,Sarthak Puri,Sports Equipment,Yes,2025-03-03,5.0,"Great sports equipment, exactly as described. Very happy with it."
ORD003268,Vansha Deol,Clothes,No,2025-01-23,2.0,"Not worth the price, expected better clothes."
ORD003269,Raagini Gade,Sports Equipment,No,2023-08-04,4.0,"Really satisfied, highly recommend this sports equipment."
ORD003270,Tanmayi Subramanian,Furniture,No,2024-08-23,3.0,"Average furniture, packaging could be better."
ORD003271,Maanas Babu,Shoes,No,,,
ORD003272,Samuel Rama,Groceries,No,2024-09-26,3.0,"Average groceries, packaging could be better."
ORD003273,Viraj Barad,Furniture,No,2023-09-21,5.0,"Great furniture, exactly as described. Very happy with it."
ORD003274,Vrishti Lalla,Groceries,No,2023-12-02,5.0,"Fast delivery, groceries exceeded my expectations."
ORD003275,Dhruv Randhawa,Clothes,No,2025-06-18,5.0,"Great clothes, exactly as described. Very happy with it."
ORD003276,Yug Rao,Clothes,No,2024-06-10,4.0,"Great clothes, exactly as described. Very happy with it."
ORD003277,Ekapad Chander,Electronics,No,,,
ORD003278,Victor Goda,Beauty Products,No,,,
ORD003279,Gaurika Ganesh,Clothes,No,2025-05-19,5.0,"Excellent quality for the price, would buy clothes again."
ORD003280,Kashvi Sangha,Clothes,No,2023-09-20,4.0,"Really satisfied, highly recommend this clothes."
ORD003281,Jeet Setty,Beauty Products,No,2024-01-07,5.0,"Really satisfied, highly recommend this beauty products."
ORD003282,Nidhi Baria,Electronics,No,2023-07-30,2.0,"Received a damaged electronics, had to return it."
ORD003283,Chameli Aggarwal,Furniture,No,,,
ORD003284,Rehaan Morar,Toys,No,,,
ORD003285,Vedika Ramesh,Kitchenware,No,2025-10-03,5.0,"Really satisfied, highly recommend this kitchenware."
ORD003286,Utkarsh Din,Groceries,No,2024-01-20,3.0,"Average groceries, packaging could be better."
ORD003287,Urmi Wali,Groceries,No,2025-10-29,4.0,"Excellent quality for the price, would buy groceries again."
ORD003288,Yashica Om,Kitchenware,No,2023-04-13,3.0,"The kitchenware is okay, does the job but nothing special."
ORD003289,Ijaya Dyal,Electronics,No,2026-01-12,5.0,"Fast delivery, electronics exceeded my expectations."
ORD003290,Liam Solanki,Clothes,No,2023-01-16,4.0,"Really satisfied, highly recommend this clothes."
ORD003291,Urvashi Suri,Shoes,No,2024-02-17,5.0,"Fast delivery, shoes exceeded my expectations."
ORD003292,Kai Sodhi,Groceries,No,2023-08-21,5.0,"Great groceries, exactly as described. Very happy with it."
ORD003293,Yauvani Gokhale,Furniture,No,2025-08-01,5.0,"Really satisfied, highly recommend this furniture."
ORD003294,Chandran Solanki,Electronics,No,2024-09-13,5.0,"Excellent quality for the price, would buy electronics again."
ORD003295,Pooja Chatterjee,Groceries,No,,,
ORD003296,Anita Nayak,Electronics,No,2023-08-21,3.0,"The electronics is okay, does the job but nothing special."
ORD003297,Hamsini Chandra,Electronics,No,2023-02-06,4.0,"Great electronics, exactly as described. Very happy with it."
ORD003298,Lohit Saha,Electronics,No,2024-09-02,4.0,"Great electronics, exactly as described. Very happy with it."
ORD003299,Jairaj Memon,Furniture,No,2025-10-15,5.0,"Excellent quality for the price, would buy furniture again."
ORD003300,Shivani Murthy,Books,No,2024-10-21,2.0,"Received a damaged books, had to return it."
ORD003301,Mohammed Pau,Electronics,No,2024-03-24,5.0,"Excellent quality for the price, would buy electronics again."
ORD003302,Kala Vig,Furniture,No,2025-02-26,3.0,"Average furniture, packaging could be better."
ORD003303,Dayita Sehgal,Clothes,No,2024-05-31,5.0,"Excellent quality for the price, would buy clothes again."
ORD003304,Daksh Chaudhuri,Kitchenware,No,2024-10-20,3.0,"Average kitchenware, packaging could be better."
ORD003305,Leena Ratta,Groceries,No,2024-02-20,5.0,"Fast delivery, groceries exceeded my expectations."
ORD003306,George Golla,Kitchenware,No,2024-10-19,4.0,"Really satisfied, highly recommend this kitchenware."
ORD003307,Omya Salvi,Electronics,No,,,
ORD003308,Oni Kibe,Shoes,No,2024-10-05,4.0,"Excellent quality for the price, would buy shoes again."
ORD003309,Maanas Ratta,Books,No,2023-12-14,4.0,"Great books, exactly as described. Very happy with it."
ORD003310,Janya Kashyap,Clothes,No,2025-12-02,5.0,"Fast delivery, clothes exceeded my expectations."
ORD003311,Hredhaan Edwin,Clothes,No,2024-01-12,5.0,"Fast delivery, clothes exceeded my expectations."
ORD003312,Kevin Suresh,Shoes,No,2024-07-09,5.0,"Fast delivery, shoes exceeded my expectations."
ORD003313,Zilmil Bail,Furniture,Yes,2024-11-16,5.0,"Really satisfied, highly recommend this furniture."
ORD003314,Imaran Buch,Shoes,Yes,2023-11-28,5.0,"Great shoes, exactly as described. Very happy with it."
ORD003315,Timothy Bhandari,Toys,No,2023-09-11,3.0,"The toys is okay, does the job but nothing special."
ORD003316,Finn Dugal,Books,Yes,2023-07-07,5.0,"Excellent quality for the price, would buy books again."
ORD003317,Odika Iyengar,Clothes,Yes,2024-02-04,3.0,"Average clothes, packaging could be better."
ORD003318,Devika Mody,Electronics,No,2024-04-11,4.0,"Great electronics, exactly as described. Very happy with it."
ORD003319,Triveni Pathak,Shoes,No,,,
ORD003320,Ekiya Patla,Shoes,No,2025-06-06,5.0,"Really satisfied, highly recommend this shoes."
ORD003321,Ishwar Wali,Furniture,No,2023-04-07,4.0,"Fast delivery, furniture exceeded my expectations."
ORD003322,Gaurika Ganesh,Toys,No,2023-03-23,2.0,"Not worth the price, expected better toys."
ORD003323,Naksh Krishna,Furniture,Yes,2023-01-18,3.0,"Average furniture, packaging could be better."
ORD003324,Jai Bhatia,Electronics,Yes,2025-06-20,4.0,"Fast delivery, electronics exceeded my expectations."
ORD003325,Triveni Pathak,Books,No,,,
ORD003326,Chandran Roy,Toys,No,2025-10-28,5.0,"Really satisfied, highly recommend this toys."
ORD003327,Libni Palan,Electronics,No,,,
ORD003328,Reva Kota,Electronics,No,2023-11-24,4.0,"Excellent quality for the price, would buy electronics again."
ORD003329,Saumya Ratti,Kitchenware,No,,,
ORD003330,Yahvi Wadhwa,Shoes,No,2023-03-24,4.0,"Excellent quality for the price, would buy shoes again."
ORD003331,Aarna Jaggi,Books,No,2024-08-19,4.0,"Great books, exactly as described. Very happy with it."
ORD003332,Damyanti Bhakta,Beauty Products,No,2023-02-03,4.0,"Really satisfied, highly recommend this beauty products."
ORD003333,Watika Wali,Sports Equipment,No,2024-12-09,4.0,"Excellent quality for the price, would buy sports equipment again."
ORD003334,Urvashi Goswami,Electronics,No,2023-11-29,5.0,"Excellent quality for the price, would buy electronics again."
ORD003335,Rajata Venkataraman,Toys,No,2023-12-29,2.0,"Received a damaged toys, had to return it."
ORD003336,Hamsini Bhatia,Toys,Yes,2023-01-29,5.0,"Great toys, exactly as described. Very happy with it."
ORD003337,Gaurangi Aurora,Shoes,No,2025-01-26,5.0,"Fast delivery, shoes exceeded my expectations."
ORD003338,Jagat Iyengar,Toys,Yes,2023-02-14,4.0,"Really satisfied, highly recommend this toys."
ORD003339,Triveni Pathak,Electronics,No,2023-11-04,4.0,"Excellent quality for the price, would buy electronics again."
ORD003340,Jeet Setty,Electronics,Yes,2024-10-22,4.0,"Fast delivery, electronics exceeded my expectations."
ORD003341,Avi Sarkar,Kitchenware,No,2023-10-17,2.0,"Not worth the price, expected better kitchenware."
ORD003342,Chandani Datta,Electronics,No,2023-05-26,5.0,"Excellent quality for the price, would buy electronics again."
ORD003343,Maanas Chaudry,Books,No,2025-01-07,4.0,"Fast delivery, books exceeded my expectations."
ORD003344,Daksha Kaul,Beauty Products,No,2023-04-08,5.0,"Great beauty products, exactly as described. Very happy with it."
ORD003345,Amruta Sehgal,Books,No,2024-04-19,4.0,"Great books, exactly as described. Very happy with it."
ORD003346,Aradhana Golla,Beauty Products,No,2024-04-11,3.0,"Average beauty products, packaging could be better."
ORD003347,Charles Chaudry,Beauty Products,Yes,2025-04-12,2.0,"Received a damaged beauty products, had to return it."
ORD003348,Chanchal Sastry,Shoes,No,2024-12-24,3.0,"Average shoes, packaging could be better."
ORD003349,Akshay Bobal,Toys,No,2023-06-29,4.0,"Great toys, exactly as described. Very happy with it."
ORD003350,Udarsh Gopal,Beauty Products,No,2025-06-03,5.0,"Fast delivery, beauty products exceeded my expectations."
ORD003351,Zansi Dixit,Books,No,2025-10-20,4.0,"Excellent quality for the price, would buy books again."
ORD003352,Raagini Bhagat,Sports Equipment,No,2025-02-17,1.0,"Not worth the price, expected better sports equipment."
ORD003353,Janya Kashyap,Furniture,No,,,
ORD003354,Jairaj Memon,Shoes,No,2023-07-03,5.0,"Great shoes, exactly as described. Very happy with it."
ORD003355,Vritti Chopra,Clothes,No,2025-08-23,4.0,"Fast delivery, clothes exceeded my expectations."
ORD003356,Hemangini Sekhon,Clothes,No,2025-08-24,5.0,"Fast delivery, clothes exceeded my expectations."
ORD003357,Bina Varty,Electronics,No,2024-09-27,4.0,"Excellent quality for the price, would buy electronics again."
ORD003358,Xavier Sani,Electronics,No,,,
ORD003359,Kai Sodhi,Sports Equipment,No,2025-08-04,4.0,"Really satisfied, highly recommend this sports equipment."
ORD003360,Radha Hayer,Beauty Products,No,2023-09-03,4.0,"Great beauty products, exactly as described. Very happy with it."
ORD003361,Darika Golla,Shoes,No,2025-10-28,3.0,"Average shoes, packaging could be better."
ORD003362,Aayush Andra,Toys,No,2024-06-21,4.0,"Really satisfied, highly recommend this toys."
ORD003363,Ladli Kaur,Sports Equipment,No,2024-10-03,3.0,"Average sports equipment, packaging could be better."
ORD003364,Aishani Saini,Clothes,No,2024-01-24,4.0,"Excellent quality for the price, would buy clothes again."
ORD003365,Ekalinga Joshi,Clothes,No,,,
ORD003366,Reva Kota,Beauty Products,No,2024-02-20,2.0,"Not worth the price, expected better beauty products."
ORD003367,William Khanna,Books,No,2025-03-30,5.0,"Great books, exactly as described. Very happy with it."
ORD003368,Naksh Sampath,Shoes,No,2024-04-30,4.0,"Fast delivery, shoes exceeded my expectations."
ORD003369,Hemangini Chad,Clothes,No,2023-06-16,4.0,"Fast delivery, clothes exceeded my expectations."
ORD003370,Balveer Agarwal,Sports Equipment,No,2025-06-29,5.0,"Really satisfied, highly recommend this sports equipment."
ORD003371,Isaac Chaudhary,Beauty Products,No,2025-04-23,4.0,"Great beauty products, exactly as described. Very happy with it."
ORD003372,Wakeeta Raval,Books,Yes,2024-08-13,5.0,"Great books, exactly as described. Very happy with it."
ORD003373,Timothy Lanka,Books,No,2023-05-22,3.0,"Average books, packaging could be better."
ORD003374,Aishani Apte,Beauty Products,No,2025-05-19,5.0,"Really satisfied, highly recommend this beauty products."
ORD003375,Yamini Garg,Clothes,No,,,
ORD003376,Yashica Kota,Clothes,No,,,
ORD003377,Fitan Kala,Clothes,Yes,2024-05-29,4.0,"Really satisfied, highly recommend this clothes."
ORD003378,Karan Bail,Electronics,No,2025-01-18,5.0,"Excellent quality for the price, would buy electronics again."
ORD003379,Pratyush Bansal,Toys,No,2025-06-25,3.0,"Average toys, packaging could be better."
ORD003380,Karan Kumar,Groceries,No,2024-04-05,3.0,"Average groceries, packaging could be better."
ORD003381,Gautami Lall,Electronics,No,2025-04-24,3.0,"Average electronics, packaging could be better."
ORD003382,Tara Varughese,Books,No,,,
ORD003383,Bahadurjit Banerjee,Sports Equipment,Yes,2023-12-27,5.0,"Fast delivery, sports equipment exceeded my expectations."
ORD003384,Gautam Ravi,Electronics,No,2023-09-10,4.0,"Fast delivery, electronics exceeded my expectations."
ORD003385,Darpan Gour,Books,No,2023-03-25,5.0,"Really satisfied, highly recommend this books."
ORD003386,Azaan Sachar,Beauty Products,No,2024-09-19,4.0,"Really satisfied, highly recommend this beauty products."
ORD003387,Vedhika Raj,Sports Equipment,No,2023-06-28,5.0,"Excellent quality for the price, would buy sports equipment again."
ORD003388,George Golla,Sports Equipment,Yes,2025-09-23,5.0,"Great sports equipment, exactly as described. Very happy with it."
ORD003389,Ladli Kaur,Electronics,No,2023-02-10,5.0,"Excellent quality for the price, would buy electronics again."
ORD003390,Ekalinga Dave,Electronics,No,2025-12-25,4.0,"Really satisfied, highly recommend this electronics."
ORD003391,Benjamin Deol,Furniture,Yes,2023-02-02,5.0,"Great furniture, exactly as described. Very happy with it."
ORD003392,Karan Bail,Beauty Products,No,2023-03-23,4.0,"Excellent quality for the price, would buy beauty products again."
ORD003393,Chaitanya Bhatia,Electronics,No,,,
ORD003394,Isaac Chaudhary,Beauty Products,No,2023-11-07,3.0,"Average beauty products, packaging could be better."
ORD003395,Theodore Chandra,Shoes,No,2025-03-15,4.0,"Fast delivery, shoes exceeded my expectations."
ORD003396,Gaurang Lad,Electronics,No,2025-01-09,1.0,"Received a damaged electronics, had to return it."
ORD003397,Chaitanya Jani,Electronics,No,2025-12-31,5.0,"Excellent quality for the price, would buy electronics again."
ORD003398,Oni Dhawan,Sports Equipment,No,2023-09-09,5.0,"Excellent quality for the price, would buy sports equipment again."
ORD003399,Harrison Arya,Books,No,2023-03-25,4.0,"Fast delivery, books exceeded my expectations."
ORD003400,Urmi Sachdeva,Groceries,No,2024-06-24,5.0,"Fast delivery, groceries exceeded my expectations."
ORD003401,Luke Arora,Books,No,,,
ORD003402,Zayyan Wason,Kitchenware,No,2023-04-28,2.0,"Received a damaged kitchenware, had to return it."
ORD003403,Jairaj Setty,Shoes,No,,,
ORD003404,Arya Thakkar,Shoes,No,2023-09-15,5.0,"Great shoes, exactly as described. Very happy with it."
ORD003405,Frederick Solanki,Books,No,2025-07-18,5.0,"Really satisfied, highly recommend this books."
ORD003406,Robert Lal,Beauty Products,No,2025-03-17,1.0,"Received a damaged beauty products, had to return it."
ORD003407,Ayush Bala,Furniture,No,2023-12-23,1.0,"Received a damaged furniture, had to return it."
ORD003408,Mekhala Chakraborty,Electronics,No,,,
ORD003409,Ladli Yadav,Groceries,No,2023-06-29,4.0,"Excellent quality for the price, would buy groceries again."
ORD003410,Yahvi Magar,Toys,No,,,
ORD003411,Rehaan Morar,Sports Equipment,No,2023-12-07,4.0,"Excellent quality for the price, would buy sports equipment again."
ORD003412,Qadim Agrawal,Clothes,No,,,
ORD003413,Tripti Goyal,Furniture,No,,,
ORD003414,Zayan Sani,Clothes,No,2023-06-19,4.0,"Really satisfied, highly recommend this clothes."
ORD003415,Chandran Rastogi,Toys,No,2025-04-29,5.0,"Really satisfied, highly recommend this toys."
ORD003416,Vritti Chopra,Groceries,No,2024-03-16,5.0,"Excellent quality for the price, would buy groceries again."
ORD003417,Nimrat Vasa,Clothes,No,2024-03-13,4.0,"Excellent quality for the price, would buy clothes again."
ORD003418,Harshil Vyas,Toys,No,2025-09-24,5.0,"Excellent quality for the price, would buy toys again."
ORD003419,Zaid Sandal,Clothes,Yes,,,
ORD003420,Rishi Borde,Electronics,No,2023-09-21,1.0,"Disappointed with this electronics, quality is not good."
ORD003421,Aarini Ramakrishnan,Furniture,Yes,2025-12-12,4.0,"Great furniture, exactly as described. Very happy with it."
ORD003422,Kashvi Sangha,Electronics,No,2023-06-17,3.0,"The electronics is okay, does the job but nothing special."
ORD003423,Zarna Peri,Electronics,No,2023-04-12,5.0,"Great electronics, exactly as described. Very happy with it."
ORD003424,Darpan Gour,Electronics,No,,,
ORD003425,Warhi Iyer,Beauty Products,No,,,
ORD003426,Kiaan Jayaraman,Beauty Products,Yes,,,
ORD003427,Jasmit Bhardwaj,Clothes,Yes,2024-08-15,4.0,"Really satisfied, highly recommend this clothes."
ORD003428,Nathaniel Narain,Groceries,No,2023-04-06,5.0,"Great groceries, exactly as described. Very happy with it."
ORD003429,Vasudha Agarwal,Furniture,No,2024-03-29,4.0,"Great furniture, exactly as described. Very happy with it."
ORD003430,Urvashi Suri,Electronics,No,2023-10-31,4.0,"Great electronics, exactly as described. Very happy with it."
ORD003431,Pratyush Bansal,Groceries,No,2024-04-21,5.0,"Really satisfied, highly recommend this groceries."
ORD003432,Aarini Ravel,Groceries,No,2024-02-27,4.0,"Great groceries, exactly as described. Very happy with it."
ORD003433,Keya Sarkar,Books,No,,,
ORD003434,Jhalak Sekhon,Books,No,2025-03-26,4.0,"Great books, exactly as described. Very happy with it."
ORD003435,Kai Bassi,Kitchenware,No,2023-06-30,2.0,"Disappointed with this kitchenware, quality is not good."
ORD003436,Yauvani Patla,Toys,No,2024-03-31,3.0,"Average toys, packaging could be better."
ORD003437,Yauvani Hora,Groceries,No,2025-02-16,4.0,"Really satisfied, highly recommend this groceries."
ORD003438,William Khanna,Groceries,No,2024-07-15,2.0,"Not worth the price, expected better groceries."
ORD003439,Aayush Parekh,Furniture,No,2023-05-26,4.0,"Fast delivery, furniture exceeded my expectations."
ORD003440,Hardik Kalla,Clothes,No,,,
ORD003441,Nathaniel Narain,Groceries,No,,,
ORD003442,George Golla,Sports Equipment,Yes,,,
ORD003443,Sanya Shanker,Groceries,No,,,
ORD003444,Triveni Gaba,Beauty Products,No,2025-03-15,2.0,"Received a damaged beauty products, had to return it."
ORD003445,Shravya Char,Clothes,No,2024-09-22,4.0,"Really satisfied, highly recommend this clothes."
ORD003446,Finn Kurian,Books,No,2024-09-02,5.0,"Excellent quality for the price, would buy books again."
ORD003447,Urmi Lad,Electronics,No,2024-04-08,3.0,"The electronics is okay, does the job but nothing special."
ORD003448,Janaki Din,Clothes,No,,,
ORD003449,Anika Rout,Electronics,No,,,
ORD003450,Watika Buch,Furniture,No,2025-12-25,1.0,"Not worth the price, expected better furniture."
ORD003451,Meera Bajaj,Groceries,No,2024-04-08,5.0,"Fast delivery, groceries exceeded my expectations."
ORD003452,Champak Kuruvilla,Toys,No,2025-03-08,5.0,"Excellent quality for the price, would buy toys again."
ORD003453,Ishanvi Nagar,Shoes,No,,,
ORD003454,Gautami Lall,Beauty Products,No,,,
ORD003455,Balveer Agarwal,Beauty Products,No,2023-05-04,4.0,"Fast delivery, beauty products exceeded my expectations."
ORD003456,Matthew Rana,Books,No,,,
ORD003457,Eta Chakraborty,Furniture,No,2023-07-22,5.0,"Fast delivery, furniture exceeded my expectations."
ORD003458,Varenya Mani,Sports Equipment,No,2023-02-06,2.0,"Received a damaged sports equipment, had to return it."
ORD003459,Saksham Mani,Groceries,Yes,,,
ORD003460,Wishi Sharma,Electronics,No,,,
ORD003461,Zayyan Dutt,Toys,Yes,,,
ORD003462,Samaksh Sem,Groceries,No,2024-01-26,4.0,"Fast delivery, groceries exceeded my expectations."
ORD003463,Hredhaan Edwin,Electronics,Yes,2023-07-12,3.0,"Average electronics, packaging could be better."
ORD003464,Ekalinga Dave,Groceries,No,2025-11-13,4.0,"Fast delivery, groceries exceeded my expectations."
ORD003465,Thomas Sethi,Books,No,,,
ORD003466,Shravya Naik,Clothes,No,2025-04-06,5.0,"Excellent quality for the price, would buy clothes again."
ORD003467,Vivaan Seth,Clothes,Yes,2025-04-07,4.0,"Great clothes, exactly as described. Very happy with it."
ORD003468,Karan Bhat,Toys,No,2025-01-31,4.0,"Excellent quality for the price, would buy toys again."
ORD003469,Shivani Sane,Groceries,No,,,
ORD003470,Anika Rout,Books,No,2025-04-29,5.0,"Excellent quality for the price, would buy books again."
ORD003471,Triveni Gaba,Clothes,No,2023-01-07,2.0,"Disappointed with this clothes, quality is not good."
ORD003472,Hemal Sen,Groceries,No,2025-08-11,4.0,"Really satisfied, highly recommend this groceries."
ORD003473,Janaki Din,Clothes,No,2023-11-20,5.0,"Fast delivery, clothes exceeded my expectations."
ORD003474,Champak Kuruvilla,Books,No,2024-12-24,3.0,"Average books, packaging could be better."
ORD003475,Anika Rout,Books,No,2023-11-16,5.0,"Really satisfied, highly recommend this books."
ORD003476,Banjeet Rege,Kitchenware,No,2024-01-27,3.0,"The kitchenware is okay, does the job but nothing special."
ORD003477,Chanchal Sastry,Books,No,,,
ORD003478,Pahal Krishnamurthy,Clothes,Yes,2024-11-21,1.0,"Received a damaged clothes, had to return it."
ORD003479,Bimala Shanker,Books,No,2025-10-03,4.0,"Excellent quality for the price, would buy books again."
ORD003480,Eta Chakraborty,Electronics,No,2026-01-10,2.0,"Received a damaged electronics, had to return it."
ORD003481,Harsh Agrawal,Beauty Products,No,2023-10-16,3.0,"Average beauty products, packaging could be better."
ORD003482,Anya Kibe,Shoes,No,2024-02-05,5.0,"Really satisfied, highly recommend this shoes."
ORD003483,Lakshmi Chacko,Electronics,No,2025-03-08,4.0,"Excellent quality for the price, would buy electronics again."
ORD003484,Gautam Mishra,Clothes,No,2024-12-31,5.0,"Great clothes, exactly as described. Very happy with it."
ORD003485,Warinder Narang,Electronics,Yes,,,
ORD003486,Tristan Ravel,Furniture,Yes,2025-09-30,5.0,"Fast delivery, furniture exceeded my expectations."
ORD003487,David Kurian,Groceries,No,,,
ORD003488,Vasudha Shah,Groceries,No,2024-06-10,5.0,"Excellent quality for the price, would buy groceries again."
ORD003489,Chakradev Bains,Groceries,No,2024-10-04,4.0,"Excellent quality for the price, would buy groceries again."
ORD003490,Imaran Edwin,Sports Equipment,No,2023-03-05,3.0,"Average sports equipment, packaging could be better."
ORD003491,Falan Lanka,Electronics,No,2024-01-13,4.0,"Great electronics, exactly as described. Very happy with it."
ORD003492,Wakeeta Tella,Sports Equipment,No,2025-11-30,5.0,"Excellent quality for the price, would buy sports equipment again."
ORD003493,Gautami Sarin,Sports Equipment,Yes,2025-08-18,5.0,"Great sports equipment, exactly as described. Very happy with it."
ORD003494,Eiravati Pradhan,Toys,No,2023-02-21,4.0,"Fast delivery, toys exceeded my expectations."
ORD003495,Nidhi Baria,Groceries,No,2026-01-03,4.0,"Fast delivery, groceries exceeded my expectations."
ORD003496,Harsh Agrawal,Books,No,,,
ORD003497,Chanchal Chand,Beauty Products,No,2023-04-30,4.0,"Great beauty products, exactly as described. Very happy with it."
ORD003498,Ekiya Konda,Electronics,No,2024-12-19,5.0,"Really satisfied, highly recommend this electronics."
ORD003499,Upasna Pant,Sports Equipment,Yes,2025-11-18,4.0,"Fast delivery, sports equipment exceeded my expectations."
ORD003500,Anvi Shan,Electronics,No,2024-07-23,5.0,"Really satisfied, highly recommend this electronics."
ORD003501,Orinder Barad,Shoes,No,2025-10-29,5.0,"Really satisfied, highly recommend this shoes."
ORD003502,Vaishnavi Dutt,Groceries,No,2023-07-18,5.0,"Great groceries, exactly as described. Very happy with it."
ORD003503,Chaitanya Tak,Kitchenware,No,,,
ORD003504,Reva Kota,Clothes,No,2024-05-02,1.0,"Received a damaged clothes, had to return it."
ORD003505,Osha Patil,Clothes,Yes,2025-07-23,1.0,"Disappointed with this clothes, quality is not good."
ORD003506,Yatan Keer,Groceries,No,2023-08-04,4.0,"Fast delivery, groceries exceeded my expectations."
ORD003507,Hemal Sen,Kitchenware,No,2024-09-14,3.0,"Average kitchenware, packaging could be better."
ORD003508,Rushil Gopal,Shoes,No,2024-11-27,2.0,"Received a damaged shoes, had to return it."
ORD003509,Vihaan Sen,Groceries,No,2024-07-06,4.0,"Excellent quality for the price, would buy groceries again."
ORD003510,Farhan Mammen,Kitchenware,No,2024-05-11,4.0,"Great kitchenware, exactly as described. Very happy with it."
ORD003511,Warda Doctor,Sports Equipment,No,,,
ORD003512,Ladli Kaur,Groceries,No,,,
ORD003513,Nidhi Sekhon,Books,No,2023-11-18,5.0,"Really satisfied, highly recommend this books."
ORD003514,Daksh Dhingra,Shoes,No,2024-07-19,5.0,"Really satisfied, highly recommend this shoes."
ORD003515,Rajata Venkataraman,Furniture,No,2025-04-26,1.0,"Not worth the price, expected better furniture."
ORD003516,Wishi Sharma,Furniture,No,2023-10-07,2.0,"Not worth the price, expected better furniture."
ORD003517,Chameli Aggarwal,Sports Equipment,Yes,2025-08-21,2.0,"Not worth the price, expected better sports equipment."
ORD003518,Ranbir Kala,Clothes,No,,,
ORD003519,Urmi Wali,Kitchenware,Yes,2025-05-31,4.0,"Fast delivery, kitchenware exceeded my expectations."
ORD003520,Upadhriti Menon,Sports Equipment,No,,,
ORD003521,Alka Srinivas,Furniture,No,2023-05-12,3.0,"Average furniture, packaging could be better."
ORD003522,Yoshita Soman,Beauty Products,No,2025-02-03,5.0,"Fast delivery, beauty products exceeded my expectations."
ORD003523,Chandran Solanki,Clothes,No,2023-11-22,1.0,"Not worth the price, expected better clothes."
ORD003524,Omaja Dara,Clothes,No,2025-07-18,4.0,"Really satisfied, highly recommend this clothes."
ORD003525,Chameli Aggarwal,Books,No,2024-10-31,5.0,"Great books, exactly as described. Very happy with it."
ORD003526,Chandran Rastogi,Electronics,No,2025-04-11,2.0,"Not worth the price, expected better electronics."
ORD003527,Kiaan Jayaraman,Sports Equipment,No,2023-03-06,4.0,"Fast delivery, sports equipment exceeded my expectations."
ORD003528,Veer Cheema,Groceries,No,2023-01-12,1.0,"Received a damaged groceries, had to return it."
ORD003529,Darsh Aurora,Electronics,No,2023-12-03,5.0,"Excellent quality for the price, would buy electronics again."
ORD003530,Vamakshi Vala,Electronics,Yes,2025-07-10,4.0,"Great electronics, exactly as described. Very happy with it."
ORD003531,Luke Arora,Electronics,No,2023-09-27,5.0,"Fast delivery, electronics exceeded my expectations."
ORD003532,Watika Buch,Groceries,No,2024-04-08,5.0,"Really satisfied, highly recommend this groceries."
ORD003533,Ubika Sarna,Sports Equipment,No,,,
ORD003534,Aarini Ravel,Groceries,No,2025-12-30,1.0,"Disappointed with this groceries, quality is not good."
ORD003535,Maanav Bassi,Kitchenware,No,2026-01-10,4.0,"Really satisfied, highly recommend this kitchenware."
ORD003536,Dakshesh Goswami,Books,No,2026-01-05,5.0,"Excellent quality for the price, would buy books again."
ORD003537,Hamsini Chandra,Clothes,Yes,2025-12-01,3.0,"The clothes is okay, does the job but nothing special."
ORD003538,Warda Ramaswamy,Sports Equipment,Yes,2024-11-11,4.0,"Excellent quality for the price, would buy sports equipment again."
ORD003539,Reyansh Singh,Beauty Products,No,2023-07-20,4.0,"Fast delivery, beauty products exceeded my expectations."
ORD003540,Bhavna Sood,Sports Equipment,No,2026-01-04,5.0,"Great sports equipment, exactly as described. Very happy with it."
ORD003541,Triya Pant,Groceries,No,,,
ORD003542,Madhavi Mann,Books,No,2024-09-19,5.0,"Really satisfied, highly recommend this books."
ORD003543,Mohammed Pau,Clothes,No,,,
ORD003544,Nidhi Sekhon,Shoes,No,2024-12-01,4.0,"Great shoes, exactly as described. Very happy with it."
ORD003545,Faras Murthy,Sports Equipment,No,2023-03-13,3.0,"Average sports equipment, packaging could be better."
ORD003546,Vincent Barad,Books,No,2024-11-24,4.0,"Fast delivery, books exceeded my expectations."
ORD003547,Tanay Sagar,Kitchenware,No,2025-01-12,5.0,"Really satisfied, highly recommend this kitchenware."
ORD003548,Shaurya Bora,Shoes,No,2023-04-25,4.0,"Excellent quality for the price, would buy shoes again."
ORD003549,Tanay Lal,Beauty Products,No,2025-04-17,4.0,"Really satisfied, highly recommend this beauty products."
ORD003550,Qabil Lall,Beauty Products,No,2023-12-03,5.0,"Really satisfied, highly recommend this beauty products."
ORD003551,Siya Dhillon,Books,No,2024-06-04,4.0,"Really satisfied, highly recommend this books."
ORD003552,Leena Chhabra,Sports Equipment,No,2024-02-09,4.0,"Fast delivery, sports equipment exceeded my expectations."
ORD003553,Aarav Anne,Clothes,Yes,2023-10-25,3.0,"Average clothes, packaging could be better."
ORD003554,Kavya Sandhu,Books,No,,,
ORD003555,Xavier Soman,Sports Equipment,No,,,
ORD003556,Ganga Chandra,Sports Equipment,No,2024-02-17,5.0,"Fast delivery, sports equipment exceeded my expectations."
ORD003557,Dev Nori,Books,No,2024-07-29,4.0,"Fast delivery, books exceeded my expectations."
ORD003558,Matthew Shroff,Sports Equipment,No,2024-11-16,5.0,"Excellent quality for the price, would buy sports equipment again."
ORD003559,Hamsini Rattan,Groceries,No,2025-04-16,5.0,"Fast delivery, groceries exceeded my expectations."
ORD003560,Gautam Samra,Groceries,Yes,2024-02-09,1.0,"Received a damaged groceries, had to return it."
ORD003561,Ubika Bains,Clothes,Yes,2023-02-12,5.0,"Really satisfied, highly recommend this clothes."
ORD003562,Riya Thaman,Groceries,No,2025-07-11,3.0,"Average groceries, packaging could be better."
ORD003563,Advaith Bhatti,Clothes,No,,,
ORD003564,Karan Kumar,Clothes,No,2025-08-07,1.0,"Disappointed with this clothes, quality is not good."
ORD003565,Frado Joshi,Groceries,No,,,
ORD003566,Zehaan Pradhan,Electronics,No,2023-10-19,4.0,"Great electronics, exactly as described. Very happy with it."
ORD003567,Abha Ravi,Toys,Yes,2023-06-10,5.0,"Excellent quality for the price, would buy toys again."
ORD003568,Victor Goda,Furniture,No,,,
ORD003569,Aarav Anne,Clothes,Yes,,,
ORD003570,Thomas Brahmbhatt,Clothes,No,2024-10-14,2.0,"Disappointed with this clothes, quality is not good."
ORD003571,Lucky Balakrishnan,Electronics,No,2025-03-03,3.0,"The electronics is okay, does the job but nothing special."
ORD003572,Ekani Sood,Electronics,No,2024-05-03,3.0,"The electronics is okay, does the job but nothing special."
ORD003573,Hredhaan Edwin,Books,No,2023-01-24,5.0,"Great books, exactly as described. Very happy with it."
ORD003574,Girindra Gola,Furniture,No,2023-11-15,5.0,"Excellent quality for the price, would buy furniture again."
ORD003575,Jeet Setty,Groceries,No,2024-02-02,3.0,"The groceries is okay, does the job but nothing special."
ORD003576,Viraj Arora,Kitchenware,No,2023-03-18,4.0,"Really satisfied, highly recommend this kitchenware."
ORD003577,Lipika Iyengar,Electronics,No,2024-09-22,4.0,"Fast delivery, electronics exceeded my expectations."
ORD003578,Sanya Cherian,Toys,No,,,
ORD003579,Osha Patil,Books,Yes,,,
ORD003580,Ayushman Bahl,Groceries,No,,,
ORD003581,Oni Dhawan,Electronics,No,,,
ORD003582,Saumya Kothari,Electronics,No,,,
ORD003583,Ishanvi Nagar,Kitchenware,No,,,
ORD003584,Upma Ganesan,Beauty Products,No,2023-11-17,4.0,"Excellent quality for the price, would buy beauty products again."
ORD003585,Benjamin Deol,Kitchenware,No,,,
ORD003586,Karan Bhat,Toys,No,2023-11-20,5.0,"Excellent quality for the price, would buy toys again."
ORD003587,Anika Rout,Groceries,No,,,
ORD003588,Raghav Pradhan,Kitchenware,No,2025-08-17,4.0,"Excellent quality for the price, would buy kitchenware again."
ORD003589,Thomas Sethi,Clothes,No,2023-06-15,4.0,"Great clothes, exactly as described. Very happy with it."
ORD003590,Adya Patla,Electronics,No,2025-11-17,1.0,"Received a damaged electronics, had to return it."
ORD003591,Arjun Kaur,Shoes,No,2024-04-13,1.0,"Not worth the price, expected better shoes."
ORD003592,Waida Bandi,Sports Equipment,Yes,2024-09-26,2.0,"Not worth the price, expected better sports equipment."
ORD003593,Vincent Tara,Toys,No,2024-12-27,5.0,"Fast delivery, toys exceeded my expectations."
ORD003594,Libni Palan,Kitchenware,No,2024-10-21,4.0,"Excellent quality for the price, would buy kitchenware again."
ORD003595,Lipika Chadha,Electronics,No,,,
ORD003596,Warda Kala,Groceries,Yes,2024-10-09,4.0,"Great groceries, exactly as described. Very happy with it."
ORD003597,Pranit Kohli,Clothes,No,2023-09-08,4.0,"Really satisfied, highly recommend this clothes."
ORD003598,Pooja Chatterjee,Kitchenware,No,,,
ORD003599,Zarna Peri,Toys,No,2023-09-02,2.0,"Not worth the price, expected better toys."
ORD003600,Daksha Kaul,Shoes,No,2024-10-03,5.0,"Great shoes, exactly as described. Very happy with it."
ORD003601,Ikbal Ahuja,Electronics,No,2024-11-01,1.0,"Received a damaged electronics, had to return it."
ORD003602,Chanchal Chand,Books,No,2024-10-15,5.0,"Fast delivery, books exceeded my expectations."
ORD003603,Panini Prabhakar,Sports Equipment,No,2025-09-20,1.0,"Not worth the price, expected better sports equipment."
ORD003604,Thomas Sethi,Kitchenware,No,2023-07-06,5.0,"Really satisfied, highly recommend this kitchenware."
ORD003605,Simon Mitter,Clothes,No,,,
ORD003606,Hitesh Virk,Sports Equipment,No,2023-10-07,2.0,"Not worth the price, expected better sports equipment."
ORD003607,Krisha Ram,Shoes,No,2023-03-20,5.0,"Excellent quality for the price, would buy shoes again."
ORD003608,Vivaan Grewal,Sports Equipment,No,2025-06-11,3.0,"Average sports equipment, packaging could be better."
ORD003609,Nathan Aggarwal,Sports Equipment,No,,,
ORD003610,Garima Agarwal,Groceries,No,2023-02-11,5.0,"Great groceries, exactly as described. Very happy with it."
ORD003611,Akshay Ram,Groceries,No,2023-10-17,5.0,"Great groceries, exactly as described. Very happy with it."
ORD003612,Leena Ratta,Beauty Products,No,2024-04-10,2.0,"Disappointed with this beauty products, quality is not good."
ORD003613,Oni Kibe,Groceries,No,2024-12-03,3.0,"Average groceries, packaging could be better."
ORD003614,Aachal Thakkar,Books,No,2023-04-10,1.0,"Not worth the price, expected better books."
ORD003615,Bachittar Bala,Electronics,No,2024-03-01,4.0,"Excellent quality for the price, would buy electronics again."
ORD003616,Mugdha Jani,Kitchenware,No,2023-05-05,4.0,"Fast delivery, kitchenware exceeded my expectations."
ORD003617,David Kurian,Shoes,No,,,
ORD003618,Charan Mangal,Shoes,No,2025-03-09,4.0,"Fast delivery, shoes exceeded my expectations."
ORD003619,Elijah Luthra,Toys,No,2024-04-26,5.0,"Fast delivery, toys exceeded my expectations."
ORD003620,Kritika Chacko,Clothes,Yes,2025-05-03,5.0,"Excellent quality for the price, would buy clothes again."
ORD003621,Anika Rout,Groceries,No,2023-09-19,4.0,"Excellent quality for the price, would buy groceries again."
ORD003622,Kala Vig,Books,No,2025-01-19,5.0,"Excellent quality for the price, would buy books again."
ORD003623,Nathaniel Bhardwaj,Furniture,No,2025-02-11,4.0,"Excellent quality for the price, would buy furniture again."
ORD003624,Siya Dhillon,Groceries,No,2025-01-19,4.0,"Really satisfied, highly recommend this groceries."
ORD003625,Aradhana Golla,Clothes,No,2025-02-16,5.0,"Really satisfied, highly recommend this clothes."
ORD003626,Mohammed Pau,Clothes,No,2023-08-26,5.0,"Great clothes, exactly as described. Very happy with it."
ORD003627,Udant Sundaram,Toys,Yes,2023-11-07,4.0,"Great toys, exactly as described. Very happy with it."
ORD003628,Omaja Dara,Shoes,Yes,2024-09-18,3.0,"The shoes is okay, does the job but nothing special."
ORD003629,Gavin Gade,Beauty Products,No,2025-02-23,4.0,"Really satisfied, highly recommend this beauty products."
ORD003630,Chandani Datta,Beauty Products,No,2024-10-21,1.0,"Received a damaged beauty products, had to return it."
ORD003631,Warda Ramaswamy,Books,Yes,2025-01-26,1.0,"Disappointed with this books, quality is not good."
ORD003632,Nitara Rajagopal,Toys,No,,,
ORD003633,Henry Narain,Sports Equipment,No,2023-10-20,4.0,"Fast delivery, sports equipment exceeded my expectations."
ORD003634,Akshay Kohli,Electronics,No,2025-04-02,3.0,"Average electronics, packaging could be better."
ORD003635,Kala Vig,Groceries,No,,,
ORD003636,Kala Nagar,Shoes,Yes,2024-10-14,4.0,"Fast delivery, shoes exceeded my expectations."
ORD003637,Janya Kashyap,Furniture,No,2023-03-03,5.0,"Really satisfied, highly recommend this furniture."
ORD003638,Urmi Wali,Shoes,No,2024-01-14,4.0,"Fast delivery, shoes exceeded my expectations."
ORD003639,Aarini Nagar,Electronics,No,2025-12-23,4.0,"Really satisfied, highly recommend this electronics."
ORD003640,Vincent Barad,Toys,No,2024-01-22,1.0,"Not worth the price, expected better toys."
ORD003641,Frederick Solanki,Electronics,No,2023-05-19,5.0,"Fast delivery, electronics exceeded my expectations."
ORD003642,Brinda Mammen,Sports Equipment,No,2025-06-16,3.0,"The sports equipment is okay, does the job but nothing special."
ORD003643,Leela Parmer,Groceries,Yes,,,
ORD003644,Indali Kunda,Clothes,No,2025-02-01,5.0,"Fast delivery, clothes exceeded my expectations."
ORD003645,Yauvani Bhatt,Sports Equipment,No,2023-03-15,5.0,"Excellent quality for the price, would buy sports equipment again."
ORD003646,Laksh Sani,Beauty Products,No,2025-02-10,3.0,"Average beauty products, packaging could be better."
ORD003647,Ekapad Chander,Groceries,No,2024-01-26,5.0,"Great groceries, exactly as described. Very happy with it."
ORD003648,Sachi Chauhan,Electronics,No,,,
ORD003649,Vamakshi Vala,Books,Yes,,,
ORD003650,Urvashi Suri,Electronics,No,2024-04-27,4.0,"Great electronics, exactly as described. Very happy with it."
ORD003651,Yutika Bhagat,Shoes,No,2024-05-12,2.0,"Received a damaged shoes, had to return it."
ORD003652,Reyansh Kohli,Beauty Products,No,,,
ORD003653,Laban Bal,Groceries,No,2023-01-31,2.0,"Received a damaged groceries, had to return it."
ORD003654,Onkar Sarin,Electronics,No,,,
ORD003655,Warda Palan,Sports Equipment,No,,,
ORD003656,Udarsh Dubey,Shoes,No,2024-01-03,4.0,"Really satisfied, highly recommend this shoes."
ORD003657,Wishi Sharma,Furniture,No,,,
ORD003658,Osha Patil,Shoes,Yes,2024-03-03,4.0,"Great shoes, exactly as described. Very happy with it."
ORD003659,Neha Warrior,Electronics,No,2024-03-01,5.0,"Really satisfied, highly recommend this electronics."
ORD003660,Tarak Chand,Kitchenware,No,,,
ORD003661,Abhiram Mitter,Shoes,No,2023-05-26,4.0,"Great shoes, exactly as described. Very happy with it."
ORD003662,Elijah Raman,Electronics,No,2023-04-13,3.0,"The electronics is okay, does the job but nothing special."
ORD003663,Maanav Madan,Beauty Products,No,2024-12-31,2.0,"Disappointed with this beauty products, quality is not good."
ORD003664,Akshay Kohli,Furniture,No,2023-01-18,5.0,"Fast delivery, furniture exceeded my expectations."
ORD003665,Raagini Bhagat,Toys,No,2024-05-21,4.0,"Fast delivery, toys exceeded my expectations."
ORD003666,Leena Narula,Toys,No,2025-07-02,5.0,"Really satisfied, highly recommend this toys."
ORD003667,Joshua Bali,Electronics,No,2024-01-09,4.0,"Excellent quality for the price, would buy electronics again."
ORD003668,Akshay Kohli,Groceries,Yes,,,
ORD003669,Owen Oommen,Shoes,No,2023-10-20,5.0,"Great shoes, exactly as described. Very happy with it."
ORD003670,Chaitaly Nagar,Furniture,Yes,2023-03-07,5.0,"Great furniture, exactly as described. Very happy with it."
ORD003671,Quincy Parsa,Shoes,No,2025-11-19,1.0,"Not worth the price, expected better shoes."
ORD003672,Hredhaan Edwin,Clothes,No,2023-05-12,5.0,"Excellent quality for the price, would buy clothes again."
ORD003673,Zayan Kamdar,Electronics,No,2025-07-25,4.0,"Fast delivery, electronics exceeded my expectations."
ORD003674,Quincy Parsa,Sports Equipment,No,2025-05-25,5.0,"Great sports equipment, exactly as described. Very happy with it."
ORD003675,Aarnav Mand,Books,No,2024-06-23,4.0,"Fast delivery, books exceeded my expectations."
ORD003676,Naveen Nagi,Clothes,Yes,2024-07-12,4.0,"Really satisfied, highly recommend this clothes."
ORD003677,Amara Puri,Books,No,2024-01-25,3.0,"The books is okay, does the job but nothing special."
ORD003678,Aarnav Mand,Furniture,Yes,,,
ORD003679,Chakrika Kalla,Electronics,No,2025-12-17,5.0,"Excellent quality for the price, would buy electronics again."
ORD003680,Varenya Mani,Clothes,No,2025-10-04,3.0,"The clothes is okay, does the job but nothing special."
ORD003681,Osha Patil,Electronics,Yes,2023-10-09,5.0,"Excellent quality for the price, would buy electronics again."
ORD003682,Hitesh Virk,Electronics,No,2024-07-10,5.0,"Fast delivery, electronics exceeded my expectations."
ORD003683,Jagdish Kurian,Furniture,No,2024-06-23,4.0,"Fast delivery, furniture exceeded my expectations."
ORD003684,Girish Swamy,Electronics,No,,,
ORD003685,Jyoti Oak,Kitchenware,No,2023-02-26,3.0,"Average kitchenware, packaging could be better."
ORD003686,Yutika Bhagat,Electronics,No,2025-07-08,5.0,"Excellent quality for the price, would buy electronics again."
ORD003687,Megha Shroff,Groceries,Yes,2023-10-21,5.0,"Really satisfied, highly recommend this groceries."
ORD003688,Chaman Varty,Electronics,Yes,2023-02-26,2.0,"Received a damaged electronics, had to return it."
ORD003689,Hitesh Prabhu,Shoes,No,2026-01-01,4.0,"Really satisfied, highly recommend this shoes."
ORD003690,Lakshmi Bhat,Electronics,No,,,
ORD003691,Vrinda Sama,Electronics,Yes,2023-01-24,5.0,"Great electronics, exactly as described. Very happy with it."
ORD003692,Zehaan Devan,Groceries,No,2025-01-31,5.0,"Fast delivery, groceries exceeded my expectations."
ORD003693,Karan Kumar,Books,Yes,,,
ORD003694,Abha Ravi,Books,No,2024-02-03,4.0,"Great books, exactly as described. Very happy with it."
ORD003695,Rayaan Malhotra,Electronics,No,2025-08-04,3.0,"Average electronics, packaging could be better."
ORD003696,Rushil Dey,Books,No,2023-08-08,3.0,"The books is okay, does the job but nothing special."
ORD003697,Azad Muni,Electronics,No,2024-05-10,2.0,"Not worth the price, expected better electronics."
ORD003698,Nidra Grewal,Groceries,No,2024-11-19,4.0,"Excellent quality for the price, would buy groceries again."
ORD003699,Garima Agarwal,Groceries,No,2023-12-09,4.0,"Excellent quality for the price, would buy groceries again."
ORD003700,Imaran Dara,Furniture,No,,,
ORD003701,Zayyan Wason,Shoes,No,2025-07-25,3.0,"Average shoes, packaging could be better."
ORD003702,Xavier Soman,Groceries,No,2024-02-04,1.0,"Not worth the price, expected better groceries."
ORD003703,Lila Kadakia,Electronics,No,2024-12-13,3.0,"Average electronics, packaging could be better."
ORD003704,Urishilla Naik,Furniture,No,2023-01-15,5.0,"Fast delivery, furniture exceeded my expectations."
ORD003705,Vivaan Grewal,Kitchenware,No,2024-06-11,5.0,"Great kitchenware, exactly as described. Very happy with it."
ORD003706,Falan Chana,Shoes,No,2025-09-19,5.0,"Great shoes, exactly as described. Very happy with it."
ORD003707,Qadim Agarwal,Groceries,No,,,
ORD003708,Dhruv Randhawa,Toys,No,2023-03-26,4.0,"Fast delivery, toys exceeded my expectations."
ORD003709,Abhiram Mitter,Electronics,No,2025-04-08,5.0,"Really satisfied, highly recommend this electronics."
ORD003710,Noah Sur,Groceries,No,2024-12-06,4.0,"Excellent quality for the price, would buy groceries again."
ORD003711,Sanya Cherian,Electronics,No,2025-04-12,5.0,"Fast delivery, electronics exceeded my expectations."
ORD003712,Ekiya Patla,Sports Equipment,No,2025-05-31,2.0,"Not worth the price, expected better sports equipment."
ORD003713,Alexander Behl,Groceries,No,,,
ORD003714,Balhaar Gade,Beauty Products,No,,,
ORD003715,Vaishnavi Sachar,Beauty Products,No,2025-05-16,5.0,"Really satisfied, highly recommend this beauty products."
ORD003716,Yamini Bir,Electronics,No,2024-10-21,3.0,"The electronics is okay, does the job but nothing special."
ORD003717,Sneha Nori,Books,No,,,
ORD003718,Upasna Pant,Kitchenware,No,,,
ORD003719,Chanchal Sastry,Beauty Products,No,2025-09-24,3.0,"Average beauty products, packaging could be better."
ORD003720,Abha Ahuja,Toys,No,,,
ORD003721,Henry Narain,Beauty Products,Yes,2025-12-11,5.0,"Fast delivery, beauty products exceeded my expectations."
ORD003722,Vivaan Grewal,Toys,No,2023-06-08,5.0,"Really satisfied, highly recommend this toys."
ORD003723,Isaac Chaudhary,Groceries,No,2025-10-29,5.0,"Really satisfied, highly recommend this groceries."
ORD003724,Vamakshi Vala,Electronics,No,2024-09-25,5.0,"Fast delivery, electronics exceeded my expectations."
ORD003725,Nimrat Vasa,Groceries,No,,,
ORD003726,Anika Rout,Beauty Products,No,2026-01-05,4.0,"Great beauty products, exactly as described. Very happy with it."
ORD003727,Dayita Sehgal,Kitchenware,No,,,
ORD003728,Harinakshi Sama,Groceries,No,2024-08-03,5.0,"Great groceries, exactly as described. Very happy with it."
ORD003729,Ronith Raman,Groceries,No,2023-12-03,4.0,"Fast delivery, groceries exceeded my expectations."
ORD003730,Zaid Sandal,Toys,No,2025-08-05,5.0,"Fast delivery, toys exceeded my expectations."
ORD003731,Nicholas Choudhary,Beauty Products,No,2025-01-02,4.0,"Excellent quality for the price, would buy beauty products again."
ORD003732,Aayush Andra,Electronics,No,,,
ORD003733,Bahadurjit Banerjee,Beauty Products,No,,,
ORD003734,Lakshmi Chacko,Groceries,No,2024-09-25,5.0,"Fast delivery, groceries exceeded my expectations."
ORD003735,Dayamai Sankaran,Sports Equipment,No,,,
ORD003736,Frederick Patil,Groceries,No,2026-01-10,1.0,"Not worth the price, expected better groceries."
ORD003737,Shivani Sane,Toys,No,2024-07-15,5.0,"Excellent quality for the price, would buy toys again."
ORD003738,Falan Chana,Books,No,2025-02-18,2.0,"Disappointed with this books, quality is not good."
ORD003739,Vrishti Lalla,Shoes,No,2024-01-17,3.0,"Average shoes, packaging could be better."
ORD003740,Liam More,Sports Equipment,No,2024-07-05,5.0,"Excellent quality for the price, would buy sports equipment again."
ORD003741,Yuvraj Gandhi,Electronics,No,2025-06-23,4.0,"Really satisfied, highly recommend this electronics."
ORD003742,Banjeet Rastogi,Books,Yes,,,
ORD003743,Mitali Verma,Groceries,No,2024-09-07,4.0,"Really satisfied, highly recommend this groceries."
ORD003744,Chavvi Rattan,Groceries,Yes,,,
ORD003745,Bina Sankaran,Kitchenware,No,,,
ORD003746,Shivani Sane,Groceries,No,,,
ORD003747,Hamsini Rattan,Electronics,No,2023-09-18,4.0,"Excellent quality for the price, would buy electronics again."
ORD003748,Alka Magar,Sports Equipment,No,2023-02-16,5.0,"Excellent quality for the price, would buy sports equipment again."
ORD003749,Reva Kota,Groceries,No,,,
ORD003750,Vincent Tara,Beauty Products,No,2024-06-20,5.0,"Fast delivery, beauty products exceeded my expectations."
ORD003751,Alka Magar,Electronics,No,2025-07-31,5.0,"Really satisfied, highly recommend this electronics."
ORD003752,Avi Sarkar,Electronics,No,,,
ORD003753,Faras Garg,Clothes,No,2024-11-23,5.0,"Really satisfied, highly recommend this clothes."
ORD003754,Lipika Iyengar,Books,No,2024-11-12,4.0,"Excellent quality for the price, would buy books again."
ORD003755,Yashvi Bahl,Kitchenware,No,2023-07-17,3.0,"The kitchenware is okay, does the job but nothing special."
ORD003756,Arunima Parsa,Sports Equipment,No,,,
ORD003757,Yamini Bir,Kitchenware,No,2025-05-19,5.0,"Excellent quality for the price, would buy kitchenware again."
ORD003758,Balveer Agarwal,Books,No,2025-10-16,3.0,"Average books, packaging could be better."
ORD003759,Ojasvi Parmer,Electronics,No,2023-11-29,5.0,"Really satisfied, highly recommend this electronics."
ORD003760,Harrison Shan,Sports Equipment,No,2024-03-12,5.0,"Fast delivery, sports equipment exceeded my expectations."
ORD003761,Bachittar Bala,Toys,No,2025-01-16,3.0,"Average toys, packaging could be better."
ORD003762,Varsha Sundaram,Sports Equipment,No,2025-04-19,5.0,"Great sports equipment, exactly as described. Very happy with it."
ORD003763,Matthew Rana,Shoes,No,,,
ORD003764,Eshana Lad,Clothes,No,2025-09-30,5.0,"Great clothes, exactly as described. Very happy with it."
ORD003765,Amara Puri,Toys,No,2024-12-11,3.0,"The toys is okay, does the job but nothing special."
ORD003766,Elijah Wason,Clothes,Yes,2023-03-12,4.0,"Great clothes, exactly as described. Very happy with it."
ORD003767,Chavvi Rajan,Electronics,No,2023-02-16,4.0,"Great electronics, exactly as described. Very happy with it."
ORD003768,Jacob Ramakrishnan,Beauty Products,No,2024-11-01,3.0,"The beauty products is okay, does the job but nothing special."
ORD003769,Bakhshi Shetty,Sports Equipment,No,2025-03-03,5.0,"Fast delivery, sports equipment exceeded my expectations."
ORD003770,Janaki Mistry,Groceries,Yes,,,
ORD003771,Kamya Jhaveri,Groceries,No,2023-06-05,5.0,"Excellent quality for the price, would buy groceries again."
ORD003772,Vaishnavi Shroff,Furniture,No,,,
ORD003773,Triveni Mallick,Groceries,Yes,2025-05-30,5.0,"Really satisfied, highly recommend this groceries."
ORD003774,Anya Kibe,Clothes,No,2026-01-07,4.0,"Great clothes, exactly as described. Very happy with it."
ORD003775,Xavier Soman,Shoes,No,2025-05-31,3.0,"The shoes is okay, does the job but nothing special."
ORD003776,Maanav Bassi,Groceries,Yes,2024-08-30,5.0,"Really satisfied, highly recommend this groceries."
ORD003777,Falan Lanka,Books,Yes,2024-12-20,4.0,"Excellent quality for the price, would buy books again."
ORD003778,Harsh Agrawal,Groceries,No,2024-07-24,5.0,"Fast delivery, groceries exceeded my expectations."
ORD003779,Advaith Bhatti,Electronics,No,2023-01-20,5.0,"Really satisfied, highly recommend this electronics."
ORD003780,Mohammed Pau,Furniture,No,2024-10-12,5.0,"Excellent quality for the price, would buy furniture again."
ORD003781,Leena Ratta,Electronics,No,2023-11-13,5.0,"Excellent quality for the price, would buy electronics again."
ORD003782,Vansha Deol,Sports Equipment,No,2024-07-15,5.0,"Great sports equipment, exactly as described. Very happy with it."
ORD003783,Jasmit Dhar,Beauty Products,No,,,
ORD003784,Panini Prabhakar,Shoes,No,2024-05-25,5.0,"Great shoes, exactly as described. Very happy with it."
ORD003785,Fitan Sodhi,Groceries,No,,,
ORD003786,Manthan Lata,Books,No,2025-03-14,4.0,"Really satisfied, highly recommend this books."
ORD003787,Rishi Tara,Toys,No,2023-10-23,3.0,"Average toys, packaging could be better."
ORD003788,Girish Swamy,Clothes,No,2025-07-17,4.0,"Fast delivery, clothes exceeded my expectations."
ORD003789,Rehaan Morar,Books,No,,,
ORD003790,Zarna Peri,Sports Equipment,No,2024-10-06,3.0,"Average sports equipment, packaging could be better."
ORD003791,Bimala Shanker,Books,No,2025-07-26,5.0,"Great books, exactly as described. Very happy with it."
ORD003792,Aayush Andra,Beauty Products,No,2024-04-10,5.0,"Fast delivery, beauty products exceeded my expectations."
ORD003793,Chatura Thaman,Books,No,,,
ORD003794,Karan Bail,Clothes,No,2025-12-28,4.0,"Great clothes, exactly as described. Very happy with it."
ORD003795,Yashasvi Dewan,Sports Equipment,No,2025-07-20,5.0,"Fast delivery, sports equipment exceeded my expectations."
ORD003796,Henry Narain,Toys,No,2024-09-27,5.0,"Fast delivery, toys exceeded my expectations."
ORD003797,Kai Bassi,Toys,No,,,
ORD003798,Falak Gulati,Electronics,No,2025-06-07,5.0,"Fast delivery, electronics exceeded my expectations."
ORD003799,Jyoti Oak,Furniture,No,2023-03-14,4.0,"Great furniture, exactly as described. Very happy with it."
ORD003800,Lucky Balakrishnan,Clothes,Yes,2023-10-11,4.0,"Excellent quality for the price, would buy clothes again."
ORD003801,Samar Ahuja,Electronics,Yes,2024-06-07,3.0,"Average electronics, packaging could be better."
ORD003802,Vihaan Date,Electronics,No,,,
ORD003803,Harrison Rana,Furniture,No,,,
ORD003804,Bahadurjit Jayaraman,Groceries,Yes,,,
ORD003805,Elijah Wason,Sports Equipment,No,2023-03-18,4.0,"Excellent quality for the price, would buy sports equipment again."
ORD003806,Pallavi Lal,Electronics,No,2024-01-13,5.0,"Excellent quality for the price, would buy electronics again."
ORD003807,Maya Ramakrishnan,Kitchenware,No,2024-02-01,3.0,"The kitchenware is okay, does the job but nothing special."
ORD003808,Neelima Chad,Clothes,No,2025-12-15,5.0,"Fast delivery, clothes exceeded my expectations."
ORD003809,Jagdish Kurian,Beauty Products,No,,,
ORD003810,Vrishti Cherian,Electronics,No,2025-10-31,5.0,"Really satisfied, highly recommend this electronics."
ORD003811,Daksha Kaul,Furniture,No,2023-04-18,5.0,"Great furniture, exactly as described. Very happy with it."
ORD003812,Indali Kunda,Sports Equipment,No,2024-10-09,2.0,"Received a damaged sports equipment, had to return it."
ORD003813,Ekalinga Dave,Groceries,No,,,
ORD003814,Faras Garg,Groceries,No,2026-01-15,4.0,"Fast delivery, groceries exceeded my expectations."
ORD003815,Benjamin Barad,Electronics,No,2023-12-24,4.0,"Excellent quality for the price, would buy electronics again."
ORD003816,Luke Arora,Groceries,No,2025-03-28,2.0,"Disappointed with this groceries, quality is not good."
ORD003817,Dayita Sehgal,Clothes,No,2023-03-27,1.0,"Received a damaged clothes, had to return it."
ORD003818,Andrew Tiwari,Sports Equipment,No,,,
ORD003819,Hiral Dua,Clothes,No,2025-03-20,5.0,"Great clothes, exactly as described. Very happy with it."
ORD003820,Oni Kibe,Sports Equipment,No,2025-07-06,2.0,"Disappointed with this sports equipment, quality is not good."
ORD003821,Hredhaan Edwin,Toys,No,2025-04-28,3.0,"The toys is okay, does the job but nothing special."
ORD003822,Rishi Borde,Groceries,Yes,2023-04-18,5.0,"Great groceries, exactly as described. Very happy with it."
ORD003823,Udarsh Gopal,Sports Equipment,No,,,
ORD003824,Rachit Bedi,Groceries,No,2025-12-26,5.0,"Really satisfied, highly recommend this groceries."
ORD003825,Reyansh Singh,Books,No,2025-08-07,4.0,"Fast delivery, books exceeded my expectations."
ORD003826,Tarak Chand,Groceries,No,2023-09-22,5.0,"Excellent quality for the price, would buy groceries again."
ORD003827,Naveen Nagi,Beauty Products,Yes,2024-01-30,4.0,"Fast delivery, beauty products exceeded my expectations."
ORD003828,Vaishnavi Dutt,Sports Equipment,Yes,2025-03-12,5.0,"Fast delivery, sports equipment exceeded my expectations."
ORD003829,Vihaan Sen,Furniture,No,2023-12-10,4.0,"Great furniture, exactly as described. Very happy with it."
ORD003830,Harshil Vyas,Beauty Products,No,2024-12-03,3.0,"Average beauty products, packaging could be better."
ORD003831,Yuvraj Gandhi,Books,No,2024-03-08,3.0,"Average books, packaging could be better."
ORD003832,Yahvi Wadhwa,Electronics,No,2025-10-23,5.0,"Great electronics, exactly as described. Very happy with it."
ORD003833,Varenya Mani,Beauty Products,Yes,2023-04-25,3.0,"Average beauty products, packaging could be better."
ORD003834,Nandini Karan,Books,No,2025-01-20,3.0,"Average books, packaging could be better."
ORD003835,Ubika Bains,Furniture,No,2023-04-08,3.0,"The furniture is okay, does the job but nothing special."
ORD003836,Chakradhar Deol,Toys,No,2025-03-27,4.0,"Excellent quality for the price, would buy toys again."
ORD003837,Jasmit Dhar,Kitchenware,No,2025-06-28,3.0,"Average kitchenware, packaging could be better."
ORD003838,Vrinda Sama,Electronics,No,,,
ORD003839,Veer Karnik,Furniture,Yes,,,
ORD003840,Faris Sethi,Groceries,No,2024-10-16,2.0,"Not worth the price, expected better groceries."
ORD003841,Kala Nagar,Books,No,,,
ORD003842,Quincy Parsa,Groceries,No,,,
ORD003843,Omkaar Chopra,Toys,No,2025-05-13,3.0,"Average toys, packaging could be better."
ORD003844,Gautam Samra,Groceries,No,2024-02-12,5.0,"Really satisfied, highly recommend this groceries."
ORD003845,Urvashi Suri,Electronics,No,2023-12-06,4.0,"Fast delivery, electronics exceeded my expectations."
ORD003846,Rushil Dey,Groceries,No,2025-07-23,3.0,"The groceries is okay, does the job but nothing special."
ORD003847,Harsh Karan,Groceries,Yes,2023-11-03,4.0,"Great groceries, exactly as described. Very happy with it."
ORD003848,Charles Balay,Sports Equipment,No,2024-02-20,5.0,"Excellent quality for the price, would buy sports equipment again."
ORD003849,Liam Solanki,Electronics,No,,,
ORD003850,Jagdish Kurian,Sports Equipment,No,2024-11-02,3.0,"The sports equipment is okay, does the job but nothing special."
ORD003851,Aayush Parekh,Kitchenware,No,2025-09-03,2.0,"Received a damaged kitchenware, had to return it."
ORD003852,Advik Hegde,Furniture,No,2024-01-29,5.0,"Really satisfied, highly recommend this furniture."
ORD003853,Isha Bhatnagar,Beauty Products,Yes,2024-07-20,2.0,"Received a damaged beauty products, had to return it."
ORD003854,Nidra Devan,Books,No,2024-10-05,5.0,"Fast delivery, books exceeded my expectations."
ORD003855,Urvi Das,Kitchenware,No,2025-01-27,5.0,"Great kitchenware, exactly as described. Very happy with it."
ORD003856,Balhaar Gade,Clothes,No,2024-10-31,3.0,"The clothes is okay, does the job but nothing special."
ORD003857,Radha Hayer,Clothes,No,2025-11-12,5.0,"Great clothes, exactly as described. Very happy with it."
ORD003858,Bimala Shanker,Kitchenware,No,2023-10-28,2.0,"Received a damaged kitchenware, had to return it."
ORD003859,Lakshmi Bhat,Clothes,Yes,2025-03-18,4.0,"Great clothes, exactly as described. Very happy with it."
ORD003860,Akshay Ram,Electronics,No,2023-03-08,2.0,"Received a damaged electronics, had to return it."
ORD003861,Ikbal Shankar,Clothes,No,2025-10-29,4.0,"Really satisfied, highly recommend this clothes."
ORD003862,Brinda Thaker,Beauty Products,Yes,2025-10-22,4.0,"Really satisfied, highly recommend this beauty products."
ORD003863,Baghyawati Guha,Electronics,No,2024-07-11,4.0,"Great electronics, exactly as described. Very happy with it."
ORD003864,Bakhshi Nagar,Shoes,No,,,
ORD003865,Leena Ratta,Books,No,2025-03-02,5.0,"Excellent quality for the price, would buy books again."
ORD003866,Inaya Taneja,Kitchenware,Yes,2024-01-05,4.0,"Fast delivery, kitchenware exceeded my expectations."
ORD003867,George Golla,Beauty Products,No,2025-12-05,4.0,"Fast delivery, beauty products exceeded my expectations."
ORD003868,Ryan Venkataraman,Beauty Products,No,2023-11-30,4.0,"Great beauty products, exactly as described. Very happy with it."
ORD003869,Zayan Sani,Clothes,No,2023-02-05,4.0,"Really satisfied, highly recommend this clothes."
ORD003870,Daksh Dhingra,Clothes,No,2023-03-16,5.0,"Excellent quality for the price, would buy clothes again."
ORD003871,Vrishti Lalla,Kitchenware,No,2023-09-03,4.0,"Excellent quality for the price, would buy kitchenware again."
ORD003872,Nirja Shan,Groceries,No,2025-04-10,5.0,"Excellent quality for the price, would buy groceries again."
ORD003873,Zayyan Dutt,Groceries,No,2024-10-27,3.0,"The groceries is okay, does the job but nothing special."
ORD003874,Radha Hayer,Groceries,No,2023-05-25,3.0,"Average groceries, packaging could be better."
ORD003875,Lipika Chadha,Toys,No,2025-06-26,5.0,"Really satisfied, highly recommend this toys."
ORD003876,Mekhala Dar,Shoes,No,2025-12-07,5.0,"Fast delivery, shoes exceeded my expectations."
ORD003877,Akshay Kohli,Electronics,Yes,2023-12-16,3.0,"The electronics is okay, does the job but nothing special."
ORD003878,Pooja Chatterjee,Electronics,Yes,2025-12-06,5.0,"Fast delivery, electronics exceeded my expectations."
ORD003879,Benjamin Barad,Shoes,No,,,
ORD003880,Aayush Dhingra,Groceries,No,2025-09-16,5.0,"Excellent quality for the price, would buy groceries again."
ORD003881,Zashil Bansal,Beauty Products,No,2023-12-14,2.0,"Disappointed with this beauty products, quality is not good."
ORD003882,Laksh Sani,Toys,No,2023-12-16,5.0,"Really satisfied, highly recommend this toys."
ORD003883,Naksh Sampath,Kitchenware,No,2023-06-17,5.0,"Great kitchenware, exactly as described. Very happy with it."
ORD003884,Zayyan Wason,Kitchenware,No,2025-03-03,5.0,"Really satisfied, highly recommend this kitchenware."
ORD003885,Noah Sur,Furniture,No,2025-08-24,5.0,"Really satisfied, highly recommend this furniture."
ORD003886,Lopa Narasimhan,Toys,No,2025-02-13,3.0,"The toys is okay, does the job but nothing special."
ORD003887,Maanav Madan,Beauty Products,No,2024-01-26,5.0,"Fast delivery, beauty products exceeded my expectations."
ORD003888,Bhanumati Saran,Clothes,Yes,2024-01-03,2.0,"Received a damaged clothes, had to return it."
ORD003889,Rajata Venkataraman,Beauty Products,No,,,
ORD003890,Devika Parikh,Toys,Yes,,,
ORD003891,Gautam Samra,Kitchenware,No,2024-05-21,4.0,"Really satisfied, highly recommend this kitchenware."
ORD003892,Hamsini Rattan,Clothes,No,2026-01-03,5.0,"Great clothes, exactly as described. Very happy with it."
ORD003893,Kiaan Arora,Kitchenware,No,2023-12-04,1.0,"Received a damaged kitchenware, had to return it."
ORD003894,Zayyan Dutt,Clothes,Yes,2025-07-18,4.0,"Excellent quality for the price, would buy clothes again."
ORD003895,Zashil Chaudhuri,Electronics,No,2025-11-11,4.0,"Great electronics, exactly as described. Very happy with it."
ORD003896,Rishi Kashyap,Groceries,No,2023-02-14,5.0,"Really satisfied, highly recommend this groceries."
ORD003897,Ladli Yadav,Shoes,No,2025-04-30,5.0,"Fast delivery, shoes exceeded my expectations."
ORD003898,Harrison Arya,Electronics,No,2025-05-27,2.0,"Not worth the price, expected better electronics."
ORD003899,Ishanvi Nagar,Furniture,No,,,
ORD003900,Lakshmi Bhat,Toys,Yes,2024-09-11,5.0,"Fast delivery, toys exceeded my expectations."
ORD003901,Madhav Pandit,Sports Equipment,No,2023-07-11,4.0,"Excellent quality for the price, would buy sports equipment again."
ORD003902,Janani Parmer,Books,No,2024-06-15,3.0,"The books is okay, does the job but nothing special."
ORD003903,Falan Johal,Kitchenware,Yes,2025-11-29,3.0,"The kitchenware is okay, does the job but nothing special."
ORD003904,Gavin Gade,Groceries,No,2024-04-30,3.0,"The groceries is okay, does the job but nothing special."
ORD003905,Anjali Dasgupta,Books,No,2023-11-14,5.0,"Really satisfied, highly recommend this books."
ORD003906,Ojasvi Parmer,Kitchenware,No,2024-02-17,2.0,"Disappointed with this kitchenware, quality is not good."
ORD003907,Daksh Chaudhuri,Sports Equipment,No,2025-08-25,4.0,"Really satisfied, highly recommend this sports equipment."
ORD003908,Baghyawati Mishra,Shoes,No,,,
ORD003909,Vaishnavi Dutt,Beauty Products,No,2023-08-08,5.0,"Really satisfied, highly recommend this beauty products."
ORD003910,Alka Chopra,Sports Equipment,No,2024-07-22,3.0,"The sports equipment is okay, does the job but nothing special."
ORD003911,Harish Shetty,Shoes,No,2023-11-15,4.0,"Excellent quality for the price, would buy shoes again."
ORD003912,Balveer Dani,Toys,No,,,
ORD003913,Xiti Puri,Groceries,No,2025-02-16,1.0,"Not worth the price, expected better groceries."
ORD003914,Tara Sur,Groceries,No,,,
ORD003915,Kiaan Jayaraman,Electronics,No,2024-09-09,2.0,"Received a damaged electronics, had to return it."
ORD003916,Orinder Barad,Shoes,No,2025-07-14,4.0,"Fast delivery, shoes exceeded my expectations."
ORD003917,Gavin Lalla,Electronics,No,2024-10-05,3.0,"The electronics is okay, does the job but nothing special."
ORD003918,Adya Sangha,Kitchenware,No,2023-09-09,5.0,"Fast delivery, kitchenware exceeded my expectations."
ORD003919,Vedika Ramesh,Sports Equipment,No,2025-06-12,4.0,"Excellent quality for the price, would buy sports equipment again."
ORD003920,Chaman Varty,Toys,No,2024-06-01,3.0,"The toys is okay, does the job but nothing special."
ORD003921,Urishilla Naik,Groceries,No,2024-08-22,4.0,"Great groceries, exactly as described. Very happy with it."
ORD003922,Harshil Muni,Sports Equipment,No,2023-01-21,5.0,"Fast delivery, sports equipment exceeded my expectations."
ORD003923,Charan Banerjee,Books,No,,,
ORD003924,Warinder Narang,Electronics,No,2024-04-08,3.0,"The electronics is okay, does the job but nothing special."
ORD003925,Alka Chopra,Electronics,No,2024-03-23,4.0,"Great electronics, exactly as described. Very happy with it."
ORD003926,Yachana De,Shoes,No,2025-01-16,5.0,"Excellent quality for the price, would buy shoes again."
ORD003927,Warda Ramaswamy,Books,No,,,
ORD003928,Zashil Bansal,Books,No,2023-03-14,4.0,"Great books, exactly as described. Very happy with it."
ORD003929,Aachal Andra,Groceries,No,2024-12-02,5.0,"Really satisfied, highly recommend this groceries."
ORD003930,Ikbal Ahuja,Beauty Products,No,2024-04-21,4.0,"Great beauty products, exactly as described. Very happy with it."
ORD003931,Radhika Mahal,Kitchenware,No,2023-08-27,5.0,"Great kitchenware, exactly as described. Very happy with it."
ORD003932,Ishani Bhalla,Sports Equipment,No,2025-02-27,4.0,"Excellent quality for the price, would buy sports equipment again."
ORD003933,Atharv Madan,Clothes,No,2023-04-07,2.0,"Not worth the price, expected better clothes."
ORD003934,Baghyawati Guha,Electronics,No,,,
ORD003935,Jyoti Oak,Electronics,No,2025-02-01,4.0,"Excellent quality for the price, would buy electronics again."
ORD003936,Rishi Kashyap,Clothes,No,2025-12-19,5.0,"Fast delivery, clothes exceeded my expectations."
ORD003937,Jatin Kapoor,Kitchenware,No,,,
ORD003938,Rushil Dey,Sports Equipment,No,2024-09-27,4.0,"Great sports equipment, exactly as described. Very happy with it."
ORD003939,Onkar Sarin,Electronics,No,2023-11-10,5.0,"Excellent quality for the price, would buy electronics again."
ORD003940,Ekapad Chander,Groceries,No,2024-09-04,4.0,"Great groceries, exactly as described. Very happy with it."
ORD003941,Harita Som,Sports Equipment,Yes,,,
ORD003942,Abha Keer,Books,No,2025-10-10,3.0,"Average books, packaging could be better."
ORD003943,Balveer Dani,Electronics,No,2023-12-01,3.0,"Average electronics, packaging could be better."
ORD003944,Ikbal Shankar,Furniture,No,2024-10-27,3.0,"Average furniture, packaging could be better."
ORD003945,Chameli Aggarwal,Kitchenware,No,2025-03-02,5.0,"Really satisfied, highly recommend this kitchenware."
ORD003946,Yash Mittal,Groceries,No,2023-08-21,4.0,"Great groceries, exactly as described. Very happy with it."
ORD003947,Rishi Kashyap,Books,No,2025-05-12,3.0,"The books is okay, does the job but nothing special."
ORD003948,Balveer Dani,Furniture,No,,,
ORD003949,Luke Arora,Kitchenware,No,,,
ORD003950,Pranit Vig,Sports Equipment,No,2024-01-20,5.0,"Fast delivery, sports equipment exceeded my expectations."
ORD003951,Upkaar Cheema,Kitchenware,No,2023-04-06,5.0,"Really satisfied, highly recommend this kitchenware."
ORD003952,Logan Sekhon,Groceries,No,2023-06-15,3.0,"The groceries is okay, does the job but nothing special."
ORD003953,Zehaan Devan,Electronics,No,2024-02-14,4.0,"Excellent quality for the price, would buy electronics again."
ORD003954,Leela Swaminathan,Shoes,No,2024-02-28,2.0,"Disappointed with this shoes, quality is not good."
ORD003955,Maanav Chad,Shoes,No,2025-01-25,4.0,"Great shoes, exactly as described. Very happy with it."
ORD003956,Parth Jha,Electronics,No,2023-11-28,4.0,"Great electronics, exactly as described. Very happy with it."
ORD003957,Rohan Arora,Books,No,2023-07-14,2.0,"Not worth the price, expected better books."
ORD003958,Urmi Sachdeva,Kitchenware,No,2025-06-02,4.0,"Great kitchenware, exactly as described. Very happy with it."
ORD003959,Lohit Saha,Furniture,No,,,
ORD003960,Mason Koshy,Toys,No,2024-06-04,4.0,"Great toys, exactly as described. Very happy with it."
ORD003961,Harsh Karan,Books,No,2025-12-23,4.0,"Great books, exactly as described. Very happy with it."
ORD003962,Gabriel Sami,Groceries,No,,,
ORD003963,Idika Warrior,Shoes,No,2025-01-02,5.0,"Fast delivery, shoes exceeded my expectations."
ORD003964,Mohammed Pau,Electronics,No,,,
ORD003965,Ojasvi Parmer,Clothes,No,2024-01-29,4.0,"Great clothes, exactly as described. Very happy with it."
ORD003966,Indira Bhargava,Clothes,No,2025-06-13,5.0,"Really satisfied, highly recommend this clothes."
ORD003967,Udant Hayer,Furniture,No,2025-06-27,5.0,"Fast delivery, furniture exceeded my expectations."
ORD003968,Upma Ganesan,Beauty Products,No,2025-11-06,5.0,"Great beauty products, exactly as described. Very happy with it."
ORD003969,Gaurika Ganesh,Furniture,No,2023-09-10,4.0,"Excellent quality for the price, would buy furniture again."
ORD003970,Hritik Talwar,Shoes,No,2023-12-07,4.0,"Excellent quality for the price, would buy shoes again."
ORD003971,Chakrika Kalla,Sports Equipment,No,2025-05-07,2.0,"Disappointed with this sports equipment, quality is not good."
ORD003972,Bimala Master,Clothes,No,2024-04-30,4.0,"Excellent quality for the price, would buy clothes again."
ORD003973,Chanakya Mand,Groceries,No,,,
ORD003974,Shravya Char,Beauty Products,No,2023-10-02,5.0,"Great beauty products, exactly as described. Very happy with it."
ORD003975,Mitali Verma,Electronics,No,2023-10-02,5.0,"Excellent quality for the price, would buy electronics again."
ORD003976,Aachal Thakkar,Electronics,No,2023-11-24,4.0,"Fast delivery, electronics exceeded my expectations."
ORD003977,Harrison Rana,Shoes,No,2025-02-13,4.0,"Great shoes, exactly as described. Very happy with it."
ORD003978,Nathan Aggarwal,Sports Equipment,No,,,
ORD003979,Kamya Lanka,Clothes,Yes,2023-09-20,4.0,"Fast delivery, clothes exceeded my expectations."
ORD003980,Liam More,Books,No,,,
ORD003981,Gautam Samra,Books,No,,,
ORD003982,Xavier Soman,Beauty Products,No,2023-09-11,4.0,"Fast delivery, beauty products exceeded my expectations."
ORD003983,Lipika Lal,Clothes,No,,,
ORD003984,Noah Sur,Groceries,No,2024-07-09,3.0,"The groceries is okay, does the job but nothing special."
ORD003985,Mekhala Bawa,Furniture,No,2023-12-10,5.0,"Really satisfied, highly recommend this furniture."
ORD003986,Hritik Talwar,Toys,No,2024-09-16,5.0,"Fast delivery, toys exceeded my expectations."
ORD003987,Matthew Shroff,Groceries,No,2023-05-09,3.0,"The groceries is okay, does the job but nothing special."
ORD003988,Viraj Arora,Groceries,Yes,2024-12-14,4.0,"Really satisfied, highly recommend this groceries."
ORD003989,Maya Ramakrishnan,Shoes,No,,,
ORD003990,Yoshita Soman,Kitchenware,No,,,
ORD003991,Omaja Badami,Electronics,No,2025-10-03,5.0,"Fast delivery, electronics exceeded my expectations."
ORD003992,Manya Shere,Shoes,No,2025-12-13,3.0,"Average shoes, packaging could be better."
ORD003993,Kamala Keer,Beauty Products,No,2025-08-14,5.0,"Excellent quality for the price, would buy beauty products again."
ORD003994,Kamya Lanka,Groceries,No,2024-01-14,3.0,"The groceries is okay, does the job but nothing special."
ORD003995,Ubika Bains,Groceries,No,2025-05-12,3.0,"The groceries is okay, does the job but nothing special."
ORD003996,Turvi Khanna,Groceries,No,2023-12-21,4.0,"Fast delivery, groceries exceeded my expectations."
ORD003997,Warinder Narang,Groceries,Yes,2024-11-20,4.0,"Excellent quality for the price, would buy groceries again."
ORD003998,Kashvi Sangha,Electronics,No,,,
ORD003999,Libni Palan,Electronics,No,2025-09-01,5.0,"Fast delivery, electronics exceeded my expectations."
ORD004000,Dhriti Lad,Sports Equipment,No,2023-11-04,4.0,"Excellent quality for the price, would buy sports equipment again."
ORD004001,Karan Bail,Groceries,No,2024-08-07,2.0,"Disappointed with this groceries, quality is not good."
ORD004002,Kavya Srivastava,Kitchenware,No,,,
ORD004003,Darsh Aurora,Kitchenware,No,2024-12-07,5.0,"Great kitchenware, exactly as described. Very happy with it."
ORD004004,Azaan Pai,Electronics,No,2025-05-20,5.0,"Really satisfied, highly recommend this electronics."
ORD004005,Oni Dhawan,Groceries,No,2024-02-28,4.0,"Really satisfied, highly recommend this groceries."
ORD004006,Oni Kibe,Sports Equipment,No,2024-09-24,2.0,"Not worth the price, expected better sports equipment."
ORD004007,Falak Anne,Furniture,No,,,
ORD004008,Meera Chawla,Clothes,No,2023-01-14,5.0,"Great clothes, exactly as described. Very happy with it."
ORD004009,Neha Warrior,Books,No,,,
ORD004010,Gaurangi Aurora,Furniture,Yes,2025-12-22,5.0,"Really satisfied, highly recommend this furniture."
ORD004011,Yashoda Mammen,Beauty Products,No,2023-07-19,5.0,"Really satisfied, highly recommend this beauty products."
ORD004012,Ryan Venkataraman,Sports Equipment,No,2023-10-07,3.0,"Average sports equipment, packaging could be better."
ORD004013,Owen Trivedi,Books,No,2023-11-11,2.0,"Not worth the price, expected better books."
ORD004014,Vrinda Sama,Clothes,No,,,
ORD004015,Qadim Agarwal,Clothes,No,2024-09-12,5.0,"Fast delivery, clothes exceeded my expectations."
ORD004016,Aarini Nagar,Electronics,Yes,,,
ORD004017,Ishanvi Konda,Clothes,No,2023-09-16,5.0,"Excellent quality for the price, would buy clothes again."
ORD004018,Jairaj Setty,Groceries,No,2025-10-26,4.0,"Excellent quality for the price, would buy groceries again."
ORD004019,Riya Mutti,Clothes,No,2023-12-27,5.0,"Really satisfied, highly recommend this clothes."
ORD004020,Naveen Nagi,Toys,Yes,2025-12-28,3.0,"The toys is okay, does the job but nothing special."
ORD004021,Zayyan Wason,Groceries,No,2023-06-12,5.0,"Fast delivery, groceries exceeded my expectations."
ORD004022,Banjeet Memon,Furniture,No,2025-10-09,4.0,"Excellent quality for the price, would buy furniture again."
ORD004023,Isha Bhatnagar,Kitchenware,No,2024-05-03,2.0,"Received a damaged kitchenware, had to return it."
ORD004024,Sarthak Rai,Clothes,No,2023-09-02,3.0,"The clothes is okay, does the job but nothing special."
ORD004025,Aachal Lad,Groceries,Yes,2024-07-17,2.0,"Not worth the price, expected better groceries."
ORD004026,Zaitra Bora,Kitchenware,No,2025-01-15,4.0,"Really satisfied, highly recommend this kitchenware."
ORD004027,Nandini Bhatia,Sports Equipment,No,2025-03-19,5.0,"Fast delivery, sports equipment exceeded my expectations."
ORD004028,Simon Mitter,Furniture,No,2026-01-14,4.0,"Fast delivery, furniture exceeded my expectations."
ORD004029,Leela Swaminathan,Electronics,No,2023-05-29,5.0,"Great electronics, exactly as described. Very happy with it."
ORD004030,Hredhaan Edwin,Clothes,No,,,
ORD004031,Laban Bal,Electronics,No,2024-01-27,2.0,"Disappointed with this electronics, quality is not good."
ORD004032,Wakeeta Raval,Books,No,2024-02-23,5.0,"Fast delivery, books exceeded my expectations."
ORD004033,Hardik Kalla,Clothes,No,2024-12-31,4.0,"Really satisfied, highly recommend this clothes."
ORD004034,Sanya Cherian,Clothes,No,2024-11-03,5.0,"Really satisfied, highly recommend this clothes."
ORD004035,Gaurang Kamdar,Shoes,No,2025-04-05,4.0,"Really satisfied, highly recommend this shoes."
ORD004036,Eiravati Pradhan,Beauty Products,No,2025-07-06,5.0,"Fast delivery, beauty products exceeded my expectations."
ORD004037,Aayush Andra,Clothes,Yes,2024-05-17,4.0,"Fast delivery, clothes exceeded my expectations."
ORD004038,Nidra Devan,Electronics,No,2024-04-08,1.0,"Not worth the price, expected better electronics."
ORD004039,Gaurav Toor,Toys,No,2025-09-15,5.0,"Fast delivery, toys exceeded my expectations."
ORD004040,Rayaan Malhotra,Furniture,Yes,,,
ORD004041,Baghyawati Guha,Sports Equipment,No,2023-10-17,3.0,"Average sports equipment, packaging could be better."
ORD004042,Oni Kibe,Books,No,2026-01-12,5.0,"Excellent quality for the price, would buy books again."
ORD004043,Kiaan Jayaraman,Groceries,No,2023-05-08,4.0,"Really satisfied, highly recommend this groceries."
ORD004044,Neel Mall,Sports Equipment,No,2023-11-27,5.0,"Great sports equipment, exactly as described. Very happy with it."
ORD004045,Laksh Sani,Books,No,,,
ORD004046,Ishanvi Konda,Electronics,No,2023-11-06,4.0,"Really satisfied, highly recommend this electronics."
ORD004047,Farhan Mammen,Groceries,No,,,
ORD004048,Bakhshi Nagar,Books,No,,,
ORD004049,Damyanti Sahni,Groceries,No,2024-12-10,4.0,"Excellent quality for the price, would buy groceries again."
ORD004050,Waida Bandi,Groceries,No,2025-01-06,5.0,"Really satisfied, highly recommend this groceries."
ORD004051,Viraj Barad,Electronics,No,,,
ORD004052,Victor Goda,Electronics,No,2024-03-21,1.0,"Not worth the price, expected better electronics."
ORD004053,Zarna Wali,Electronics,No,2026-01-19,5.0,"Fast delivery, electronics exceeded my expectations."
ORD004054,Vidhi Gaba,Sports Equipment,No,2024-03-25,5.0,"Fast delivery, sports equipment exceeded my expectations."
ORD004055,Rehaan Morar,Electronics,No,2026-01-17,4.0,"Excellent quality for the price, would buy electronics again."
ORD004056,Tanay Sagar,Electronics,No,2024-11-01,4.0,"Excellent quality for the price, would buy electronics again."
ORD004057,Garima Agarwal,Kitchenware,No,2023-06-04,4.0,"Really satisfied, highly recommend this kitchenware."
ORD004058,Tripti Goyal,Groceries,No,2024-10-05,3.0,"The groceries is okay, does the job but nothing special."
ORD004059,Oviya Tara,Kitchenware,No,2023-03-26,4.0,"Excellent quality for the price, would buy kitchenware again."
ORD004060,Jagdish Bedi,Sports Equipment,No,,,
ORD004061,Adya Patla,Furniture,No,2024-08-05,3.0,"Average furniture, packaging could be better."
ORD004062,Ranbir Kala,Electronics,Yes,2023-12-05,5.0,"Fast delivery, electronics exceeded my expectations."
ORD004063,Qushi Pau,Electronics,Yes,2025-06-21,5.0,"Excellent quality for the price, would buy electronics again."
ORD004064,Maanas Ratta,Groceries,No,2025-04-01,5.0,"Excellent quality for the price, would buy groceries again."
ORD004065,Harshil Vyas,Electronics,No,2025-02-28,5.0,"Really satisfied, highly recommend this electronics."
ORD004066,Harsh Gala,Groceries,No,,,
ORD004067,Devansh Mital,Books,No,2023-04-08,2.0,"Disappointed with this books, quality is not good."
ORD004068,Ojasvi Parmer,Kitchenware,Yes,2024-10-25,4.0,"Fast delivery, kitchenware exceeded my expectations."
ORD004069,Vedhika Raj,Electronics,No,2025-11-26,1.0,"Disappointed with this electronics, quality is not good."
ORD004070,Rajeshri Kapadia,Furniture,No,2024-04-02,4.0,"Great furniture, exactly as described. Very happy with it."
ORD004071,Reva Kota,Groceries,No,2023-09-20,4.0,"Excellent quality for the price, would buy groceries again."
ORD004072,Quincy Parsa,Kitchenware,No,2024-06-26,5.0,"Really satisfied, highly recommend this kitchenware."
ORD004073,Adya Sangha,Groceries,No,,,
ORD004074,Aarna Jaggi,Books,No,2024-07-21,4.0,"Really satisfied, highly recommend this books."
ORD004075,Varsha Sundaram,Toys,No,,,
ORD004076,Darpan Gour,Shoes,Yes,2024-07-21,4.0,"Fast delivery, shoes exceeded my expectations."
ORD004077,Vivaan Grewal,Groceries,No,2024-07-15,5.0,"Excellent quality for the price, would buy groceries again."
ORD004078,Avi Sarkar,Electronics,No,2023-05-15,3.0,"Average electronics, packaging could be better."
ORD004079,Harinakshi Sahni,Clothes,No,2024-12-14,5.0,"Really satisfied, highly recommend this clothes."
ORD004080,Damyanti Sahni,Beauty Products,No,,,
ORD004081,Eshana Tiwari,Furniture,Yes,2023-10-05,1.0,"Not worth the price, expected better furniture."
ORD004082,Dalbir Sule,Beauty Products,No,2024-07-16,4.0,"Great beauty products, exactly as described. Very happy with it."
ORD004083,Qabil Lall,Beauty Products,No,2023-04-09,5.0,"Really satisfied, highly recommend this beauty products."
ORD004084,Dipta Shroff,Beauty Products,No,2025-06-18,4.0,"Excellent quality for the price, would buy beauty products again."
ORD004085,Jagdish Kurian,Sports Equipment,No,2023-12-01,4.0,"Excellent quality for the price, would buy sports equipment again."
ORD004086,Ishanvi Konda,Furniture,No,2023-06-01,2.0,"Not worth the price, expected better furniture."
ORD004087,Lakshmi Bhat,Books,No,,,
ORD004088,Harish Shetty,Toys,No,2023-08-21,5.0,"Fast delivery, toys exceeded my expectations."
ORD004089,Gautami Lall,Books,No,2024-08-10,5.0,"Really satisfied, highly recommend this books."
ORD004090,Harinakshi Sahni,Kitchenware,No,2023-06-23,2.0,"Disappointed with this kitchenware, quality is not good."
ORD004091,Nitesh Oommen,Groceries,No,2025-08-16,4.0,"Fast delivery, groceries exceeded my expectations."
ORD004092,Meera Chawla,Groceries,No,2025-01-23,2.0,"Disappointed with this groceries, quality is not good."
ORD004093,Vihaan Dora,Kitchenware,No,2025-12-01,5.0,"Excellent quality for the price, would buy kitchenware again."
ORD004094,Akshay Kohli,Sports Equipment,No,,,
ORD004095,Imaran Buch,Groceries,No,,,
ORD004096,Samesh Jani,Clothes,No,2024-09-29,4.0,"Excellent quality for the price, would buy clothes again."
ORD004097,Abha Keer,Kitchenware,Yes,2023-09-09,2.0,"Not worth the price, expected better kitchenware."
ORD004098,Shravya Ravi,Shoes,Yes,2024-01-11,3.0,"Average shoes, packaging could be better."
ORD004099,Charles Balay,Beauty Products,No,2023-07-25,3.0,"Average beauty products, packaging could be better."
ORD004100,Dhruv Bandi,Sports Equipment,No,,,
ORD004101,Kala Vig,Groceries,No,2024-12-07,4.0,"Great groceries, exactly as described. Very happy with it."
ORD004102,Guneet Tripathi,Beauty Products,No,2024-08-27,4.0,"Fast delivery, beauty products exceeded my expectations."
ORD004103,Vyanjana Mani,Electronics,No,2024-08-27,1.0,"Received a damaged electronics, had to return it."
ORD004104,Hardik Kalla,Groceries,No,,,
ORD004105,Aayush Parekh,Electronics,No,2023-01-25,4.0,"Really satisfied, highly recommend this electronics."
ORD004106,Aachal Thakkar,Sports Equipment,No,2024-12-28,4.0,"Really satisfied, highly recommend this sports equipment."
ORD004107,Pahal Krishnamurthy,Toys,No,2023-04-26,3.0,"Average toys, packaging could be better."
ORD004108,Devansh Mital,Shoes,No,2023-06-29,4.0,"Really satisfied, highly recommend this shoes."
ORD004109,Nidhi Sekhon,Toys,No,2025-03-10,5.0,"Really satisfied, highly recommend this toys."
ORD004110,Yutika Bhagat,Kitchenware,No,2024-01-01,4.0,"Fast delivery, kitchenware exceeded my expectations."
ORD004111,Urishilla Naik,Toys,No,2023-07-23,5.0,"Really satisfied, highly recommend this toys."
ORD004112,Elijah Raman,Books,No,,,
ORD004113,Raghav Pradhan,Books,No,,,
ORD004114,Omya Boase,Shoes,No,2024-07-30,4.0,"Really satisfied, highly recommend this shoes."
ORD004115,Pranit Kohli,Books,No,2023-01-18,5.0,"Excellent quality for the price, would buy books again."
ORD004116,William Khanna,Electronics,No,2025-05-07,4.0,"Fast delivery, electronics exceeded my expectations."
ORD004117,Radhika Mahal,Books,No,2023-03-30,5.0,"Really satisfied, highly recommend this books."
ORD004118,Veer Karnik,Kitchenware,No,2023-05-03,4.0,"Fast delivery, kitchenware exceeded my expectations."
ORD004119,Yashvi Bahl,Sports Equipment,No,,,
ORD004120,Hitesh Virk,Books,No,2024-06-30,2.0,"Not worth the price, expected better books."
ORD004121,Falak Anne,Clothes,No,2025-07-22,5.0,"Fast delivery, clothes exceeded my expectations."
ORD004122,Urvi Bhattacharyya,Sports Equipment,No,2025-09-05,4.0,"Great sports equipment, exactly as described. Very happy with it."
ORD004123,Hredhaan Edwin,Groceries,No,2025-09-01,5.0,"Great groceries, exactly as described. Very happy with it."
ORD004124,Liam Solanki,Sports Equipment,No,,,
ORD004125,Veda Muni,Beauty Products,No,2024-12-24,4.0,"Excellent quality for the price, would buy beauty products again."
ORD004126,Gaurang Kamdar,Books,No,2023-07-15,2.0,"Disappointed with this books, quality is not good."
ORD004127,Imaran Edwin,Electronics,No,2024-03-11,4.0,"Fast delivery, electronics exceeded my expectations."
ORD004128,Triya Pant,Groceries,No,2025-12-17,2.0,"Not worth the price, expected better groceries."
ORD004129,Karan Bhat,Groceries,Yes,,,
ORD004130,Yug Rao,Clothes,No,2023-02-28,4.0,"Fast delivery, clothes exceeded my expectations."
ORD004131,Janya Sankaran,Sports Equipment,No,,,
ORD004132,Maanas Swamy,Beauty Products,No,2025-09-21,5.0,"Really satisfied, highly recommend this beauty products."
ORD004133,Ekani Sood,Clothes,No,2023-08-17,4.0,"Really satisfied, highly recommend this clothes."
ORD004134,Ekapad Chander,Groceries,No,,,
ORD004135,Tanvi Ghosh,Toys,No,2024-10-26,2.0,"Disappointed with this toys, quality is not good."
ORD004136,Meera Bajaj,Furniture,No,2023-10-26,1.0,"Disappointed with this furniture, quality is not good."
ORD004137,Jackson Patil,Beauty Products,Yes,2025-08-19,1.0,"Disappointed with this beauty products, quality is not good."
ORD004138,Pranav Saraf,Books,No,2023-04-19,4.0,"Excellent quality for the price, would buy books again."
ORD004139,Zarna Peri,Shoes,No,2023-12-25,5.0,"Excellent quality for the price, would buy shoes again."
ORD004140,Aarna Jaggi,Electronics,No,2024-10-20,4.0,"Really satisfied, highly recommend this electronics."
ORD004141,Chakradev Bains,Kitchenware,No,2023-10-02,5.0,"Excellent quality for the price, would buy kitchenware again."
ORD004142,Yashawini Sengupta,Groceries,No,2025-03-30,5.0,"Great groceries, exactly as described. Very happy with it."
ORD004143,Kai Bassi,Books,No,2023-07-13,4.0,"Great books, exactly as described. Very happy with it."
ORD004144,Jagdish Kurian,Groceries,No,2025-02-12,3.0,"The groceries is okay, does the job but nothing special."
ORD004145,Harrison Rana,Electronics,No,2024-04-27,3.0,"The electronics is okay, does the job but nothing special."
ORD004146,Frado Joshi,Books,No,2023-03-25,4.0,"Really satisfied, highly recommend this books."
ORD004147,Frederick Nair,Books,No,2024-04-13,5.0,"Really satisfied, highly recommend this books."
ORD004148,Ekansh Batra,Electronics,No,2025-12-02,5.0,"Excellent quality for the price, would buy electronics again."
ORD004149,Meghana Ben,Clothes,No,2025-01-06,1.0,"Disappointed with this clothes, quality is not good."
ORD004150,Adya Sangha,Electronics,No,2023-09-29,5.0,"Really satisfied, highly recommend this electronics."
ORD004151,Lucky Sagar,Electronics,No,,,
ORD004152,Ganga Bumb,Groceries,No,2023-07-04,3.0,"The groceries is okay, does the job but nothing special."
ORD004153,Yamini Bir,Sports Equipment,No,,,
ORD004154,Neel Mall,Groceries,No,2024-12-16,4.0,"Fast delivery, groceries exceeded my expectations."
ORD004155,Eiravati Khare,Electronics,No,2023-10-25,3.0,"Average electronics, packaging could be better."
ORD004156,Triveni Mallick,Electronics,No,2025-11-16,4.0,"Great electronics, exactly as described. Very happy with it."
ORD004157,Faqid Gole,Groceries,No,2023-06-10,5.0,"Excellent quality for the price, would buy groceries again."
ORD004158,Hredhaan Edwin,Toys,Yes,2024-10-22,4.0,"Great toys, exactly as described. Very happy with it."
ORD004159,Udarsh Dubey,Groceries,No,2024-12-01,5.0,"Fast delivery, groceries exceeded my expectations."
ORD004160,Kavya Sandhu,Beauty Products,No,2024-01-22,5.0,"Really satisfied, highly recommend this beauty products."
ORD004161,Balvan Jani,Kitchenware,No,2024-08-17,4.0,"Fast delivery, kitchenware exceeded my expectations."
ORD004162,Vaishnavi Shroff,Sports Equipment,No,,,
ORD004163,Girindra Gola,Books,No,2024-09-16,3.0,"The books is okay, does the job but nothing special."
ORD004164,Matthew Yadav,Books,Yes,2024-07-28,4.0,"Really satisfied, highly recommend this books."
ORD004165,Rohan Rajagopalan,Sports Equipment,No,2024-08-24,1.0,"Received a damaged sports equipment, had to return it."
ORD004166,Ryan Venkataraman,Clothes,No,2025-04-28,5.0,"Great clothes, exactly as described. Very happy with it."
ORD004167,Chatura Thaman,Sports Equipment,No,2024-08-18,4.0,"Great sports equipment, exactly as described. Very happy with it."
ORD004168,Nidra Devan,Books,No,,,
ORD004169,Benjamin Devi,Sports Equipment,No,2024-04-08,1.0,"Not worth the price, expected better sports equipment."
ORD004170,Frado Raj,Groceries,Yes,2023-03-03,5.0,"Really satisfied, highly recommend this groceries."
ORD004171,Zayyan Palan,Books,No,2025-04-30,5.0,"Really satisfied, highly recommend this books."
ORD004172,Indali Kunda,Groceries,Yes,2024-11-04,1.0,"Not worth the price, expected better groceries."
ORD004173,Rishi Kashyap,Shoes,Yes,2025-11-17,3.0,"The shoes is okay, does the job but nothing special."
ORD004174,Udarsh Sachdev,Beauty Products,No,,,
ORD004175,Chandresh Bahl,Electronics,No,2025-07-30,3.0,"The electronics is okay, does the job but nothing special."
ORD004176,Zehaan Pradhan,Clothes,Yes,,,
ORD004177,Gaurav Toor,Electronics,No,2024-12-31,5.0,"Fast delivery, electronics exceeded my expectations."
ORD004178,Vansha Deol,Shoes,No,2025-05-12,4.0,"Great shoes, exactly as described. Very happy with it."
ORD004179,Watika Buch,Books,No,2023-07-12,5.0,"Really satisfied, highly recommend this books."
ORD004180,Quincy Parsa,Toys,No,2023-03-14,3.0,"The toys is okay, does the job but nothing special."
ORD004181,Osha Patil,Clothes,No,2024-02-12,5.0,"Really satisfied, highly recommend this clothes."
ORD004182,Meghana Ben,Electronics,No,,,
ORD004183,Radhika Mahal,Electronics,No,,,
ORD004184,Mekhala Dar,Clothes,No,,,
ORD004185,Amruta Sehgal,Groceries,No,2024-07-09,5.0,"Excellent quality for the price, would buy groceries again."
ORD004186,Vaishnavi Shroff,Sports Equipment,No,,,
ORD004187,Rachana Muni,Furniture,No,2023-09-24,5.0,"Excellent quality for the price, would buy furniture again."
ORD004188,Thomas Sethi,Groceries,No,2025-12-25,3.0,"The groceries is okay, does the job but nothing special."
ORD004189,George Golla,Electronics,No,2024-01-17,5.0,"Great electronics, exactly as described. Very happy with it."
ORD004190,Chameli Aggarwal,Sports Equipment,No,,,
ORD004191,Robert Lal,Electronics,Yes,2023-10-23,5.0,"Excellent quality for the price, would buy electronics again."
ORD004192,Gautam Aurora,Toys,No,2025-06-21,5.0,"Fast delivery, toys exceeded my expectations."
ORD004193,Vrinda Sama,Sports Equipment,No,2023-06-13,2.0,"Received a damaged sports equipment, had to return it."
ORD004194,Akshay Kohli,Electronics,No,2023-04-23,4.0,"Fast delivery, electronics exceeded my expectations."
ORD004195,Vivaan Grewal,Clothes,No,2024-03-29,5.0,"Excellent quality for the price, would buy clothes again."
ORD004196,Harrison Arya,Furniture,No,2024-07-08,1.0,"Received a damaged furniture, had to return it."
ORD004197,Hritik Talwar,Beauty Products,No,2023-07-01,2.0,"Disappointed with this beauty products, quality is not good."
ORD004198,Tara Sur,Electronics,Yes,2024-09-12,4.0,"Really satisfied, highly recommend this electronics."
ORD004199,Imaran Edwin,Clothes,No,,,
ORD004200,Qasim Muni,Electronics,No,2023-09-26,5.0,"Fast delivery, electronics exceeded my expectations."
ORD004201,Fitan Kala,Sports Equipment,No,,,
ORD004202,Vivaan Seth,Furniture,No,,,
ORD004203,Inaya Sawhney,Furniture,No,2025-08-16,4.0,"Fast delivery, furniture exceeded my expectations."
ORD004204,Zaid Sandal,Furniture,No,2025-04-02,3.0,"The furniture is okay, does the job but nothing special."
ORD004205,Vrishti Shroff,Electronics,No,,,
ORD004206,Yoshita Soman,Electronics,No,2024-05-04,5.0,"Great electronics, exactly as described. Very happy with it."
ORD004207,Omkaar Chopra,Toys,No,2024-05-21,3.0,"The toys is okay, does the job but nothing special."
ORD004208,Idika Singh,Sports Equipment,No,,,
ORD004209,Megha Shroff,Kitchenware,No,2025-06-08,4.0,"Great kitchenware, exactly as described. Very happy with it."
ORD004210,Balveer Dani,Beauty Products,No,2025-01-17,1.0,"Not worth the price, expected better beauty products."
ORD004211,Anusha Raja,Groceries,No,2025-07-15,4.0,"Great groceries, exactly as described. Very happy with it."
ORD004212,Chanakya Pillai,Sports Equipment,No,2024-07-14,4.0,"Really satisfied, highly recommend this sports equipment."
ORD004213,Ijaya Narain,Groceries,Yes,,,
ORD004214,Kala Vig,Furniture,No,,,
ORD004215,Kala Nagar,Beauty Products,No,2024-06-13,4.0,"Fast delivery, beauty products exceeded my expectations."
ORD004216,Chatura Thaman,Books,Yes,2024-02-16,4.0,"Fast delivery, books exceeded my expectations."
ORD004217,Theodore Chandra,Books,No,2025-01-30,5.0,"Fast delivery, books exceeded my expectations."
ORD004218,Gavin Gade,Beauty Products,No,,,
ORD004219,Varsha Sundaram,Books,No,2023-08-12,3.0,"The books is okay, does the job but nothing special."
ORD004220,Arya Thakkar,Beauty Products,No,2024-01-29,3.0,"The beauty products is okay, does the job but nothing special."
ORD004221,Onkar Datta,Electronics,No,2024-08-08,2.0,"Received a damaged electronics, had to return it."
ORD004222,Imaran Buch,Electronics,No,2025-12-12,4.0,"Fast delivery, electronics exceeded my expectations."
ORD004223,Nimrat Vasa,Books,No,2023-09-07,4.0,"Excellent quality for the price, would buy books again."
ORD004224,Zarna Wali,Clothes,No,2023-12-04,4.0,"Fast delivery, clothes exceeded my expectations."
ORD004225,Gabriel Randhawa,Furniture,No,2025-12-22,1.0,"Not worth the price, expected better furniture."
ORD004226,Eiravati Khare,Electronics,Yes,2025-12-17,3.0,"Average electronics, packaging could be better."
ORD004227,Timothy Bhatti,Shoes,No,2024-01-22,3.0,"Average shoes, packaging could be better."
ORD004228,Anika Rout,Kitchenware,No,2024-04-21,1.0,"Disappointed with this kitchenware, quality is not good."
ORD004229,Maanav Madan,Sports Equipment,No,,,
ORD004230,Gavin Gade,Beauty Products,Yes,2026-01-01,5.0,"Really satisfied, highly recommend this beauty products."
ORD004231,Luke Arora,Clothes,No,,,
ORD004232,Nathan Mander,Electronics,No,2023-09-30,5.0,"Excellent quality for the price, would buy electronics again."
ORD004233,Zaitra Bora,Shoes,No,2023-06-11,5.0,"Great shoes, exactly as described. Very happy with it."
ORD004234,Quincy Parsa,Toys,No,2024-12-04,4.0,"Excellent quality for the price, would buy toys again."
ORD004235,Urishilla Naik,Beauty Products,No,,,
ORD004236,Tripti Goyal,Shoes,No,2024-02-25,2.0,"Received a damaged shoes, had to return it."
ORD004237,Nandini Karan,Kitchenware,No,2023-09-10,4.0,"Excellent quality for the price, would buy kitchenware again."
ORD004238,Pallavi Lal,Beauty Products,No,2024-07-14,2.0,"Disappointed with this beauty products, quality is not good."
ORD004239,Azaan Roy,Groceries,No,2024-10-19,2.0,"Not worth the price, expected better groceries."
ORD004240,Garima Agarwal,Shoes,No,2025-03-05,4.0,"Really satisfied, highly recommend this shoes."
ORD004241,Chaitanya Bhatia,Shoes,No,,,
ORD004242,Praneel Bajaj,Groceries,Yes,,,
ORD004243,Victor Chada,Sports Equipment,No,,,
ORD004244,Shravya Naik,Electronics,No,2024-11-19,5.0,"Fast delivery, electronics exceeded my expectations."
ORD004245,Qadim Sen,Sports Equipment,No,,,
ORD004246,Noah Sur,Electronics,No,2025-04-28,3.0,"The electronics is okay, does the job but nothing special."
ORD004247,Bimala Shanker,Groceries,No,2025-04-01,1.0,"Received a damaged groceries, had to return it."
ORD004248,Tanmayi Boase,Sports Equipment,Yes,2023-10-15,5.0,"Excellent quality for the price, would buy sports equipment again."
ORD004249,Viraj Arora,Groceries,No,2024-05-18,5.0,"Really satisfied, highly recommend this groceries."
ORD004250,Dominic Som,Beauty Products,No,2023-10-07,3.0,"The beauty products is okay, does the job but nothing special."
ORD004251,Januja Iyengar,Sports Equipment,No,2024-04-29,3.0,"Average sports equipment, packaging could be better."
ORD004252,Parth Jha,Clothes,No,2024-12-26,3.0,"Average clothes, packaging could be better."
ORD004253,Alka Srinivas,Sports Equipment,Yes,2023-03-21,5.0,"Fast delivery, sports equipment exceeded my expectations."
ORD004254,Widisha Minhas,Toys,No,2023-02-28,5.0,"Great toys, exactly as described. Very happy with it."
ORD004255,Charan Mangal,Groceries,Yes,2025-10-07,5.0,"Excellent quality for the price, would buy groceries again."
ORD004256,Pahal Krishnamurthy,Toys,No,2023-06-15,5.0,"Fast delivery, toys exceeded my expectations."
ORD004257,Bimala Shanker,Shoes,No,2024-02-09,3.0,"The shoes is okay, does the job but nothing special."
ORD004258,Gabriel Randhawa,Toys,No,2024-10-10,5.0,"Fast delivery, toys exceeded my expectations."
ORD004259,Ijaya Narain,Electronics,No,,,
ORD004260,Sathvik Lall,Toys,No,2023-03-21,5.0,"Great toys, exactly as described. Very happy with it."
ORD004261,Owen Trivedi,Kitchenware,No,2024-09-05,5.0,"Fast delivery, kitchenware exceeded my expectations."
ORD004262,Xavier Sani,Kitchenware,No,,,
ORD004263,Darpan Gour,Clothes,No,,,
ORD004264,Lopa Narasimhan,Toys,No,2024-09-24,5.0,"Excellent quality for the price, would buy toys again."
ORD004265,Reyansh Kohli,Books,No,2024-03-28,3.0,"Average books, packaging could be better."
ORD004266,Lakshmi Bhat,Books,No,2025-03-27,5.0,"Excellent quality for the price, would buy books again."
ORD004267,Hamsini Rao,Groceries,No,,,
ORD004268,Zayan Sani,Furniture,No,2024-04-26,3.0,"The furniture is okay, does the job but nothing special."
ORD004269,Imaran Edwin,Shoes,No,2024-04-17,4.0,"Great shoes, exactly as described. Very happy with it."
ORD004270,Megha Shroff,Clothes,No,2024-06-26,5.0,"Great clothes, exactly as described. Very happy with it."
ORD004271,Timothy Bhatti,Books,No,2024-07-26,5.0,"Really satisfied, highly recommend this books."
ORD004272,Rishi Kashyap,Clothes,No,2025-05-31,4.0,"Fast delivery, clothes exceeded my expectations."
ORD004273,Nandini Bhatia,Books,No,2025-09-18,3.0,"Average books, packaging could be better."
ORD004274,Zilmil Bail,Toys,No,,,
ORD004275,Aarav Anne,Groceries,No,,,
ORD004276,Hitesh Virk,Books,No,,,
ORD004277,Atharv Madan,Clothes,No,,,
ORD004278,Yachana De,Kitchenware,No,2024-02-18,5.0,"Fast delivery, kitchenware exceeded my expectations."
ORD004279,Abhiram Mitter,Clothes,No,2024-03-30,4.0,"Fast delivery, clothes exceeded my expectations."
ORD004280,Ayushman Bahl,Electronics,No,2026-01-09,2.0,"Received a damaged electronics, had to return it."
ORD004281,Keya Sarkar,Books,No,,,
ORD004282,Raghav Pradhan,Shoes,No,2025-07-13,5.0,"Great shoes, exactly as described. Very happy with it."
ORD004283,Ucchal Shukla,Sports Equipment,No,2023-07-27,4.0,"Great sports equipment, exactly as described. Very happy with it."
ORD004284,Omkaar Chopra,Sports Equipment,No,2025-10-07,4.0,"Excellent quality for the price, would buy sports equipment again."
ORD004285,Gavin Lalla,Groceries,No,2024-11-17,1.0,"Disappointed with this groceries, quality is not good."
ORD004286,Viraj Arora,Toys,Yes,2026-01-06,5.0,"Excellent quality for the price, would buy toys again."
ORD004287,Luke Arora,Clothes,No,2026-01-15,1.0,"Disappointed with this clothes, quality is not good."
ORD004288,Dipta Vaidya,Books,No,2024-02-01,5.0,"Fast delivery, books exceeded my expectations."
ORD004289,David Kurian,Clothes,No,2024-06-09,4.0,"Really satisfied, highly recommend this clothes."
ORD004290,Falak Rege,Sports Equipment,No,2025-07-18,5.0,"Fast delivery, sports equipment exceeded my expectations."
ORD004291,Brinda Mammen,Beauty Products,No,2024-02-04,5.0,"Fast delivery, beauty products exceeded my expectations."
ORD004292,Zayan Sani,Kitchenware,No,,,
ORD004293,Kiaan Arora,Shoes,No,2024-12-10,5.0,"Really satisfied, highly recommend this shoes."
ORD004294,Parth Hegde,Furniture,No,,,
ORD004295,Bhanumati Saran,Books,No,2025-03-19,4.0,"Really satisfied, highly recommend this books."
ORD004296,Ijaya Narain,Shoes,No,2023-08-12,2.0,"Not worth the price, expected better shoes."
ORD004297,Christopher Vasa,Beauty Products,No,2024-12-12,5.0,"Fast delivery, beauty products exceeded my expectations."
ORD004298,Pooja Grewal,Sports Equipment,No,2024-10-05,4.0,"Fast delivery, sports equipment exceeded my expectations."
ORD004299,Viraj Barad,Electronics,No,,,
ORD004300,Oni Dhawan,Shoes,No,2025-12-12,4.0,"Fast delivery, shoes exceeded my expectations."
ORD004301,Rohan Arora,Electronics,No,2023-07-04,4.0,"Really satisfied, highly recommend this electronics."
ORD004302,Vyanjana Mani,Kitchenware,No,2023-07-11,2.0,"Received a damaged kitchenware, had to return it."
ORD004303,Lopa Narasimhan,Beauty Products,No,2026-01-09,5.0,"Really satisfied, highly recommend this beauty products."
ORD004304,Rachit Bedi,Kitchenware,Yes,2024-01-19,5.0,"Really satisfied, highly recommend this kitchenware."
ORD004305,Omaja Badami,Beauty Products,No,2025-10-26,5.0,"Great beauty products, exactly as described. Very happy with it."
ORD004306,Garima Kumar,Beauty Products,No,2023-02-20,4.0,"Really satisfied, highly recommend this beauty products."
ORD004307,Faras Murthy,Beauty Products,No,,,
ORD004308,Jagat Iyengar,Kitchenware,No,2023-10-21,4.0,"Fast delivery, kitchenware exceeded my expectations."
ORD004309,Falan Johal,Furniture,No,2023-04-25,5.0,"Excellent quality for the price, would buy furniture again."
ORD004310,Vrishti Shroff,Sports Equipment,No,,,
ORD004311,Orinder Barad,Groceries,Yes,,,
ORD004312,Amruta Sehgal,Shoes,No,2024-09-01,4.0,"Excellent quality for the price, would buy shoes again."
ORD004313,Ayush Bail,Electronics,No,2025-10-11,5.0,"Fast delivery, electronics exceeded my expectations."
ORD004314,Pratyush Bansal,Groceries,No,2024-11-12,5.0,"Really satisfied, highly recommend this groceries."
ORD004315,Idika Bhagat,Toys,No,2025-07-19,5.0,"Really satisfied, highly recommend this toys."
ORD004316,Hitesh Prabhu,Clothes,No,2024-01-28,1.0,"Not worth the price, expected better clothes."
ORD004317,Qushi Pau,Beauty Products,No,2025-02-11,3.0,"The beauty products is okay, does the job but nothing special."
ORD004318,Fitan Kala,Electronics,No,2023-08-12,4.0,"Really satisfied, highly recommend this electronics."
ORD004319,Rayaan Goyal,Kitchenware,No,2023-08-29,2.0,"Disappointed with this kitchenware, quality is not good."
ORD004320,Charan Banerjee,Books,No,,,
ORD004321,Robert Lal,Clothes,No,2025-03-05,5.0,"Great clothes, exactly as described. Very happy with it."
ORD004322,Bhavna Sood,Clothes,No,,,
ORD004323,Nitesh Dayal,Shoes,No,2025-08-08,2.0,"Received a damaged shoes, had to return it."
ORD004324,Aarini Ravel,Kitchenware,No,2025-02-21,1.0,"Disappointed with this kitchenware, quality is not good."
ORD004325,Jagat Iyengar,Groceries,No,2023-10-15,4.0,"Excellent quality for the price, would buy groceries again."
ORD004326,Kavya Srivastava,Toys,No,,,
ORD004327,Yashica Aurora,Shoes,No,2023-01-22,4.0,"Really satisfied, highly recommend this shoes."
ORD004328,Oni Dhawan,Kitchenware,No,2025-12-02,3.0,"The kitchenware is okay, does the job but nothing special."
ORD004329,Vansha Deol,Furniture,No,2025-04-06,4.0,"Really satisfied, highly recommend this furniture."
ORD004330,Garima Kumar,Groceries,No,2024-11-16,4.0,"Excellent quality for the price, would buy groceries again."
ORD004331,Megha Shroff,Clothes,No,2025-08-07,5.0,"Really satisfied, highly recommend this clothes."
ORD004332,Vedhika Raj,Groceries,No,2023-01-25,2.0,"Disappointed with this groceries, quality is not good."
ORD004333,Arjun Kaur,Clothes,No,,,
ORD004334,Shravya Char,Sports Equipment,No,,,
ORD004335,Eesha Ahluwalia,Kitchenware,No,,,
ORD004336,Kala Vig,Beauty Products,No,2023-09-29,5.0,"Really satisfied, highly recommend this beauty products."
ORD004337,Ranbir Kala,Kitchenware,No,2023-07-18,5.0,"Excellent quality for the price, would buy kitchenware again."
ORD004338,Mugdha Jani,Electronics,No,2023-05-07,2.0,"Disappointed with this electronics, quality is not good."
ORD004339,Mekhala Dar,Toys,No,2023-09-07,5.0,"Fast delivery, toys exceeded my expectations."
ORD004340,Vanya Yohannan,Kitchenware,No,,,
ORD004341,Henry Puri,Sports Equipment,No,2023-01-23,4.0,"Great sports equipment, exactly as described. Very happy with it."
ORD004342,Jasmit Dhar,Groceries,No,2023-04-01,4.0,"Great groceries, exactly as described. Very happy with it."
ORD004343,Ganga Handa,Furniture,No,,,
ORD004344,Nandini Bhatia,Clothes,No,2023-09-09,4.0,"Really satisfied, highly recommend this clothes."
ORD004345,Dayita Munshi,Kitchenware,No,2023-03-06,2.0,"Not worth the price, expected better kitchenware."
ORD004346,Ishanvi Nagar,Toys,No,,,
ORD004347,Vaishnavi Sachar,Groceries,No,2024-08-18,3.0,"The groceries is okay, does the job but nothing special."
ORD004348,Ikbal Tandon,Electronics,No,2024-05-31,4.0,"Really satisfied, highly recommend this electronics."
ORD004349,Falan Lanka,Beauty Products,No,2024-06-08,5.0,"Excellent quality for the price, would buy beauty products again."
ORD004350,Saumya Ratti,Groceries,No,2025-02-12,5.0,"Excellent quality for the price, would buy groceries again."
ORD004351,Vansha Deol,Sports Equipment,No,2023-02-09,3.0,"The sports equipment is okay, does the job but nothing special."
ORD004352,Nitara Rajagopal,Groceries,No,,,
ORD004353,Ubika Bains,Shoes,No,2025-05-19,3.0,"Average shoes, packaging could be better."
ORD004354,William Khanna,Clothes,Yes,2023-06-17,3.0,"The clothes is okay, does the job but nothing special."
ORD004355,Andrew Tiwari,Beauty Products,No,2023-02-20,3.0,"Average beauty products, packaging could be better."
ORD004356,Charita Vohra,Groceries,Yes,2023-11-03,5.0,"Excellent quality for the price, would buy groceries again."
ORD004357,Girish Swamy,Kitchenware,No,2023-07-21,4.0,"Really satisfied, highly recommend this kitchenware."
ORD004358,Xiti Puri,Books,No,2024-02-05,4.0,"Really satisfied, highly recommend this books."
ORD004359,Ishanvi Nagar,Toys,No,2023-03-20,4.0,"Fast delivery, toys exceeded my expectations."
ORD004360,Zashil Chaudhuri,Toys,No,2023-10-14,5.0,"Excellent quality for the price, would buy toys again."
ORD004361,Leela Swaminathan,Shoes,No,2024-03-18,4.0,"Really satisfied, highly recommend this shoes."
ORD004362,Warda Ramaswamy,Furniture,No,,,
ORD004363,Mason Koshy,Books,Yes,,,
ORD004364,Hritik Talwar,Clothes,No,,,
ORD004365,Ekiya Patla,Electronics,No,2025-08-15,5.0,"Really satisfied, highly recommend this electronics."
ORD004366,Victor Chada,Electronics,No,2023-07-29,4.0,"Excellent quality for the price, would buy electronics again."
ORD004367,Vanya Yohannan,Groceries,No,2024-11-05,4.0,"Great groceries, exactly as described. Very happy with it."
ORD004368,Gavin Gade,Groceries,No,2024-10-24,4.0,"Great groceries, exactly as described. Very happy with it."
ORD004369,Idika Bhagat,Electronics,No,2024-11-15,5.0,"Excellent quality for the price, would buy electronics again."
ORD004370,Nicholas Choudhary,Sports Equipment,No,2024-06-18,5.0,"Great sports equipment, exactly as described. Very happy with it."
ORD004371,Jatin Kapoor,Electronics,No,2023-01-24,2.0,"Disappointed with this electronics, quality is not good."
ORD004372,Shravya Char,Furniture,No,2025-12-26,5.0,"Excellent quality for the price, would buy furniture again."
ORD004373,Tripti Goyal,Books,No,2024-10-16,2.0,"Received a damaged books, had to return it."
ORD004374,Indali Kunda,Electronics,No,,,
ORD004375,Ekiya Konda,Electronics,No,2023-04-19,5.0,"Fast delivery, electronics exceeded my expectations."
ORD004376,Omya Boase,Electronics,No,2025-03-11,2.0,"Received a damaged electronics, had to return it."
ORD004377,Sachi Chauhan,Electronics,No,2025-04-08,2.0,"Disappointed with this electronics, quality is not good."
ORD004378,Manan Mahal,Groceries,No,2024-10-23,5.0,"Excellent quality for the price, would buy groceries again."
ORD004379,Nicholas Bhandari,Toys,No,2024-06-22,3.0,"Average toys, packaging could be better."
ORD004380,Chasmum Goyal,Beauty Products,No,2023-11-09,5.0,"Excellent quality for the price, would buy beauty products again."
ORD004381,Upadhriti Menon,Sports Equipment,No,2026-01-07,3.0,"The sports equipment is okay, does the job but nothing special."
ORD004382,Karan Kumar,Kitchenware,No,2025-10-23,5.0,"Excellent quality for the price, would buy kitchenware again."
ORD004383,Simon Mitter,Groceries,No,2025-06-24,4.0,"Really satisfied, highly recommend this groceries."
ORD004384,Vasudha Agarwal,Shoes,No,2023-01-19,3.0,"Average shoes, packaging could be better."
ORD004385,Tara Sastry,Beauty Products,No,2026-01-12,4.0,"Fast delivery, beauty products exceeded my expectations."
ORD004386,Ishani Bhalla,Books,No,2025-04-29,4.0,"Really satisfied, highly recommend this books."
ORD004387,Ishani Bhalla,Electronics,No,2023-06-12,3.0,"Average electronics, packaging could be better."
ORD004388,Jyoti Dhingra,Beauty Products,No,,,
ORD004389,Qarin Ramanathan,Shoes,No,,,
ORD004390,Kritika Chacko,Sports Equipment,Yes,2023-03-10,5.0,"Great sports equipment, exactly as described. Very happy with it."
ORD004391,Garima Agarwal,Shoes,No,2023-12-08,5.0,"Fast delivery, shoes exceeded my expectations."
ORD004392,Yatan Tripathi,Furniture,No,2025-05-30,1.0,"Not worth the price, expected better furniture."
ORD004393,Mitesh Varghese,Groceries,No,2025-01-28,4.0,"Excellent quality for the price, would buy groceries again."
ORD004394,Zaid Sandal,Clothes,No,2023-03-03,4.0,"Really satisfied, highly recommend this clothes."
ORD004395,Karan Bhat,Sports Equipment,No,2025-12-13,2.0,"Received a damaged sports equipment, had to return it."
ORD004396,Bhanumati Saran,Kitchenware,Yes,2025-03-29,5.0,"Great kitchenware, exactly as described. Very happy with it."
ORD004397,Karan Bhat,Electronics,Yes,2023-03-18,2.0,"Disappointed with this electronics, quality is not good."
ORD004398,Eiravati Khare,Electronics,No,2025-07-19,4.0,"Excellent quality for the price, would buy electronics again."
ORD004399,Quincy Parsa,Beauty Products,No,,,
ORD004400,Fitan Kala,Toys,No,2024-11-03,5.0,"Great toys, exactly as described. Very happy with it."
ORD004401,Parth Jha,Sports Equipment,No,,,
ORD004402,Samaksh Sem,Electronics,No,2025-08-18,3.0,"Average electronics, packaging could be better."
ORD004403,Nachiket Kota,Beauty Products,No,2025-12-08,5.0,"Fast delivery, beauty products exceeded my expectations."
ORD004404,Elijah Wason,Groceries,No,2025-12-26,5.0,"Fast delivery, groceries exceeded my expectations."
ORD004405,Benjamin Devi,Kitchenware,No,2023-07-20,5.0,"Fast delivery, kitchenware exceeded my expectations."
ORD004406,Chatura Kala,Sports Equipment,No,2024-05-24,4.0,"Fast delivery, sports equipment exceeded my expectations."
ORD004407,Yashica Aurora,Groceries,No,2025-03-02,3.0,"The groceries is okay, does the job but nothing special."
ORD004408,Diya Pillai,Clothes,No,2025-10-24,5.0,"Really satisfied, highly recommend this clothes."
ORD004409,Daksha Kaul,Beauty Products,No,2025-01-19,4.0,"Really satisfied, highly recommend this beauty products."
ORD004410,George Golla,Electronics,No,2025-09-11,5.0,"Fast delivery, electronics exceeded my expectations."
ORD004411,Alka Magar,Shoes,No,2025-05-07,5.0,"Excellent quality for the price, would buy shoes again."
ORD004412,Frederick Nair,Groceries,No,2024-06-12,4.0,"Really satisfied, highly recommend this groceries."
ORD004413,Warinder Narang,Sports Equipment,No,2024-12-10,4.0,"Great sports equipment, exactly as described. Very happy with it."
ORD004414,Hemangini Sekhon,Shoes,No,2023-11-12,4.0,"Fast delivery, shoes exceeded my expectations."
ORD004415,Daksha Kaul,Electronics,Yes,2024-06-18,4.0,"Great electronics, exactly as described. Very happy with it."
ORD004416,Vrishti Lalla,Electronics,No,2023-01-31,5.0,"Really satisfied, highly recommend this electronics."
ORD004417,Aayush Dhingra,Electronics,No,2024-05-09,3.0,"Average electronics, packaging could be better."
ORD004418,Zansi Dixit,Electronics,No,2024-01-01,5.0,"Great electronics, exactly as described. Very happy with it."
ORD004419,Varenya Mani,Shoes,No,2024-03-01,4.0,"Great shoes, exactly as described. Very happy with it."
ORD004420,Watika Buch,Electronics,Yes,2025-02-12,5.0,"Excellent quality for the price, would buy electronics again."
ORD004421,Warhi Iyer,Electronics,No,2025-07-19,4.0,"Really satisfied, highly recommend this electronics."
ORD004422,Mitali Verma,Clothes,Yes,2024-05-13,4.0,"Fast delivery, clothes exceeded my expectations."
ORD004423,Maanas Swamy,Furniture,No,2025-02-25,5.0,"Fast delivery, furniture exceeded my expectations."
ORD004424,Wridesh Sangha,Electronics,No,2023-05-28,4.0,"Great electronics, exactly as described. Very happy with it."
ORD004425,Orinder Dhaliwal,Electronics,No,2024-06-07,2.0,"Received a damaged electronics, had to return it."
ORD004426,Bahadurjit Jayaraman,Kitchenware,No,2024-07-18,2.0,"Received a damaged kitchenware, had to return it."
ORD004427,Eiravati Pradhan,Electronics,Yes,2024-04-15,5.0,"Fast delivery, electronics exceeded my expectations."
ORD004428,Reva Dada,Clothes,No,2024-07-16,5.0,"Excellent quality for the price, would buy clothes again."
ORD004429,Manya Rao,Groceries,No,2025-10-18,4.0,"Really satisfied, highly recommend this groceries."
ORD004430,Advaith Bhatti,Electronics,No,,,
ORD004431,Vihaan Date,Toys,No,2024-01-15,4.0,"Fast delivery, toys exceeded my expectations."
ORD004432,Lopa Mukhopadhyay,Beauty Products,No,2023-08-18,5.0,"Fast delivery, beauty products exceeded my expectations."
ORD004433,Yug Rao,Furniture,No,2024-05-04,5.0,"Really satisfied, highly recommend this furniture."
ORD004434,Samar Ahuja,Groceries,No,,,
ORD004435,Naksh Krishna,Books,Yes,2025-08-08,5.0,"Excellent quality for the price, would buy books again."
ORD004436,Orinder Barad,Books,No,2023-04-30,3.0,"The books is okay, does the job but nothing special."
ORD004437,Bimala Shanker,Clothes,No,,,
ORD004438,Lucky Balakrishnan,Groceries,No,,,
ORD004439,Warda Kala,Groceries,No,2023-12-20,5.0,"Really satisfied, highly recommend this groceries."
ORD004440,Xavier Sani,Groceries,No,2024-07-31,1.0,"Not worth the price, expected better groceries."
ORD004441,Samuel Rama,Shoes,No,2025-08-28,3.0,"The shoes is okay, does the job but nothing special."
ORD004442,Adweta Parsa,Sports Equipment,No,2025-02-28,4.0,"Great sports equipment, exactly as described. Very happy with it."
ORD004443,Tanveer Karpe,Kitchenware,Yes,2024-01-21,3.0,"The kitchenware is okay, does the job but nothing special."
ORD004444,Utkarsh Din,Kitchenware,No,,,
ORD004445,Fariq Gandhi,Books,No,2023-12-30,5.0,"Great books, exactly as described. Very happy with it."
ORD004446,Nimrat Vasa,Toys,No,2024-10-07,5.0,"Fast delivery, toys exceeded my expectations."
ORD004447,Andrew Tiwari,Books,No,,,
ORD004448,Pratyush Madan,Shoes,No,2023-12-07,1.0,"Disappointed with this shoes, quality is not good."
ORD004449,Owen Trivedi,Books,Yes,2024-06-16,5.0,"Fast delivery, books exceeded my expectations."
ORD004450,Zilmil Bail,Furniture,No,2023-11-30,5.0,"Excellent quality for the price, would buy furniture again."
ORD004451,Dhruv Bandi,Beauty Products,No,2023-02-21,5.0,"Fast delivery, beauty products exceeded my expectations."
ORD004452,Vincent Barad,Kitchenware,No,2024-01-28,4.0,"Fast delivery, kitchenware exceeded my expectations."
ORD004453,Finn Dugal,Groceries,No,2025-10-24,2.0,"Not worth the price, expected better groceries."
ORD004454,Falak Rege,Sports Equipment,No,2025-07-23,4.0,"Really satisfied, highly recommend this sports equipment."
ORD004455,Bahadurjit Kant,Clothes,Yes,2025-05-29,5.0,"Really satisfied, highly recommend this clothes."
ORD004456,Adweta Parsa,Beauty Products,No,,,
ORD004457,Baghyawati Mishra,Clothes,No,2023-10-31,4.0,"Really satisfied, highly recommend this clothes."
ORD004458,Adweta Parsa,Furniture,Yes,,,
ORD004459,Krisha Ram,Beauty Products,No,2025-06-06,3.0,"The beauty products is okay, does the job but nothing special."
ORD004460,Om Sastry,Books,Yes,2025-04-03,4.0,"Excellent quality for the price, would buy books again."
ORD004461,Charita Vohra,Furniture,No,2024-08-29,5.0,"Really satisfied, highly recommend this furniture."
ORD004462,Yatan Keer,Groceries,No,,,
ORD004463,Ubika Bains,Electronics,No,2024-08-15,5.0,"Great electronics, exactly as described. Very happy with it."
ORD004464,Fariq Gandhi,Sports Equipment,No,2025-12-02,4.0,"Fast delivery, sports equipment exceeded my expectations."
ORD004465,Warda Doctor,Shoes,No,,,
ORD004466,Henry Narain,Electronics,No,2024-08-11,2.0,"Not worth the price, expected better electronics."
ORD004467,Baghyawati Mishra,Books,No,2023-05-31,4.0,"Fast delivery, books exceeded my expectations."
ORD004468,Matthew Yadav,Electronics,No,2023-09-28,3.0,"Average electronics, packaging could be better."
ORD004469,Janya Kashyap,Kitchenware,No,2025-05-06,1.0,"Received a damaged kitchenware, had to return it."
ORD004470,Samar Balay,Books,No,2024-10-22,4.0,"Really satisfied, highly recommend this books."
ORD004471,Tanmayi Boase,Groceries,No,2024-06-23,3.0,"Average groceries, packaging could be better."
ORD004472,Onkar Sarin,Books,No,2023-11-05,5.0,"Excellent quality for the price, would buy books again."
ORD004473,Azaan Roy,Clothes,No,2025-08-22,4.0,"Really satisfied, highly recommend this clothes."
ORD004474,Victor Goda,Kitchenware,No,2024-01-04,3.0,"The kitchenware is okay, does the job but nothing special."
ORD004475,Siddharth Sood,Furniture,No,2024-09-26,5.0,"Great furniture, exactly as described. Very happy with it."
ORD004476,Pallavi Lal,Furniture,No,2023-07-29,1.0,"Disappointed with this furniture, quality is not good."
ORD004477,Veer Cheema,Books,No,2024-05-24,5.0,"Excellent quality for the price, would buy books again."
ORD004478,Sneha Magar,Furniture,No,,,
ORD004479,Tristan Bhavsar,Beauty Products,Yes,2025-06-16,2.0,"Disappointed with this beauty products, quality is not good."
ORD004480,Ekiya Konda,Shoes,No,,,
ORD004481,Orinder Dhaliwal,Electronics,No,2023-06-15,5.0,"Really satisfied, highly recommend this electronics."
ORD004482,Amara Puri,Kitchenware,No,2024-09-02,5.0,"Really satisfied, highly recommend this kitchenware."
ORD004483,Warda Doctor,Furniture,No,,,
ORD004484,Yatan Tripathi,Groceries,No,2023-07-02,4.0,"Really satisfied, highly recommend this groceries."
ORD004485,Vyanjana Mani,Electronics,No,2023-03-15,4.0,"Fast delivery, electronics exceeded my expectations."
ORD004486,Gaurangi Aurora,Electronics,No,2024-04-18,3.0,"Average electronics, packaging could be better."
ORD004487,Arjun Kaur,Shoes,No,2024-08-18,4.0,"Really satisfied, highly recommend this shoes."
ORD004488,Frado Joshi,Kitchenware,No,2025-09-26,5.0,"Excellent quality for the price, would buy kitchenware again."
ORD004489,Vivaan More,Kitchenware,No,,,
ORD004490,Triveni Gaba,Kitchenware,Yes,2025-11-26,4.0,"Excellent quality for the price, would buy kitchenware again."
ORD004491,Henry Bora,Beauty Products,No,,,
ORD004492,Tanveer Karpe,Shoes,No,2025-03-08,4.0,"Excellent quality for the price, would buy shoes again."
ORD004493,Devika Mody,Sports Equipment,Yes,2025-08-30,2.0,"Received a damaged sports equipment, had to return it."
ORD004494,Rohan Arora,Shoes,No,2025-12-29,3.0,"Average shoes, packaging could be better."
ORD004495,Neel Mall,Groceries,No,2025-09-12,5.0,"Fast delivery, groceries exceeded my expectations."
ORD004496,Yauvani Bhatt,Groceries,No,2025-04-25,4.0,"Great groceries, exactly as described. Very happy with it."
ORD004497,Inaya Kalla,Clothes,No,2024-03-28,3.0,"The clothes is okay, does the job but nothing special."
ORD004498,Yashoda Mammen,Kitchenware,No,2025-02-26,5.0,"Great kitchenware, exactly as described. Very happy with it."
ORD004499,Urvi Palla,Clothes,No,,,
ORD004500,Yasti Mutti,Groceries,No,2024-07-10,3.0,"The groceries is okay, does the job but nothing special."
ORD004501,Bimala Shanker,Beauty Products,No,2024-11-19,4.0,"Excellent quality for the price, would buy beauty products again."
ORD004502,Zayan Kamdar,Clothes,No,,,
ORD004503,Lekha Bains,Beauty Products,No,2025-04-20,5.0,"Great beauty products, exactly as described. Very happy with it."
ORD004504,Adya Sangha,Clothes,No,2025-03-09,4.0,"Great clothes, exactly as described. Very happy with it."
ORD004505,Neha Warrior,Beauty Products,No,2024-03-18,4.0,"Excellent quality for the price, would buy beauty products again."
ORD004506,Atharv Madan,Electronics,No,2024-05-02,5.0,"Really satisfied, highly recommend this electronics."
ORD004507,Timothy Bhatti,Furniture,No,2023-06-18,3.0,"Average furniture, packaging could be better."
ORD004508,Urmi Lad,Furniture,No,2024-04-16,5.0,"Really satisfied, highly recommend this furniture."
ORD004509,Vihaan Date,Books,No,2024-09-01,5.0,"Great books, exactly as described. Very happy with it."
ORD004510,Riya Thaman,Furniture,No,2025-08-23,4.0,"Excellent quality for the price, would buy furniture again."
ORD004511,Shravya Naik,Shoes,No,2023-05-23,5.0,"Fast delivery, shoes exceeded my expectations."
ORD004512,Isha Bhatnagar,Kitchenware,No,2024-09-14,5.0,"Really satisfied, highly recommend this kitchenware."
ORD004513,Yatan Keer,Sports Equipment,Yes,2024-01-12,3.0,"Average sports equipment, packaging could be better."
ORD004514,Matthew Yadav,Beauty Products,No,2024-09-03,2.0,"Received a damaged beauty products, had to return it."
ORD004515,Benjamin Barad,Sports Equipment,No,2023-04-26,4.0,"Fast delivery, sports equipment exceeded my expectations."
ORD004516,Neel Sankar,Books,No,2025-08-16,5.0,"Great books, exactly as described. Very happy with it."
ORD004517,Aarnav Mand,Beauty Products,No,2023-10-16,5.0,"Fast delivery, beauty products exceeded my expectations."
ORD004518,Fitan Sodhi,Clothes,No,2025-12-09,4.0,"Really satisfied, highly recommend this clothes."
ORD004519,Jagdish Ganesh,Furniture,No,2025-12-14,4.0,"Fast delivery, furniture exceeded my expectations."
ORD004520,Lakshmi Bhat,Groceries,No,2025-12-24,5.0,"Fast delivery, groceries exceeded my expectations."
ORD004521,Madhavi Mann,Electronics,No,2023-02-19,1.0,"Disappointed with this electronics, quality is not good."
ORD004522,Yamini Garg,Books,No,2023-11-21,4.0,"Great books, exactly as described. Very happy with it."
ORD004523,Thomas Sethi,Books,No,2023-10-24,5.0,"Excellent quality for the price, would buy books again."
ORD004524,Ekansh Batra,Groceries,No,2025-08-16,5.0,"Excellent quality for the price, would buy groceries again."
ORD004525,Megha Shroff,Electronics,No,2024-11-20,5.0,"Great electronics, exactly as described. Very happy with it."
ORD004526,Vamakshi Vala,Electronics,No,2025-05-27,1.0,"Disappointed with this electronics, quality is not good."
ORD004527,Vasudha Murty,Sports Equipment,No,2025-11-22,4.0,"Fast delivery, sports equipment exceeded my expectations."
ORD004528,Nitesh Oommen,Shoes,Yes,2023-02-15,5.0,"Excellent quality for the price, would buy shoes again."
ORD004529,Hamsini Bhatia,Sports Equipment,No,,,
ORD004530,Rajata Venkataraman,Clothes,No,2023-04-11,3.0,"Average clothes, packaging could be better."
ORD004531,Watika Wali,Sports Equipment,No,2025-03-11,4.0,"Really satisfied, highly recommend this sports equipment."
ORD004532,Hamsini Rattan,Beauty Products,Yes,2023-11-02,4.0,"Great beauty products, exactly as described. Very happy with it."
ORD004533,Manthan Lata,Kitchenware,No,,,
ORD004534,Laban Bal,Kitchenware,No,2024-06-22,5.0,"Great kitchenware, exactly as described. Very happy with it."
ORD004535,Jeet Setty,Toys,No,2023-05-25,5.0,"Excellent quality for the price, would buy toys again."
ORD004536,Vansha Deol,Groceries,No,2026-01-09,5.0,"Great groceries, exactly as described. Very happy with it."
ORD004537,Pranit Vig,Clothes,No,,,
ORD004538,Theodore Chandra,Beauty Products,No,,,
ORD004539,Upasna Pant,Toys,No,2024-12-03,5.0,"Great toys, exactly as described. Very happy with it."
ORD004540,Vasudha Shah,Toys,No,2023-04-16,1.0,"Received a damaged toys, had to return it."
ORD004541,Jairaj Setty,Books,No,,,
ORD004542,Wakeeta Tella,Clothes,No,2025-04-13,4.0,"Fast delivery, clothes exceeded my expectations."
ORD004543,Kavya Srivastava,Shoes,Yes,2023-12-13,4.0,"Great shoes, exactly as described. Very happy with it."
ORD004544,Jhalak Sekhon,Clothes,Yes,2025-05-13,4.0,"Fast delivery, clothes exceeded my expectations."
ORD004545,Vritti Chopra,Groceries,No,2023-09-08,4.0,"Fast delivery, groceries exceeded my expectations."
ORD004546,Zehaan Pradhan,Electronics,No,,,
ORD004547,Harinakshi Sahni,Sports Equipment,No,2024-08-07,3.0,"The sports equipment is okay, does the job but nothing special."
ORD004548,Adweta Parsa,Clothes,No,2025-12-19,5.0,"Great clothes, exactly as described. Very happy with it."
ORD004549,Bhavna Sood,Groceries,No,2023-03-22,2.0,"Received a damaged groceries, had to return it."
ORD004550,Jacob Ramakrishnan,Clothes,No,,,
ORD004551,Bina Varty,Electronics,No,2023-05-27,3.0,"Average electronics, packaging could be better."
ORD004552,Tripti Goyal,Sports Equipment,No,2023-09-02,4.0,"Fast delivery, sports equipment exceeded my expectations."
ORD004553,Naveen Nagi,Books,No,2025-03-30,3.0,"The books is okay, does the job but nothing special."
ORD004554,Falak Gulati,Beauty Products,No,,,
ORD004555,Nidhi Sekhon,Furniture,Yes,2023-05-05,2.0,"Received a damaged furniture, had to return it."
ORD004556,Advaith Bhatti,Groceries,No,2025-01-06,5.0,"Fast delivery, groceries exceeded my expectations."
ORD004557,Champak Kuruvilla,Furniture,No,2023-06-18,5.0,"Fast delivery, furniture exceeded my expectations."
ORD004558,Ucchal Virk,Shoes,No,,,
ORD004559,Nidhi Sekhon,Furniture,No,2024-04-23,4.0,"Great furniture, exactly as described. Very happy with it."
ORD004560,Oni Dhawan,Electronics,No,2024-02-01,5.0,"Great electronics, exactly as described. Very happy with it."
ORD004561,Yashvi Bahl,Sports Equipment,No,2024-12-19,3.0,"Average sports equipment, packaging could be better."
ORD004562,Karan Bhat,Beauty Products,No,,,
ORD004563,Madhavi Mann,Electronics,Yes,,,
ORD004564,William Khanna,Kitchenware,No,,,
ORD004565,Gautami Sarin,Shoes,No,2025-09-01,3.0,"The shoes is okay, does the job but nothing special."
ORD004566,Jasmit Bhardwaj,Shoes,No,2024-09-13,5.0,"Great shoes, exactly as described. Very happy with it."
ORD004567,Dipta Shroff,Beauty Products,No,,,
ORD004568,Urishilla Naik,Electronics,No,2023-10-05,5.0,"Excellent quality for the price, would buy electronics again."
ORD004569,Atharv Madan,Electronics,No,2023-06-02,3.0,"The electronics is okay, does the job but nothing special."
ORD004570,Siddharth Sood,Electronics,Yes,2023-05-31,1.0,"Received a damaged electronics, had to return it."
ORD004571,William Khanna,Books,No,,,
ORD004572,Vaishnavi Dutt,Kitchenware,Yes,2025-02-05,5.0,"Really satisfied, highly recommend this kitchenware."
ORD004573,Mekhala Chakraborty,Groceries,No,2025-10-01,5.0,"Great groceries, exactly as described. Very happy with it."
ORD004574,Vihaan Dora,Books,Yes,2025-12-20,5.0,"Excellent quality for the price, would buy books again."
ORD004575,Shravya Ravi,Clothes,No,,,
ORD004576,Upkaar Cheema,Books,No,2023-12-09,5.0,"Great books, exactly as described. Very happy with it."
ORD004577,Farhan Mammen,Books,No,2024-08-23,5.0,"Fast delivery, books exceeded my expectations."
ORD004578,Naksh Sampath,Kitchenware,No,2025-02-28,4.0,"Excellent quality for the price, would buy kitchenware again."
ORD004579,Nathaniel Bhardwaj,Groceries,No,2023-03-07,4.0,"Really satisfied, highly recommend this groceries."
ORD004580,Zaid Lata,Kitchenware,No,,,
ORD004581,Manya Shere,Furniture,Yes,2024-08-28,3.0,"Average furniture, packaging could be better."
ORD004582,Isaac Chaudhary,Furniture,No,2025-04-05,5.0,"Really satisfied, highly recommend this furniture."
ORD004583,Chavvi Rajan,Books,No,2025-02-21,4.0,"Great books, exactly as described. Very happy with it."
ORD004584,Zayan Kamdar,Toys,No,2023-06-16,5.0,"Fast delivery, toys exceeded my expectations."
ORD004585,Lakshmi Bhat,Electronics,No,2025-06-11,4.0,"Great electronics, exactly as described. Very happy with it."
ORD004586,Radha Hayer,Shoes,No,2024-10-16,4.0,"Fast delivery, shoes exceeded my expectations."
ORD004587,Eshana Tiwari,Clothes,Yes,2025-06-05,4.0,"Excellent quality for the price, would buy clothes again."
ORD004588,Manthan Lata,Furniture,No,2024-06-07,5.0,"Great furniture, exactly as described. Very happy with it."
ORD004589,Baljiwan Chadha,Clothes,No,2024-06-24,5.0,"Really satisfied, highly recommend this clothes."
ORD004590,Jairaj Setty,Groceries,No,2023-04-11,4.0,"Really satisfied, highly recommend this groceries."
ORD004591,Jackson Patil,Electronics,No,2023-01-25,5.0,"Really satisfied, highly recommend this electronics."
ORD004592,Ayushman Bahl,Sports Equipment,No,2023-11-20,4.0,"Great sports equipment, exactly as described. Very happy with it."
ORD004593,Manya Shere,Groceries,No,2025-09-27,2.0,"Not worth the price, expected better groceries."
ORD004594,Yash Mittal,Electronics,No,2023-08-10,2.0,"Not worth the price, expected better electronics."
ORD004595,Ijaya Narain,Sports Equipment,Yes,2024-04-28,2.0,"Received a damaged sports equipment, had to return it."
ORD004596,Bachittar Bala,Groceries,No,2023-02-23,5.0,"Great groceries, exactly as described. Very happy with it."
ORD004597,Leena Ratta,Electronics,No,2026-01-08,3.0,"Average electronics, packaging could be better."
ORD004598,Udarsh Gopal,Kitchenware,No,2023-07-28,4.0,"Excellent quality for the price, would buy kitchenware again."
ORD004599,Radha Hayer,Clothes,No,2023-03-12,4.0,"Great clothes, exactly as described. Very happy with it."
ORD004600,Warda Palan,Furniture,Yes,2024-11-15,3.0,"The furniture is okay, does the job but nothing special."
ORD004601,Urvashi Ratta,Sports Equipment,No,2023-10-12,5.0,"Excellent quality for the price, would buy sports equipment again."
ORD004602,Chandani Datta,Sports Equipment,No,2024-05-01,5.0,"Fast delivery, sports equipment exceeded my expectations."
ORD004603,Siya Dhillon,Books,No,2023-02-12,3.0,"Average books, packaging could be better."
ORD004604,Imaran Edwin,Books,No,,,
ORD004605,Anika Rout,Toys,No,2024-08-10,3.0,"Average toys, packaging could be better."
ORD004606,Champak Kuruvilla,Clothes,No,2024-10-12,1.0,"Received a damaged clothes, had to return it."
ORD004607,Triveni Gaba,Sports Equipment,No,2024-08-22,5.0,"Excellent quality for the price, would buy sports equipment again."
ORD004608,Nandini Karan,Furniture,No,2024-11-03,5.0,"Great furniture, exactly as described. Very happy with it."
ORD004609,Owen Trivedi,Kitchenware,No,2025-10-17,5.0,"Great kitchenware, exactly as described. Very happy with it."
ORD004610,Samar Ahuja,Kitchenware,Yes,2025-05-10,4.0,"Excellent quality for the price, would buy kitchenware again."
ORD004611,Vivaan Seth,Clothes,No,2024-07-31,5.0,"Really satisfied, highly recommend this clothes."
ORD004612,Benjamin Barad,Books,Yes,2023-11-07,5.0,"Really satisfied, highly recommend this books."
ORD004613,Nathaniel Narain,Toys,No,,,
ORD004614,Xiti Puri,Electronics,No,2023-02-19,5.0,"Really satisfied, highly recommend this electronics."
ORD004615,Raagini Gade,Kitchenware,No,2023-10-16,5.0,"Great kitchenware, exactly as described. Very happy with it."
ORD004616,Mekhala Dar,Beauty Products,No,2023-01-13,5.0,"Fast delivery, beauty products exceeded my expectations."
ORD004617,Janani Parmer,Beauty Products,No,,,
ORD004618,Harrison Rana,Groceries,No,2025-02-23,5.0,"Fast delivery, groceries exceeded my expectations."
ORD004619,Janya Buch,Furniture,No,2025-01-21,1.0,"Not worth the price, expected better furniture."
ORD004620,Veda Muni,Toys,No,2025-05-09,5.0,"Excellent quality for the price, would buy toys again."
ORD004621,Aayush Dhingra,Groceries,No,2023-04-03,5.0,"Excellent quality for the price, would buy groceries again."
ORD004622,Nathan Mander,Sports Equipment,No,2024-02-22,1.0,"Not worth the price, expected better sports equipment."
ORD004623,Ekapad Chander,Shoes,No,2024-10-07,3.0,"The shoes is okay, does the job but nothing special."
ORD004624,Vivaan Seth,Groceries,No,2024-04-11,5.0,"Great groceries, exactly as described. Very happy with it."
ORD004625,Gabriel Randhawa,Kitchenware,No,2024-10-17,2.0,"Received a damaged kitchenware, had to return it."
ORD004626,Mohammed Ramachandran,Furniture,No,,,
ORD004627,Reva Dada,Electronics,No,2023-05-02,1.0,"Not worth the price, expected better electronics."
ORD004628,Adya Sangha,Groceries,No,2024-05-05,4.0,"Really satisfied, highly recommend this groceries."
ORD004629,Siya Dhillon,Furniture,No,2023-03-11,1.0,"Disappointed with this furniture, quality is not good."
ORD004630,Vanya Yohannan,Clothes,No,2023-09-12,4.0,"Great clothes, exactly as described. Very happy with it."
ORD004631,Yashasvi Dewan,Shoes,No,2023-03-14,5.0,"Fast delivery, shoes exceeded my expectations."
ORD004632,Tara Varughese,Groceries,No,2023-12-30,5.0,"Really satisfied, highly recommend this groceries."
ORD004633,Hemangini Chad,Groceries,No,2024-02-13,3.0,"Average groceries, packaging could be better."
ORD004634,Charles Balay,Shoes,No,2025-01-15,5.0,"Really satisfied, highly recommend this shoes."
ORD004635,Garima Agarwal,Books,No,2025-08-30,4.0,"Great books, exactly as described. Very happy with it."
ORD004636,Banjeet De,Groceries,No,2025-07-31,2.0,"Not worth the price, expected better groceries."
ORD004637,Jalsa Sangha,Electronics,No,2024-08-12,5.0,"Great electronics, exactly as described. Very happy with it."
ORD004638,Arya Thakkar,Kitchenware,No,2025-04-24,5.0,"Great kitchenware, exactly as described. Very happy with it."
ORD004639,Utkarsh Din,Beauty Products,No,2023-03-06,4.0,"Excellent quality for the price, would buy beauty products again."
ORD004640,Alka Magar,Kitchenware,No,2025-03-09,4.0,"Great kitchenware, exactly as described. Very happy with it."
ORD004641,Robert Lal,Kitchenware,Yes,2023-07-24,5.0,"Fast delivery, kitchenware exceeded my expectations."
ORD004642,Siya Dhillon,Books,No,,,
ORD004643,Xavier Soman,Shoes,No,2023-09-29,5.0,"Great shoes, exactly as described. Very happy with it."
ORD004644,Gagan Tandon,Toys,No,2024-03-13,4.0,"Really satisfied, highly recommend this toys."
ORD004645,Jalsa Sangha,Kitchenware,No,,,
ORD004646,Hitesh Virk,Electronics,No,,,
ORD004647,Nandini Karan,Groceries,No,2023-05-12,4.0,"Really satisfied, highly recommend this groceries."
ORD004648,Wishi Gala,Furniture,No,,,
ORD004649,Ronith Nazareth,Electronics,No,,,
ORD004650,Urvashi Goswami,Toys,No,2025-12-17,5.0,"Really satisfied, highly recommend this toys."
ORD004651,Frederick Patil,Beauty Products,No,2025-04-11,4.0,"Excellent quality for the price, would buy beauty products again."
ORD004652,Osha Patil,Beauty Products,No,,,
ORD004653,Gagan Tandon,Kitchenware,No,2024-04-20,3.0,"Average kitchenware, packaging could be better."
ORD004654,Imaran Edwin,Electronics,No,2023-11-18,4.0,"Excellent quality for the price, would buy electronics again."
ORD004655,Patrick Dora,Groceries,No,,,
ORD004656,Akshay Kohli,Books,Yes,2025-08-22,5.0,"Fast delivery, books exceeded my expectations."
ORD004657,Yachana De,Books,No,2023-04-24,3.0,"The books is okay, does the job but nothing special."
ORD004658,Neel Mall,Shoes,No,2025-03-13,4.0,"Really satisfied, highly recommend this shoes."
ORD004659,Kevin Taneja,Furniture,No,2025-09-04,5.0,"Really satisfied, highly recommend this furniture."
ORD004660,Aachal Andra,Shoes,No,,,
ORD004661,Zansi Dixit,Groceries,No,2023-07-30,3.0,"Average groceries, packaging could be better."
ORD004662,Balveer Agarwal,Shoes,No,2024-06-21,3.0,"Average shoes, packaging could be better."
ORD004663,Kiaan Arora,Toys,No,2025-05-25,5.0,"Great toys, exactly as described. Very happy with it."
ORD004664,Orinder Barad,Shoes,No,2025-01-05,5.0,"Great shoes, exactly as described. Very happy with it."
ORD004665,Yasti Mutti,Groceries,No,2023-06-04,5.0,"Fast delivery, groceries exceeded my expectations."
ORD004666,Simon Mitter,Electronics,Yes,,,
ORD004667,Falak Anne,Groceries,No,,,
ORD004668,Matthew Shroff,Sports Equipment,No,,,
ORD004669,Xiti Puri,Kitchenware,No,2023-08-19,4.0,"Fast delivery, kitchenware exceeded my expectations."
ORD004670,Vincent Tara,Groceries,No,2025-06-17,3.0,"Average groceries, packaging could be better."
ORD004671,Wakeeta Tella,Electronics,No,,,
ORD004672,Abha Keer,Sports Equipment,No,2025-03-27,1.0,"Not worth the price, expected better sports equipment."
ORD004673,Gautami Sarin,Kitchenware,No,2023-12-20,4.0,"Great kitchenware, exactly as described. Very happy with it."
ORD004674,Aishani Saini,Sports Equipment,No,,,
ORD004675,Janya Kashyap,Kitchenware,No,2023-02-10,5.0,"Fast delivery, kitchenware exceeded my expectations."
ORD004676,Balvan Jani,Shoes,No,2024-03-05,3.0,"The shoes is okay, does the job but nothing special."
ORD004677,Harrison Rana,Beauty Products,No,2024-01-08,4.0,"Great beauty products, exactly as described. Very happy with it."
ORD004678,Frado Joshi,Clothes,No,2023-08-28,5.0,"Great clothes, exactly as described. Very happy with it."
ORD004679,Yashoda Mammen,Groceries,No,2023-12-15,4.0,"Excellent quality for the price, would buy groceries again."
ORD004680,Bimala Sehgal,Beauty Products,Yes,2023-07-02,4.0,"Fast delivery, beauty products exceeded my expectations."
ORD004681,Ronith Raman,Books,No,2024-10-20,1.0,"Not worth the price, expected better books."
ORD004682,Zaitra Bajaj,Electronics,Yes,2023-05-30,4.0,"Really satisfied, highly recommend this electronics."
ORD004683,Lopa Salvi,Clothes,No,2024-11-29,2.0,"Not worth the price, expected better clothes."
ORD004684,Meera Bajaj,Beauty Products,No,,,
ORD004685,Brinda Mammen,Furniture,No,,,
ORD004686,Damyanti Sahni,Groceries,No,,,
ORD004687,Yashoda Mammen,Clothes,No,,,
ORD004688,Triveni Mallick,Kitchenware,No,2024-09-08,5.0,"Great kitchenware, exactly as described. Very happy with it."
ORD004689,Yachana De,Electronics,No,2023-11-07,4.0,"Really satisfied, highly recommend this electronics."
ORD004690,Shivani Murthy,Electronics,Yes,2025-03-23,4.0,"Excellent quality for the price, would buy electronics again."
ORD004691,Tripti Zachariah,Toys,Yes,2025-07-20,5.0,"Great toys, exactly as described. Very happy with it."
ORD004692,Yochana Bal,Kitchenware,No,2023-03-24,5.0,"Excellent quality for the price, would buy kitchenware again."
ORD004693,Noah Sur,Shoes,No,2023-09-02,5.0,"Fast delivery, shoes exceeded my expectations."
ORD004694,Zehaan Devan,Groceries,No,2024-08-01,2.0,"Not worth the price, expected better groceries."
ORD004695,Azaan Roy,Books,No,2024-06-18,4.0,"Really satisfied, highly recommend this books."
ORD004696,Qabil Lall,Shoes,Yes,2024-10-05,4.0,"Great shoes, exactly as described. Very happy with it."
ORD004697,Veer Karnik,Beauty Products,No,2025-01-23,3.0,"Average beauty products, packaging could be better."
ORD004698,Ikbal Shankar,Clothes,Yes,2023-08-23,4.0,"Excellent quality for the price, would buy clothes again."
ORD004699,Kamya Lanka,Clothes,No,2025-11-04,3.0,"Average clothes, packaging could be better."
ORD004700,Lopa Salvi,Beauty Products,No,2023-01-16,2.0,"Not worth the price, expected better beauty products."
ORD004701,Harrison Arya,Groceries,No,2024-07-04,5.0,"Excellent quality for the price, would buy groceries again."
ORD004702,Eshana Dyal,Electronics,No,2024-08-18,4.0,"Fast delivery, electronics exceeded my expectations."
ORD004703,Chandresh Golla,Clothes,No,2023-12-18,5.0,"Really satisfied, highly recommend this clothes."
ORD004704,Watika Wali,Electronics,No,,,
ORD004705,Leena Chhabra,Clothes,No,2024-04-27,2.0,"Not worth the price, expected better clothes."
ORD004706,Gavin Gade,Electronics,No,2025-10-22,5.0,"Really satisfied, highly recommend this electronics."
ORD004707,Udarsh Sachdev,Books,No,2023-06-16,5.0,"Fast delivery, books exceeded my expectations."
ORD004708,Sarthak Puri,Clothes,No,2025-11-30,4.0,"Fast delivery, clothes exceeded my expectations."
ORD004709,Yash Mittal,Sports Equipment,No,2024-01-25,3.0,"Average sports equipment, packaging could be better."
ORD004710,Samesh Kashyap,Groceries,No,2023-05-08,5.0,"Really satisfied, highly recommend this groceries."
ORD004711,Naksh Sampath,Beauty Products,No,2024-05-14,4.0,"Really satisfied, highly recommend this beauty products."
ORD004712,Ekani Sood,Furniture,No,2025-12-14,2.0,"Disappointed with this furniture, quality is not good."
ORD004713,Janaki Mistry,Groceries,No,,,
ORD004714,Chakradhar Deol,Shoes,No,,,
ORD004715,Kevin Taneja,Kitchenware,No,,,
ORD004716,Yuvraj Gandhi,Sports Equipment,No,2024-05-25,5.0,"Great sports equipment, exactly as described. Very happy with it."
ORD004717,Andrew Tiwari,Clothes,No,2023-11-04,5.0,"Really satisfied, highly recommend this clothes."
ORD004718,Siddharth Sood,Shoes,No,2025-02-15,5.0,"Really satisfied, highly recommend this shoes."
ORD004719,Yauvani Bhatt,Beauty Products,No,,,
ORD004720,Siya Dhillon,Electronics,No,2025-01-12,2.0,"Not worth the price, expected better electronics."
ORD004721,Mason Koshy,Electronics,No,2025-06-14,2.0,"Received a damaged electronics, had to return it."
ORD004722,Raghav Pradhan,Books,No,2025-07-08,5.0,"Really satisfied, highly recommend this books."
ORD004723,Pranit Kohli,Shoes,No,,,
ORD004724,Rudra Ahuja,Shoes,No,2025-06-09,2.0,"Not worth the price, expected better shoes."
ORD004725,Chanchal Chand,Groceries,No,,,
ORD004726,Vidhi Gaba,Electronics,No,2024-12-15,4.0,"Really satisfied, highly recommend this electronics."
ORD004727,Upkaar Cheema,Kitchenware,No,2024-10-17,2.0,"Disappointed with this kitchenware, quality is not good."
ORD004728,Bahadurjit Arora,Kitchenware,No,2023-04-09,4.0,"Really satisfied, highly recommend this kitchenware."
ORD004729,Maanas Babu,Electronics,No,2025-03-02,4.0,"Great electronics, exactly as described. Very happy with it."
ORD004730,Aayush Dhingra,Electronics,No,2023-03-04,4.0,"Excellent quality for the price, would buy electronics again."
ORD004731,Bakhshi Shetty,Beauty Products,No,2024-04-17,5.0,"Great beauty products, exactly as described. Very happy with it."
ORD004732,Falak Rege,Groceries,No,2025-03-08,5.0,"Excellent quality for the price, would buy groceries again."
ORD004733,David Kurian,Beauty Products,No,,,
ORD004734,Urmi Sachdeva,Kitchenware,Yes,2023-06-10,4.0,"Fast delivery, kitchenware exceeded my expectations."
ORD004735,Ekani Sood,Electronics,Yes,,,
ORD004736,Brinda Mammen,Electronics,Yes,2023-08-20,4.0,"Great electronics, exactly as described. Very happy with it."
ORD004737,Vasudha Agarwal,Electronics,No,2024-11-03,5.0,"Fast delivery, electronics exceeded my expectations."
ORD004738,Mitali Verma,Beauty Products,No,,,
ORD004739,Vedika Ramesh,Electronics,No,2025-12-06,4.0,"Excellent quality for the price, would buy electronics again."
ORD004740,Liam More,Groceries,No,2024-03-12,5.0,"Great groceries, exactly as described. Very happy with it."
ORD004741,Tripti Goyal,Beauty Products,Yes,2023-04-27,4.0,"Great beauty products, exactly as described. Very happy with it."
ORD004742,Upadhriti Menon,Shoes,No,2023-04-14,5.0,"Excellent quality for the price, would buy shoes again."
ORD004743,Hemangini Chad,Shoes,No,,,
ORD004744,Dayita Sehgal,Electronics,No,2025-10-19,5.0,"Great electronics, exactly as described. Very happy with it."
ORD004745,Idika Warrior,Electronics,No,2024-09-07,4.0,"Excellent quality for the price, would buy electronics again."
ORD004746,Anjali Dasgupta,Books,No,2023-08-06,4.0,"Really satisfied, highly recommend this books."
ORD004747,Jyoti Dhingra,Groceries,No,,,
ORD004748,Samesh Jani,Electronics,No,2025-12-14,5.0,"Excellent quality for the price, would buy electronics again."
ORD004749,Lopa Mukhopadhyay,Electronics,No,2025-12-22,4.0,"Fast delivery, electronics exceeded my expectations."
ORD004750,Harsh Gala,Furniture,No,2023-01-19,5.0,"Great furniture, exactly as described. Very happy with it."
ORD004751,Bachittar Bala,Electronics,No,,,
ORD004752,Upkaar Cheema,Electronics,Yes,2025-12-01,4.0,"Great electronics, exactly as described. Very happy with it."
ORD004753,Ayush Bail,Books,No,2023-05-02,5.0,"Great books, exactly as described. Very happy with it."
ORD004754,Gautami Sarin,Groceries,No,2023-10-29,4.0,"Excellent quality for the price, would buy groceries again."
ORD004755,Yachana De,Electronics,No,2023-03-22,4.0,"Great electronics, exactly as described. Very happy with it."
ORD004756,Damyanti Bhakta,Furniture,No,2025-04-06,1.0,"Not worth the price, expected better furniture."
ORD004757,Imaran Buch,Clothes,No,2024-05-04,5.0,"Great clothes, exactly as described. Very happy with it."
ORD004758,Brinda Thaker,Electronics,No,2024-10-18,2.0,"Received a damaged electronics, had to return it."
ORD004759,Rajata Venkataraman,Beauty Products,No,2025-10-23,4.0,"Really satisfied, highly recommend this beauty products."
ORD004760,Indali Salvi,Groceries,No,2024-01-20,1.0,"Not worth the price, expected better groceries."
ORD004761,Aarna Jaggi,Books,Yes,2025-06-19,5.0,"Really satisfied, highly recommend this books."
ORD004762,Zayan Kamdar,Kitchenware,No,,,
ORD004763,Yoshita Soman,Kitchenware,No,,,
ORD004764,Meera Bajaj,Books,No,2024-01-24,4.0,"Excellent quality for the price, would buy books again."
ORD004765,Viraj Arora,Kitchenware,No,2025-10-04,5.0,"Excellent quality for the price, would buy kitchenware again."
ORD004766,Meera Bajaj,Beauty Products,No,2023-06-28,5.0,"Really satisfied, highly recommend this beauty products."
ORD004767,Kamya Lanka,Furniture,No,2024-08-11,3.0,"The furniture is okay, does the job but nothing special."
ORD004768,Tanay Lal,Beauty Products,No,2023-01-20,2.0,"Not worth the price, expected better beauty products."
ORD004769,Arunima Parsa,Books,No,2024-04-18,2.0,"Received a damaged books, had to return it."
ORD004770,Elijah Dalal,Kitchenware,No,,,
ORD004771,Bahadurjit Arora,Furniture,No,2025-06-06,4.0,"Great furniture, exactly as described. Very happy with it."
ORD004772,Reyansh Singh,Furniture,No,2024-06-14,2.0,"Received a damaged furniture, had to return it."
ORD004773,Bimala Shanker,Books,No,,,
ORD004774,Ekani Sood,Electronics,No,2025-06-09,5.0,"Really satisfied, highly recommend this electronics."
ORD004775,Vamakshi Vala,Books,No,2024-02-12,3.0,"Average books, packaging could be better."
ORD004776,Dominic Som,Electronics,No,2024-01-20,4.0,"Fast delivery, electronics exceeded my expectations."
ORD004777,Ayaan Bhatnagar,Electronics,No,2023-07-15,4.0,"Great electronics, exactly as described. Very happy with it."
ORD004778,Lopa Salvi,Groceries,No,2025-08-09,4.0,"Really satisfied, highly recommend this groceries."
ORD004779,Bahadurjit Jayaraman,Electronics,No,2023-05-09,2.0,"Disappointed with this electronics, quality is not good."
ORD004780,Urvi Palla,Groceries,No,2025-06-04,5.0,"Great groceries, exactly as described. Very happy with it."
ORD004781,Yashica Kota,Groceries,No,,,
ORD004782,Odika Iyengar,Clothes,No,2025-12-24,4.0,"Really satisfied, highly recommend this clothes."
ORD004783,Luke Arora,Groceries,No,2024-02-01,4.0,"Great groceries, exactly as described. Very happy with it."
ORD004784,Udant Hayer,Groceries,No,,,
ORD004785,Dayamai Sangha,Beauty Products,Yes,2024-10-12,2.0,"Not worth the price, expected better beauty products."
ORD004786,Xavier Sani,Toys,No,2023-08-09,4.0,"Excellent quality for the price, would buy toys again."
ORD004787,Urvi Bhattacharyya,Books,No,,,
ORD004788,Lipika Iyengar,Clothes,No,2024-05-17,2.0,"Not worth the price, expected better clothes."
ORD004789,Karan Bhat,Clothes,No,2025-04-02,3.0,"Average clothes, packaging could be better."
ORD004790,Bimala Sehgal,Groceries,No,2023-05-27,5.0,"Great groceries, exactly as described. Very happy with it."
ORD004791,Nimrat Vasa,Groceries,No,2025-02-21,4.0,"Great groceries, exactly as described. Very happy with it."
ORD004792,Ubika Sarna,Shoes,No,2025-09-28,4.0,"Fast delivery, shoes exceeded my expectations."
ORD004793,Vasudha Shah,Electronics,No,2023-11-10,4.0,"Great electronics, exactly as described. Very happy with it."
ORD004794,Vivaan Sood,Clothes,No,2024-08-06,2.0,"Not worth the price, expected better clothes."
ORD004795,Lohit Saha,Electronics,No,2024-05-27,4.0,"Really satisfied, highly recommend this electronics."
ORD004796,Lakshit Mangat,Beauty Products,No,,,
ORD004797,Radhika Mahal,Beauty Products,Yes,2025-06-19,4.0,"Excellent quality for the price, would buy beauty products again."
ORD004798,Vasudha Agarwal,Books,No,,,
ORD004799,Tripti Goyal,Kitchenware,No,2023-03-14,2.0,"Not worth the price, expected better kitchenware."
ORD004800,Raghav Pradhan,Shoes,No,2023-03-26,4.0,"Really satisfied, highly recommend this shoes."
ORD004801,Jai Bhatia,Groceries,No,2024-11-18,4.0,"Excellent quality for the price, would buy groceries again."
ORD004802,Rehaan Morar,Kitchenware,No,2024-05-11,4.0,"Great kitchenware, exactly as described. Very happy with it."
ORD004803,Krisha Mutti,Electronics,No,,,
ORD004804,Vinaya Shukla,Kitchenware,Yes,2024-05-02,5.0,"Excellent quality for the price, would buy kitchenware again."
ORD004805,Jacob Ramakrishnan,Groceries,No,2025-09-05,5.0,"Really satisfied, highly recommend this groceries."
ORD004806,Dominic Som,Shoes,No,2023-02-07,5.0,"Excellent quality for the price, would buy shoes again."
ORD004807,Gabriel Randhawa,Electronics,No,2024-09-09,3.0,"Average electronics, packaging could be better."
ORD004808,Veer Karnik,Furniture,No,2025-10-16,5.0,"Fast delivery, furniture exceeded my expectations."
ORD004809,Vivaan Grewal,Clothes,Yes,2025-04-17,4.0,"Really satisfied, highly recommend this clothes."
ORD004810,Tanveer Karpe,Furniture,No,2025-12-18,2.0,"Disappointed with this furniture, quality is not good."
ORD004811,Tejas Mani,Toys,No,2025-08-31,4.0,"Fast delivery, toys exceeded my expectations."
ORD004812,Panini Prabhakar,Groceries,Yes,2023-11-10,3.0,"Average groceries, packaging could be better."
ORD004813,Indali Salvi,Electronics,Yes,2024-08-18,4.0,"Great electronics, exactly as described. Very happy with it."
ORD004814,Anya Kibe,Electronics,Yes,2024-02-04,4.0,"Fast delivery, electronics exceeded my expectations."
ORD004815,Yahvi Soni,Furniture,No,2024-01-01,4.0,"Great furniture, exactly as described. Very happy with it."
ORD004816,Lopa Salvi,Toys,Yes,2025-05-01,5.0,"Great toys, exactly as described. Very happy with it."
ORD004817,Chameli Aggarwal,Groceries,No,,,
ORD004818,Manbir Mittal,Clothes,No,2025-11-29,4.0,"Really satisfied, highly recommend this clothes."
ORD004819,Gautam Mishra,Clothes,No,,,
ORD004820,Eesha Ahluwalia,Shoes,No,,,
ORD004821,Vincent Tara,Clothes,No,2024-05-11,5.0,"Really satisfied, highly recommend this clothes."
ORD004822,Xavier Soman,Groceries,Yes,,,
ORD004823,Ikbal Shankar,Toys,No,,,
ORD004824,Wishi Sharma,Beauty Products,No,2025-11-13,5.0,"Really satisfied, highly recommend this beauty products."
ORD004825,Matthew Rana,Furniture,No,2023-10-09,5.0,"Really satisfied, highly recommend this furniture."
ORD004826,Anjali Dasgupta,Groceries,No,2023-07-24,4.0,"Excellent quality for the price, would buy groceries again."
ORD004827,Kala Vig,Toys,No,2023-04-21,2.0,"Received a damaged toys, had to return it."
ORD004828,Mohammed Pau,Groceries,No,2023-07-17,4.0,"Fast delivery, groceries exceeded my expectations."
ORD004829,Ekapad Chander,Books,No,2025-12-06,3.0,"The books is okay, does the job but nothing special."
ORD004830,Janaki Mistry,Beauty Products,No,2025-11-26,4.0,"Really satisfied, highly recommend this beauty products."
ORD004831,Adya Patla,Kitchenware,Yes,2024-07-20,5.0,"Excellent quality for the price, would buy kitchenware again."
ORD004832,Adweta Parsa,Groceries,Yes,,,
ORD004833,Falak Anne,Clothes,No,,,
ORD004834,Darsh Aurora,Beauty Products,No,2023-04-05,5.0,"Excellent quality for the price, would buy beauty products again."
ORD004835,Sanya Shanker,Groceries,No,2025-04-09,4.0,"Excellent quality for the price, would buy groceries again."
ORD004836,Nitesh Dayal,Clothes,No,,,
ORD004837,Zarna Peri,Sports Equipment,No,2023-11-18,4.0,"Really satisfied, highly recommend this sports equipment."
ORD004838,Vrishti Cherian,Beauty Products,No,2024-11-28,5.0,"Great beauty products, exactly as described. Very happy with it."
ORD004839,Hiral Dua,Clothes,No,2023-07-30,2.0,"Disappointed with this clothes, quality is not good."
ORD004840,Gabriel Randhawa,Electronics,No,,,
ORD004841,Vivaan Seth,Sports Equipment,No,,,
ORD004842,Vidhi Gaba,Electronics,No,2025-12-03,3.0,"The electronics is okay, does the job but nothing special."
ORD004843,Ikbal Shankar,Toys,No,2025-08-22,4.0,"Fast delivery, toys exceeded my expectations."
ORD004844,Kamala Keer,Kitchenware,Yes,,,
ORD004845,Zayan Kamdar,Shoes,Yes,2024-04-14,5.0,"Fast delivery, shoes exceeded my expectations."
ORD004846,Tara Varughese,Groceries,Yes,2024-04-02,5.0,"Excellent quality for the price, would buy groceries again."
ORD004847,Vamakshi Vala,Electronics,No,2024-10-17,2.0,"Disappointed with this electronics, quality is not good."
ORD004848,Akshay Ram,Furniture,No,2024-12-11,5.0,"Really satisfied, highly recommend this furniture."
ORD004849,Pahal Kuruvilla,Clothes,No,,,
ORD004850,Harsh Karan,Clothes,No,2025-08-12,4.0,"Really satisfied, highly recommend this clothes."
ORD004851,Qushi Pau,Shoes,No,2024-06-07,4.0,"Great shoes, exactly as described. Very happy with it."
ORD004852,Charan Banerjee,Groceries,No,2023-12-13,5.0,"Excellent quality for the price, would buy groceries again."
ORD004853,Janya Buch,Electronics,No,,,
ORD004854,Triveni Pathak,Furniture,No,2023-10-25,4.0,"Great furniture, exactly as described. Very happy with it."
ORD004855,Brinda Mammen,Electronics,No,2024-06-30,2.0,"Disappointed with this electronics, quality is not good."
ORD004856,Jasmit Bhardwaj,Clothes,No,2025-07-13,1.0,"Disappointed with this clothes, quality is not good."
ORD004857,Joshua Bali,Groceries,No,2023-11-19,5.0,"Great groceries, exactly as described. Very happy with it."
ORD004858,Laksh Sani,Sports Equipment,No,2026-01-04,5.0,"Fast delivery, sports equipment exceeded my expectations."
ORD004859,Vasudha Shah,Clothes,Yes,,,
ORD004860,Dakshesh Goswami,Electronics,No,2024-11-14,3.0,"The electronics is okay, does the job but nothing special."
ORD004861,Ranveer Soman,Beauty Products,Yes,,,
ORD004862,Ikbal Tandon,Sports Equipment,No,2023-07-13,4.0,"Really satisfied, highly recommend this sports equipment."
ORD004863,Rushil Dey,Groceries,No,2025-06-07,2.0,"Not worth the price, expected better groceries."
ORD004864,Omaja Dara,Kitchenware,No,2025-10-31,1.0,"Not worth the price, expected better kitchenware."
ORD004865,Amruta Sehgal,Beauty Products,Yes,2025-02-23,4.0,"Excellent quality for the price, would buy beauty products again."
ORD004866,Vedhika Dhawan,Kitchenware,No,2023-11-14,4.0,"Great kitchenware, exactly as described. Very happy with it."
ORD004867,Radha Hayer,Books,No,2025-11-08,5.0,"Excellent quality for the price, would buy books again."
ORD004868,Harsh Karan,Electronics,No,2024-05-11,2.0,"Received a damaged electronics, had to return it."
ORD004869,Owen Oommen,Books,Yes,2023-03-13,5.0,"Fast delivery, books exceeded my expectations."
ORD004870,Isaac Chaudhary,Toys,No,2023-11-03,5.0,"Great toys, exactly as described. Very happy with it."
ORD004871,Rayaan Malhotra,Clothes,No,2024-05-20,5.0,"Excellent quality for the price, would buy clothes again."
ORD004872,Yutika Bhagat,Clothes,No,2023-03-26,3.0,"Average clothes, packaging could be better."
ORD004873,Kavya Sandhu,Beauty Products,No,2024-03-04,4.0,"Fast delivery, beauty products exceeded my expectations."
ORD004874,Zayan Kamdar,Toys,No,2025-04-13,4.0,"Really satisfied, highly recommend this toys."
ORD004875,Frederick Nair,Groceries,No,,,
ORD004876,Hitesh Prabhu,Beauty Products,No,,,
ORD004877,Kevin Taneja,Books,No,2024-12-16,5.0,"Great books, exactly as described. Very happy with it."
ORD004878,Ekansh Batra,Sports Equipment,No,2025-10-14,5.0,"Really satisfied, highly recommend this sports equipment."
ORD004879,Hamsini Rattan,Electronics,No,2023-10-26,5.0,"Great electronics, exactly as described. Very happy with it."
ORD004880,Aayush Pall,Groceries,No,2023-08-18,4.0,"Fast delivery, groceries exceeded my expectations."
ORD004881,Jasmit Dhar,Electronics,No,2025-03-12,5.0,"Excellent quality for the price, would buy electronics again."
ORD004882,Azaan Pai,Electronics,No,,,
ORD004883,Jagdish Ganesh,Clothes,No,2024-08-20,3.0,"The clothes is okay, does the job but nothing special."
ORD004884,Odika Iyengar,Electronics,No,2023-03-26,5.0,"Great electronics, exactly as described. Very happy with it."
ORD004885,Charles Chaudry,Clothes,No,2025-09-27,2.0,"Received a damaged clothes, had to return it."
ORD004886,Yuvraj Thaman,Clothes,No,2025-07-25,3.0,"The clothes is okay, does the job but nothing special."
ORD004887,Aradhana Sethi,Groceries,No,2023-08-20,5.0,"Great groceries, exactly as described. Very happy with it."
ORD004888,Finn Dugal,Beauty Products,No,,,
ORD004889,Omkaar Chopra,Groceries,No,2024-12-28,3.0,"Average groceries, packaging could be better."
ORD004890,Omaja Sharma,Kitchenware,No,2025-03-13,4.0,"Great kitchenware, exactly as described. Very happy with it."
ORD004891,Maanas Swamy,Beauty Products,No,2026-01-04,2.0,"Not worth the price, expected better beauty products."
ORD004892,Daksh Chaudhuri,Electronics,Yes,,,
ORD004893,Samesh Jani,Kitchenware,Yes,2025-03-11,4.0,"Great kitchenware, exactly as described. Very happy with it."
ORD004894,Dhriti Lad,Books,No,2023-06-07,3.0,"The books is okay, does the job but nothing special."
ORD004895,Yash Mittal,Sports Equipment,No,2025-11-09,5.0,"Fast delivery, sports equipment exceeded my expectations."
ORD004896,Fitan Kala,Clothes,No,2025-12-10,3.0,"Average clothes, packaging could be better."
ORD004897,Arjun Kaur,Furniture,No,2025-12-04,3.0,"The furniture is okay, does the job but nothing special."
ORD004898,Janya Buch,Groceries,No,2025-06-04,5.0,"Really satisfied, highly recommend this groceries."
ORD004899,Alexander Behl,Beauty Products,No,,,
ORD004900,Oviya Tara,Books,No,2024-02-06,1.0,"Disappointed with this books, quality is not good."
ORD004901,Hemal Sen,Electronics,No,,,
ORD004902,Yuvraj Gandhi,Groceries,Yes,2024-01-03,3.0,"The groceries is okay, does the job but nothing special."
ORD004903,Hemal Sen,Groceries,No,2024-10-29,4.0,"Great groceries, exactly as described. Very happy with it."
ORD004904,Falan Johal,Sports Equipment,No,2025-12-15,3.0,"Average sports equipment, packaging could be better."
ORD004905,Zaid Lata,Electronics,No,,,
ORD004906,Eesha Ahluwalia,Books,No,,,
ORD004907,Gaurang Lad,Beauty Products,Yes,2024-09-02,5.0,"Really satisfied, highly recommend this beauty products."
ORD004908,Bahadurjit Kant,Clothes,No,2024-04-29,1.0,"Not worth the price, expected better clothes."
ORD004909,Damyanti Bhakta,Clothes,No,2025-11-11,4.0,"Fast delivery, clothes exceeded my expectations."
ORD004910,Girish Swamy,Toys,No,2025-07-25,3.0,"Average toys, packaging could be better."
ORD004911,Ikbal Shankar,Electronics,No,2025-07-09,5.0,"Fast delivery, electronics exceeded my expectations."
ORD004912,Neel Mall,Sports Equipment,No,2024-11-03,3.0,"Average sports equipment, packaging could be better."
ORD004913,Janaki Din,Clothes,No,,,
ORD004914,Ucchal Virk,Clothes,No,,,
ORD004915,Triveni Gaba,Furniture,No,2025-05-05,5.0,"Great furniture, exactly as described. Very happy with it."
ORD004916,Pranit Vig,Books,No,2023-04-12,5.0,"Really satisfied, highly recommend this books."
ORD004917,Onveer Bhavsar,Electronics,No,2023-11-09,3.0,"The electronics is okay, does the job but nothing special."
ORD004918,Reva Kota,Kitchenware,No,,,
ORD004919,Gautam Ravi,Electronics,No,2025-12-23,4.0,"Really satisfied, highly recommend this electronics."
ORD004920,Utkarsh Din,Kitchenware,No,2023-10-30,2.0,"Disappointed with this kitchenware, quality is not good."
ORD004921,Yahvi Soni,Kitchenware,No,2023-07-28,4.0,"Fast delivery, kitchenware exceeded my expectations."
ORD004922,Alka Chopra,Kitchenware,Yes,,,
ORD004923,Jalsa Sangha,Books,No,2024-08-10,5.0,"Fast delivery, books exceeded my expectations."
ORD004924,Timothy Lanka,Groceries,No,2024-12-17,3.0,"Average groceries, packaging could be better."
ORD004925,Hardik Kalla,Groceries,No,,,
ORD004926,Darsh Sunder,Electronics,No,2024-01-19,5.0,"Really satisfied, highly recommend this electronics."
ORD004927,Yuvraj Thaman,Groceries,No,2025-07-25,1.0,"Disappointed with this groceries, quality is not good."
ORD004928,Shaurya Bora,Groceries,No,2025-07-13,3.0,"Average groceries, packaging could be better."
ORD004929,Patrick Dora,Kitchenware,Yes,2025-04-28,5.0,"Great kitchenware, exactly as described. Very happy with it."
ORD004930,Siya Dhillon,Beauty Products,No,,,
ORD004931,Yug Rao,Groceries,No,2024-07-18,5.0,"Really satisfied, highly recommend this groceries."
ORD004932,Ladli Yadav,Kitchenware,No,2024-02-24,4.0,"Really satisfied, highly recommend this kitchenware."
ORD004933,Vansha Deol,Groceries,No,,,
ORD004934,Samar Tailor,Electronics,No,,,
ORD004935,Lopa Salvi,Groceries,No,,,
ORD004936,Harrison Rana,Beauty Products,Yes,2023-06-20,2.0,"Not worth the price, expected better beauty products."
ORD004937,Zaid Sandal,Sports Equipment,No,2024-04-21,5.0,"Great sports equipment, exactly as described. Very happy with it."
ORD004938,Sanya Cherian,Beauty Products,No,2024-01-11,3.0,"Average beauty products, packaging could be better."
ORD004939,Tarak Chand,Groceries,Yes,,,
ORD004940,Damyanti Sahni,Clothes,No,2025-11-17,5.0,"Great clothes, exactly as described. Very happy with it."
ORD004941,Eiravati Pradhan,Groceries,No,2025-09-18,4.0,"Really satisfied, highly recommend this groceries."
ORD004942,Ekiya Konda,Electronics,No,2023-07-19,4.0,"Great electronics, exactly as described. Very happy with it."
ORD004943,Aarnav Pant,Clothes,No,2024-10-17,1.0,"Received a damaged clothes, had to return it."
ORD004944,Karan Bhat,Electronics,No,2023-03-27,4.0,"Excellent quality for the price, would buy electronics again."
ORD004945,Urvi Palla,Furniture,No,2023-11-03,5.0,"Really satisfied, highly recommend this furniture."
ORD004946,Naveen Nagi,Shoes,No,,,
ORD004947,Ekiya Konda,Electronics,No,2023-04-17,4.0,"Great electronics, exactly as described. Very happy with it."
ORD004948,Parth Hegde,Sports Equipment,No,2023-01-20,5.0,"Great sports equipment, exactly as described. Very happy with it."
ORD004949,Nathaniel Kota,Electronics,No,2025-06-05,2.0,"Received a damaged electronics, had to return it."
ORD004950,Riya Thaman,Shoes,Yes,2024-01-07,3.0,"Average shoes, packaging could be better."
ORD004951,Tripti Zachariah,Groceries,Yes,2023-06-29,5.0,"Fast delivery, groceries exceeded my expectations."
ORD004952,Urmi Sachdeva,Clothes,No,2023-08-26,5.0,"Really satisfied, highly recommend this clothes."
ORD004953,Advik Hegde,Toys,Yes,2025-10-09,4.0,"Fast delivery, toys exceeded my expectations."
ORD004954,Matthew Yadav,Electronics,Yes,,,
ORD004955,Omaja Badami,Toys,No,,,
ORD004956,Kala Nagar,Kitchenware,No,2024-09-22,5.0,"Great kitchenware, exactly as described. Very happy with it."
ORD004957,Ekalinga Dave,Clothes,No,2023-05-12,2.0,"Not worth the price, expected better clothes."
ORD004958,Patrick Dora,Beauty Products,No,2024-08-10,4.0,"Fast delivery, beauty products exceeded my expectations."
ORD004959,Jackson Patil,Sports Equipment,No,,,
ORD004960,Aachal Andra,Sports Equipment,No,2025-07-07,3.0,"Average sports equipment, packaging could be better."
ORD004961,Yash Mittal,Clothes,Yes,,,
ORD004962,Qadim Agarwal,Toys,No,2024-01-12,4.0,"Really satisfied, highly recommend this toys."
ORD004963,Matthew Yadav,Toys,No,,,
ORD004964,Rushil Dey,Electronics,No,2025-07-13,5.0,"Great electronics, exactly as described. Very happy with it."
ORD004965,Kamya Lanka,Electronics,No,2023-11-03,4.0,"Fast delivery, electronics exceeded my expectations."
ORD004966,Urishilla Naik,Toys,No,,,
ORD004967,Aarna Jaggi,Groceries,No,2024-11-23,3.0,"The groceries is okay, does the job but nothing special."
ORD004968,Yashica Om,Clothes,No,2023-10-09,1.0,"Not worth the price, expected better clothes."
ORD004969,Timothy Bhandari,Furniture,No,2023-12-14,4.0,"Really satisfied, highly recommend this furniture."
ORD004970,Zarna Wali,Toys,No,2025-03-23,5.0,"Great toys, exactly as described. Very happy with it."
ORD004971,Reva Dada,Clothes,No,,,
ORD004972,Nandini Karan,Beauty Products,No,2024-04-26,5.0,"Really satisfied, highly recommend this beauty products."
ORD004973,Nathan Mander,Groceries,No,2025-05-13,5.0,"Great groceries, exactly as described. Very happy with it."
ORD004974,Kashvi Sangha,Groceries,No,2023-02-25,3.0,"The groceries is okay, does the job but nothing special."
ORD004975,Eiravati Khare,Shoes,No,2023-08-01,4.0,"Excellent quality for the price, would buy shoes again."
ORD004976,Gaurav Toor,Electronics,No,2025-03-05,5.0,"Excellent quality for the price, would buy electronics again."
ORD004977,Akshay Bobal,Kitchenware,No,2025-11-26,4.0,"Excellent quality for the price, would buy kitchenware again."
ORD004978,Yachana De,Books,No,2023-04-10,4.0,"Fast delivery, books exceeded my expectations."
ORD004979,Rudra Ahuja,Groceries,No,2026-01-16,4.0,"Excellent quality for the price, would buy groceries again."
ORD004980,Saanvi Agarwal,Sports Equipment,No,2024-05-24,4.0,"Fast delivery, sports equipment exceeded my expectations."
ORD004981,Faras Garg,Electronics,No,,,
ORD004982,Janaki Din,Books,No,2023-11-09,5.0,"Great books, exactly as described. Very happy with it."
ORD004983,Bakhshi Shetty,Groceries,Yes,2025-11-23,5.0,"Fast delivery, groceries exceeded my expectations."
ORD004984,Aayush Parekh,Books,No,2023-12-26,5.0,"Excellent quality for the price, would buy books again."
ORD004985,Pranav Saraf,Beauty Products,Yes,,,
ORD004986,Omaja Sharma,Kitchenware,No,,,
ORD004987,Nachiket Kota,Beauty Products,No,2023-04-30,4.0,"Great beauty products, exactly as described. Very happy with it."
ORD004988,Ijaya Mander,Sports Equipment,No,2024-08-14,5.0,"Great sports equipment, exactly as described. Very happy with it."
ORD004989,Vincent Tara,Toys,No,2023-05-03,5.0,"Excellent quality for the price, would buy toys again."
ORD004990,Bimala Shanker,Electronics,No,2025-02-11,5.0,"Really satisfied, highly recommend this electronics."
ORD004991,Ayushman Bahl,Clothes,Yes,2024-05-02,1.0,"Received a damaged clothes, had to return it."
ORD004992,Vrishti Cherian,Groceries,No,2025-11-10,1.0,"Received a damaged groceries, had to return it."
ORD004993,Falan Lanka,Electronics,No,2023-02-06,5.0,"Really satisfied, highly recommend this electronics."
ORD004994,Baghyawati Mishra,Sports Equipment,Yes,2025-11-05,4.0,"Excellent quality for the price, would buy sports equipment again."
ORD004995,Yashasvi Dewan,Kitchenware,No,2025-06-08,5.0,"Fast delivery, kitchenware exceeded my expectations."
ORD004996,Om Sastry,Toys,No,2023-05-14,5.0,"Great toys, exactly as described. Very happy with it."
ORD004997,Anya Kibe,Clothes,No,2023-10-12,5.0,"Fast delivery, clothes exceeded my expectations."
ORD004998,Lekha Bains,Books,No,2023-03-30,5.0,"Great books, exactly as described. Very happy with it."
ORD004999,Inaya Taneja,Furniture,Yes,2024-05-27,3.0,"The furniture is okay, does the job but nothing special."
ORD005000,Ekiya Patla,Furniture,No,2025-02-02,5.0,"Fast delivery, furniture exceeded my expectations."
ORD005001,Chameli Aggarwal,Sports Equipment,No,,,
ORD005002,Neha Warrior,Toys,No,2025-06-29,4.0,"Excellent quality for the price, would buy toys again."
ORD005003,Yachana De,Groceries,No,2025-12-08,3.0,"Average groceries, packaging could be better."
ORD005004,Dayita Sehgal,Groceries,No,2025-04-30,2.0,"Disappointed with this groceries, quality is not good."
ORD005005,Akshay Ram,Sports Equipment,No,2025-09-19,1.0,"Not worth the price, expected better sports equipment."
ORD005006,Eshana Tiwari,Groceries,No,2023-03-21,2.0,"Not worth the price, expected better groceries."
ORD005007,Dayamai Sankaran,Kitchenware,No,2024-06-29,2.0,"Not worth the price, expected better kitchenware."
ORD005008,Om Sastry,Sports Equipment,No,2023-08-07,1.0,"Not worth the price, expected better sports equipment."
ORD005009,Jeet Setty,Groceries,No,2024-09-01,4.0,"Really satisfied, highly recommend this groceries."
ORD005010,Gaurang Kamdar,Groceries,No,2023-06-05,5.0,"Excellent quality for the price, would buy groceries again."
ORD005011,Maanav Chad,Books,No,2024-01-27,4.0,"Excellent quality for the price, would buy books again."
ORD005012,Ati Loyal,Groceries,Yes,2025-11-19,5.0,"Fast delivery, groceries exceeded my expectations."
ORD005013,Aachal Lad,Books,No,2023-08-04,3.0,"Average books, packaging could be better."
ORD005014,Anya Kibe,Clothes,No,2023-05-03,5.0,"Fast delivery, clothes exceeded my expectations."
ORD005015,Nidra Grewal,Beauty Products,No,2024-04-01,3.0,"Average beauty products, packaging could be better."
ORD005016,Vihaan Sen,Electronics,No,2025-11-02,5.0,"Excellent quality for the price, would buy electronics again."
ORD005017,Falan Lanka,Books,No,2025-10-14,5.0,"Fast delivery, books exceeded my expectations."
ORD005018,Charan Mangal,Books,No,2025-03-19,3.0,"The books is okay, does the job but nothing special."
ORD005019,Nicholas Bhandari,Toys,Yes,2023-09-23,4.0,"Excellent quality for the price, would buy toys again."
ORD005020,Zehaan Devan,Furniture,No,2023-07-26,5.0,"Really satisfied, highly recommend this furniture."
ORD005021,Timothy Lanka,Furniture,No,2025-10-14,3.0,"The furniture is okay, does the job but nothing special."
ORD005022,Tripti Goyal,Electronics,No,2026-01-01,4.0,"Fast delivery, electronics exceeded my expectations."
ORD005023,Devika Mody,Electronics,No,2025-05-09,5.0,"Really satisfied, highly recommend this electronics."
ORD005024,Harita Som,Clothes,No,2023-02-21,3.0,"The clothes is okay, does the job but nothing special."
ORD005025,Bahadurjit Kant,Clothes,No,,,
ORD005026,Vihaan Dora,Groceries,No,2023-08-16,1.0,"Disappointed with this groceries, quality is not good."
ORD005027,Bachittar Bala,Sports Equipment,No,2024-11-18,5.0,"Great sports equipment, exactly as described. Very happy with it."
ORD005028,Victor Chada,Clothes,No,2024-05-21,4.0,"Excellent quality for the price, would buy clothes again."
ORD005029,Veer Cheema,Shoes,No,2025-06-25,2.0,"Not worth the price, expected better shoes."
ORD005030,Parth Jha,Furniture,Yes,2025-07-09,1.0,"Received a damaged furniture, had to return it."
ORD005031,Guneet Tripathi,Toys,No,2024-04-24,4.0,"Great toys, exactly as described. Very happy with it."
ORD005032,Gaurika Ganesh,Clothes,No,,,
ORD005033,Damyanti Sahni,Sports Equipment,No,,,
ORD005034,Ganga Bumb,Toys,No,2024-08-13,4.0,"Excellent quality for the price, would buy toys again."
ORD005035,Brijesh Mani,Shoes,No,2023-10-23,5.0,"Excellent quality for the price, would buy shoes again."
ORD005036,Shravya Naik,Beauty Products,No,2023-09-21,4.0,"Really satisfied, highly recommend this beauty products."
ORD005037,Banjeet De,Beauty Products,No,,,
ORD005038,Hredhaan Edwin,Furniture,No,2025-11-14,5.0,"Great furniture, exactly as described. Very happy with it."
ORD005039,Chandani Datta,Electronics,No,2024-08-15,5.0,"Great electronics, exactly as described. Very happy with it."
ORD005040,Janaki Din,Groceries,No,2023-08-22,4.0,"Really satisfied, highly recommend this groceries."
ORD005041,Ishani Kapoor,Shoes,No,2025-08-07,5.0,"Excellent quality for the price, would buy shoes again."
ORD005042,Janani Parmer,Beauty Products,No,2023-09-22,4.0,"Really satisfied, highly recommend this beauty products."
ORD005043,Oni Dhawan,Beauty Products,No,2025-11-18,5.0,"Fast delivery, beauty products exceeded my expectations."
ORD005044,Lakshmi Bhat,Shoes,Yes,2023-04-17,3.0,"The shoes is okay, does the job but nothing special."
ORD005045,Yoshita Soman,Sports Equipment,No,,,
ORD005046,Samaksh Sem,Beauty Products,No,2025-02-11,4.0,"Great beauty products, exactly as described. Very happy with it."
ORD005047,Yochana Bal,Toys,No,,,
ORD005048,Zashil Bansal,Electronics,No,2024-12-31,5.0,"Fast delivery, electronics exceeded my expectations."
ORD005049,Lohit Saha,Electronics,No,2025-02-11,4.0,"Great electronics, exactly as described. Very happy with it."
ORD005050,Adweta Nadig,Clothes,No,2024-01-20,2.0,"Disappointed with this clothes, quality is not good."
ORD005051,Widisha Minhas,Electronics,No,2025-10-03,4.0,"Excellent quality for the price, would buy electronics again."
ORD005052,Vrishti Cherian,Beauty Products,No,2025-10-13,2.0,"Disappointed with this beauty products, quality is not good."
ORD005053,Chavvi Rajan,Beauty Products,No,2024-08-11,4.0,"Excellent quality for the price, would buy beauty products again."
ORD005054,Aarna Jaggi,Electronics,No,,,
ORD005055,Vansha Deol,Books,No,,,
ORD005056,Ekani Sood,Kitchenware,No,2024-12-12,5.0,"Great kitchenware, exactly as described. Very happy with it."
ORD005057,Karan Bail,Groceries,No,2025-12-20,5.0,"Excellent quality for the price, would buy groceries again."
ORD005058,Shaurya Bora,Toys,No,2023-09-15,3.0,"Average toys, packaging could be better."
ORD005059,Henry Narain,Furniture,No,2024-10-27,4.0,"Really satisfied, highly recommend this furniture."
ORD005060,Isha Bhatnagar,Electronics,No,2025-04-12,5.0,"Really satisfied, highly recommend this electronics."
ORD005061,Maanav Bassi,Electronics,No,2023-05-20,5.0,"Fast delivery, electronics exceeded my expectations."
ORD005062,Dhruv Randhawa,Books,No,2023-02-19,5.0,"Great books, exactly as described. Very happy with it."
ORD005063,Indira Bhargava,Beauty Products,No,2025-04-15,5.0,"Really satisfied, highly recommend this beauty products."
ORD005064,Jairaj Memon,Groceries,No,2023-03-13,5.0,"Really satisfied, highly recommend this groceries."
ORD005065,Ranbir Kala,Electronics,No,2025-11-07,2.0,"Received a damaged electronics, had to return it."
ORD005066,Yauvani Patla,Shoes,No,2023-01-30,5.0,"Excellent quality for the price, would buy shoes again."
ORD005067,Vamakshi Vala,Shoes,No,2024-10-02,4.0,"Really satisfied, highly recommend this shoes."
ORD005068,Bahadurjit Banerjee,Electronics,No,2023-11-24,5.0,"Excellent quality for the price, would buy electronics again."
ORD005069,Jasmit Dhar,Toys,No,2023-04-11,4.0,"Really satisfied, highly recommend this toys."
ORD005070,Lila Kadakia,Groceries,No,2025-02-20,3.0,"Average groceries, packaging could be better."
ORD005071,Ucchal Shukla,Kitchenware,No,2023-04-11,3.0,"Average kitchenware, packaging could be better."
ORD005072,David Kurian,Kitchenware,No,2024-04-01,4.0,"Great kitchenware, exactly as described. Very happy with it."
ORD005073,Panini Prabhakar,Beauty Products,No,2024-08-19,4.0,"Excellent quality for the price, would buy beauty products again."
ORD005074,Radha Hayer,Groceries,No,2024-07-16,5.0,"Fast delivery, groceries exceeded my expectations."
ORD005075,Aayush Dhingra,Electronics,No,2025-10-11,4.0,"Excellent quality for the price, would buy electronics again."
ORD005076,Hitesh Virk,Groceries,No,,,
ORD005077,Tanay Lal,Electronics,No,2023-03-08,4.0,"Great electronics, exactly as described. Very happy with it."
ORD005078,Kavya Sandhu,Electronics,No,2025-02-14,5.0,"Excellent quality for the price, would buy electronics again."
ORD005079,Samuel Rama,Groceries,No,,,
ORD005080,Alka Magar,Clothes,Yes,,,
ORD005081,Lakshmi Chacko,Books,No,,,
ORD005082,Rushil Dey,Books,No,,,
ORD005083,Aradhana Golla,Clothes,No,2023-12-04,1.0,"Not worth the price, expected better clothes."
ORD005084,Ekani Sood,Clothes,No,2023-11-22,5.0,"Really satisfied, highly recommend this clothes."
ORD005085,Charvi Subramanian,Clothes,No,2023-06-30,4.0,"Excellent quality for the price, would buy clothes again."
ORD005086,Reyansh Singh,Clothes,No,2023-12-21,2.0,"Received a damaged clothes, had to return it."
ORD005087,Nicholas Choudhary,Clothes,No,2024-04-18,5.0,"Fast delivery, clothes exceeded my expectations."
ORD005088,Shravya Char,Shoes,Yes,2025-12-29,5.0,"Fast delivery, shoes exceeded my expectations."
ORD005089,Damyanti Sahni,Beauty Products,No,2023-07-04,5.0,"Fast delivery, beauty products exceeded my expectations."
ORD005090,Girish Swamy,Groceries,No,2023-08-02,5.0,"Really satisfied, highly recommend this groceries."
ORD005091,Reva Dada,Furniture,No,,,
ORD005092,Alka Srinivas,Furniture,No,2023-01-12,4.0,"Fast delivery, furniture exceeded my expectations."
ORD005093,Chaitaly Nagar,Books,No,2025-09-29,5.0,"Fast delivery, books exceeded my expectations."
ORD005094,Yauvani Bhatt,Shoes,Yes,,,
ORD005095,Anvi Shan,Furniture,Yes,2023-03-03,3.0,"Average furniture, packaging could be better."
ORD005096,Henry Puri,Electronics,No,2024-07-04,3.0,"The electronics is okay, does the job but nothing special."
ORD005097,Yatan Tripathi,Kitchenware,No,2025-03-10,3.0,"Average kitchenware, packaging could be better."
ORD005098,Sanya Cherian,Sports Equipment,No,,,
ORD005099,Harshil Muni,Sports Equipment,No,2025-05-24,5.0,"Fast delivery, sports equipment exceeded my expectations."
ORD005100,Chameli Aggarwal,Furniture,No,,,
ORD005101,Maanav Chad,Books,Yes,2024-02-04,4.0,"Fast delivery, books exceeded my expectations."
ORD005102,Rushil Gopal,Shoes,No,2025-07-02,4.0,"Excellent quality for the price, would buy shoes again."
ORD005103,Chaitaly Nagar,Groceries,No,2025-03-17,3.0,"The groceries is okay, does the job but nothing special."
ORD005104,Tripti Goyal,Beauty Products,No,2025-01-02,4.0,"Great beauty products, exactly as described. Very happy with it."
ORD005105,Shivani Murthy,Beauty Products,No,2025-01-15,5.0,"Fast delivery, beauty products exceeded my expectations."
ORD005106,Vasudha Agarwal,Furniture,No,,,
ORD005107,Meghana Ben,Furniture,No,2023-01-25,5.0,"Really satisfied, highly recommend this furniture."
ORD005108,Hitesh Prabhu,Beauty Products,No,2023-01-06,4.0,"Excellent quality for the price, would buy beauty products again."
ORD005109,Banjeet Memon,Electronics,No,2023-09-02,3.0,"Average electronics, packaging could be better."
ORD005110,Watika Buch,Sports Equipment,No,2023-04-23,5.0,"Fast delivery, sports equipment exceeded my expectations."
ORD005111,Hiral Dua,Sports Equipment,No,,,
ORD005112,Balhaar Gade,Kitchenware,No,,,
ORD005113,Amara Mitra,Books,Yes,2023-02-28,3.0,"The books is okay, does the job but nothing special."
ORD005114,Dhriti Lad,Toys,No,2024-12-27,4.0,"Excellent quality for the price, would buy toys again."
ORD005115,Imaran Hari,Groceries,No,,,
ORD005116,Yashica Aurora,Toys,No,,,
ORD005117,Chatura Kala,Shoes,No,2023-08-15,5.0,"Really satisfied, highly recommend this shoes."
ORD005118,Yashawini Sengupta,Furniture,No,,,
ORD005119,Qadim Agarwal,Furniture,No,2024-11-29,4.0,"Really satisfied, highly recommend this furniture."
ORD005120,Aarini Nagar,Clothes,No,2023-06-02,3.0,"Average clothes, packaging could be better."
ORD005121,Gautam Mishra,Groceries,No,2025-10-09,5.0,"Excellent quality for the price, would buy groceries again."
ORD005122,Veda Muni,Groceries,No,2025-11-10,5.0,"Excellent quality for the price, would buy groceries again."
ORD005123,Reva Kota,Clothes,No,2024-05-04,1.0,"Disappointed with this clothes, quality is not good."
ORD005124,Brinda Thaker,Electronics,No,2025-05-30,5.0,"Excellent quality for the price, would buy electronics again."
ORD005125,Yutika Bhagat,Groceries,No,,,
ORD005126,Garima Kumar,Electronics,No,2024-04-08,4.0,"Great electronics, exactly as described. Very happy with it."
ORD005127,Zarna Wali,Books,No,2024-04-25,5.0,"Great books, exactly as described. Very happy with it."
ORD005128,Dipta Vaidya,Groceries,No,2023-03-03,5.0,"Fast delivery, groceries exceeded my expectations."
ORD005129,Zarna Wali,Books,No,,,
ORD005130,Ijaya Dyal,Books,Yes,2025-05-16,4.0,"Really satisfied, highly recommend this books."
ORD005131,Elijah Dalal,Clothes,No,2025-12-17,1.0,"Disappointed with this clothes, quality is not good."
ORD005132,Yashasvi Dewan,Clothes,Yes,2024-06-13,5.0,"Excellent quality for the price, would buy clothes again."
ORD005133,Kai Bassi,Shoes,No,,,
ORD005134,Pranit Kohli,Beauty Products,No,2023-05-11,4.0,"Great beauty products, exactly as described. Very happy with it."
ORD005135,Vivaan Seth,Groceries,No,2025-09-03,4.0,"Excellent quality for the price, would buy groceries again."
ORD005136,Finn Dugal,Sports Equipment,No,2025-09-02,5.0,"Excellent quality for the price, would buy sports equipment again."
ORD005137,Aayush Pall,Beauty Products,No,2024-01-19,4.0,"Great beauty products, exactly as described. Very happy with it."
ORD005138,Raghav Pradhan,Sports Equipment,No,,,
ORD005139,Nathaniel Narain,Sports Equipment,Yes,2025-01-19,5.0,"Fast delivery, sports equipment exceeded my expectations."
ORD005140,Anika Rout,Kitchenware,No,2023-08-27,5.0,"Excellent quality for the price, would buy kitchenware again."
ORD005141,Tejas Mani,Books,No,,,
ORD005142,Hamsini Rattan,Groceries,Yes,2023-04-25,3.0,"Average groceries, packaging could be better."
ORD005143,Aayush Pall,Electronics,No,2025-04-15,3.0,"Average electronics, packaging could be better."
ORD005144,Maya Ramakrishnan,Sports Equipment,No,,,
ORD005145,Veer Cheema,Groceries,No,2024-01-09,4.0,"Really satisfied, highly recommend this groceries."
ORD005146,Elijah Dalal,Beauty Products,No,,,
ORD005147,Wishi Gala,Groceries,No,2023-07-29,1.0,"Disappointed with this groceries, quality is not good."
ORD005148,Lipika Iyengar,Shoes,No,2025-09-04,5.0,"Great shoes, exactly as described. Very happy with it."
ORD005149,Chanchal Sastry,Sports Equipment,No,,,
ORD005150,Girindra Gola,Shoes,No,2023-03-31,3.0,"Average shoes, packaging could be better."
ORD005151,Xavier Memon,Beauty Products,No,,,
ORD005152,Girindra Gola,Kitchenware,No,,,
ORD005153,Bahadurjit Banerjee,Electronics,No,2025-11-25,2.0,"Received a damaged electronics, had to return it."
ORD005154,Tanay Sagar,Sports Equipment,No,,,
ORD005155,Shravya Ravi,Sports Equipment,No,2023-04-06,4.0,"Really satisfied, highly recommend this sports equipment."
ORD005156,Jackson Patil,Groceries,No,2024-02-09,2.0,"Disappointed with this groceries, quality is not good."
ORD005157,Imaran Dara,Electronics,Yes,2023-01-22,5.0,"Excellent quality for the price, would buy electronics again."
ORD005158,Ekiya Patla,Shoes,Yes,,,
ORD005159,Vrinda Sama,Electronics,No,,,
ORD005160,Yachana De,Shoes,No,,,
ORD005161,Nathan Aggarwal,Furniture,No,2025-12-05,4.0,"Fast delivery, furniture exceeded my expectations."
ORD005162,Falan Johal,Books,No,,,
ORD005163,Ekiya Konda,Clothes,No,2023-08-08,4.0,"Excellent quality for the price, would buy clothes again."
ORD005164,Yochana Bal,Furniture,No,2024-04-29,5.0,"Great furniture, exactly as described. Very happy with it."
ORD005165,Hamsini Iyer,Beauty Products,No,2025-11-29,5.0,"Really satisfied, highly recommend this beauty products."
ORD005166,Laban Bal,Electronics,No,2024-02-05,4.0,"Really satisfied, highly recommend this electronics."
ORD005167,Zashil Chaudhuri,Books,No,2024-03-26,1.0,"Received a damaged books, had to return it."
ORD005168,Ikbal Chhabra,Groceries,Yes,2025-02-28,5.0,"Really satisfied, highly recommend this groceries."
ORD005169,Chaitanya Tak,Beauty Products,No,2024-11-10,5.0,"Excellent quality for the price, would buy beauty products again."
ORD005170,Gavin Gade,Toys,Yes,2023-05-17,4.0,"Excellent quality for the price, would buy toys again."
ORD005171,Leena Narula,Beauty Products,No,2024-12-13,5.0,"Excellent quality for the price, would buy beauty products again."
ORD005172,Rohan Arora,Electronics,No,2025-11-08,5.0,"Fast delivery, electronics exceeded my expectations."
ORD005173,Vivaan Seth,Clothes,No,2025-10-26,4.0,"Really satisfied, highly recommend this clothes."
ORD005174,Daksha Kaul,Groceries,No,,,
ORD005175,Ikbal Tandon,Clothes,No,,,
ORD005176,Charvi Subramanian,Beauty Products,No,2025-11-04,2.0,"Not worth the price, expected better beauty products."
ORD005177,Owen Trivedi,Electronics,No,,,
ORD005178,Vaishnavi Sachar,Groceries,No,2023-01-25,5.0,"Excellent quality for the price, would buy groceries again."
ORD005179,Guneet Tripathi,Electronics,Yes,2024-04-13,4.0,"Fast delivery, electronics exceeded my expectations."
ORD005180,Aishani Apte,Shoes,No,2025-09-04,5.0,"Excellent quality for the price, would buy shoes again."
ORD005181,Vaishnavi Dutt,Electronics,No,2024-05-26,4.0,"Excellent quality for the price, would buy electronics again."
ORD005182,Vihaan Sen,Clothes,No,2023-01-26,4.0,"Great clothes, exactly as described. Very happy with it."
ORD005183,Victor Goda,Furniture,No,2025-02-24,2.0,"Received a damaged furniture, had to return it."
ORD005184,Oni Kibe,Groceries,No,2025-10-22,5.0,"Excellent quality for the price, would buy groceries again."
ORD005185,Elijah Dalal,Groceries,Yes,,,
ORD005186,Ayush Bala,Beauty Products,No,2024-10-26,5.0,"Great beauty products, exactly as described. Very happy with it."
ORD005187,Reva Dada,Groceries,Yes,2024-02-28,5.0,"Excellent quality for the price, would buy groceries again."
ORD005188,Brinda Mammen,Electronics,No,2023-02-03,2.0,"Received a damaged electronics, had to return it."
ORD005189,Falak Rege,Electronics,No,2025-06-23,5.0,"Great electronics, exactly as described. Very happy with it."
ORD005190,Harrison Arya,Electronics,Yes,2023-02-19,4.0,"Fast delivery, electronics exceeded my expectations."
ORD005191,Dakshesh Goswami,Groceries,No,2024-10-08,3.0,"The groceries is okay, does the job but nothing special."
ORD005192,Ekalinga Dave,Clothes,Yes,2025-05-23,5.0,"Fast delivery, clothes exceeded my expectations."
ORD005193,William Khanna,Groceries,No,2024-08-20,5.0,"Fast delivery, groceries exceeded my expectations."
ORD005194,Amruta Sehgal,Clothes,No,2025-06-16,5.0,"Great clothes, exactly as described. Very happy with it."
ORD005195,Chandran Roy,Sports Equipment,No,,,
ORD005196,Rachit Bedi,Shoes,No,2025-12-08,4.0,"Really satisfied, highly recommend this shoes."
ORD005197,Jonathan Wali,Kitchenware,Yes,2023-10-08,4.0,"Great kitchenware, exactly as described. Very happy with it."
ORD005198,Aradhana Golla,Electronics,No,2024-11-26,3.0,"The electronics is okay, does the job but nothing special."
ORD005199,Dhruv Bandi,Electronics,No,,,
ORD005200,Zaid Lata,Clothes,Yes,2025-04-21,4.0,"Fast delivery, clothes exceeded my expectations."
ORD005201,Orinder Dhaliwal,Electronics,No,2025-05-19,5.0,"Fast delivery, electronics exceeded my expectations."
ORD005202,Qabil Lall,Beauty Products,No,2024-12-10,3.0,"The beauty products is okay, does the job but nothing special."
ORD005203,Benjamin Barad,Furniture,No,2025-05-22,4.0,"Really satisfied, highly recommend this furniture."
ORD005204,Harsh Agrawal,Kitchenware,No,2024-09-23,4.0,"Excellent quality for the price, would buy kitchenware again."
ORD005205,Yatin Balakrishnan,Clothes,No,2023-06-11,4.0,"Excellent quality for the price, would buy clothes again."
ORD005206,Kashvi Sangha,Groceries,No,2025-05-08,5.0,"Really satisfied, highly recommend this groceries."
ORD005207,Devika Parikh,Clothes,No,,,
ORD005208,Hitesh Virk,Electronics,Yes,,,
ORD005209,Liam More,Kitchenware,Yes,2025-11-21,4.0,"Really satisfied, highly recommend this kitchenware."
ORD005210,Frederick Patil,Beauty Products,Yes,,,
ORD005211,Rohan Arora,Toys,No,,,
ORD005212,Darsh Arya,Sports Equipment,No,2024-02-16,5.0,"Great sports equipment, exactly as described. Very happy with it."
ORD005213,Aachal Thakkar,Groceries,No,2024-04-14,4.0,"Great groceries, exactly as described. Very happy with it."
ORD005214,Urvashi Ratta,Sports Equipment,No,2024-11-07,4.0,"Fast delivery, sports equipment exceeded my expectations."
ORD005215,Hamsini Iyer,Electronics,No,2023-12-16,4.0,"Great electronics, exactly as described. Very happy with it."
ORD005216,Lucky Balakrishnan,Electronics,Yes,2024-08-19,3.0,"Average electronics, packaging could be better."
ORD005217,Tanmayi Subramanian,Kitchenware,No,2024-08-17,4.0,"Fast delivery, kitchenware exceeded my expectations."
ORD005218,Indali Kunda,Books,No,,,
ORD005219,Utkarsh Din,Groceries,No,2025-08-05,5.0,"Fast delivery, groceries exceeded my expectations."
ORD005220,Gaurangi Aurora,Kitchenware,No,2025-06-24,3.0,"The kitchenware is okay, does the job but nothing special."
ORD005221,Leena Chhabra,Kitchenware,No,2024-11-19,4.0,"Great kitchenware, exactly as described. Very happy with it."
ORD005222,Yamini Bir,Sports Equipment,No,2025-12-16,4.0,"Great sports equipment, exactly as described. Very happy with it."
ORD005223,Inaya Taneja,Groceries,No,2024-03-15,4.0,"Fast delivery, groceries exceeded my expectations."
ORD005224,Charles Chaudry,Sports Equipment,No,2024-03-05,4.0,"Really satisfied, highly recommend this sports equipment."
ORD005225,Yashoda Mammen,Electronics,No,2025-06-21,5.0,"Great electronics, exactly as described. Very happy with it."
ORD005226,Rishi Borde,Furniture,No,2025-04-23,5.0,"Great furniture, exactly as described. Very happy with it."
ORD005227,Dipta Vaidya,Clothes,No,,,
ORD005228,Yatan Keer,Groceries,No,2023-07-09,5.0,"Fast delivery, groceries exceeded my expectations."
ORD005229,Laksh Sani,Clothes,No,2024-02-19,3.0,"The clothes is okay, does the job but nothing special."
ORD005230,Zayyan Palan,Sports Equipment,No,2024-12-18,4.0,"Really satisfied, highly recommend this sports equipment."
ORD005231,Qadim Sen,Electronics,No,2026-01-01,4.0,"Great electronics, exactly as described. Very happy with it."
ORD005232,Chanchal Sastry,Beauty Products,No,2023-04-15,5.0,"Really satisfied, highly recommend this beauty products."
ORD005233,Waida Bandi,Toys,No,2024-04-11,4.0,"Excellent quality for the price, would buy toys again."
ORD005234,Azaan Roy,Furniture,No,2023-03-24,5.0,"Great furniture, exactly as described. Very happy with it."
ORD005235,Ranbir Kala,Kitchenware,Yes,,,
ORD005236,Devika Mody,Electronics,Yes,2025-01-23,4.0,"Really satisfied, highly recommend this electronics."
ORD005237,Brijesh Mani,Clothes,No,2024-10-06,4.0,"Fast delivery, clothes exceeded my expectations."
ORD005238,Balvan Jani,Groceries,No,2025-02-27,3.0,"The groceries is okay, does the job but nothing special."
ORD005239,William Khanna,Kitchenware,Yes,2024-12-10,3.0,"Average kitchenware, packaging could be better."
ORD005240,Charles Chaudry,Books,No,2025-07-08,3.0,"Average books, packaging could be better."
ORD005241,Upma Ganesan,Books,No,,,
ORD005242,Farhan Mammen,Clothes,No,,,
ORD005243,Turvi Khanna,Kitchenware,No,2024-10-05,5.0,"Fast delivery, kitchenware exceeded my expectations."
ORD005244,Wakeeta Raval,Shoes,No,2023-05-15,5.0,"Excellent quality for the price, would buy shoes again."
ORD005245,Gavin Lalla,Furniture,No,2023-04-01,5.0,"Great furniture, exactly as described. Very happy with it."
ORD005246,Baljiwan Chadha,Beauty Products,No,,,
ORD005247,Omisha Sood,Furniture,No,2024-07-09,4.0,"Great furniture, exactly as described. Very happy with it."
ORD005248,Urvi Das,Books,Yes,,,
ORD005249,Luke Arora,Electronics,Yes,,,
ORD005250,Victor Chada,Toys,No,,,
ORD005251,Harish Shetty,Groceries,No,2025-06-05,2.0,"Not worth the price, expected better groceries."
ORD005252,Adweta Nadig,Beauty Products,No,2024-11-11,5.0,"Really satisfied, highly recommend this beauty products."
ORD005253,Varenya Mani,Toys,Yes,,,
ORD005254,Ishanvi Konda,Sports Equipment,No,2025-09-18,4.0,"Excellent quality for the price, would buy sports equipment again."
ORD005255,Devansh Mital,Kitchenware,No,2025-03-23,5.0,"Great kitchenware, exactly as described. Very happy with it."
ORD005256,Zilmil Bail,Sports Equipment,No,,,
ORD005257,Krisha Ganguly,Groceries,No,2025-05-15,5.0,"Fast delivery, groceries exceeded my expectations."
ORD005258,Eshana Lad,Groceries,No,2025-12-20,5.0,"Excellent quality for the price, would buy groceries again."
ORD005259,Dhruv Randhawa,Clothes,No,,,
ORD005260,Hemangini Chad,Beauty Products,Yes,2024-06-13,2.0,"Received a damaged beauty products, had to return it."
ORD005261,Udant Hayer,Furniture,No,2023-07-12,5.0,"Excellent quality for the price, would buy furniture again."
ORD005262,Dalbir Sule,Furniture,No,2023-03-05,5.0,"Excellent quality for the price, would buy furniture again."
ORD005263,Xavier Memon,Shoes,No,,,
ORD005264,Vihaan Dora,Groceries,Yes,,,
ORD005265,Luke Arora,Groceries,No,2024-07-09,4.0,"Really satisfied, highly recommend this groceries."
ORD005266,Yuvraj Gandhi,Clothes,No,2023-12-20,4.0,"Excellent quality for the price, would buy clothes again."
ORD005267,Ikbal Chhabra,Toys,No,2023-09-23,3.0,"Average toys, packaging could be better."
ORD005268,Kavya Sandhu,Books,No,2024-12-19,2.0,"Disappointed with this books, quality is not good."
ORD005269,Oni Kibe,Shoes,No,2025-07-15,5.0,"Really satisfied, highly recommend this shoes."
ORD005270,Leena Chhabra,Furniture,No,,,
ORD005271,Champak Kuruvilla,Beauty Products,No,2024-03-19,3.0,"The beauty products is okay, does the job but nothing special."
ORD005272,Janya Buch,Electronics,No,,,
ORD005273,Dakshesh Goswami,Groceries,Yes,2025-02-04,5.0,"Great groceries, exactly as described. Very happy with it."
ORD005274,Janya Sankaran,Kitchenware,No,2023-04-03,5.0,"Great kitchenware, exactly as described. Very happy with it."
ORD005275,Benjamin Barad,Shoes,No,2023-11-17,4.0,"Really satisfied, highly recommend this shoes."
ORD005276,Yashasvi Dewan,Kitchenware,No,2025-03-28,4.0,"Great kitchenware, exactly as described. Very happy with it."
ORD005277,Ganga Handa,Groceries,No,2024-01-13,1.0,"Received a damaged groceries, had to return it."
ORD005278,Hitesh Bhandari,Kitchenware,No,2023-03-11,5.0,"Fast delivery, kitchenware exceeded my expectations."
ORD005279,Januja Iyengar,Electronics,No,2026-01-13,4.0,"Fast delivery, electronics exceeded my expectations."
ORD005280,Oni Kibe,Groceries,No,2023-01-25,5.0,"Excellent quality for the price, would buy groceries again."
ORD005281,Qadim Sen,Books,No,2024-06-17,5.0,"Really satisfied, highly recommend this books."
ORD005282,Ucchal Shukla,Groceries,No,2023-08-04,4.0,"Great groceries, exactly as described. Very happy with it."
ORD005283,Rayaan Goyal,Sports Equipment,No,2024-08-12,2.0,"Not worth the price, expected better sports equipment."
ORD005284,Charles Chaudry,Furniture,No,2023-05-31,1.0,"Disappointed with this furniture, quality is not good."
ORD005285,Kamya Jhaveri,Electronics,No,2023-01-30,4.0,"Really satisfied, highly recommend this electronics."
ORD005286,Yachana De,Sports Equipment,No,2025-03-16,5.0,"Fast delivery, sports equipment exceeded my expectations."
ORD005287,Urishilla Naik,Books,No,2024-06-03,5.0,"Excellent quality for the price, would buy books again."
ORD005288,Libni Palan,Electronics,No,2023-01-13,5.0,"Great electronics, exactly as described. Very happy with it."
ORD005289,Leena Narula,Shoes,No,2025-08-23,5.0,"Great shoes, exactly as described. Very happy with it."
ORD005290,Jairaj Setty,Shoes,No,2025-03-20,3.0,"Average shoes, packaging could be better."
ORD005291,Urmi Wali,Clothes,No,,,
ORD005292,Zashil Chaudhuri,Beauty Products,No,,,
ORD005293,Tanay Lal,Toys,No,2024-04-11,2.0,"Disappointed with this toys, quality is not good."
ORD005294,Kiaan Jayaraman,Books,No,2025-06-06,4.0,"Great books, exactly as described. Very happy with it."
ORD005295,Triveni Pathak,Groceries,No,2023-09-24,4.0,"Great groceries, exactly as described. Very happy with it."
ORD005296,Kashish Sekhon,Beauty Products,No,2023-04-10,5.0,"Fast delivery, beauty products exceeded my expectations."
ORD005297,Hamsini Rao,Books,No,2023-10-17,4.0,"Excellent quality for the price, would buy books again."
ORD005298,Simon Mitter,Toys,No,2024-08-21,1.0,"Received a damaged toys, had to return it."
ORD005299,Charvi Subramanian,Groceries,No,2024-11-18,3.0,"Average groceries, packaging could be better."
ORD005300,Pahal Kuruvilla,Clothes,No,2025-07-17,5.0,"Fast delivery, clothes exceeded my expectations."
ORD005301,Frado Raj,Electronics,No,2025-02-25,4.0,"Fast delivery, electronics exceeded my expectations."
ORD005302,Chameli Aggarwal,Books,No,2025-09-24,5.0,"Really satisfied, highly recommend this books."
ORD005303,Yahvi Wadhwa,Kitchenware,No,2025-04-02,4.0,"Really satisfied, highly recommend this kitchenware."
ORD005304,Panini Prabhakar,Groceries,No,2025-05-25,5.0,"Great groceries, exactly as described. Very happy with it."
ORD005305,Fitan Sodhi,Groceries,No,2023-11-30,5.0,"Great groceries, exactly as described. Very happy with it."
ORD005306,Benjamin Deol,Clothes,No,2023-11-18,5.0,"Excellent quality for the price, would buy clothes again."
ORD005307,Neha Warrior,Beauty Products,No,2024-04-07,1.0,"Disappointed with this beauty products, quality is not good."
ORD005308,Gautam Ravi,Shoes,Yes,2024-06-22,1.0,"Disappointed with this shoes, quality is not good."
ORD005309,Zarna Tailor,Sports Equipment,No,2024-04-28,4.0,"Really satisfied, highly recommend this sports equipment."
ORD005310,Kiaan Arora,Clothes,No,2023-03-09,4.0,"Fast delivery, clothes exceeded my expectations."
ORD005311,Janaki Mistry,Furniture,Yes,2024-07-28,2.0,"Disappointed with this furniture, quality is not good."
ORD005312,Chakrika Kalla,Electronics,No,2023-01-31,3.0,"Average electronics, packaging could be better."
ORD005313,Tarak Chand,Groceries,No,2023-03-06,4.0,"Really satisfied, highly recommend this groceries."
ORD005314,Ijaya Dyal,Electronics,No,,,
ORD005315,Yachana De,Books,Yes,2023-03-16,5.0,"Fast delivery, books exceeded my expectations."
ORD005316,Fariq Gandhi,Furniture,No,2024-08-06,4.0,"Really satisfied, highly recommend this furniture."
ORD005317,Bakhshi Shetty,Groceries,No,2023-02-15,4.0,"Fast delivery, groceries exceeded my expectations."
ORD005318,Aarini Ravel,Clothes,Yes,,,
ORD005319,Ikbal Tandon,Books,No,2025-05-25,4.0,"Fast delivery, books exceeded my expectations."
ORD005320,Bhanumati Saran,Shoes,No,2024-11-29,5.0,"Great shoes, exactly as described. Very happy with it."
ORD005321,Viraj Barad,Electronics,No,2024-11-17,3.0,"The electronics is okay, does the job but nothing special."
ORD005322,Mugdha Jani,Clothes,No,2024-10-27,5.0,"Really satisfied, highly recommend this clothes."
ORD005323,Eiravati Pradhan,Books,No,,,
ORD005324,Falak Anne,Shoes,No,2025-11-21,2.0,"Not worth the price, expected better shoes."
ORD005325,Chanchal Sastry,Groceries,No,2025-11-17,3.0,"The groceries is okay, does the job but nothing special."
ORD005326,Karan Kumar,Sports Equipment,No,2024-05-24,4.0,"Great sports equipment, exactly as described. Very happy with it."
ORD005327,Madhavi Mann,Beauty Products,No,2024-12-25,5.0,"Great beauty products, exactly as described. Very happy with it."
ORD005328,Banjeet Memon,Shoes,No,2024-03-31,4.0,"Really satisfied, highly recommend this shoes."
ORD005329,Krisha Ram,Sports Equipment,No,2024-03-17,4.0,"Fast delivery, sports equipment exceeded my expectations."
ORD005330,Samar Ahuja,Books,No,2023-11-27,4.0,"Really satisfied, highly recommend this books."
ORD005331,Baljiwan Chadha,Shoes,No,,,
ORD005332,Kashvi Sangha,Furniture,No,,,
ORD005333,Tristan Bhavsar,Furniture,No,2023-07-19,4.0,"Fast delivery, furniture exceeded my expectations."
ORD005334,Xiti Puri,Groceries,Yes,2025-05-06,5.0,"Excellent quality for the price, would buy groceries again."
ORD005335,Banjeet Memon,Beauty Products,Yes,2023-12-27,3.0,"The beauty products is okay, does the job but nothing special."
ORD005336,Ubika Bains,Electronics,No,2025-10-13,5.0,"Excellent quality for the price, would buy electronics again."
ORD005337,Kashish Sekhon,Clothes,No,2023-08-25,4.0,"Really satisfied, highly recommend this clothes."
ORD005338,Luke Arora,Kitchenware,No,,,
ORD005339,Chanakya Pillai,Groceries,No,2024-05-06,5.0,"Excellent quality for the price, would buy groceries again."
ORD005340,Aachal Thakkar,Sports Equipment,Yes,2025-11-19,4.0,"Fast delivery, sports equipment exceeded my expectations."
ORD005341,Ranbir Kala,Toys,No,2023-05-08,3.0,"Average toys, packaging could be better."
ORD005342,Ayush Bala,Electronics,No,2025-01-30,5.0,"Great electronics, exactly as described. Very happy with it."
ORD005343,Kevin Suresh,Clothes,No,2026-01-09,4.0,"Really satisfied, highly recommend this clothes."
ORD005344,Rishi Kashyap,Kitchenware,Yes,2025-11-24,4.0,"Great kitchenware, exactly as described. Very happy with it."
ORD005345,Reyansh Singh,Beauty Products,No,2024-08-06,3.0,"Average beauty products, packaging could be better."
ORD005346,Ekani Sood,Clothes,No,,,
ORD005347,Kiaan Jayaraman,Books,No,,,
ORD005348,Jalsa Sangha,Toys,No,2024-05-08,3.0,"Average toys, packaging could be better."
ORD005349,Viraj Arora,Electronics,No,,,
ORD005350,Ijaya Dyal,Furniture,No,2025-05-18,3.0,"Average furniture, packaging could be better."
ORD005351,Viraj Arora,Toys,No,2025-12-24,4.0,"Really satisfied, highly recommend this toys."
ORD005352,Falan Lanka,Furniture,Yes,2024-09-12,2.0,"Received a damaged furniture, had to return it."
ORD005353,Mitali Verma,Electronics,No,2025-10-07,5.0,"Great electronics, exactly as described. Very happy with it."
ORD005354,Eta Chakraborty,Electronics,No,2025-01-19,1.0,"Not worth the price, expected better electronics."
ORD005355,Ijaya Mander,Clothes,No,2025-05-19,4.0,"Fast delivery, clothes exceeded my expectations."
ORD005356,Omisha Sood,Electronics,No,2025-08-16,4.0,"Excellent quality for the price, would buy electronics again."
ORD005357,Karan Bail,Books,No,2023-01-26,5.0,"Fast delivery, books exceeded my expectations."
ORD005358,Zaid Lata,Kitchenware,No,,,
ORD005359,Brijesh Mani,Sports Equipment,No,2025-10-03,4.0,"Great sports equipment, exactly as described. Very happy with it."
ORD005360,Jagdish Kurian,Furniture,No,,,
ORD005361,Mekhala Dar,Sports Equipment,No,2023-02-07,5.0,"Great sports equipment, exactly as described. Very happy with it."
ORD005362,Vaishnavi Shroff,Electronics,No,2025-05-18,4.0,"Great electronics, exactly as described. Very happy with it."
ORD005363,Ladli Yadav,Shoes,No,2025-06-26,5.0,"Great shoes, exactly as described. Very happy with it."
ORD005364,Leena Chhabra,Groceries,No,2023-09-24,3.0,"The groceries is okay, does the job but nothing special."
ORD005365,Chakrika Kalla,Books,No,2025-04-14,5.0,"Fast delivery, books exceeded my expectations."
ORD005366,Zashil Chaudhuri,Toys,No,2023-03-15,3.0,"Average toys, packaging could be better."
ORD005367,Luke Arora,Groceries,No,2024-03-23,5.0,"Fast delivery, groceries exceeded my expectations."
ORD005368,Nidhi Baria,Kitchenware,No,2025-12-21,4.0,"Excellent quality for the price, would buy kitchenware again."
ORD005369,Xavier Soman,Books,No,2023-05-26,4.0,"Great books, exactly as described. Very happy with it."
ORD005370,Baljiwan Chadha,Books,No,2023-04-16,2.0,"Disappointed with this books, quality is not good."
ORD005371,Chasmum Goyal,Sports Equipment,No,2023-10-13,3.0,"Average sports equipment, packaging could be better."
ORD005372,Anvi Shan,Electronics,No,2025-03-11,4.0,"Really satisfied, highly recommend this electronics."
ORD005373,Onkar Sarin,Electronics,No,2025-07-22,4.0,"Great electronics, exactly as described. Very happy with it."
ORD005374,Banjeet De,Furniture,Yes,2023-08-18,4.0,"Fast delivery, furniture exceeded my expectations."
ORD005375,Arjun Kaur,Toys,No,2023-09-09,3.0,"The toys is okay, does the job but nothing special."
ORD005376,Elijah Raman,Electronics,No,2024-06-01,4.0,"Fast delivery, electronics exceeded my expectations."
ORD005377,Mitali Verma,Groceries,No,2025-10-06,5.0,"Excellent quality for the price, would buy groceries again."
ORD005378,Omaja Sharma,Furniture,No,2025-10-21,3.0,"The furniture is okay, does the job but nothing special."
ORD005379,Meghana Ben,Beauty Products,No,,,
ORD005380,Eshana Lad,Electronics,No,,,
ORD005381,Akshay Ram,Toys,No,2024-10-10,1.0,"Not worth the price, expected better toys."
ORD005382,Charvi Subramanian,Electronics,No,2026-01-10,3.0,"The electronics is okay, does the job but nothing special."
ORD005383,Rohan Arora,Groceries,No,2024-04-26,5.0,"Excellent quality for the price, would buy groceries again."
ORD005384,Bahadurjit Kant,Kitchenware,No,2024-05-03,4.0,"Great kitchenware, exactly as described. Very happy with it."
ORD005385,Rushil Brahmbhatt,Electronics,No,2023-11-27,3.0,"The electronics is okay, does the job but nothing special."
ORD005386,Naveen Nagi,Electronics,No,,,
ORD005387,Bimala Sehgal,Clothes,No,2023-03-17,5.0,"Great clothes, exactly as described. Very happy with it."
ORD005388,Yuvraj Gandhi,Toys,No,2024-05-18,5.0,"Fast delivery, toys exceeded my expectations."
ORD005389,Yauvani Patla,Clothes,No,2023-12-10,5.0,"Excellent quality for the price, would buy clothes again."
ORD005390,Harrison Shan,Groceries,No,2026-01-02,3.0,"The groceries is okay, does the job but nothing special."
ORD005391,Tanvi Ghosh,Toys,No,,,
ORD005392,Elijah Wason,Clothes,No,2023-05-27,4.0,"Really satisfied, highly recommend this clothes."
ORD005393,Chakradev Bains,Groceries,No,2023-10-20,5.0,"Really satisfied, highly recommend this groceries."
ORD005394,Bimala Sehgal,Electronics,No,,,
ORD005395,Simon Mitter,Shoes,No,2026-01-16,5.0,"Excellent quality for the price, would buy shoes again."
ORD005396,Ekiya Konda,Clothes,No,,,
ORD005397,Yuvraj Thaman,Clothes,No,2023-06-19,5.0,"Really satisfied, highly recommend this clothes."
ORD005398,Samar Ahuja,Electronics,No,2023-12-13,4.0,"Really satisfied, highly recommend this electronics."
ORD005399,Samuel Rama,Sports Equipment,No,2024-10-31,3.0,"The sports equipment is okay, does the job but nothing special."
ORD005400,Shravya Naik,Furniture,No,2024-01-05,5.0,"Great furniture, exactly as described. Very happy with it."
ORD005401,Gautam Aurora,Furniture,No,2025-03-17,5.0,"Fast delivery, furniture exceeded my expectations."
ORD005402,Falan Chana,Kitchenware,No,2025-04-05,2.0,"Not worth the price, expected better kitchenware."
ORD005403,Tripti Zachariah,Electronics,No,2024-06-13,4.0,"Excellent quality for the price, would buy electronics again."
ORD005404,Rayaan Goyal,Sports Equipment,No,,,
ORD005405,Raagini Bhagat,Shoes,No,2024-08-14,5.0,"Great shoes, exactly as described. Very happy with it."
ORD005406,Rishi Kashyap,Electronics,No,2025-11-28,5.0,"Really satisfied, highly recommend this electronics."
ORD005407,Jacob Ramakrishnan,Shoes,No,2024-10-22,5.0,"Great shoes, exactly as described. Very happy with it."
ORD005408,Banjeet Rege,Groceries,No,2025-02-27,4.0,"Excellent quality for the price, would buy groceries again."
ORD005409,Atharv Madan,Furniture,No,2023-03-03,2.0,"Received a damaged furniture, had to return it."
ORD005410,Yashvi Bahl,Electronics,No,2025-03-12,3.0,"Average electronics, packaging could be better."
ORD005411,Pahal Kuruvilla,Kitchenware,No,2023-07-31,2.0,"Not worth the price, expected better kitchenware."
ORD005412,Leela Swaminathan,Shoes,No,2025-04-23,5.0,"Really satisfied, highly recommend this shoes."
ORD005413,Anya Kibe,Sports Equipment,No,2025-02-22,4.0,"Fast delivery, sports equipment exceeded my expectations."
ORD005414,Siya Dhillon,Sports Equipment,No,2023-03-03,3.0,"The sports equipment is okay, does the job but nothing special."
ORD005415,Ubika Sarna,Electronics,No,2024-06-05,1.0,"Disappointed with this electronics, quality is not good."
ORD005416,Veda Bhatnagar,Groceries,No,2023-06-26,5.0,"Great groceries, exactly as described. Very happy with it."
ORD005417,Janaki Din,Toys,No,2023-01-06,5.0,"Excellent quality for the price, would buy toys again."
ORD005418,Viraj Barad,Toys,No,2024-04-03,2.0,"Received a damaged toys, had to return it."
ORD005419,Jagat Iyengar,Beauty Products,Yes,,,
ORD005420,Rudra Ahuja,Toys,No,2023-02-20,5.0,"Fast delivery, toys exceeded my expectations."
ORD005421,Lucky Sagar,Furniture,No,,,
ORD005422,Ubika Sarna,Beauty Products,No,,,
ORD005423,Meera Chawla,Kitchenware,No,,,
ORD005424,Mitesh Varghese,Beauty Products,Yes,2024-07-31,2.0,"Disappointed with this beauty products, quality is not good."
ORD005425,Vaishnavi Dutt,Books,No,2024-04-17,4.0,"Great books, exactly as described. Very happy with it."
ORD005426,Chandran Roy,Kitchenware,No,2024-08-15,5.0,"Great kitchenware, exactly as described. Very happy with it."
ORD005427,Falan Chana,Electronics,No,2024-04-26,3.0,"The electronics is okay, does the job but nothing special."
ORD005428,Jasmit Dhar,Groceries,No,2025-10-05,5.0,"Fast delivery, groceries exceeded my expectations."
ORD005429,Tanmayi Boase,Furniture,No,2024-03-24,1.0,"Not worth the price, expected better furniture."
ORD005430,Timothy Bhatti,Electronics,No,,,
ORD005431,Imaran Edwin,Beauty Products,No,2023-02-17,5.0,"Excellent quality for the price, would buy beauty products again."
ORD005432,Vinaya Shukla,Groceries,No,2023-02-08,2.0,"Disappointed with this groceries, quality is not good."
ORD005433,Idika Bhagat,Kitchenware,Yes,2023-07-14,4.0,"Really satisfied, highly recommend this kitchenware."
ORD005434,Meera Bajaj,Groceries,No,2023-07-13,4.0,"Excellent quality for the price, would buy groceries again."
ORD005435,Balvan Jani,Clothes,No,2023-10-03,5.0,"Fast delivery, clothes exceeded my expectations."
ORD005436,Eta Chakraborty,Sports Equipment,No,2023-12-30,5.0,"Fast delivery, sports equipment exceeded my expectations."
ORD005437,Shivani Sane,Kitchenware,No,2024-10-29,3.0,"Average kitchenware, packaging could be better."
ORD005438,Abhiram Mitter,Furniture,No,,,
ORD005439,Luke Arora,Shoes,No,2025-10-27,5.0,"Excellent quality for the price, would buy shoes again."
ORD005440,Gaurang Lad,Toys,No,2023-04-26,2.0,"Received a damaged toys, had to return it."
ORD005441,Widisha Minhas,Books,No,2024-06-30,5.0,"Fast delivery, books exceeded my expectations."
ORD005442,Chandran Datta,Beauty Products,No,2024-02-05,4.0,"Great beauty products, exactly as described. Very happy with it."
ORD005443,Nisha Koshy,Electronics,No,2024-07-29,5.0,"Great electronics, exactly as described. Very happy with it."
ORD005444,Turvi Khanna,Furniture,No,2024-10-21,4.0,"Really satisfied, highly recommend this furniture."
ORD005445,Advik Hegde,Books,No,2024-08-03,5.0,"Great books, exactly as described. Very happy with it."
ORD005446,Isaac Chaudhary,Kitchenware,No,2023-02-12,5.0,"Great kitchenware, exactly as described. Very happy with it."
ORD005447,Tanmayi Boase,Beauty Products,Yes,2025-01-20,4.0,"Excellent quality for the price, would buy beauty products again."
ORD005448,Girindra Gola,Electronics,No,2024-06-28,4.0,"Fast delivery, electronics exceeded my expectations."
ORD005449,Ikbal Tandon,Beauty Products,No,2025-08-30,3.0,"The beauty products is okay, does the job but nothing special."
ORD005450,Ubika Sarna,Furniture,No,2025-12-13,5.0,"Fast delivery, furniture exceeded my expectations."
ORD005451,Benjamin Devi,Electronics,No,2024-08-08,3.0,"Average electronics, packaging could be better."
ORD005452,Yashica Om,Beauty Products,No,2026-01-10,4.0,"Fast delivery, beauty products exceeded my expectations."
ORD005453,Thomas Sethi,Kitchenware,No,2024-01-03,2.0,"Disappointed with this kitchenware, quality is not good."
ORD005454,Udant Hayer,Furniture,No,2024-11-13,2.0,"Not worth the price, expected better furniture."
ORD005455,Mitesh Varghese,Books,No,2023-08-02,2.0,"Not worth the price, expected better books."
ORD005456,Kevin Chaudhari,Groceries,No,,,
ORD005457,Kashish Sekhon,Kitchenware,No,2024-07-07,4.0,"Really satisfied, highly recommend this kitchenware."
ORD005458,Janaki Din,Sports Equipment,No,2023-03-26,4.0,"Great sports equipment, exactly as described. Very happy with it."
ORD005459,Tanveer Karpe,Groceries,No,2023-05-04,4.0,"Fast delivery, groceries exceeded my expectations."
ORD005460,Riya Mutti,Shoes,No,,,
ORD005461,Parth Jha,Electronics,No,2025-03-07,2.0,"Received a damaged electronics, had to return it."
ORD005462,Yuvraj Thaman,Electronics,No,2024-12-22,2.0,"Received a damaged electronics, had to return it."
ORD005463,Reyansh Kohli,Groceries,No,2024-06-12,1.0,"Disappointed with this groceries, quality is not good."
ORD005464,Nicholas Bhandari,Kitchenware,No,2024-05-24,5.0,"Fast delivery, kitchenware exceeded my expectations."
ORD005465,Ladli Kaur,Shoes,No,2025-01-03,4.0,"Really satisfied, highly recommend this shoes."
ORD005466,Hemangini Sekhon,Groceries,No,2025-09-17,4.0,"Fast delivery, groceries exceeded my expectations."
ORD005467,Vrinda Sama,Toys,No,2025-04-17,4.0,"Really satisfied, highly recommend this toys."
ORD005468,Aishani Apte,Electronics,No,2023-08-21,4.0,"Great electronics, exactly as described. Very happy with it."
ORD005469,Hiral Dua,Electronics,No,,,
ORD005470,Isha Bhatnagar,Toys,No,2025-11-11,2.0,"Not worth the price, expected better toys."
ORD005471,Pranit Kohli,Shoes,No,2023-03-26,5.0,"Fast delivery, shoes exceeded my expectations."
ORD005472,Janya Buch,Electronics,No,2023-09-27,3.0,"Average electronics, packaging could be better."
ORD005473,Imaran Dara,Clothes,No,2023-12-12,5.0,"Fast delivery, clothes exceeded my expectations."
ORD005474,Chaitanya Jani,Groceries,No,2023-08-25,4.0,"Really satisfied, highly recommend this groceries."
ORD005475,Krisha Ganguly,Books,No,2025-10-16,5.0,"Great books, exactly as described. Very happy with it."
ORD005476,Rushil Dey,Shoes,No,2025-07-28,5.0,"Really satisfied, highly recommend this shoes."
ORD005477,Pratyush Bansal,Books,No,2025-09-27,4.0,"Great books, exactly as described. Very happy with it."
ORD005478,Sarthak Puri,Electronics,No,,,
ORD005479,Dipta Shroff,Beauty Products,Yes,2025-01-30,3.0,"Average beauty products, packaging could be better."
ORD005480,Imaran Hari,Clothes,No,2025-11-10,5.0,"Great clothes, exactly as described. Very happy with it."
ORD005481,Naveen Nagi,Electronics,No,2025-12-06,5.0,"Great electronics, exactly as described. Very happy with it."
ORD005482,Ijaya Narain,Books,No,2024-09-20,5.0,"Really satisfied, highly recommend this books."
ORD005483,Sarthak Puri,Clothes,No,2025-11-22,4.0,"Really satisfied, highly recommend this clothes."
ORD005484,Meera Bajaj,Clothes,No,2024-03-20,4.0,"Fast delivery, clothes exceeded my expectations."
ORD005485,Chatura Kala,Sports Equipment,No,,,
ORD005486,Max Aurora,Toys,No,,,
ORD005487,Falak Rege,Electronics,No,2025-05-16,3.0,"The electronics is okay, does the job but nothing special."
ORD005488,Rushil Brahmbhatt,Furniture,Yes,2024-09-17,3.0,"Average furniture, packaging could be better."
ORD005489,Gautam Samra,Furniture,No,2024-04-12,4.0,"Excellent quality for the price, would buy furniture again."
ORD005490,Arjun Kaur,Kitchenware,No,2024-04-27,5.0,"Really satisfied, highly recommend this kitchenware."
ORD005491,Panini Prabhakar,Groceries,No,2024-01-24,5.0,"Great groceries, exactly as described. Very happy with it."
ORD005492,Raghav Pradhan,Clothes,No,2023-03-21,5.0,"Really satisfied, highly recommend this clothes."
ORD005493,Naveen Nagi,Books,Yes,2024-09-13,5.0,"Great books, exactly as described. Very happy with it."
ORD005494,Jalsa Sangha,Groceries,No,,,
ORD005495,Pooja Grewal,Books,No,2025-05-25,5.0,"Great books, exactly as described. Very happy with it."
ORD005496,Indali Salvi,Sports Equipment,No,2024-01-12,5.0,"Great sports equipment, exactly as described. Very happy with it."
ORD005497,Kabir Krishnamurthy,Books,No,2023-04-13,3.0,"The books is okay, does the job but nothing special."
ORD005498,Hemangini Chad,Furniture,No,,,
ORD005499,Mekhala Bawa,Groceries,No,2023-02-13,5.0,"Really satisfied, highly recommend this groceries."
ORD005500,Theodore Chandra,Shoes,No,,,
ORD005501,Nathaniel Narain,Sports Equipment,Yes,2023-12-05,4.0,"Really satisfied, highly recommend this sports equipment."
ORD005502,Rushil Dey,Furniture,No,2025-07-23,2.0,"Received a damaged furniture, had to return it."
ORD005503,Elijah Raman,Furniture,No,2024-11-18,4.0,"Fast delivery, furniture exceeded my expectations."
ORD005504,Akshay Kohli,Sports Equipment,No,2023-04-12,5.0,"Fast delivery, sports equipment exceeded my expectations."
ORD005505,Hardik Kalla,Groceries,No,2023-11-29,5.0,"Fast delivery, groceries exceeded my expectations."
ORD005506,Xavier Soman,Beauty Products,Yes,2024-02-16,5.0,"Excellent quality for the price, would buy beauty products again."
ORD005507,Daksh Dhingra,Clothes,No,2023-07-09,2.0,"Disappointed with this clothes, quality is not good."
ORD005508,Naksh Sampath,Kitchenware,No,,,
ORD005509,Anjali Dasgupta,Electronics,No,2025-05-25,4.0,"Great electronics, exactly as described. Very happy with it."
ORD005510,Dayita Munshi,Electronics,Yes,2025-04-15,4.0,"Fast delivery, electronics exceeded my expectations."
ORD005511,Orinder Dhaliwal,Electronics,No,2025-01-04,5.0,"Great electronics, exactly as described. Very happy with it."
ORD005512,Chatura Thaman,Electronics,No,2025-01-24,3.0,"Average electronics, packaging could be better."
ORD005513,Banjeet Memon,Electronics,No,2023-03-27,5.0,"Fast delivery, electronics exceeded my expectations."
ORD005514,Aarna Jaggi,Books,No,2024-04-03,4.0,"Really satisfied, highly recommend this books."
ORD005515,George Madan,Clothes,No,,,
ORD005516,Yuvraj Grewal,Clothes,No,,,
ORD005517,Vasudha Agarwal,Shoes,No,2023-05-02,5.0,"Excellent quality for the price, would buy shoes again."
ORD005518,Matthew Yadav,Groceries,No,2023-10-08,3.0,"The groceries is okay, does the job but nothing special."
ORD005519,Sarthak Puri,Beauty Products,No,2023-05-29,4.0,"Fast delivery, beauty products exceeded my expectations."
ORD005520,Aarini Ramakrishnan,Electronics,No,2024-12-30,4.0,"Excellent quality for the price, would buy electronics again."
ORD005521,Alexander Behl,Kitchenware,No,2023-06-21,4.0,"Fast delivery, kitchenware exceeded my expectations."
ORD005522,Zaitra Bajaj,Clothes,No,2025-08-13,4.0,"Excellent quality for the price, would buy clothes again."
ORD005523,Eshana Dyal,Groceries,No,2023-03-10,5.0,"Great groceries, exactly as described. Very happy with it."
ORD005524,Arunima Parsa,Books,No,2024-10-25,4.0,"Great books, exactly as described. Very happy with it."
ORD005525,Amrita Sami,Sports Equipment,Yes,2023-06-22,3.0,"Average sports equipment, packaging could be better."
ORD005526,Dhriti Lad,Groceries,No,2023-05-14,4.0,"Fast delivery, groceries exceeded my expectations."
ORD005527,Nidhi Baria,Furniture,No,2024-06-14,3.0,"Average furniture, packaging could be better."
ORD005528,Chandresh Bahl,Clothes,No,2025-12-05,3.0,"The clothes is okay, does the job but nothing special."
ORD005529,Aishani Saini,Beauty Products,No,2024-12-20,4.0,"Excellent quality for the price, would buy beauty products again."
ORD005530,Imaran Dara,Sports Equipment,No,2025-12-31,3.0,"Average sports equipment, packaging could be better."
ORD005531,Chandresh Bahl,Groceries,No,,,
ORD005532,Rushil Gopal,Clothes,No,,,
ORD005533,Kamya Jhaveri,Furniture,Yes,,,
ORD005534,Ekani Sood,Groceries,No,2023-11-09,3.0,"The groceries is okay, does the job but nothing special."
ORD005535,Zayan Sani,Clothes,No,2025-09-12,4.0,"Excellent quality for the price, would buy clothes again."
ORD005536,Gautam Ravi,Shoes,Yes,2023-10-07,5.0,"Excellent quality for the price, would buy shoes again."
ORD005537,Charles Balay,Electronics,No,2023-12-21,2.0,"Disappointed with this electronics, quality is not good."
ORD005538,Nitara Rajagopal,Toys,No,2023-10-29,3.0,"Average toys, packaging could be better."
ORD005539,Onveer Bhavsar,Toys,No,2025-09-25,5.0,"Excellent quality for the price, would buy toys again."
ORD005540,Nathaniel Narain,Electronics,No,,,
ORD005541,Vincent Tara,Groceries,No,2023-06-13,3.0,"Average groceries, packaging could be better."
ORD005542,Vivaan Seth,Books,No,2024-03-12,3.0,"The books is okay, does the job but nothing special."
ORD005543,Frederick Patil,Groceries,No,2026-01-02,1.0,"Received a damaged groceries, had to return it."
ORD005544,Hemangini Chad,Furniture,No,2025-03-19,5.0,"Fast delivery, furniture exceeded my expectations."
ORD005545,Isha Bhatnagar,Sports Equipment,Yes,2024-01-05,5.0,"Fast delivery, sports equipment exceeded my expectations."
ORD005546,Tarak Chand,Electronics,No,2024-08-23,4.0,"Great electronics, exactly as described. Very happy with it."
ORD005547,Raghav Pradhan,Groceries,No,2025-05-06,5.0,"Excellent quality for the price, would buy groceries again."
ORD005548,Manthan Lata,Electronics,Yes,2023-06-05,4.0,"Great electronics, exactly as described. Very happy with it."
ORD005549,Yashasvi Dewan,Kitchenware,No,,,
ORD005550,Zashil Chaudhuri,Beauty Products,No,2023-07-22,1.0,"Received a damaged beauty products, had to return it."
ORD005551,Isaac Chaudhary,Groceries,No,2023-08-03,5.0,"Really satisfied, highly recommend this groceries."
ORD005552,Wishi Sharma,Clothes,No,2023-11-29,2.0,"Received a damaged clothes, had to return it."
ORD005553,Lucky Sagar,Furniture,No,,,
ORD005554,Arya Thakkar,Shoes,No,,,
ORD005555,Vrishti Lalla,Electronics,No,2025-06-30,4.0,"Great electronics, exactly as described. Very happy with it."
ORD005556,Tanay Sagar,Furniture,No,2024-10-02,4.0,"Excellent quality for the price, would buy furniture again."
ORD005557,Kala Vig,Toys,No,2024-06-28,4.0,"Great toys, exactly as described. Very happy with it."
ORD005558,Vedhika Dhawan,Electronics,No,2024-03-26,2.0,"Disappointed with this electronics, quality is not good."
ORD005559,Megha Shroff,Books,Yes,2025-10-20,4.0,"Fast delivery, books exceeded my expectations."
ORD005560,Dayamai Sangha,Groceries,No,2023-01-22,5.0,"Great groceries, exactly as described. Very happy with it."
ORD005561,Ishanvi Konda,Electronics,No,2024-11-05,3.0,"Average electronics, packaging could be better."
ORD005562,Finn Dugal,Kitchenware,No,2026-01-11,5.0,"Fast delivery, kitchenware exceeded my expectations."
ORD005563,Urvi Bhattacharyya,Beauty Products,No,2023-11-23,4.0,"Excellent quality for the price, would buy beauty products again."
ORD005564,Krisha Ram,Electronics,No,2025-01-30,4.0,"Excellent quality for the price, would buy electronics again."
ORD005565,Lucky Balakrishnan,Books,Yes,,,
ORD005566,Pranit Kohli,Books,No,,,
ORD005567,Darpan Gour,Groceries,No,2023-01-07,4.0,"Excellent quality for the price, would buy groceries again."
ORD005568,Udarsh Sachdev,Clothes,No,2023-08-12,4.0,"Great clothes, exactly as described. Very happy with it."
ORD005569,Vrinda Sama,Groceries,No,2023-06-28,5.0,"Great groceries, exactly as described. Very happy with it."
ORD005570,Tara Sastry,Beauty Products,Yes,2024-05-16,4.0,"Really satisfied, highly recommend this beauty products."
ORD005571,Devika Parikh,Furniture,No,,,
ORD005572,Zarna Tailor,Furniture,Yes,2024-05-22,4.0,"Great furniture, exactly as described. Very happy with it."
ORD005573,Sachi Chauhan,Beauty Products,No,2024-03-26,5.0,"Really satisfied, highly recommend this beauty products."
ORD005574,Jyoti Dhingra,Sports Equipment,No,2024-08-06,3.0,"Average sports equipment, packaging could be better."
ORD005575,Parth Hegde,Furniture,No,2024-11-30,5.0,"Great furniture, exactly as described. Very happy with it."
ORD005576,Nandini Karan,Books,No,2025-03-15,5.0,"Excellent quality for the price, would buy books again."
ORD005577,Akshay Ram,Clothes,No,2025-05-29,4.0,"Fast delivery, clothes exceeded my expectations."
ORD005578,Turvi Khanna,Clothes,No,2025-10-21,5.0,"Great clothes, exactly as described. Very happy with it."
ORD005579,Damyanti Sahni,Clothes,No,2024-06-19,2.0,"Not worth the price, expected better clothes."
ORD005580,Elijah Wason,Toys,Yes,2024-03-14,4.0,"Excellent quality for the price, would buy toys again."
ORD005581,Zarna Tailor,Shoes,No,2023-11-07,5.0,"Really satisfied, highly recommend this shoes."
ORD005582,Charles Chaudry,Furniture,No,2023-06-07,2.0,"Not worth the price, expected better furniture."
ORD005583,Ishanvi Konda,Toys,No,2025-08-23,4.0,"Excellent quality for the price, would buy toys again."
ORD005584,Eiravati Pradhan,Groceries,Yes,2025-12-04,5.0,"Excellent quality for the price, would buy groceries again."
ORD005585,Yashoda Mammen,Books,No,2024-01-21,4.0,"Fast delivery, books exceeded my expectations."
ORD005586,Panini Prabhakar,Beauty Products,No,2023-07-18,4.0,"Great beauty products, exactly as described. Very happy with it."
ORD005587,Ekalinga Joshi,Kitchenware,No,,,
ORD005588,Karan Bhat,Groceries,No,2024-09-28,3.0,"The groceries is okay, does the job but nothing special."
ORD005589,Hitesh Virk,Toys,No,2025-10-26,3.0,"Average toys, packaging could be better."
ORD005590,Harrison Arya,Toys,No,2024-07-04,1.0,"Received a damaged toys, had to return it."
ORD005591,Raghav Pradhan,Sports Equipment,No,2025-03-06,2.0,"Not worth the price, expected better sports equipment."
ORD005592,Yahvi Wadhwa,Clothes,No,2023-05-20,4.0,"Great clothes, exactly as described. Very happy with it."
ORD005593,Zayyan Palan,Books,No,2025-05-26,5.0,"Excellent quality for the price, would buy books again."
ORD005594,Rudra Ahuja,Furniture,No,2023-09-20,5.0,"Really satisfied, highly recommend this furniture."
ORD005595,Akshay Ram,Shoes,No,2023-05-15,5.0,"Really satisfied, highly recommend this shoes."
ORD005596,Nathaniel Kota,Kitchenware,No,,,
ORD005597,Benjamin Barad,Toys,No,,,
ORD005598,Rushil Dey,Kitchenware,Yes,,,
ORD005599,Vidhi Gaba,Books,No,2023-10-15,5.0,"Excellent quality for the price, would buy books again."
ORD005600,Sneha Magar,Kitchenware,No,2023-12-07,5.0,"Really satisfied, highly recommend this kitchenware."
ORD005601,Anita Nayak,Groceries,Yes,2025-01-15,5.0,"Excellent quality for the price, would buy groceries again."
ORD005602,Onkar Sarin,Beauty Products,Yes,2024-08-08,4.0,"Excellent quality for the price, would buy beauty products again."
ORD005603,Bakhshi Shetty,Groceries,No,,,
ORD005604,Liam Solanki,Electronics,Yes,2023-07-30,4.0,"Excellent quality for the price, would buy electronics again."
ORD005605,Tara Sur,Kitchenware,Yes,2023-08-17,2.0,"Not worth the price, expected better kitchenware."
ORD005606,Kavya Sandhu,Sports Equipment,No,2023-04-14,4.0,"Fast delivery, sports equipment exceeded my expectations."
ORD005607,Zansi Dixit,Groceries,No,2023-02-27,4.0,"Fast delivery, groceries exceeded my expectations."
ORD005608,Manya Shere,Beauty Products,No,2025-10-26,5.0,"Fast delivery, beauty products exceeded my expectations."
ORD005609,Chakradev Bains,Kitchenware,No,,,
ORD005610,Amara Puri,Toys,No,2023-11-29,1.0,"Not worth the price, expected better toys."
ORD005611,Vedhika Dhawan,Books,No,2023-02-24,4.0,"Really satisfied, highly recommend this books."
ORD005612,Charan Banerjee,Toys,No,,,
ORD005613,Elijah Raman,Groceries,No,2023-03-18,3.0,"Average groceries, packaging could be better."
ORD005614,Lila Kadakia,Groceries,Yes,,,
ORD005615,Yashoda Mammen,Electronics,No,2023-09-05,5.0,"Excellent quality for the price, would buy electronics again."
ORD005616,Omaja Badami,Furniture,No,2024-05-20,3.0,"The furniture is okay, does the job but nothing special."
ORD005617,Frederick Solanki,Sports Equipment,No,2023-05-17,3.0,"Average sports equipment, packaging could be better."
ORD005618,Kashvi Narula,Groceries,No,2025-11-02,4.0,"Really satisfied, highly recommend this groceries."
ORD005619,Zaitra Bajaj,Beauty Products,No,2025-10-19,2.0,"Not worth the price, expected better beauty products."
ORD005620,Amaira Sarin,Groceries,No,2023-10-08,2.0,"Received a damaged groceries, had to return it."
ORD005621,Jai Bhatia,Electronics,No,2023-07-14,4.0,"Really satisfied, highly recommend this electronics."
ORD005622,Urmi Lad,Clothes,No,2023-03-21,2.0,"Not worth the price, expected better clothes."
ORD005623,Sanya Cherian,Electronics,No,2024-07-01,3.0,"The electronics is okay, does the job but nothing special."
ORD005624,Bahadurjit Kant,Shoes,No,2025-09-27,3.0,"The shoes is okay, does the job but nothing special."
ORD005625,Madhav Pandit,Clothes,Yes,2024-07-10,4.0,"Really satisfied, highly recommend this clothes."
ORD005626,Zaitra Bajaj,Clothes,Yes,2023-06-16,4.0,"Excellent quality for the price, would buy clothes again."
ORD005627,Noah Sur,Groceries,No,2025-03-10,4.0,"Really satisfied, highly recommend this groceries."
ORD005628,Yauvani Bhatt,Electronics,No,,,
ORD005629,Charles Balay,Electronics,No,2025-04-19,5.0,"Fast delivery, electronics exceeded my expectations."
ORD005630,Urvashi Goswami,Electronics,No,,,
ORD005631,Xavier Soman,Kitchenware,No,,,
ORD005632,Harshil Muni,Furniture,No,2024-05-27,4.0,"Fast delivery, furniture exceeded my expectations."
ORD005633,Advaith Bhatti,Kitchenware,No,2024-03-26,4.0,"Excellent quality for the price, would buy kitchenware again."
ORD005634,Saanvi Agarwal,Electronics,No,2025-01-13,5.0,"Great electronics, exactly as described. Very happy with it."
ORD005635,Akshay Kohli,Electronics,No,2023-07-01,3.0,"The electronics is okay, does the job but nothing special."
ORD005636,Vrishti Shroff,Furniture,No,2025-12-17,4.0,"Fast delivery, furniture exceeded my expectations."
ORD005637,Qabil Lall,Groceries,No,2025-09-20,3.0,"Average groceries, packaging could be better."
ORD005638,Vasudha Murty,Kitchenware,Yes,2023-12-05,4.0,"Really satisfied, highly recommend this kitchenware."
ORD005639,Girish Rattan,Electronics,Yes,,,
ORD005640,Januja Bal,Clothes,No,,,
ORD005641,Ayaan Krishnamurthy,Groceries,No,2024-08-04,3.0,"Average groceries, packaging could be better."
ORD005642,Nathaniel Narain,Sports Equipment,No,2024-11-15,5.0,"Really satisfied, highly recommend this sports equipment."
ORD005643,Pranit Vig,Sports Equipment,No,2023-08-29,3.0,"The sports equipment is okay, does the job but nothing special."
ORD005644,Henry Narain,Kitchenware,No,2023-02-22,5.0,"Excellent quality for the price, would buy kitchenware again."
ORD005645,Yauvani Gokhale,Shoes,No,2024-04-14,4.0,"Fast delivery, shoes exceeded my expectations."
ORD005646,Triveni Pathak,Shoes,No,2025-09-03,4.0,"Great shoes, exactly as described. Very happy with it."
ORD005647,Fitan Kala,Kitchenware,No,,,
ORD005648,Abha Ahuja,Furniture,No,2025-03-03,4.0,"Fast delivery, furniture exceeded my expectations."
ORD005649,Yutika Bhagat,Electronics,No,2023-10-03,4.0,"Really satisfied, highly recommend this electronics."
ORD005650,Pahal Krishnamurthy,Sports Equipment,No,2025-11-22,3.0,"The sports equipment is okay, does the job but nothing special."
ORD005651,Baljiwan Chadha,Sports Equipment,No,2023-01-18,5.0,"Excellent quality for the price, would buy sports equipment again."
ORD005652,Devansh Mital,Sports Equipment,No,2024-08-08,5.0,"Really satisfied, highly recommend this sports equipment."
ORD005653,Warda Kala,Electronics,No,,,
ORD005654,Yatin Balakrishnan,Groceries,Yes,2023-04-14,5.0,"Excellent quality for the price, would buy groceries again."
ORD005655,Thomas Sethi,Clothes,No,,,
ORD005656,Ronith Raman,Beauty Products,Yes,2024-03-11,5.0,"Great beauty products, exactly as described. Very happy with it."
ORD005657,Vrishti Cherian,Groceries,No,2025-11-13,1.0,"Received a damaged groceries, had to return it."
ORD005658,Rishi Borde,Clothes,No,2024-04-28,3.0,"The clothes is okay, does the job but nothing special."
ORD005659,Ranveer Soman,Shoes,No,2025-11-27,5.0,"Excellent quality for the price, would buy shoes again."
ORD005660,Yochana Bal,Beauty Products,No,2023-03-17,4.0,"Great beauty products, exactly as described. Very happy with it."
ORD005661,Mekhala Chakraborty,Clothes,No,,,
ORD005662,Varsha Sundaram,Groceries,Yes,2025-03-30,4.0,"Really satisfied, highly recommend this groceries."
ORD005663,Anika Rout,Sports Equipment,No,2025-10-29,5.0,"Fast delivery, sports equipment exceeded my expectations."
ORD005664,Anusha Raja,Books,No,2023-03-31,4.0,"Excellent quality for the price, would buy books again."
ORD005665,Omisha Sood,Groceries,No,2024-02-24,3.0,"Average groceries, packaging could be better."
ORD005666,Rudra Ahuja,Kitchenware,No,2023-02-07,2.0,"Received a damaged kitchenware, had to return it."
ORD005667,Rishi Borde,Kitchenware,No,,,
ORD005668,Naksh Krishna,Shoes,No,2024-06-14,5.0,"Fast delivery, shoes exceeded my expectations."
ORD005669,Balveer Agarwal,Electronics,No,2024-09-19,2.0,"Not worth the price, expected better electronics."
ORD005670,Upma Ganesan,Shoes,No,2024-06-10,5.0,"Fast delivery, shoes exceeded my expectations."
ORD005671,William Khanna,Electronics,No,2024-07-28,3.0,"The electronics is okay, does the job but nothing special."
ORD005672,Orinder Dhaliwal,Sports Equipment,Yes,,,
ORD005673,Yashica Aurora,Shoes,No,2024-12-05,4.0,"Really satisfied, highly recommend this shoes."
ORD005674,Vasudha Shah,Groceries,No,2023-11-03,2.0,"Received a damaged groceries, had to return it."
ORD005675,Vivaan More,Furniture,No,2024-03-20,4.0,"Excellent quality for the price, would buy furniture again."
ORD005676,Aayush Andra,Shoes,No,2023-03-11,2.0,"Received a damaged shoes, had to return it."
ORD005677,Aarav Anne,Shoes,No,2025-02-18,5.0,"Great shoes, exactly as described. Very happy with it."
ORD005678,Eiravati Khare,Books,No,,,
ORD005679,Ronith Raman,Clothes,No,2024-08-11,4.0,"Really satisfied, highly recommend this clothes."
ORD005680,Leena Narula,Sports Equipment,No,2024-04-22,3.0,"The sports equipment is okay, does the job but nothing special."
ORD005681,Ikbal Shankar,Beauty Products,No,2023-08-18,3.0,"The beauty products is okay, does the job but nothing special."
ORD005682,Neel Sankar,Electronics,No,2024-12-01,3.0,"The electronics is okay, does the job but nothing special."
ORD005683,Henry Bora,Sports Equipment,No,,,
ORD005684,Anjali Dasgupta,Books,Yes,2024-01-03,5.0,"Excellent quality for the price, would buy books again."
ORD005685,Simon Mitter,Furniture,No,,,
ORD005686,Nicholas Choudhary,Furniture,No,,,
ORD005687,Frado Joshi,Kitchenware,No,2025-09-26,4.0,"Excellent quality for the price, would buy kitchenware again."
ORD005688,Jasmit Bahl,Books,No,2025-02-16,4.0,"Fast delivery, books exceeded my expectations."
ORD005689,Elijah Wason,Electronics,No,,,
ORD005690,Andrew Tiwari,Electronics,No,2024-01-11,2.0,"Received a damaged electronics, had to return it."
ORD005691,Adweta Parsa,Electronics,No,,,
ORD005692,Vasudha Shah,Electronics,No,,,
ORD005693,Rayaan Goyal,Toys,No,,,
ORD005694,Bahadurjit Banerjee,Electronics,No,2024-12-08,2.0,"Not worth the price, expected better electronics."
ORD005695,Inaya Taneja,Sports Equipment,No,2023-12-11,5.0,"Fast delivery, sports equipment exceeded my expectations."
ORD005696,George Golla,Books,No,,,
ORD005697,Raagini Gade,Groceries,Yes,2025-03-14,1.0,"Disappointed with this groceries, quality is not good."
ORD005698,Kabir Krishnamurthy,Books,Yes,2024-06-07,4.0,"Really satisfied, highly recommend this books."
ORD005699,Zarna Peri,Clothes,No,2023-06-14,3.0,"The clothes is okay, does the job but nothing special."
ORD005700,Tristan Bhavsar,Shoes,Yes,2025-11-11,4.0,"Great shoes, exactly as described. Very happy with it."
ORD005701,Damini Salvi,Clothes,Yes,2023-08-15,5.0,"Fast delivery, clothes exceeded my expectations."
ORD005702,Warda Doctor,Shoes,No,,,
ORD005703,Saksham Mani,Books,No,2024-08-23,5.0,"Great books, exactly as described. Very happy with it."
ORD005704,Lopa Mukhopadhyay,Toys,No,2023-10-24,4.0,"Fast delivery, toys exceeded my expectations."
ORD005705,Vaishnavi Sachar,Beauty Products,No,2025-11-04,3.0,"The beauty products is okay, does the job but nothing special."
ORD005706,Wakeeta Raval,Electronics,No,2023-02-04,5.0,"Fast delivery, electronics exceeded my expectations."
ORD005707,Harsh Karan,Furniture,No,2025-09-14,3.0,"The furniture is okay, does the job but nothing special."
ORD005708,Dhriti Lad,Clothes,No,2025-01-17,5.0,"Fast delivery, clothes exceeded my expectations."
ORD005709,Rehaan Morar,Shoes,No,2024-02-23,2.0,"Not worth the price, expected better shoes."
ORD005710,Madhavi Mann,Beauty Products,No,2023-08-13,3.0,"The beauty products is okay, does the job but nothing special."
ORD005711,Abha Keer,Electronics,No,2025-05-13,4.0,"Fast delivery, electronics exceeded my expectations."
ORD005712,Vidhi Gaba,Furniture,Yes,2023-12-25,2.0,"Not worth the price, expected better furniture."
ORD005713,Hamsini Bhatia,Beauty Products,No,,,
ORD005714,Daksha Kaul,Electronics,No,2025-08-12,3.0,"Average electronics, packaging could be better."
ORD005715,Nicholas Choudhary,Beauty Products,No,2025-09-22,3.0,"Average beauty products, packaging could be better."
ORD005716,George Golla,Books,Yes,,,
ORD005717,Oni Kibe,Clothes,No,2024-08-29,4.0,"Excellent quality for the price, would buy clothes again."
ORD005718,Krisha Mutti,Books,No,2024-09-29,5.0,"Excellent quality for the price, would buy books again."
ORD005719,Aachal Lad,Kitchenware,No,2025-04-25,3.0,"The kitchenware is okay, does the job but nothing special."
ORD005720,Zashil Bansal,Sports Equipment,No,,,
ORD005721,Leela Parmer,Clothes,No,2023-08-09,2.0,"Received a damaged clothes, had to return it."
ORD005722,Watika Wali,Groceries,No,2023-08-20,5.0,"Really satisfied, highly recommend this groceries."
ORD005723,Ayaan Krishnamurthy,Electronics,No,,,
ORD005724,Rohan Rajagopalan,Beauty Products,No,,,
ORD005725,Jhalak Sekhon,Kitchenware,No,2023-05-01,5.0,"Excellent quality for the price, would buy kitchenware again."
ORD005726,Falak Gulati,Books,No,,,
ORD005727,Daksh Chaudhuri,Groceries,No,2024-06-09,4.0,"Great groceries, exactly as described. Very happy with it."
ORD005728,Ekani Sood,Toys,No,2023-12-06,5.0,"Great toys, exactly as described. Very happy with it."
ORD005729,Tripti Zachariah,Kitchenware,No,2023-12-15,4.0,"Really satisfied, highly recommend this kitchenware."
ORD005730,Urmi Sachdeva,Electronics,Yes,2025-03-04,5.0,"Really satisfied, highly recommend this electronics."
ORD005731,Kashvi Sangha,Electronics,No,,,
ORD005732,Lakshmi Bhat,Kitchenware,No,2023-11-19,4.0,"Really satisfied, highly recommend this kitchenware."
ORD005733,Amara Mitra,Sports Equipment,No,,,
ORD005734,Amara Mitra,Electronics,No,2025-04-30,1.0,"Received a damaged electronics, had to return it."
ORD005735,Ijaya Narain,Books,No,2023-12-05,5.0,"Great books, exactly as described. Very happy with it."
ORD005736,Onkar Datta,Shoes,No,,,
ORD005737,Dhruv Bandi,Electronics,No,2025-08-01,2.0,"Not worth the price, expected better electronics."
ORD005738,Wishi Sharma,Electronics,No,2023-04-17,5.0,"Really satisfied, highly recommend this electronics."
ORD005739,Frederick Patil,Toys,No,,,
ORD005740,Lakshmi Bhat,Electronics,Yes,,,
ORD005741,Kamala Keer,Kitchenware,No,,,
ORD005742,Jeet Setty,Furniture,No,2024-01-25,5.0,"Really satisfied, highly recommend this furniture."
ORD005743,Jyoti Dhingra,Clothes,No,2024-06-02,4.0,"Great clothes, exactly as described. Very happy with it."
ORD005744,Adweta Nadig,Shoes,No,2025-03-29,4.0,"Great shoes, exactly as described. Very happy with it."
ORD005745,Anika Palan,Groceries,No,,,
ORD005746,Benjamin Ratta,Beauty Products,Yes,2025-05-22,5.0,"Great beauty products, exactly as described. Very happy with it."
ORD005747,Turvi Khanna,Toys,No,2024-01-13,5.0,"Excellent quality for the price, would buy toys again."
ORD005748,Ganga Bumb,Clothes,No,,,
ORD005749,Kashvi Narula,Sports Equipment,No,2023-06-18,1.0,"Received a damaged sports equipment, had to return it."
ORD005750,Praneel Bajaj,Groceries,No,2023-11-09,4.0,"Excellent quality for the price, would buy groceries again."
ORD005751,Praneel Bajaj,Furniture,No,2024-07-27,4.0,"Excellent quality for the price, would buy furniture again."
ORD005752,Bina Sankaran,Groceries,No,,,
ORD005753,Frado Joshi,Sports Equipment,No,2024-02-22,4.0,"Great sports equipment, exactly as described. Very happy with it."
ORD005754,Gautam Mishra,Furniture,No,2023-04-18,5.0,"Great furniture, exactly as described. Very happy with it."
ORD005755,Hemani Aurora,Clothes,Yes,2025-04-07,4.0,"Excellent quality for the price, would buy clothes again."
ORD005756,Nidhi Sekhon,Beauty Products,No,2023-12-10,4.0,"Really satisfied, highly recommend this beauty products."
ORD005757,Urvi Palla,Electronics,No,2025-08-18,5.0,"Really satisfied, highly recommend this electronics."
ORD005758,Tejas Mani,Groceries,No,2023-02-10,5.0,"Fast delivery, groceries exceeded my expectations."
ORD005759,Charan Banerjee,Electronics,Yes,2025-04-06,5.0,"Really satisfied, highly recommend this electronics."
ORD005760,Chavvi Rattan,Shoes,No,,,
ORD005761,Elijah Dalal,Books,No,2023-11-15,3.0,"The books is okay, does the job but nothing special."
ORD005762,Avi Sarkar,Clothes,No,2024-08-13,4.0,"Great clothes, exactly as described. Very happy with it."
ORD005763,Ganga Handa,Beauty Products,No,2024-03-10,2.0,"Received a damaged beauty products, had to return it."
ORD005764,Tripti Goyal,Furniture,No,2025-08-31,4.0,"Fast delivery, furniture exceeded my expectations."
ORD005765,Isha Bhatnagar,Shoes,No,2023-12-11,4.0,"Excellent quality for the price, would buy shoes again."
ORD005766,Ayush Bala,Groceries,No,2024-01-25,5.0,"Excellent quality for the price, would buy groceries again."
ORD005767,Hiral Dua,Electronics,No,2025-05-15,5.0,"Really satisfied, highly recommend this electronics."
ORD005768,Zayyan Wason,Beauty Products,Yes,2024-03-21,5.0,"Really satisfied, highly recommend this beauty products."
ORD005769,Alexander Behl,Kitchenware,No,2023-02-25,4.0,"Great kitchenware, exactly as described. Very happy with it."
ORD005770,Dayita Munshi,Electronics,No,2023-11-13,5.0,"Great electronics, exactly as described. Very happy with it."
ORD005771,Megha Shroff,Toys,No,2024-06-03,4.0,"Excellent quality for the price, would buy toys again."
ORD005772,Mekhala Gala,Furniture,Yes,2025-09-11,5.0,"Great furniture, exactly as described. Very happy with it."
ORD005773,Vasudha Agarwal,Clothes,Yes,2023-06-02,5.0,"Great clothes, exactly as described. Very happy with it."
ORD005774,Ladli Kaur,Groceries,Yes,2023-10-15,2.0,"Disappointed with this groceries, quality is not good."
ORD005775,Vivaan Sood,Shoes,No,,,
ORD005776,Upadhriti Menon,Clothes,No,2024-03-16,4.0,"Excellent quality for the price, would buy clothes again."
ORD005777,Watika Buch,Kitchenware,No,2024-10-13,4.0,"Fast delivery, kitchenware exceeded my expectations."
ORD005778,Leena Narula,Books,No,,,
ORD005779,Ayush Bala,Furniture,No,2023-05-21,5.0,"Really satisfied, highly recommend this furniture."
ORD005780,Eshana Tiwari,Groceries,No,2025-06-04,4.0,"Great groceries, exactly as described. Very happy with it."
ORD005781,Bakhshi Shetty,Sports Equipment,No,,,
ORD005782,Vivaan Seth,Groceries,No,2024-07-15,1.0,"Received a damaged groceries, had to return it."
ORD005783,Urmi Lad,Groceries,No,2024-04-27,4.0,"Excellent quality for the price, would buy groceries again."
ORD005784,Oni Dhawan,Groceries,No,,,
ORD005785,Zayyan Wason,Sports Equipment,No,2024-07-04,1.0,"Received a damaged sports equipment, had to return it."
ORD005786,Parth Jha,Electronics,No,2023-06-16,5.0,"Fast delivery, electronics exceeded my expectations."
ORD005787,Qushi Pau,Sports Equipment,No,2023-04-02,4.0,"Great sports equipment, exactly as described. Very happy with it."
ORD005788,Idika Singh,Groceries,No,2024-12-13,5.0,"Really satisfied, highly recommend this groceries."
ORD005789,Samaksh Sem,Sports Equipment,No,,,
ORD005790,Triya Pant,Groceries,No,2025-07-14,5.0,"Really satisfied, highly recommend this groceries."
ORD005791,Ekalinga Dave,Furniture,Yes,2025-09-28,4.0,"Great furniture, exactly as described. Very happy with it."
ORD005792,Parth Hegde,Beauty Products,No,2023-11-08,4.0,"Excellent quality for the price, would buy beauty products again."
ORD005793,Ronith Raman,Kitchenware,No,2025-06-27,3.0,"Average kitchenware, packaging could be better."
ORD005794,Dayamai Kamdar,Electronics,No,,,
ORD005795,Zashil Bansal,Groceries,No,2025-02-05,5.0,"Fast delivery, groceries exceeded my expectations."
ORD005796,Ikbal Ahuja,Electronics,No,2024-01-04,2.0,"Received a damaged electronics, had to return it."
ORD005797,Alexander Behl,Books,No,2024-02-21,5.0,"Excellent quality for the price, would buy books again."
ORD005798,Jai Bhatia,Clothes,No,2024-07-04,5.0,"Great clothes, exactly as described. Very happy with it."
ORD005799,Qasim Muni,Shoes,No,2023-06-28,5.0,"Great shoes, exactly as described. Very happy with it."
ORD005800,Hamsini Rattan,Sports Equipment,Yes,,,
ORD005801,Megha Shroff,Books,No,2023-07-11,4.0,"Fast delivery, books exceeded my expectations."
ORD005802,Inaya Kalla,Groceries,Yes,2023-10-12,4.0,"Fast delivery, groceries exceeded my expectations."
ORD005803,Ikbal Chhabra,Clothes,No,2025-08-20,3.0,"The clothes is okay, does the job but nothing special."
ORD005804,Sneha Magar,Books,No,2023-07-25,5.0,"Great books, exactly as described. Very happy with it."
ORD005805,Inaya Sawhney,Kitchenware,No,2024-11-09,4.0,"Fast delivery, kitchenware exceeded my expectations."
ORD005806,Kai Sodhi,Toys,No,,,
ORD005807,Ronith Nazareth,Electronics,No,2025-05-01,4.0,"Excellent quality for the price, would buy electronics again."
ORD005808,Hitesh Prabhu,Kitchenware,No,2025-06-27,4.0,"Fast delivery, kitchenware exceeded my expectations."
ORD005809,Damyanti Sahni,Furniture,No,2024-08-31,1.0,"Received a damaged furniture, had to return it."
ORD005810,Kiaan Jayaraman,Clothes,No,2023-04-17,4.0,"Really satisfied, highly recommend this clothes."
ORD005811,Faras Murthy,Furniture,No,2023-01-26,2.0,"Received a damaged furniture, had to return it."
ORD005812,Pranav Saraf,Books,Yes,2025-07-12,5.0,"Excellent quality for the price, would buy books again."
ORD005813,Aarna Jaggi,Sports Equipment,No,2023-02-26,4.0,"Really satisfied, highly recommend this sports equipment."
ORD005814,Rushil Brahmbhatt,Groceries,No,,,
ORD005815,Krisha Ganguly,Groceries,No,2023-05-24,4.0,"Excellent quality for the price, would buy groceries again."
ORD005816,Vanya Yohannan,Kitchenware,No,2024-09-03,5.0,"Excellent quality for the price, would buy kitchenware again."
ORD005817,Vincent Tara,Clothes,No,2023-10-01,2.0,"Not worth the price, expected better clothes."
ORD005818,Gaurav Toor,Kitchenware,No,2024-07-28,5.0,"Great kitchenware, exactly as described. Very happy with it."
ORD005819,Maanas Ratta,Electronics,No,2023-07-01,4.0,"Excellent quality for the price, would buy electronics again."
ORD005820,Leena Narula,Toys,No,,,
ORD005821,Simon Mitter,Books,No,2025-12-28,5.0,"Excellent quality for the price, would buy books again."
ORD005822,Yashvi Bahl,Toys,No,2024-02-07,5.0,"Fast delivery, toys exceeded my expectations."
ORD005823,Bahadurjit Kant,Toys,No,2023-02-22,3.0,"Average toys, packaging could be better."
ORD005824,Veda Muni,Electronics,No,2025-06-21,3.0,"Average electronics, packaging could be better."
ORD005825,Azaan Roy,Electronics,No,2025-09-04,5.0,"Fast delivery, electronics exceeded my expectations."
ORD005826,Kashish Sekhon,Groceries,No,,,
ORD005827,Maya Ramakrishnan,Clothes,Yes,2025-09-23,4.0,"Really satisfied, highly recommend this clothes."
ORD005828,Aarnav Mand,Electronics,No,2023-05-02,2.0,"Not worth the price, expected better electronics."
ORD005829,Lopa Narasimhan,Furniture,No,2024-03-18,4.0,"Great furniture, exactly as described. Very happy with it."
ORD005830,Garima Agarwal,Books,No,2025-07-04,5.0,"Great books, exactly as described. Very happy with it."
ORD005831,Hritik Talwar,Clothes,No,2023-10-08,3.0,"The clothes is okay, does the job but nothing special."
ORD005832,Jonathan Wali,Beauty Products,No,2024-07-22,5.0,"Excellent quality for the price, would buy beauty products again."
ORD005833,Rishi Tara,Electronics,No,2024-02-04,5.0,"Fast delivery, electronics exceeded my expectations."
ORD005834,Karan Kumar,Shoes,No,2025-05-16,1.0,"Not worth the price, expected better shoes."
ORD005835,Ubika Bains,Groceries,No,2024-02-02,3.0,"Average groceries, packaging could be better."
ORD005836,Nachiket Kota,Books,No,2024-04-22,2.0,"Not worth the price, expected better books."
ORD005837,Max Aurora,Furniture,No,2024-04-18,5.0,"Really satisfied, highly recommend this furniture."
ORD005838,Oni Kibe,Groceries,No,2023-04-17,4.0,"Great groceries, exactly as described. Very happy with it."
ORD005839,Garima Agarwal,Groceries,No,,,
ORD005840,Siya Dhillon,Toys,No,,,
ORD005841,Raghav Pradhan,Shoes,No,2025-10-22,4.0,"Excellent quality for the price, would buy shoes again."
ORD005842,Vamakshi Vala,Electronics,No,2024-08-21,3.0,"The electronics is okay, does the job but nothing special."
ORD005843,Quincy Parsa,Shoes,Yes,2025-08-30,5.0,"Fast delivery, shoes exceeded my expectations."
ORD005844,Yauvani Bhatt,Sports Equipment,No,2025-08-03,5.0,"Excellent quality for the price, would buy sports equipment again."
ORD005845,Tripti Goyal,Electronics,No,2024-08-13,5.0,"Great electronics, exactly as described. Very happy with it."
ORD005846,Abha Keer,Groceries,No,2026-01-02,4.0,"Really satisfied, highly recommend this groceries."
ORD005847,Kavya Srivastava,Clothes,No,,,
ORD005848,Harsh Gala,Sports Equipment,No,2024-03-10,5.0,"Great sports equipment, exactly as described. Very happy with it."
ORD005849,Bakhshi Shetty,Books,No,2024-08-14,3.0,"The books is okay, does the job but nothing special."
ORD005850,Yochana Bal,Groceries,No,2025-06-23,5.0,"Great groceries, exactly as described. Very happy with it."
ORD005851,Omya Boase,Books,No,2025-01-18,3.0,"Average books, packaging could be better."
ORD005852,Adweta Parsa,Groceries,No,2024-02-05,4.0,"Really satisfied, highly recommend this groceries."
ORD005853,Jai Bhatia,Shoes,No,2023-05-02,2.0,"Not worth the price, expected better shoes."
ORD005854,Madhav Pandit,Sports Equipment,No,2024-12-06,4.0,"Fast delivery, sports equipment exceeded my expectations."
ORD005855,Gautam Mishra,Beauty Products,No,2024-02-14,5.0,"Great beauty products, exactly as described. Very happy with it."
ORD005856,Qushi Pau,Books,No,2023-04-24,5.0,"Great books, exactly as described. Very happy with it."
ORD005857,Leena Chhabra,Electronics,No,2024-07-15,4.0,"Great electronics, exactly as described. Very happy with it."
ORD005858,Isha Bhatnagar,Clothes,No,2024-02-27,4.0,"Fast delivery, clothes exceeded my expectations."
ORD005859,Anita Nayak,Kitchenware,No,2025-06-08,5.0,"Great kitchenware, exactly as described. Very happy with it."
ORD005860,Manan Mahal,Furniture,No,2024-10-26,4.0,"Excellent quality for the price, would buy furniture again."
ORD005861,Amruta Sehgal,Electronics,No,2025-10-26,5.0,"Great electronics, exactly as described. Very happy with it."
ORD005862,Tripti Zachariah,Sports Equipment,No,2023-01-25,4.0,"Really satisfied, highly recommend this sports equipment."
ORD005863,Atharv Madan,Electronics,No,2023-04-13,4.0,"Great electronics, exactly as described. Very happy with it."
ORD005864,Farhan Mammen,Clothes,No,2024-12-24,3.0,"The clothes is okay, does the job but nothing special."
ORD005865,Ishwar Wali,Clothes,No,2025-05-02,5.0,"Fast delivery, clothes exceeded my expectations."
ORD005866,Vrishti Cherian,Furniture,No,2023-11-24,5.0,"Excellent quality for the price, would buy furniture again."
ORD005867,Aayush Pall,Books,No,2025-09-18,5.0,"Excellent quality for the price, would buy books again."
ORD005868,Luke Arora,Toys,No,2023-04-03,4.0,"Excellent quality for the price, would buy toys again."
ORD005869,Falak Anne,Beauty Products,No,2024-12-16,5.0,"Great beauty products, exactly as described. Very happy with it."
ORD005870,Neel Sankar,Electronics,No,2024-09-07,2.0,"Not worth the price, expected better electronics."
ORD005871,Benjamin Deol,Sports Equipment,No,2025-09-11,4.0,"Fast delivery, sports equipment exceeded my expectations."
ORD005872,Chameli Aggarwal,Furniture,No,2025-05-26,5.0,"Fast delivery, furniture exceeded my expectations."
ORD005873,Udarsh Sachdev,Kitchenware,No,,,
ORD005874,Azaan Pai,Beauty Products,No,2023-07-27,5.0,"Really satisfied, highly recommend this beauty products."
ORD005875,Nathaniel Bhardwaj,Toys,No,,,
ORD005876,Devika Parikh,Beauty Products,No,2023-03-31,4.0,"Great beauty products, exactly as described. Very happy with it."
ORD005877,Baljiwan Chadha,Electronics,No,2023-08-17,4.0,"Really satisfied, highly recommend this electronics."
ORD005878,Urvashi Suri,Shoes,No,2023-10-27,4.0,"Really satisfied, highly recommend this shoes."
ORD005879,Rajeshri Kapadia,Groceries,No,2023-08-21,4.0,"Great groceries, exactly as described. Very happy with it."
ORD005880,Henry Puri,Groceries,No,2023-06-16,4.0,"Great groceries, exactly as described. Very happy with it."
ORD005881,Fitan Sodhi,Shoes,No,2023-01-29,5.0,"Fast delivery, shoes exceeded my expectations."
ORD005882,Ekalinga Joshi,Groceries,No,2024-03-22,3.0,"The groceries is okay, does the job but nothing special."
ORD005883,Radhika Mahal,Books,No,2024-12-09,3.0,"Average books, packaging could be better."
ORD005884,Azaan Roy,Beauty Products,No,2025-02-03,5.0,"Really satisfied, highly recommend this beauty products."
ORD005885,Rajata Venkataraman,Clothes,No,2023-01-13,4.0,"Excellent quality for the price, would buy clothes again."
ORD005886,Leena Ratta,Groceries,No,2023-11-14,4.0,"Great groceries, exactly as described. Very happy with it."
ORD005887,Zayyan Palan,Beauty Products,Yes,2025-11-03,2.0,"Received a damaged beauty products, had to return it."
ORD005888,Dipta Vaidya,Groceries,No,2025-08-30,5.0,"Fast delivery, groceries exceeded my expectations."
ORD005889,Yug Rao,Electronics,No,2025-08-22,5.0,"Great electronics, exactly as described. Very happy with it."
ORD005890,Mohammed Ramachandran,Electronics,No,2025-09-12,1.0,"Disappointed with this electronics, quality is not good."
ORD005891,Timothy Bhatti,Groceries,No,2025-09-02,1.0,"Not worth the price, expected better groceries."
ORD005892,Ishani Kapoor,Clothes,No,2026-01-02,3.0,"The clothes is okay, does the job but nothing special."
ORD005893,Gaurika Ganesh,Sports Equipment,No,,,
ORD005894,Harish Shetty,Toys,No,2023-07-01,5.0,"Fast delivery, toys exceeded my expectations."
ORD005895,Rayaan Malhotra,Groceries,No,2026-01-12,3.0,"The groceries is okay, does the job but nothing special."
ORD005896,Indira Bhargava,Kitchenware,No,2025-03-28,3.0,"Average kitchenware, packaging could be better."
ORD005897,Sachi Chauhan,Sports Equipment,No,,,
ORD005898,Leena Narula,Groceries,No,2025-02-26,3.0,"Average groceries, packaging could be better."
ORD005899,Idika Singh,Sports Equipment,No,,,
ORD005900,Ryan Venkataraman,Groceries,No,,,
ORD005901,Ladli Yadav,Beauty Products,No,2025-02-13,5.0,"Great beauty products, exactly as described. Very happy with it."
ORD005902,Praneel Bajaj,Beauty Products,No,2023-01-19,4.0,"Fast delivery, beauty products exceeded my expectations."
ORD005903,Triveni Mallick,Electronics,No,,,
ORD005904,Jagat Iyengar,Groceries,No,2024-11-07,5.0,"Fast delivery, groceries exceeded my expectations."
ORD005905,Azaan Roy,Beauty Products,No,2023-05-20,4.0,"Excellent quality for the price, would buy beauty products again."
ORD005906,Urvi Bhattacharyya,Sports Equipment,No,2024-10-08,3.0,"Average sports equipment, packaging could be better."
ORD005907,Tripti Zachariah,Clothes,No,,,
ORD005908,Saksham Mani,Beauty Products,No,2024-08-12,4.0,"Excellent quality for the price, would buy beauty products again."
ORD005909,Theodore Chandra,Books,No,2024-06-10,4.0,"Fast delivery, books exceeded my expectations."
ORD005910,Chaitanya Jani,Clothes,No,2024-06-06,3.0,"Average clothes, packaging could be better."
ORD005911,Siddharth Sood,Clothes,No,2024-10-02,4.0,"Really satisfied, highly recommend this clothes."
ORD005912,Alka Magar,Books,No,2025-05-24,1.0,"Received a damaged books, had to return it."
ORD005913,Eiravati Khare,Beauty Products,No,2024-08-23,5.0,"Fast delivery, beauty products exceeded my expectations."
ORD005914,Azaan Roy,Beauty Products,Yes,2023-05-19,4.0,"Fast delivery, beauty products exceeded my expectations."
ORD005915,Frederick Nair,Furniture,No,,,
ORD005916,Jonathan Wali,Furniture,No,2025-04-29,4.0,"Really satisfied, highly recommend this furniture."
ORD005917,Bakhshi Nagar,Furniture,No,2024-04-06,3.0,"The furniture is okay, does the job but nothing special."
ORD005918,Urvi Bhattacharyya,Furniture,No,2025-05-11,2.0,"Not worth the price, expected better furniture."
ORD005919,Ojasvi Parmer,Shoes,No,2024-04-07,4.0,"Great shoes, exactly as described. Very happy with it."
ORD005920,Anita Nayak,Beauty Products,No,,,
ORD005921,Vaishnavi Dutt,Toys,Yes,2025-08-16,3.0,"The toys is okay, does the job but nothing special."
ORD005922,Urmi Lad,Groceries,No,2025-09-22,5.0,"Excellent quality for the price, would buy groceries again."
ORD005923,Chanakya Mand,Kitchenware,No,2024-09-13,3.0,"The kitchenware is okay, does the job but nothing special."
ORD005924,Aachal Thakkar,Books,No,2024-01-25,4.0,"Fast delivery, books exceeded my expectations."
ORD005925,Maya Ramakrishnan,Furniture,Yes,,,
ORD005926,Naveen Nagi,Clothes,No,2023-11-03,3.0,"Average clothes, packaging could be better."
ORD005927,Ekapad Chander,Electronics,Yes,2023-07-13,4.0,"Great electronics, exactly as described. Very happy with it."
ORD005928,Amara Mitra,Books,No,,,
ORD005929,Aayush Andra,Toys,No,2025-05-04,3.0,"Average toys, packaging could be better."
ORD005930,Bahadurjit Kant,Groceries,No,2023-08-22,3.0,"The groceries is okay, does the job but nothing special."
ORD005931,Bahadurjit Kant,Clothes,Yes,2025-04-15,5.0,"Really satisfied, highly recommend this clothes."
ORD005932,Ishanvi Nagar,Beauty Products,Yes,2023-07-11,4.0,"Excellent quality for the price, would buy beauty products again."
ORD005933,Tristan Ravel,Shoes,No,2024-12-31,4.0,"Great shoes, exactly as described. Very happy with it."
ORD005934,Alka Srinivas,Clothes,Yes,2025-06-26,2.0,"Disappointed with this clothes, quality is not good."
ORD005935,Manya Shere,Groceries,No,2025-02-15,3.0,"The groceries is okay, does the job but nothing special."
ORD005936,Omya Salvi,Shoes,Yes,,,
ORD005937,Faras Garg,Furniture,No,2024-06-05,3.0,"Average furniture, packaging could be better."
ORD005938,Champak Kuruvilla,Groceries,No,2025-09-07,4.0,"Excellent quality for the price, would buy groceries again."
ORD005939,Jhalak Sekhon,Books,No,2023-03-08,1.0,"Disappointed with this books, quality is not good."
ORD005940,Zashil Bansal,Clothes,No,,,
ORD005941,Pratyush Madan,Electronics,Yes,2024-06-15,2.0,"Received a damaged electronics, had to return it."
ORD005942,Inaya Taneja,Sports Equipment,No,2024-09-13,5.0,"Great sports equipment, exactly as described. Very happy with it."
ORD005943,Banjeet Rastogi,Books,No,,,
ORD005944,Yashica Kota,Shoes,No,,,
ORD005945,Yasti Mutti,Electronics,No,2023-02-27,3.0,"Average electronics, packaging could be better."
ORD005946,Jasmit Bahl,Shoes,Yes,2025-08-10,3.0,"The shoes is okay, does the job but nothing special."
ORD005947,Aarav Nagy,Electronics,No,2023-05-30,1.0,"Disappointed with this electronics, quality is not good."
ORD005948,Riya Thaman,Books,No,2023-12-28,5.0,"Really satisfied, highly recommend this books."
ORD005949,Sarthak Rai,Clothes,Yes,2025-09-01,4.0,"Really satisfied, highly recommend this clothes."
ORD005950,Amrita Sami,Furniture,No,2025-11-28,2.0,"Disappointed with this furniture, quality is not good."
ORD005951,Gavin Gade,Books,No,,,
ORD005952,Yug Rao,Clothes,No,2023-01-27,3.0,"The clothes is okay, does the job but nothing special."
ORD005953,Dayamai Kamdar,Groceries,No,2023-04-17,3.0,"The groceries is okay, does the job but nothing special."
ORD005954,Vivaan More,Toys,No,2025-11-30,3.0,"Average toys, packaging could be better."
ORD005955,Abha Ahuja,Electronics,No,2024-04-07,5.0,"Excellent quality for the price, would buy electronics again."
ORD005956,Eshana Dyal,Electronics,No,2024-03-07,4.0,"Great electronics, exactly as described. Very happy with it."
ORD005957,Ekani Sood,Toys,No,2023-02-06,3.0,"The toys is okay, does the job but nothing special."
ORD005958,Fitan Kala,Books,No,,,
ORD005959,Christopher Vasa,Groceries,No,2024-04-18,5.0,"Really satisfied, highly recommend this groceries."
ORD005960,Aishani Saini,Electronics,No,2023-11-26,5.0,"Great electronics, exactly as described. Very happy with it."
ORD005961,Frederick Patil,Beauty Products,No,,,
ORD005962,Harinakshi Sahni,Shoes,No,,,
ORD005963,Megha Shroff,Groceries,No,2024-05-10,3.0,"Average groceries, packaging could be better."
ORD005964,Abha Keer,Electronics,Yes,2024-12-21,4.0,"Really satisfied, highly recommend this electronics."
ORD005965,Hamsini Chandra,Clothes,No,2025-06-28,5.0,"Excellent quality for the price, would buy clothes again."
ORD005966,Chandani Datta,Kitchenware,No,2023-10-09,5.0,"Great kitchenware, exactly as described. Very happy with it."
ORD005967,Jatin Kapoor,Toys,No,,,
ORD005968,Anika Palan,Furniture,Yes,2025-01-16,5.0,"Really satisfied, highly recommend this furniture."
ORD005969,Hemani Aurora,Books,No,2023-10-21,3.0,"The books is okay, does the job but nothing special."
ORD005970,Orinder Dhaliwal,Electronics,No,2023-10-07,5.0,"Great electronics, exactly as described. Very happy with it."
ORD005971,Janaki Mistry,Clothes,No,2024-09-07,4.0,"Really satisfied, highly recommend this clothes."
ORD005972,Jagat Iyengar,Furniture,No,2024-08-19,5.0,"Really satisfied, highly recommend this furniture."
ORD005973,Frederick Solanki,Beauty Products,No,2024-08-05,5.0,"Excellent quality for the price, would buy beauty products again."
ORD005974,Urmi Wali,Shoes,No,2024-07-23,5.0,"Excellent quality for the price, would buy shoes again."
ORD005975,Bachittar Bala,Sports Equipment,No,2023-02-24,2.0,"Not worth the price, expected better sports equipment."
ORD005976,Yahvi Soni,Furniture,No,2025-10-27,4.0,"Excellent quality for the price, would buy furniture again."
ORD005977,Zaid Lata,Books,No,,,
ORD005978,Ishanvi Konda,Sports Equipment,No,2026-01-05,5.0,"Excellent quality for the price, would buy sports equipment again."
ORD005979,Darsh Arya,Clothes,No,2024-12-27,5.0,"Excellent quality for the price, would buy clothes again."
ORD005980,Tara Sur,Books,No,,,
ORD005981,Yuvraj Grewal,Toys,No,2026-01-13,3.0,"Average toys, packaging could be better."
ORD005982,Zayyan Dutt,Books,No,2023-09-22,3.0,"Average books, packaging could be better."
ORD005983,Abha Ahuja,Toys,No,2023-07-31,4.0,"Really satisfied, highly recommend this toys."
ORD005984,Zaid Sandal,Clothes,No,2025-03-18,4.0,"Really satisfied, highly recommend this clothes."
ORD005985,Meera Bajaj,Books,No,2025-03-21,5.0,"Great books, exactly as described. Very happy with it."
ORD005986,Warda Ramaswamy,Shoes,No,2024-01-22,5.0,"Really satisfied, highly recommend this shoes."
ORD005987,Hemangini Chad,Clothes,No,2023-04-26,3.0,"Average clothes, packaging could be better."
ORD005988,Sneha Nori,Groceries,No,,,
ORD005989,Bahadurjit Banerjee,Beauty Products,No,2023-06-07,5.0,"Great beauty products, exactly as described. Very happy with it."
ORD005990,Viraj Arora,Electronics,No,,,
ORD005991,Jeet Setty,Shoes,No,2025-05-10,4.0,"Fast delivery, shoes exceeded my expectations."
ORD005992,Sneha Nori,Sports Equipment,No,2025-06-24,4.0,"Fast delivery, sports equipment exceeded my expectations."
ORD005993,Aishani Apte,Furniture,No,2025-10-09,4.0,"Great furniture, exactly as described. Very happy with it."
ORD005994,Chaitanya Jani,Clothes,No,2025-11-12,2.0,"Not worth the price, expected better clothes."
ORD005995,Krisha Ganguly,Furniture,No,2024-06-12,4.0,"Excellent quality for the price, would buy furniture again."
ORD005996,Harinakshi Sahni,Toys,No,,,
ORD005997,Aarna Jaggi,Furniture,No,2024-09-29,4.0,"Fast delivery, furniture exceeded my expectations."
ORD005998,Owen Oommen,Electronics,No,2024-05-02,4.0,"Great electronics, exactly as described. Very happy with it."
ORD005999,Amrita Sami,Groceries,No,2024-09-07,5.0,"Excellent quality for the price, would buy groceries again."
ORD006000,Banjeet Rege,Clothes,No,2023-07-24,5.0,"Great clothes, exactly as described. Very happy with it."
ORD006001,Jyoti Oak,Kitchenware,No,2023-12-25,4.0,"Great kitchenware, exactly as described. Very happy with it."
ORD006002,Harita Som,Books,No,,,
ORD006003,Jai Bhatia,Kitchenware,No,2025-01-26,1.0,"Not worth the price, expected better kitchenware."
ORD006004,Yashoda Mammen,Books,No,2025-08-28,2.0,"Disappointed with this books, quality is not good."
ORD006005,Damyanti Bhakta,Beauty Products,No,2025-11-08,1.0,"Received a damaged beauty products, had to return it."
ORD006006,Pranav Saraf,Toys,No,2025-06-25,4.0,"Really satisfied, highly recommend this toys."
ORD006007,Mohammed Pau,Sports Equipment,No,2025-06-29,2.0,"Disappointed with this sports equipment, quality is not good."
ORD006008,Hitesh Bhandari,Beauty Products,No,2024-01-26,3.0,"Average beauty products, packaging could be better."
ORD006009,Timothy Bhandari,Clothes,No,2024-10-13,3.0,"The clothes is okay, does the job but nothing special."
ORD006010,Chaitanya Bhatia,Furniture,No,2024-10-21,4.0,"Really satisfied, highly recommend this furniture."
ORD006011,William Khanna,Clothes,No,,,
ORD006012,Sanya Shanker,Electronics,Yes,2025-05-10,2.0,"Not worth the price, expected better electronics."
ORD006013,Darika Kala,Furniture,No,2024-03-14,4.0,"Fast delivery, furniture exceeded my expectations."
ORD006014,Lekha Bains,Groceries,No,,,
ORD006015,Vidhi Gaba,Groceries,No,2025-06-27,4.0,"Really satisfied, highly recommend this groceries."
ORD006016,Eesha Ahluwalia,Books,No,2023-03-11,5.0,"Great books, exactly as described. Very happy with it."
ORD006017,Lipika Chadha,Beauty Products,No,2024-01-16,5.0,"Great beauty products, exactly as described. Very happy with it."
ORD006018,Kai Bassi,Toys,No,2025-08-19,5.0,"Fast delivery, toys exceeded my expectations."
ORD006019,Janya Sankaran,Shoes,No,2025-06-30,5.0,"Excellent quality for the price, would buy shoes again."
ORD006020,Nicholas Bhandari,Shoes,No,2023-01-28,4.0,"Fast delivery, shoes exceeded my expectations."
ORD006021,Nidra Devan,Furniture,No,2023-11-18,5.0,"Excellent quality for the price, would buy furniture again."
ORD006022,Wakeeta Tella,Electronics,No,2026-01-02,4.0,"Fast delivery, electronics exceeded my expectations."
ORD006023,Dev Bhasin,Kitchenware,Yes,,,
ORD006024,Saksham Mani,Electronics,No,2023-10-21,5.0,"Fast delivery, electronics exceeded my expectations."
ORD006025,Jasmit Bhardwaj,Beauty Products,No,,,
ORD006026,Tanay Sagar,Groceries,No,2025-01-08,3.0,"The groceries is okay, does the job but nothing special."
ORD006027,Chanakya Pillai,Groceries,No,2023-01-24,4.0,"Great groceries, exactly as described. Very happy with it."
ORD006028,Vedhika Dhawan,Groceries,No,2024-04-18,3.0,"The groceries is okay, does the job but nothing special."
ORD006029,Upma Ganesan,Electronics,No,2024-05-18,1.0,"Disappointed with this electronics, quality is not good."
ORD006030,Rayaan Malhotra,Toys,No,2025-06-18,4.0,"Great toys, exactly as described. Very happy with it."
ORD006031,Dhriti Lad,Electronics,No,2023-10-05,4.0,"Excellent quality for the price, would buy electronics again."
ORD006032,Balveer Dani,Groceries,No,,,
ORD006033,Laksh Sani,Furniture,No,2024-03-31,5.0,"Really satisfied, highly recommend this furniture."
ORD006034,Yashica Om,Groceries,No,2024-11-14,5.0,"Excellent quality for the price, would buy groceries again."
ORD006035,Yutika Bhagat,Groceries,No,2025-04-29,4.0,"Excellent quality for the price, would buy groceries again."
ORD006036,Owen Trivedi,Groceries,No,,,
ORD006037,Gautami Sarin,Books,No,2025-09-06,4.0,"Excellent quality for the price, would buy books again."
ORD006038,Chakradev Bains,Shoes,No,2024-04-15,5.0,"Really satisfied, highly recommend this shoes."
ORD006039,Owen Oommen,Shoes,No,2024-12-05,5.0,"Fast delivery, shoes exceeded my expectations."
ORD006040,Maanav Madan,Furniture,No,2025-03-10,4.0,"Really satisfied, highly recommend this furniture."
ORD006041,Dipta Shroff,Beauty Products,Yes,2025-10-19,5.0,"Great beauty products, exactly as described. Very happy with it."
ORD006042,Ronith Nazareth,Groceries,No,,,
ORD006043,Ladli Kaur,Groceries,No,2023-12-08,5.0,"Really satisfied, highly recommend this groceries."
ORD006044,Rudra Ahuja,Electronics,No,2025-04-08,4.0,"Great electronics, exactly as described. Very happy with it."
ORD006045,Ijaya Dyal,Furniture,Yes,2024-12-02,2.0,"Disappointed with this furniture, quality is not good."
ORD006046,Indali Kunda,Groceries,No,,,
ORD006047,Matthew Shroff,Books,No,2025-04-23,3.0,"The books is okay, does the job but nothing special."
ORD006048,Arjun Kaur,Electronics,No,2024-03-12,4.0,"Really satisfied, highly recommend this electronics."
ORD006049,Ekiya Konda,Beauty Products,No,2023-09-26,4.0,"Really satisfied, highly recommend this beauty products."
ORD006050,Radhika Mahal,Clothes,No,,,
ORD006051,Jairaj Memon,Beauty Products,No,,,
ORD006052,Chasmum Goyal,Groceries,No,2023-06-04,5.0,"Fast delivery, groceries exceeded my expectations."
ORD006053,Xavier Soman,Clothes,No,,,
ORD006054,Chandran Rastogi,Clothes,No,2023-03-24,4.0,"Great clothes, exactly as described. Very happy with it."
ORD006055,Chakrika Kalla,Groceries,Yes,2023-07-21,5.0,"Great groceries, exactly as described. Very happy with it."
ORD006056,Nandini Bhatia,Electronics,No,2024-11-04,5.0,"Great electronics, exactly as described. Very happy with it."
ORD006057,Harrison Arya,Sports Equipment,No,2025-04-11,3.0,"The sports equipment is okay, does the job but nothing special."
ORD006058,Ayushman Bahl,Groceries,No,2023-10-06,4.0,"Excellent quality for the price, would buy groceries again."
ORD006059,Ayush Bail,Groceries,No,2025-12-25,5.0,"Fast delivery, groceries exceeded my expectations."
ORD006060,Jasmit Bahl,Toys,No,2025-05-07,4.0,"Really satisfied, highly recommend this toys."
ORD006061,Tara Sur,Shoes,No,2025-01-07,2.0,"Not worth the price, expected better shoes."
ORD006062,Imaran Hari,Books,No,2024-03-08,5.0,"Great books, exactly as described. Very happy with it."
ORD006063,Nandini Karan,Shoes,No,2023-08-04,4.0,"Really satisfied, highly recommend this shoes."
ORD006064,Oscar Kaur,Sports Equipment,No,2023-06-11,3.0,"Average sports equipment, packaging could be better."
ORD006065,Tristan Bhavsar,Furniture,No,2024-10-05,5.0,"Great furniture, exactly as described. Very happy with it."
ORD006066,Vansha Deol,Furniture,Yes,2024-10-08,2.0,"Received a damaged furniture, had to return it."
ORD006067,Riya Mutti,Books,No,2023-10-07,2.0,"Disappointed with this books, quality is not good."
ORD006068,Ekani Sood,Clothes,No,2025-11-14,3.0,"Average clothes, packaging could be better."
ORD006069,Yamini Bir,Electronics,No,,,
ORD006070,Ucchal Virk,Furniture,Yes,2025-08-08,5.0,"Excellent quality for the price, would buy furniture again."
ORD006071,Anusha Raja,Sports Equipment,No,2025-04-27,4.0,"Great sports equipment, exactly as described. Very happy with it."
ORD006072,Henry Bora,Shoes,No,2023-01-22,4.0,"Really satisfied, highly recommend this shoes."
ORD006073,Gautam Aurora,Shoes,Yes,2025-07-15,4.0,"Great shoes, exactly as described. Very happy with it."
ORD006074,Siya Dhillon,Kitchenware,No,2023-02-05,3.0,"Average kitchenware, packaging could be better."
ORD006075,Harinakshi Sahni,Groceries,No,2024-09-23,2.0,"Received a damaged groceries, had to return it."
ORD006076,Megha Shroff,Beauty Products,No,2024-02-13,5.0,"Really satisfied, highly recommend this beauty products."
ORD006077,Radhika Mahal,Shoes,No,2025-07-04,5.0,"Really satisfied, highly recommend this shoes."
ORD006078,Benjamin Barad,Clothes,No,2024-07-01,5.0,"Fast delivery, clothes exceeded my expectations."
ORD006079,Parth Jha,Clothes,No,2025-06-18,4.0,"Really satisfied, highly recommend this clothes."
ORD006080,Kai Sodhi,Beauty Products,No,,,
ORD006081,Upadhriti Menon,Clothes,No,2025-02-25,4.0,"Really satisfied, highly recommend this clothes."
ORD006082,Arunima Parsa,Beauty Products,No,2026-01-02,4.0,"Fast delivery, beauty products exceeded my expectations."
ORD006083,Dominic Som,Kitchenware,No,2024-03-12,5.0,"Excellent quality for the price, would buy kitchenware again."
ORD006084,Triveni Mallick,Groceries,No,2023-06-10,5.0,"Excellent quality for the price, would buy groceries again."
ORD006085,Ladli Yadav,Sports Equipment,No,2023-07-29,4.0,"Really satisfied, highly recommend this sports equipment."
ORD006086,Urmi Sachdeva,Groceries,Yes,2023-09-26,5.0,"Fast delivery, groceries exceeded my expectations."
ORD006087,Chandran Datta,Groceries,No,2023-12-01,5.0,"Great groceries, exactly as described. Very happy with it."
ORD006088,Bakhshi Shetty,Furniture,No,2023-06-09,5.0,"Excellent quality for the price, would buy furniture again."
ORD006089,Arjun Kaur,Electronics,No,2025-01-07,4.0,"Fast delivery, electronics exceeded my expectations."
ORD006090,Vivaan Grewal,Books,No,2024-10-31,1.0,"Not worth the price, expected better books."
ORD006091,Maanav Madan,Clothes,No,2024-07-11,4.0,"Really satisfied, highly recommend this clothes."
ORD006092,Warda Ramaswamy,Sports Equipment,Yes,2025-08-13,3.0,"The sports equipment is okay, does the job but nothing special."
ORD006093,Aayush Andra,Sports Equipment,No,2024-01-16,3.0,"Average sports equipment, packaging could be better."
ORD006094,Luke Arora,Books,No,2025-07-13,3.0,"Average books, packaging could be better."
ORD006095,Vasudha Agarwal,Sports Equipment,No,2025-11-06,5.0,"Really satisfied, highly recommend this sports equipment."
ORD006096,Henry Bora,Toys,Yes,2025-02-22,5.0,"Excellent quality for the price, would buy toys again."
ORD006097,Vyanjana Mani,Electronics,No,,,
ORD006098,Dayamai Kamdar,Sports Equipment,No,,,
ORD006099,Harshil Vyas,Toys,No,,,
ORD006100,Aayush Parekh,Electronics,No,2025-11-12,2.0,"Received a damaged electronics, had to return it."
ORD006101,Vincent Tara,Beauty Products,No,2025-12-28,5.0,"Excellent quality for the price, would buy beauty products again."
ORD006102,Wishi Sharma,Kitchenware,No,2024-04-13,4.0,"Fast delivery, kitchenware exceeded my expectations."
ORD006103,Tanay Lal,Beauty Products,No,2023-12-12,5.0,"Really satisfied, highly recommend this beauty products."
ORD006104,Rayaan Malhotra,Groceries,No,2024-05-04,2.0,"Disappointed with this groceries, quality is not good."
ORD006105,Hamsini Bhatia,Electronics,No,2025-05-13,5.0,"Excellent quality for the price, would buy electronics again."
ORD006106,Frederick Patil,Clothes,Yes,2025-11-26,5.0,"Fast delivery, clothes exceeded my expectations."
ORD006107,Faras Garg,Electronics,No,2023-06-16,5.0,"Great electronics, exactly as described. Very happy with it."
ORD006108,Champak Kuruvilla,Groceries,No,2024-12-30,5.0,"Fast delivery, groceries exceeded my expectations."
ORD006109,Tripti Zachariah,Groceries,No,,,
ORD006110,Yug Rao,Toys,No,2023-07-26,4.0,"Excellent quality for the price, would buy toys again."
ORD006111,Chameli Aggarwal,Sports Equipment,No,2024-11-16,1.0,"Disappointed with this sports equipment, quality is not good."
ORD006112,Megha Shroff,Clothes,No,2023-12-05,2.0,"Received a damaged clothes, had to return it."
ORD006113,Harrison Shan,Kitchenware,No,2023-06-26,4.0,"Fast delivery, kitchenware exceeded my expectations."
ORD006114,Urmi Sachdeva,Electronics,Yes,2024-09-04,5.0,"Fast delivery, electronics exceeded my expectations."
ORD006115,Megha Shroff,Books,No,2024-10-14,4.0,"Really satisfied, highly recommend this books."
ORD006116,Liam Solanki,Sports Equipment,No,2023-05-23,5.0,"Really satisfied, highly recommend this sports equipment."
ORD006117,Saksham Mani,Shoes,No,,,
ORD006118,Riya Thaman,Groceries,No,,,
ORD006119,Rishi Borde,Beauty Products,No,,,
ORD006120,Triveni Pathak,Electronics,No,2024-11-17,4.0,"Great electronics, exactly as described. Very happy with it."
ORD006121,Jagdish Ganesh,Electronics,No,2024-06-06,4.0,"Really satisfied, highly recommend this electronics."
ORD006122,Alka Srinivas,Groceries,Yes,,,
ORD006123,Alka Srinivas,Beauty Products,No,2023-11-04,5.0,"Excellent quality for the price, would buy beauty products again."
ORD006124,Gaurika Ganesh,Groceries,No,2024-07-13,4.0,"Really satisfied, highly recommend this groceries."
ORD006125,Dev Bhasin,Shoes,No,2023-11-29,5.0,"Great shoes, exactly as described. Very happy with it."
ORD006126,Nisha Koshy,Electronics,No,2023-02-08,5.0,"Great electronics, exactly as described. Very happy with it."
ORD006127,Liam Solanki,Sports Equipment,No,2025-10-13,3.0,"Average sports equipment, packaging could be better."
ORD006128,Wakeeta Raja,Books,No,2025-02-27,3.0,"The books is okay, does the job but nothing special."
ORD006129,Gautam Samra,Electronics,No,,,
ORD006130,Hitesh Bhandari,Clothes,No,2025-02-07,5.0,"Fast delivery, clothes exceeded my expectations."
ORD006131,Maanav Chad,Groceries,No,2024-10-24,5.0,"Really satisfied, highly recommend this groceries."
ORD006132,Neel Sankar,Clothes,No,2023-01-28,5.0,"Really satisfied, highly recommend this clothes."
ORD006133,Benjamin Deol,Toys,No,2023-07-23,5.0,"Great toys, exactly as described. Very happy with it."
ORD006134,Gautam Ravi,Books,No,2023-05-08,5.0,"Fast delivery, books exceeded my expectations."
ORD006135,Brinda Mammen,Toys,No,2023-01-24,4.0,"Great toys, exactly as described. Very happy with it."
ORD006136,Udarsh Gopal,Kitchenware,No,,,
ORD006137,Bina Varty,Toys,No,,,
ORD006138,Raagini Bhagat,Books,No,2024-11-20,3.0,"The books is okay, does the job but nothing special."
ORD006139,Finn Dugal,Shoes,No,2025-05-02,2.0,"Received a damaged shoes, had to return it."
ORD006140,Ranbir Kala,Clothes,No,2025-07-25,3.0,"Average clothes, packaging could be better."
ORD006141,Vihaan Date,Clothes,No,2023-06-19,3.0,"The clothes is okay, does the job but nothing special."
ORD006142,Jeet Setty,Groceries,No,,,
ORD006143,Harrison Rana,Kitchenware,No,2024-11-30,3.0,"Average kitchenware, packaging could be better."
ORD006144,Kabir Krishnamurthy,Electronics,No,2025-11-24,4.0,"Excellent quality for the price, would buy electronics again."
ORD006145,Gaurav Toor,Shoes,No,2023-03-16,5.0,"Great shoes, exactly as described. Very happy with it."
ORD006146,Liam More,Books,No,,,
ORD006147,Ronith Raman,Toys,No,2026-01-09,5.0,"Great toys, exactly as described. Very happy with it."
ORD006148,Chandran Roy,Furniture,No,,,
ORD006149,Jairaj Memon,Kitchenware,No,2024-07-28,3.0,"The kitchenware is okay, does the job but nothing special."
ORD006150,Jonathan Wali,Furniture,No,2024-12-19,4.0,"Excellent quality for the price, would buy furniture again."
ORD006151,Manthan Yadav,Electronics,Yes,2025-07-17,4.0,"Fast delivery, electronics exceeded my expectations."
ORD006152,Ishanvi Nagar,Electronics,No,2025-06-19,4.0,"Great electronics, exactly as described. Very happy with it."
ORD006153,Henry Bora,Kitchenware,No,2024-11-10,5.0,"Excellent quality for the price, would buy kitchenware again."
ORD006154,Kala Vig,Toys,No,2025-05-17,5.0,"Fast delivery, toys exceeded my expectations."
ORD006155,Oscar Kaur,Kitchenware,No,2024-04-14,5.0,"Excellent quality for the price, would buy kitchenware again."
ORD006156,Praneel Bajaj,Sports Equipment,No,2025-03-03,5.0,"Fast delivery, sports equipment exceeded my expectations."
ORD006157,Mekhala Gala,Groceries,No,2025-12-30,3.0,"Average groceries, packaging could be better."
ORD006158,Aayush Parekh,Clothes,No,2025-03-19,3.0,"Average clothes, packaging could be better."
ORD006159,Eiravati Khare,Groceries,No,,,
ORD006160,Simon Mitter,Toys,No,,,
ORD006161,Tanay Sagar,Groceries,No,2025-05-04,5.0,"Really satisfied, highly recommend this groceries."
ORD006162,Aradhana Golla,Books,No,2025-09-21,3.0,"The books is okay, does the job but nothing special."
ORD006163,Bina Varty,Sports Equipment,No,2023-02-09,2.0,"Not worth the price, expected better sports equipment."
ORD006164,Lakshmi Bhat,Shoes,No,2023-11-29,1.0,"Received a damaged shoes, had to return it."
ORD006165,Neelima Chad,Sports Equipment,No,2023-09-22,4.0,"Excellent quality for the price, would buy sports equipment again."
ORD006166,Madhav Pandit,Books,No,,,
ORD006167,Radhika Mahal,Toys,No,2023-05-07,4.0,"Really satisfied, highly recommend this toys."
ORD006168,Advik Hegde,Beauty Products,No,2023-05-22,4.0,"Really satisfied, highly recommend this beauty products."
ORD006169,Vamakshi Vala,Groceries,Yes,2024-08-28,3.0,"Average groceries, packaging could be better."
ORD006170,Pooja Chatterjee,Kitchenware,No,2023-04-28,5.0,"Great kitchenware, exactly as described. Very happy with it."
ORD006171,Ayaan Bhatnagar,Groceries,No,2025-04-16,2.0,"Received a damaged groceries, had to return it."
ORD006172,Urvashi Suri,Electronics,No,2024-07-23,5.0,"Really satisfied, highly recommend this electronics."
ORD006173,Pranit Kohli,Electronics,No,2024-09-11,4.0,"Excellent quality for the price, would buy electronics again."
ORD006174,Warda Doctor,Shoes,No,2024-07-05,5.0,"Great shoes, exactly as described. Very happy with it."
ORD006175,Nathan Mander,Sports Equipment,No,,,
ORD006176,Theodore Chandra,Beauty Products,No,2024-05-18,5.0,"Really satisfied, highly recommend this beauty products."
ORD006177,Ansh Kohli,Beauty Products,No,,,
ORD006178,Vrishti Cherian,Clothes,No,2023-06-10,5.0,"Really satisfied, highly recommend this clothes."
ORD006179,Brinda Thaker,Electronics,No,2023-03-23,4.0,"Excellent quality for the price, would buy electronics again."
ORD006180,Banjeet De,Books,No,2024-11-25,5.0,"Great books, exactly as described. Very happy with it."
ORD006181,Megha Shroff,Groceries,No,,,
ORD006182,Vedhika Dhawan,Kitchenware,No,2023-07-12,2.0,"Not worth the price, expected better kitchenware."
ORD006183,Qabil Lall,Toys,No,2024-12-24,5.0,"Fast delivery, toys exceeded my expectations."
ORD006184,Lopa Narasimhan,Beauty Products,No,,,
ORD006185,Vivaan Grewal,Electronics,No,2024-08-19,2.0,"Disappointed with this electronics, quality is not good."
ORD006186,Dayita Munshi,Toys,Yes,2023-02-25,4.0,"Fast delivery, toys exceeded my expectations."
ORD006187,Ryan Venkataraman,Groceries,No,2025-05-16,4.0,"Excellent quality for the price, would buy groceries again."
ORD006188,Dominic Som,Beauty Products,No,2025-04-15,4.0,"Fast delivery, beauty products exceeded my expectations."
ORD006189,Parth Hegde,Books,No,,,
ORD006190,Maanas Ratta,Clothes,No,2024-09-18,4.0,"Fast delivery, clothes exceeded my expectations."
ORD006191,Vivaan Sood,Toys,No,2023-12-03,4.0,"Really satisfied, highly recommend this toys."
ORD006192,Azaan Roy,Electronics,No,2023-09-23,5.0,"Really satisfied, highly recommend this electronics."
ORD006193,Darsh Arya,Furniture,No,,,
ORD006194,Samaksh Sem,Sports Equipment,No,2025-09-03,2.0,"Received a damaged sports equipment, had to return it."
ORD006195,Aarnav Pant,Groceries,No,2023-03-28,4.0,"Excellent quality for the price, would buy groceries again."
ORD006196,Tanay Sagar,Books,No,2024-01-03,4.0,"Great books, exactly as described. Very happy with it."
ORD006197,Siddharth Sood,Clothes,No,2025-03-20,4.0,"Excellent quality for the price, would buy clothes again."
ORD006198,Tanvi Ghosh,Groceries,No,2023-06-06,4.0,"Great groceries, exactly as described. Very happy with it."
ORD006199,Kamala Keer,Clothes,Yes,2024-12-20,4.0,"Really satisfied, highly recommend this clothes."
ORD006200,Aishani Apte,Kitchenware,No,2025-10-03,1.0,"Received a damaged kitchenware, had to return it."
ORD006201,Harish Shetty,Sports Equipment,No,2025-09-04,5.0,"Really satisfied, highly recommend this sports equipment."
ORD006202,Advik Hegde,Clothes,No,,,
ORD006203,Advik Hegde,Groceries,No,2024-02-10,4.0,"Excellent quality for the price, would buy groceries again."
ORD006204,Maanas Swamy,Toys,No,2025-10-24,5.0,"Excellent quality for the price, would buy toys again."
ORD006205,Dayamai Kamdar,Books,No,2024-03-10,3.0,"The books is okay, does the job but nothing special."
ORD006206,Samar Ahuja,Groceries,No,2024-11-08,4.0,"Really satisfied, highly recommend this groceries."
ORD006207,Falak Gulati,Electronics,No,2023-12-14,5.0,"Great electronics, exactly as described. Very happy with it."
ORD006208,Alka Chopra,Furniture,No,2024-02-20,4.0,"Fast delivery, furniture exceeded my expectations."
ORD006209,Liam Solanki,Sports Equipment,No,2025-05-17,5.0,"Really satisfied, highly recommend this sports equipment."
ORD006210,Devika Parikh,Sports Equipment,No,2024-06-06,4.0,"Excellent quality for the price, would buy sports equipment again."
ORD006211,Maanav Chad,Groceries,No,2023-03-29,5.0,"Really satisfied, highly recommend this groceries."
ORD006212,Mekhala Gala,Books,No,2025-12-08,2.0,"Disappointed with this books, quality is not good."
ORD006213,Bachittar Bala,Electronics,Yes,2025-09-02,5.0,"Excellent quality for the price, would buy electronics again."
ORD006214,Gagan Tandon,Clothes,No,,,
ORD006215,Oscar Kaur,Furniture,No,2025-05-19,5.0,"Excellent quality for the price, would buy furniture again."
ORD006216,Sarthak Rai,Shoes,No,2025-05-08,5.0,"Really satisfied, highly recommend this shoes."
ORD006217,Henry Puri,Electronics,No,2024-10-10,1.0,"Disappointed with this electronics, quality is not good."
ORD006218,Keya Sarkar,Clothes,No,2024-01-28,5.0,"Great clothes, exactly as described. Very happy with it."
ORD006219,Tristan Bhavsar,Clothes,No,,,
ORD006220,Joshua Bali,Books,Yes,2023-02-01,5.0,"Really satisfied, highly recommend this books."
ORD006221,Chanchal Sastry,Books,No,2025-02-01,5.0,"Fast delivery, books exceeded my expectations."
ORD006222,Triveni Gaba,Clothes,No,2025-02-17,3.0,"Average clothes, packaging could be better."
ORD006223,Triya Pant,Groceries,No,2025-08-27,5.0,"Really satisfied, highly recommend this groceries."
ORD006224,Chavvi Rattan,Toys,No,,,
ORD006225,Rachana Muni,Shoes,Yes,2024-04-16,5.0,"Fast delivery, shoes exceeded my expectations."
ORD006226,Girish Rattan,Shoes,No,2024-01-25,4.0,"Excellent quality for the price, would buy shoes again."
ORD006227,Mugdha Jani,Beauty Products,Yes,,,
ORD006228,Gagan Tandon,Clothes,No,2023-10-06,5.0,"Fast delivery, clothes exceeded my expectations."
ORD006229,Frederick Patil,Clothes,No,,,
ORD006230,Reyansh Kohli,Clothes,No,2024-02-05,4.0,"Great clothes, exactly as described. Very happy with it."
ORD006231,Imaran Hari,Shoes,Yes,2025-10-26,4.0,"Really satisfied, highly recommend this shoes."
ORD006232,Aayush Dhingra,Electronics,No,,,
ORD006233,Sneha Nori,Books,No,2024-04-08,5.0,"Fast delivery, books exceeded my expectations."
ORD006234,Kavya Sandhu,Electronics,No,2024-06-01,2.0,"Received a damaged electronics, had to return it."
ORD006235,Maanas Babu,Beauty Products,No,2024-07-28,5.0,"Excellent quality for the price, would buy beauty products again."
ORD006236,Falan Chana,Shoes,No,2023-02-28,3.0,"Average shoes, packaging could be better."
ORD006237,Chandresh Bahl,Books,No,2023-07-13,5.0,"Excellent quality for the price, would buy books again."
ORD006238,Triya Pant,Furniture,No,2024-06-07,5.0,"Excellent quality for the price, would buy furniture again."
ORD006239,Zansi Dixit,Electronics,No,2023-06-23,4.0,"Great electronics, exactly as described. Very happy with it."
ORD006240,Zashil Chaudhuri,Clothes,No,2025-12-10,5.0,"Great clothes, exactly as described. Very happy with it."
ORD006241,Chatura Kala,Sports Equipment,No,,,
ORD006242,Timothy Lanka,Toys,No,2025-04-09,3.0,"The toys is okay, does the job but nothing special."
ORD006243,Nidra Grewal,Clothes,Yes,,,
ORD006244,Ekapad Chander,Kitchenware,No,2023-08-15,4.0,"Really satisfied, highly recommend this kitchenware."
ORD006245,William Khanna,Kitchenware,No,2023-06-07,5.0,"Really satisfied, highly recommend this kitchenware."
ORD006246,Mitesh Varghese,Clothes,No,2025-06-02,5.0,"Excellent quality for the price, would buy clothes again."
ORD006247,Advik Hegde,Clothes,Yes,2023-10-28,5.0,"Excellent quality for the price, would buy clothes again."
ORD006248,Riya Mutti,Toys,No,2024-06-11,5.0,"Excellent quality for the price, would buy toys again."
ORD006249,Laksh Sani,Sports Equipment,No,,,
ORD006250,Urvashi Ratta,Clothes,No,,,
ORD006251,Hamsini Rao,Groceries,No,2025-06-10,2.0,"Disappointed with this groceries, quality is not good."
ORD006252,Chavvi Rattan,Books,No,2024-01-14,4.0,"Excellent quality for the price, would buy books again."
ORD006253,Ganga Chandra,Electronics,No,,,
ORD006254,Ijaya Narain,Furniture,No,2024-10-27,5.0,"Great furniture, exactly as described. Very happy with it."
ORD006255,Zehaan Devan,Kitchenware,No,2025-11-02,4.0,"Excellent quality for the price, would buy kitchenware again."
ORD006256,Kiaan Arora,Beauty Products,No,2025-02-28,5.0,"Really satisfied, highly recommend this beauty products."
ORD006257,Tristan Ravel,Groceries,No,,,
ORD006258,Vincent Tara,Books,No,2025-12-04,4.0,"Great books, exactly as described. Very happy with it."
ORD006259,Triveni Pathak,Electronics,Yes,,,
ORD006260,Theodore Chandra,Sports Equipment,No,2023-06-04,3.0,"Average sports equipment, packaging could be better."
ORD006261,Aishani Saini,Groceries,No,2024-01-13,1.0,"Received a damaged groceries, had to return it."
ORD006262,Hemangini Chad,Shoes,No,,,
ORD006263,Tanay Sagar,Groceries,No,2025-07-12,5.0,"Great groceries, exactly as described. Very happy with it."
ORD006264,Saumya Ratti,Shoes,No,2025-09-30,5.0,"Great shoes, exactly as described. Very happy with it."
ORD006265,Logan Sekhon,Electronics,No,2025-04-29,4.0,"Fast delivery, electronics exceeded my expectations."
ORD006266,Xiti Puri,Electronics,Yes,2024-09-07,4.0,"Excellent quality for the price, would buy electronics again."
ORD006267,Baghyawati Guha,Sports Equipment,No,2024-01-21,3.0,"The sports equipment is okay, does the job but nothing special."
ORD006268,Omya Boase,Clothes,No,2023-10-23,4.0,"Great clothes, exactly as described. Very happy with it."
ORD006269,Yauvani Gokhale,Toys,No,2023-03-24,3.0,"The toys is okay, does the job but nothing special."
ORD006270,Timothy Lanka,Clothes,No,2023-12-17,3.0,"The clothes is okay, does the job but nothing special."
ORD006271,Ekapad Chander,Electronics,No,2025-06-20,3.0,"The electronics is okay, does the job but nothing special."
ORD006272,Imaran Dara,Electronics,No,,,
ORD006273,Lucky Balakrishnan,Shoes,No,,,
ORD006274,Vaishnavi Sachar,Groceries,No,2023-11-12,4.0,"Excellent quality for the price, would buy groceries again."
ORD006275,Matthew Shroff,Clothes,Yes,2024-07-03,3.0,"Average clothes, packaging could be better."
ORD006276,Theodore Chandra,Groceries,No,2025-07-10,5.0,"Excellent quality for the price, would buy groceries again."
ORD006277,Xavier Sani,Electronics,No,2023-08-01,4.0,"Fast delivery, electronics exceeded my expectations."
ORD006278,Ganga Chandra,Electronics,No,,,
ORD006279,Naksh Sampath,Sports Equipment,No,2023-09-10,5.0,"Really satisfied, highly recommend this sports equipment."
ORD006280,Ati Loyal,Sports Equipment,No,2023-03-12,4.0,"Great sports equipment, exactly as described. Very happy with it."
ORD006281,Gautam Mishra,Groceries,No,2024-02-12,3.0,"The groceries is okay, does the job but nothing special."
ORD006282,Ekalinga Joshi,Clothes,No,2023-09-21,3.0,"Average clothes, packaging could be better."
ORD006283,Januja Bal,Books,No,2024-07-04,2.0,"Not worth the price, expected better books."
ORD006284,Ganga Handa,Toys,Yes,,,
ORD006285,Hardik Kalla,Shoes,No,2023-07-02,4.0,"Excellent quality for the price, would buy shoes again."
ORD006286,Ayush Bail,Electronics,No,,,
ORD006287,Idika Bhagat,Shoes,No,2024-05-19,4.0,"Great shoes, exactly as described. Very happy with it."
ORD006288,Qasim Muni,Kitchenware,Yes,2025-04-04,5.0,"Really satisfied, highly recommend this kitchenware."
ORD006289,Raagini Bhagat,Electronics,No,2024-11-07,5.0,"Great electronics, exactly as described. Very happy with it."
ORD006290,Rishi Borde,Electronics,No,2025-04-13,2.0,"Received a damaged electronics, had to return it."
ORD006291,Baghyawati Guha,Clothes,Yes,2023-04-03,4.0,"Excellent quality for the price, would buy clothes again."
ORD006292,Timothy Bhatti,Books,No,2023-05-16,4.0,"Fast delivery, books exceeded my expectations."
ORD006293,Ikbal Ahuja,Electronics,No,,,
ORD006294,Kashvi Narula,Books,No,2024-07-09,5.0,"Really satisfied, highly recommend this books."
ORD006295,Chavvi Rattan,Groceries,No,2025-02-26,4.0,"Fast delivery, groceries exceeded my expectations."
ORD006296,Kiaan Arora,Electronics,Yes,,,
ORD006297,Inaya Kalla,Shoes,Yes,2025-07-19,3.0,"The shoes is okay, does the job but nothing special."
ORD006298,Janaki Mistry,Furniture,No,,,
ORD006299,Idika Bhagat,Beauty Products,No,2024-10-09,4.0,"Great beauty products, exactly as described. Very happy with it."
ORD006300,Darika Kala,Groceries,No,,,
ORD006301,Aachal Thakkar,Shoes,No,2024-03-21,4.0,"Great shoes, exactly as described. Very happy with it."
ORD006302,Chandresh Bahl,Electronics,No,,,
ORD006303,Utkarsh Din,Shoes,No,2023-06-25,1.0,"Disappointed with this shoes, quality is not good."
ORD006304,Kiaan Arora,Books,No,2025-07-12,5.0,"Excellent quality for the price, would buy books again."
ORD006305,Adya Patla,Shoes,No,,,
ORD006306,Dayita Sehgal,Beauty Products,Yes,2025-12-30,4.0,"Really satisfied, highly recommend this beauty products."
ORD006307,Aachal Lad,Electronics,No,2024-11-07,3.0,"The electronics is okay, does the job but nothing special."
ORD006308,Yashica Om,Beauty Products,No,2025-04-19,3.0,"Average beauty products, packaging could be better."
ORD006309,Charles Chaudry,Shoes,Yes,,,
ORD006310,Zehaan Devan,Clothes,No,2024-04-13,1.0,"Disappointed with this clothes, quality is not good."
ORD006311,Xiti Puri,Clothes,Yes,,,
ORD006312,Nathaniel Bhardwaj,Electronics,No,2024-01-31,4.0,"Fast delivery, electronics exceeded my expectations."
ORD006313,Frado Raj,Groceries,Yes,2023-09-02,5.0,"Excellent quality for the price, would buy groceries again."
ORD006314,Gaurang Lad,Groceries,Yes,,,
ORD006315,Timothy Bhandari,Books,No,2025-12-27,4.0,"Fast delivery, books exceeded my expectations."
ORD006316,Raagini Gade,Groceries,No,2024-05-11,4.0,"Great groceries, exactly as described. Very happy with it."
ORD006317,Warda Ramaswamy,Books,No,2023-02-13,2.0,"Received a damaged books, had to return it."
ORD006318,Akshay Kohli,Furniture,No,2025-10-12,3.0,"Average furniture, packaging could be better."
ORD006319,Qabil Lall,Electronics,No,2025-10-29,5.0,"Fast delivery, electronics exceeded my expectations."
ORD006320,Raghav Pradhan,Clothes,No,,,
ORD006321,Nachiket Kota,Sports Equipment,No,,,
ORD006322,Abha Ahuja,Groceries,No,,,
ORD006323,Aachal Andra,Beauty Products,No,2024-07-08,5.0,"Fast delivery, beauty products exceeded my expectations."
ORD006324,Vaishnavi Sachar,Electronics,No,2025-12-27,5.0,"Really satisfied, highly recommend this electronics."
ORD006325,Ayush Bala,Electronics,No,2024-07-25,1.0,"Not worth the price, expected better electronics."
ORD006326,Frederick Patil,Shoes,No,,,
ORD006327,Zaitra Bajaj,Electronics,No,2024-01-14,5.0,"Really satisfied, highly recommend this electronics."
ORD006328,Baljiwan Chadha,Electronics,No,2025-03-09,4.0,"Great electronics, exactly as described. Very happy with it."
ORD006329,Chanakya Mand,Kitchenware,No,2025-07-13,4.0,"Great kitchenware, exactly as described. Very happy with it."
ORD006330,Ishanvi Konda,Books,No,2024-03-28,5.0,"Really satisfied, highly recommend this books."
ORD006331,Samesh Kashyap,Clothes,Yes,2023-11-01,5.0,"Great clothes, exactly as described. Very happy with it."
ORD006332,Jagvi Sethi,Sports Equipment,No,,,
ORD006333,Frado Raj,Shoes,No,2023-04-27,5.0,"Excellent quality for the price, would buy shoes again."
ORD006334,Bimala Master,Clothes,No,,,
ORD006335,Nirja Shan,Kitchenware,No,2023-08-03,4.0,"Really satisfied, highly recommend this kitchenware."
ORD006336,Xavier Sani,Sports Equipment,No,2024-05-04,5.0,"Really satisfied, highly recommend this sports equipment."
ORD006337,Imaran Hari,Books,No,,,
ORD006338,Baljiwan Chadha,Electronics,No,2023-11-02,5.0,"Excellent quality for the price, would buy electronics again."
ORD006339,Nidhi Baria,Sports Equipment,No,2025-06-09,5.0,"Great sports equipment, exactly as described. Very happy with it."
ORD006340,Yauvani Patla,Clothes,No,2025-06-15,4.0,"Excellent quality for the price, would buy clothes again."
ORD006341,Advik Hegde,Toys,Yes,,,
ORD006342,George Madan,Groceries,No,2025-12-13,2.0,"Received a damaged groceries, had to return it."
ORD006343,Lakshmi Chacko,Books,No,2023-06-29,5.0,"Fast delivery, books exceeded my expectations."
ORD006344,Azad Muni,Groceries,No,2024-12-09,5.0,"Excellent quality for the price, would buy groceries again."
ORD006345,Simon Mitter,Sports Equipment,No,2025-02-14,5.0,"Really satisfied, highly recommend this sports equipment."
ORD006346,Qasim Muni,Books,No,2025-11-06,5.0,"Excellent quality for the price, would buy books again."
ORD006347,Rohan Arora,Books,No,2023-07-17,5.0,"Excellent quality for the price, would buy books again."
ORD006348,Ucchal Virk,Groceries,No,,,
ORD006349,Omkaar Chopra,Furniture,No,2024-01-26,4.0,"Really satisfied, highly recommend this furniture."
ORD006350,Ekapad Chander,Furniture,No,2023-07-03,5.0,"Fast delivery, furniture exceeded my expectations."
ORD006351,Hitesh Bhandari,Electronics,No,2025-03-21,5.0,"Fast delivery, electronics exceeded my expectations."
ORD006352,Kashish Sekhon,Electronics,No,,,
ORD006353,Yatan Tripathi,Shoes,No,2024-11-30,4.0,"Fast delivery, shoes exceeded my expectations."
ORD006354,Hiral Dua,Groceries,No,,,
ORD006355,Upadhriti Menon,Beauty Products,No,2025-01-24,5.0,"Fast delivery, beauty products exceeded my expectations."
ORD006356,Vivaan Sood,Electronics,No,,,
ORD006357,Inaya Sawhney,Toys,Yes,2025-01-28,4.0,"Great toys, exactly as described. Very happy with it."
ORD006358,Ubika Sarna,Books,Yes,2024-01-29,1.0,"Not worth the price, expected better books."
ORD006359,Isaac Chaudhary,Kitchenware,No,2025-05-10,5.0,"Really satisfied, highly recommend this kitchenware."
ORD006360,Yamini Garg,Kitchenware,No,2024-10-11,1.0,"Received a damaged kitchenware, had to return it."
ORD006361,Chasmum Goyal,Kitchenware,No,2024-07-10,5.0,"Excellent quality for the price, would buy kitchenware again."
ORD006362,Imaran Dara,Groceries,No,2024-07-07,1.0,"Not worth the price, expected better groceries."
ORD006363,Yatin Balakrishnan,Clothes,Yes,,,
ORD006364,Tripti Goyal,Electronics,No,2023-11-14,4.0,"Great electronics, exactly as described. Very happy with it."
ORD006365,Zayyan Wason,Clothes,No,2024-06-16,2.0,"Received a damaged clothes, had to return it."
ORD006366,Chandran Solanki,Sports Equipment,No,2024-11-17,4.0,"Really satisfied, highly recommend this sports equipment."
ORD006367,Tanvi Ghosh,Shoes,No,2023-09-22,2.0,"Disappointed with this shoes, quality is not good."
ORD006368,Jagdish Kurian,Furniture,No,2023-04-13,5.0,"Fast delivery, furniture exceeded my expectations."
ORD006369,Vasudha Agarwal,Sports Equipment,Yes,2023-11-14,2.0,"Disappointed with this sports equipment, quality is not good."
ORD006370,Timothy Lanka,Kitchenware,No,2025-11-27,4.0,"Really satisfied, highly recommend this kitchenware."
ORD006371,Idika Warrior,Toys,No,,,
ORD006372,Ishanvi Konda,Beauty Products,No,2023-03-17,3.0,"Average beauty products, packaging could be better."
ORD006373,Jasmit Bahl,Groceries,No,2024-07-19,4.0,"Really satisfied, highly recommend this groceries."
ORD006374,Harshil Vyas,Electronics,No,2024-03-11,4.0,"Excellent quality for the price, would buy electronics again."
ORD006375,Aachal Thakkar,Groceries,No,2025-11-25,5.0,"Excellent quality for the price, would buy groceries again."
ORD006376,Bimala Sehgal,Electronics,No,,,
ORD006377,Imaran Buch,Furniture,Yes,2023-05-26,4.0,"Really satisfied, highly recommend this furniture."
ORD006378,Vivaan Grewal,Books,No,2024-05-14,1.0,"Not worth the price, expected better books."
ORD006379,Hredhaan Edwin,Books,No,2023-02-04,4.0,"Really satisfied, highly recommend this books."
ORD006380,Charita Vohra,Furniture,Yes,2025-12-24,5.0,"Great furniture, exactly as described. Very happy with it."
ORD006381,Ayaan Krishnamurthy,Books,No,2023-05-25,5.0,"Excellent quality for the price, would buy books again."
ORD006382,Nidhi Baria,Kitchenware,No,2023-09-15,5.0,"Great kitchenware, exactly as described. Very happy with it."
ORD006383,Tanay Lal,Kitchenware,No,,,
ORD006384,Yashoda Mammen,Toys,No,2023-06-20,3.0,"Average toys, packaging could be better."
ORD006385,Tanvi Ghosh,Electronics,No,2024-07-10,1.0,"Not worth the price, expected better electronics."
ORD006386,Janya Buch,Shoes,No,2024-05-30,4.0,"Fast delivery, shoes exceeded my expectations."
ORD006387,Lucky Sagar,Electronics,No,,,
ORD006388,Nathaniel Narain,Groceries,No,2025-02-11,5.0,"Excellent quality for the price, would buy groceries again."
ORD006389,Zaitra Bora,Toys,No,2023-11-07,3.0,"Average toys, packaging could be better."
ORD006390,Madhav Pandit,Electronics,No,2025-05-30,3.0,"Average electronics, packaging could be better."
ORD006391,Ganga Handa,Kitchenware,No,2025-09-12,5.0,"Fast delivery, kitchenware exceeded my expectations."
ORD006392,Mohammed Pau,Shoes,Yes,,,
ORD006393,Hamsini Chandra,Books,No,2023-06-30,1.0,"Not worth the price, expected better books."
ORD006394,Anjali Dasgupta,Furniture,No,2023-09-17,4.0,"Excellent quality for the price, would buy furniture again."
ORD006395,Ranbir Kala,Electronics,No,,,
ORD006396,Mitali Verma,Books,No,2025-08-31,5.0,"Fast delivery, books exceeded my expectations."
ORD006397,Saumya Ratti,Shoes,No,2025-04-16,4.0,"Fast delivery, shoes exceeded my expectations."
ORD006398,Pratyush Madan,Furniture,No,2023-11-05,4.0,"Excellent quality for the price, would buy furniture again."
ORD006399,Chavvi Rajan,Clothes,No,2023-07-07,1.0,"Received a damaged clothes, had to return it."
ORD006400,Viraj Arora,Clothes,No,2024-07-24,4.0,"Really satisfied, highly recommend this clothes."
ORD006401,Anika Palan,Books,No,2024-06-06,5.0,"Excellent quality for the price, would buy books again."
ORD006402,Pooja Grewal,Clothes,No,,,
ORD006403,Lipika Lal,Books,No,2023-09-14,5.0,"Really satisfied, highly recommend this books."
ORD006404,Rajata Venkataraman,Books,No,2024-06-23,5.0,"Really satisfied, highly recommend this books."
ORD006405,Sathvik Lall,Shoes,No,2025-12-13,5.0,"Fast delivery, shoes exceeded my expectations."
ORD006406,Chatura Thaman,Books,No,,,
ORD006407,Banjeet Memon,Books,No,,,
ORD006408,Gagan Tandon,Books,No,2023-02-03,4.0,"Really satisfied, highly recommend this books."
ORD006409,Mitali Verma,Sports Equipment,No,2023-06-02,3.0,"The sports equipment is okay, does the job but nothing special."
ORD006410,Darpan Gour,Clothes,No,,,
ORD006411,Radhika Mahal,Kitchenware,No,,,
ORD006412,Xavier Soman,Groceries,No,2025-10-17,5.0,"Great groceries, exactly as described. Very happy with it."
ORD006413,Mugdha Jani,Clothes,No,2025-11-08,2.0,"Received a damaged clothes, had to return it."
ORD006414,Ikbal Shankar,Kitchenware,Yes,2023-06-28,5.0,"Fast delivery, kitchenware exceeded my expectations."
ORD006415,Shravya Naik,Shoes,No,2025-09-08,5.0,"Great shoes, exactly as described. Very happy with it."
ORD006416,Nidhi Baria,Furniture,No,,,
ORD006417,Ikbal Chhabra,Groceries,No,2025-11-13,4.0,"Fast delivery, groceries exceeded my expectations."
ORD006418,Charita Vohra,Shoes,No,2023-10-12,4.0,"Excellent quality for the price, would buy shoes again."
ORD006419,Aarnav Pant,Clothes,No,,,
ORD006420,Elijah Wason,Shoes,No,2025-03-25,2.0,"Not worth the price, expected better shoes."
ORD006421,Neelima Chad,Groceries,Yes,2023-06-16,2.0,"Disappointed with this groceries, quality is not good."
ORD006422,Watika Wali,Beauty Products,No,2023-01-16,5.0,"Fast delivery, beauty products exceeded my expectations."
ORD006423,Darpan Gour,Groceries,No,2023-08-28,4.0,"Fast delivery, groceries exceeded my expectations."
ORD006424,Keya Sarkar,Clothes,No,2023-06-29,4.0,"Great clothes, exactly as described. Very happy with it."
ORD006425,Jagat Iyengar,Clothes,No,2023-03-03,3.0,"Average clothes, packaging could be better."
ORD006426,Farhan Mammen,Clothes,No,,,
ORD006427,Zansi Dixit,Kitchenware,No,,,
ORD006428,Bakhshi Nagar,Electronics,No,2023-08-02,4.0,"Excellent quality for the price, would buy electronics again."
ORD006429,Urishilla Naik,Kitchenware,Yes,,,
ORD006430,Triveni Gaba,Clothes,No,2025-08-20,5.0,"Excellent quality for the price, would buy clothes again."
ORD006431,Tejas Mani,Electronics,No,2025-08-28,4.0,"Really satisfied, highly recommend this electronics."
ORD006432,Fitan Sodhi,Furniture,No,,,
ORD006433,Ikbal Shankar,Books,No,2023-06-15,4.0,"Fast delivery, books exceeded my expectations."
ORD006434,Megha Shroff,Books,No,,,
ORD006435,Vansha Deol,Beauty Products,No,2024-06-09,3.0,"Average beauty products, packaging could be better."
ORD006436,Banjeet Rastogi,Electronics,No,2024-11-30,3.0,"The electronics is okay, does the job but nothing special."
ORD006437,Ayush Bail,Electronics,No,2025-02-13,1.0,"Disappointed with this electronics, quality is not good."
ORD006438,Darsh Arya,Electronics,No,2025-08-08,3.0,"Average electronics, packaging could be better."
ORD006439,Ayaan Krishnamurthy,Groceries,No,2024-08-21,1.0,"Received a damaged groceries, had to return it."
ORD006440,Charan Mangal,Groceries,No,,,
ORD006441,Ganga Bumb,Furniture,No,,,
ORD006442,Chakrika Kalla,Groceries,Yes,2024-07-08,5.0,"Excellent quality for the price, would buy groceries again."
ORD006443,Raagini Gade,Books,Yes,2024-04-04,5.0,"Excellent quality for the price, would buy books again."
ORD006444,Nathan Mander,Beauty Products,No,2023-09-05,4.0,"Really satisfied, highly recommend this beauty products."
ORD006445,Hitesh Bhandari,Beauty Products,No,2024-05-26,1.0,"Received a damaged beauty products, had to return it."
ORD006446,Tristan Ravel,Electronics,No,2024-05-28,3.0,"The electronics is okay, does the job but nothing special."
ORD006447,Vidhi Gaba,Furniture,No,,,
ORD006448,Oscar Kaur,Toys,Yes,2025-07-12,4.0,"Really satisfied, highly recommend this toys."
ORD006449,Pranit Kohli,Electronics,No,2025-11-21,3.0,"The electronics is okay, does the job but nothing special."
ORD006450,Falan Lanka,Furniture,No,2023-02-21,5.0,"Really satisfied, highly recommend this furniture."
ORD006451,Harinakshi Sahni,Books,No,2025-12-05,4.0,"Excellent quality for the price, would buy books again."
ORD006452,Dhruv Bandi,Groceries,No,2025-11-29,5.0,"Fast delivery, groceries exceeded my expectations."
ORD006453,Hardik Kalla,Clothes,No,2023-08-16,1.0,"Received a damaged clothes, had to return it."
ORD006454,Nitesh Oommen,Shoes,No,2024-01-27,5.0,"Fast delivery, shoes exceeded my expectations."
ORD006455,Simon Mitter,Books,No,2026-01-14,2.0,"Disappointed with this books, quality is not good."
ORD006456,Luke Arora,Books,No,2025-02-07,3.0,"Average books, packaging could be better."
ORD006457,Aarini Ramakrishnan,Shoes,No,2024-06-27,3.0,"Average shoes, packaging could be better."
ORD006458,Anika Palan,Shoes,No,2024-05-17,4.0,"Great shoes, exactly as described. Very happy with it."
ORD006459,Rohan Arora,Furniture,Yes,,,
ORD006460,Patrick Dora,Toys,No,2025-04-24,3.0,"The toys is okay, does the job but nothing special."
ORD006461,Quincy Parsa,Toys,No,,,
ORD006462,Sneha Nori,Electronics,Yes,2025-12-26,5.0,"Fast delivery, electronics exceeded my expectations."
ORD006463,Bhavna Sood,Electronics,No,2024-01-04,4.0,"Fast delivery, electronics exceeded my expectations."
ORD006464,Omisha Sood,Groceries,No,,,
ORD006465,Fitan Kala,Electronics,No,2024-10-26,5.0,"Great electronics, exactly as described. Very happy with it."
ORD006466,Eshana Dyal,Shoes,No,,,
ORD006467,Mekhala Bawa,Shoes,No,2024-08-19,4.0,"Fast delivery, shoes exceeded my expectations."
ORD006468,Ishani Kapoor,Clothes,No,2024-10-02,1.0,"Received a damaged clothes, had to return it."
ORD006469,Frederick Nair,Groceries,No,2025-03-16,4.0,"Fast delivery, groceries exceeded my expectations."
ORD006470,Ijaya Dyal,Beauty Products,No,2025-04-26,5.0,"Great beauty products, exactly as described. Very happy with it."
ORD006471,Aarini Nagar,Kitchenware,No,2023-12-19,5.0,"Excellent quality for the price, would buy kitchenware again."
ORD006472,Rayaan Malhotra,Groceries,No,2024-01-30,2.0,"Disappointed with this groceries, quality is not good."
ORD006473,Bimala Sehgal,Groceries,Yes,2024-11-26,5.0,"Great groceries, exactly as described. Very happy with it."
ORD006474,Yuvraj Thaman,Groceries,No,2023-11-27,5.0,"Really satisfied, highly recommend this groceries."
ORD006475,Wakeeta Raval,Books,Yes,,,
ORD006476,Daksh Dhingra,Electronics,No,2023-12-24,2.0,"Disappointed with this electronics, quality is not good."
ORD006477,Matthew Rana,Groceries,No,2024-02-12,2.0,"Not worth the price, expected better groceries."
ORD006478,Liam More,Sports Equipment,Yes,,,
ORD006479,Amaira Sarin,Kitchenware,No,2025-06-12,3.0,"The kitchenware is okay, does the job but nothing special."
ORD006480,Dhruv Bandi,Beauty Products,No,2023-11-05,5.0,"Fast delivery, beauty products exceeded my expectations."
ORD006481,Nachiket Kota,Electronics,No,2024-05-13,5.0,"Great electronics, exactly as described. Very happy with it."
ORD006482,Aayush Dhingra,Books,No,2024-01-29,3.0,"Average books, packaging could be better."
ORD006483,Frado Raj,Groceries,No,2024-10-22,1.0,"Received a damaged groceries, had to return it."
ORD006484,Chakradev Bains,Groceries,No,2024-07-15,4.0,"Great groceries, exactly as described. Very happy with it."
ORD006485,Rajeshri Kapadia,Beauty Products,No,2024-05-18,1.0,"Not worth the price, expected better beauty products."
ORD006486,Bimala Shanker,Clothes,No,2023-07-01,5.0,"Fast delivery, clothes exceeded my expectations."
ORD006487,Kiaan Arora,Books,No,2024-06-17,2.0,"Received a damaged books, had to return it."
ORD006488,Vinaya Shukla,Electronics,Yes,2025-06-10,5.0,"Fast delivery, electronics exceeded my expectations."
ORD006489,Aarini Ravel,Sports Equipment,No,2023-12-06,5.0,"Great sports equipment, exactly as described. Very happy with it."
ORD006490,Banjeet Rastogi,Groceries,No,,,
ORD006491,Kashish Sekhon,Furniture,No,2025-03-03,5.0,"Really satisfied, highly recommend this furniture."
ORD006492,Warda Kala,Toys,No,2025-12-24,4.0,"Great toys, exactly as described. Very happy with it."
ORD006493,Leena Ratta,Kitchenware,No,,,
ORD006494,Charles Chaudry,Kitchenware,No,,,
ORD006495,Christopher Vasa,Electronics,No,2023-07-16,4.0,"Fast delivery, electronics exceeded my expectations."
ORD006496,George Golla,Electronics,No,,,
ORD006497,Harsh Karan,Books,No,2023-10-19,3.0,"The books is okay, does the job but nothing special."
ORD006498,Saanvi Agarwal,Toys,No,2025-11-03,2.0,"Not worth the price, expected better toys."
ORD006499,Laksh Sani,Shoes,No,2025-04-13,5.0,"Fast delivery, shoes exceeded my expectations."
ORD006500,Daksha Kaul,Electronics,No,2023-08-27,5.0,"Fast delivery, electronics exceeded my expectations."
ORD006501,Nidra Grewal,Clothes,No,2024-04-08,4.0,"Fast delivery, clothes exceeded my expectations."
ORD006502,Jagdish Ganesh,Sports Equipment,No,,,
ORD006503,Chaitanya Bhatia,Electronics,No,2023-07-16,3.0,"Average electronics, packaging could be better."
ORD006504,Timothy Lanka,Groceries,No,2025-05-07,4.0,"Fast delivery, groceries exceeded my expectations."
ORD006505,Gautam Mishra,Beauty Products,No,2025-12-27,4.0,"Great beauty products, exactly as described. Very happy with it."
ORD006506,Manya Rao,Kitchenware,No,2024-03-21,2.0,"Disappointed with this kitchenware, quality is not good."
ORD006507,Tristan Bhavsar,Beauty Products,No,2025-08-30,4.0,"Fast delivery, beauty products exceeded my expectations."
ORD006508,Harita Som,Toys,No,,,
ORD006509,Jairaj Memon,Books,No,2024-03-06,5.0,"Fast delivery, books exceeded my expectations."
ORD006510,Bakhshi Nagar,Shoes,No,2025-09-02,4.0,"Great shoes, exactly as described. Very happy with it."
ORD006511,Ansh Kohli,Shoes,No,2024-11-11,5.0,"Fast delivery, shoes exceeded my expectations."
ORD006512,Aarini Ravel,Electronics,Yes,2023-04-20,4.0,"Excellent quality for the price, would buy electronics again."
ORD006513,Parth Hegde,Clothes,No,2023-10-04,4.0,"Really satisfied, highly recommend this clothes."
ORD006514,Turvi Khanna,Sports Equipment,Yes,,,
ORD006515,Tejas Mani,Groceries,No,2025-01-30,5.0,"Great groceries, exactly as described. Very happy with it."
ORD006516,Yahvi Wadhwa,Kitchenware,No,2024-10-30,1.0,"Not worth the price, expected better kitchenware."
ORD006517,Bakhshi Shetty,Electronics,No,2024-08-24,5.0,"Great electronics, exactly as described. Very happy with it."
ORD006518,Falak Rege,Beauty Products,No,2024-04-03,4.0,"Excellent quality for the price, would buy beauty products again."
ORD006519,Karan Bhat,Electronics,No,2023-07-06,3.0,"Average electronics, packaging could be better."
ORD006520,Yatin Balakrishnan,Shoes,No,2025-06-11,2.0,"Disappointed with this shoes, quality is not good."
ORD006521,Gautam Ravi,Kitchenware,No,2024-05-12,3.0,"The kitchenware is okay, does the job but nothing special."
ORD006522,Tanveer Karpe,Groceries,Yes,,,
ORD006523,Orinder Barad,Toys,No,2025-09-11,5.0,"Excellent quality for the price, would buy toys again."
ORD006524,Reva Kota,Furniture,No,,,
ORD006525,Akshay Bobal,Sports Equipment,No,2023-04-24,3.0,"Average sports equipment, packaging could be better."
ORD006526,Chameli Aggarwal,Shoes,Yes,,,
ORD006527,Ishwar Wali,Toys,No,2023-05-20,3.0,"Average toys, packaging could be better."
ORD006528,Nitesh Dayal,Electronics,No,2025-04-04,4.0,"Fast delivery, electronics exceeded my expectations."
ORD006529,Maanas Ratta,Sports Equipment,No,,,
ORD006530,Zayan Sani,Sports Equipment,No,2025-03-24,4.0,"Great sports equipment, exactly as described. Very happy with it."
ORD006531,Tara Sur,Books,No,2023-11-10,2.0,"Not worth the price, expected better books."
ORD006532,Benjamin Barad,Kitchenware,No,2025-09-21,3.0,"Average kitchenware, packaging could be better."
ORD006533,Frederick Nair,Sports Equipment,No,,,
ORD006534,Abha Ravi,Groceries,No,2025-08-09,5.0,"Really satisfied, highly recommend this groceries."
ORD006535,Isaac Chaudhary,Clothes,No,,,
ORD006536,Zaitra Bajaj,Beauty Products,No,2023-02-16,1.0,"Not worth the price, expected better beauty products."
ORD006537,Zayan Kamdar,Sports Equipment,No,2025-09-29,3.0,"Average sports equipment, packaging could be better."
ORD006538,Chaman Varty,Books,No,,,
ORD006539,Zaid Lata,Sports Equipment,No,2026-01-07,4.0,"Excellent quality for the price, would buy sports equipment again."
ORD006540,Vasudha Shah,Electronics,No,2023-08-27,4.0,"Really satisfied, highly recommend this electronics."
ORD006541,Neel Mall,Shoes,No,2023-05-30,4.0,"Really satisfied, highly recommend this shoes."
ORD006542,Darika Golla,Electronics,No,,,
ORD006543,Yatin Balakrishnan,Kitchenware,No,,,
ORD006544,Balvan Jani,Shoes,No,2025-03-03,3.0,"The shoes is okay, does the job but nothing special."
ORD006545,Mekhala Chakraborty,Toys,No,2025-11-27,4.0,"Really satisfied, highly recommend this toys."
ORD006546,Janaki Din,Groceries,No,2024-04-24,5.0,"Fast delivery, groceries exceeded my expectations."
ORD006547,Abha Ravi,Shoes,Yes,2023-03-23,4.0,"Great shoes, exactly as described. Very happy with it."
ORD006548,Falan Chana,Books,No,2023-02-12,4.0,"Excellent quality for the price, would buy books again."
ORD006549,Yoshita Soman,Furniture,No,2024-12-06,4.0,"Fast delivery, furniture exceeded my expectations."
ORD006550,Triya Pant,Toys,Yes,2025-06-20,4.0,"Great toys, exactly as described. Very happy with it."
ORD006551,Devika Parikh,Clothes,No,2023-02-04,5.0,"Fast delivery, clothes exceeded my expectations."
ORD006552,Omisha Sood,Shoes,No,,,
ORD006553,Matthew Shroff,Toys,No,2024-01-15,3.0,"Average toys, packaging could be better."
ORD006554,Henry Narain,Kitchenware,No,2025-01-02,5.0,"Really satisfied, highly recommend this kitchenware."
ORD006555,Azaan Sachar,Groceries,No,2024-12-31,4.0,"Great groceries, exactly as described. Very happy with it."
ORD006556,Vrishti Cherian,Groceries,No,,,
ORD006557,Saanvi Agarwal,Clothes,Yes,,,
ORD006558,Zehaan Pradhan,Clothes,Yes,,,
ORD006559,Rayaan Goyal,Sports Equipment,No,2025-02-16,5.0,"Really satisfied, highly recommend this sports equipment."
ORD006560,Eshana Dyal,Furniture,No,2023-06-12,4.0,"Fast delivery, furniture exceeded my expectations."
ORD006561,Rajeshri Kapadia,Books,No,2025-10-10,4.0,"Excellent quality for the price, would buy books again."
ORD006562,Aishani Saini,Shoes,No,2024-09-21,3.0,"The shoes is okay, does the job but nothing special."
ORD006563,Ladli Kaur,Sports Equipment,No,,,
ORD006564,Yatan Keer,Clothes,No,,,
ORD006565,Akshay Bobal,Kitchenware,No,2025-09-20,5.0,"Great kitchenware, exactly as described. Very happy with it."
ORD006566,Qushi Pau,Groceries,No,2023-08-19,5.0,"Excellent quality for the price, would buy groceries again."
ORD006567,Meghana Ben,Furniture,No,2023-05-13,3.0,"Average furniture, packaging could be better."
ORD006568,Frederick Solanki,Beauty Products,No,,,
ORD006569,Amruta Sehgal,Books,No,2024-01-14,5.0,"Fast delivery, books exceeded my expectations."
ORD006570,Nachiket Kota,Groceries,No,,,
ORD006571,Nirja Shan,Electronics,No,,,
ORD006572,Chavvi Rattan,Clothes,No,2024-09-17,2.0,"Received a damaged clothes, had to return it."
ORD006573,Pranav Saraf,Books,No,2024-04-11,1.0,"Received a damaged books, had to return it."
ORD006574,Yatin Balakrishnan,Clothes,No,,,
ORD006575,Faris Sethi,Books,No,2024-06-28,5.0,"Great books, exactly as described. Very happy with it."
ORD006576,Viraj Barad,Kitchenware,No,2024-11-23,5.0,"Really satisfied, highly recommend this kitchenware."
ORD006577,Xavier Soman,Sports Equipment,No,2024-03-24,4.0,"Great sports equipment, exactly as described. Very happy with it."
ORD006578,Januja Iyengar,Furniture,No,2025-05-10,4.0,"Great furniture, exactly as described. Very happy with it."
ORD006579,Eiravati Pradhan,Books,No,2023-06-03,3.0,"The books is okay, does the job but nothing special."
ORD006580,Ladli Kaur,Groceries,No,2023-05-08,4.0,"Really satisfied, highly recommend this groceries."
ORD006581,Riya Mutti,Electronics,No,2024-09-01,4.0,"Fast delivery, electronics exceeded my expectations."
ORD006582,Guneet Tripathi,Groceries,No,2024-05-30,3.0,"Average groceries, packaging could be better."
ORD006583,Chatura Thaman,Shoes,No,2025-05-12,5.0,"Excellent quality for the price, would buy shoes again."
ORD006584,Tanveer Karpe,Sports Equipment,No,2023-11-02,4.0,"Great sports equipment, exactly as described. Very happy with it."
ORD006585,Arunima Parsa,Clothes,No,,,
ORD006586,Akshay Bobal,Books,No,2025-03-22,5.0,"Excellent quality for the price, would buy books again."
ORD006587,Yasti Mutti,Shoes,Yes,,,
ORD006588,Bimala Sehgal,Groceries,No,2025-06-09,4.0,"Excellent quality for the price, would buy groceries again."
ORD006589,Gautami Lall,Books,No,2024-03-23,5.0,"Great books, exactly as described. Very happy with it."
ORD006590,Harsh Agrawal,Toys,No,2025-11-22,3.0,"The toys is okay, does the job but nothing special."
ORD006591,Rayaan Goyal,Furniture,No,2023-11-05,5.0,"Fast delivery, furniture exceeded my expectations."
ORD006592,Wishi Gala,Shoes,No,2024-06-03,3.0,"The shoes is okay, does the job but nothing special."
ORD006593,Kala Vig,Kitchenware,No,,,
ORD006594,Zayyan Palan,Sports Equipment,Yes,,,
ORD006595,Advik Hegde,Books,No,2025-04-04,4.0,"Excellent quality for the price, would buy books again."
ORD006596,Maanav Chad,Shoes,No,,,
ORD006597,Ayaan Krishnamurthy,Clothes,No,,,
ORD006598,Dev Bhasin,Clothes,No,,,
ORD006599,Rachit Bedi,Kitchenware,No,2024-03-24,5.0,"Really satisfied, highly recommend this kitchenware."
ORD006600,Leela Parmer,Furniture,No,2025-07-23,3.0,"The furniture is okay, does the job but nothing special."
ORD006601,Christopher Vasa,Kitchenware,No,,,
ORD006602,Fitan Sodhi,Books,No,2024-02-09,4.0,"Great books, exactly as described. Very happy with it."
ORD006603,Amruta Sehgal,Clothes,No,2025-09-08,5.0,"Fast delivery, clothes exceeded my expectations."
ORD006604,Gautami Lall,Groceries,No,2024-06-29,3.0,"The groceries is okay, does the job but nothing special."
ORD006605,Aradhana Golla,Shoes,No,,,
ORD006606,Theodore Chandra,Books,No,,,
ORD006607,Lakshit Mangat,Shoes,No,2025-01-30,5.0,"Really satisfied, highly recommend this shoes."
ORD006608,Zilmil Bail,Clothes,No,2025-01-16,5.0,"Really satisfied, highly recommend this clothes."
ORD006609,Nisha Koshy,Shoes,No,2023-05-24,1.0,"Disappointed with this shoes, quality is not good."
ORD006610,Siya Dhillon,Kitchenware,No,2024-10-28,5.0,"Great kitchenware, exactly as described. Very happy with it."
ORD006611,Nathaniel Narain,Furniture,No,2023-02-04,4.0,"Really satisfied, highly recommend this furniture."
ORD006612,Maanav Bassi,Electronics,No,2023-12-14,2.0,"Received a damaged electronics, had to return it."
ORD006613,Daksh Dhingra,Furniture,No,2025-03-15,4.0,"Excellent quality for the price, would buy furniture again."
ORD006614,Indali Salvi,Shoes,Yes,2025-08-02,5.0,"Really satisfied, highly recommend this shoes."
ORD006615,Arjun Kaur,Beauty Products,No,2023-10-05,5.0,"Really satisfied, highly recommend this beauty products."
ORD006616,Gautam Ravi,Clothes,No,2024-05-13,5.0,"Fast delivery, clothes exceeded my expectations."
ORD006617,Aarini Nagar,Groceries,No,,,
ORD006618,Joshua Bali,Beauty Products,Yes,2025-08-30,5.0,"Great beauty products, exactly as described. Very happy with it."
ORD006619,Triveni Pathak,Electronics,No,,,
ORD006620,Kevin Suresh,Shoes,Yes,2025-06-29,4.0,"Excellent quality for the price, would buy shoes again."
ORD006621,Ayush Bail,Books,No,2025-12-19,5.0,"Really satisfied, highly recommend this books."
ORD006622,Qabil Lall,Sports Equipment,No,2025-01-15,4.0,"Fast delivery, sports equipment exceeded my expectations."
ORD006623,Wakeeta Raval,Shoes,No,2024-10-15,4.0,"Excellent quality for the price, would buy shoes again."
ORD006624,Lipika Chadha,Beauty Products,Yes,2025-12-06,4.0,"Excellent quality for the price, would buy beauty products again."
ORD006625,Chakradev Bains,Sports Equipment,Yes,2025-03-17,3.0,"The sports equipment is okay, does the job but nothing special."
ORD006626,Bahadurjit Banerjee,Beauty Products,No,2025-09-21,4.0,"Really satisfied, highly recommend this beauty products."
ORD006627,Zayyan Wason,Sports Equipment,No,2025-01-07,4.0,"Really satisfied, highly recommend this sports equipment."
ORD006628,Ojasvi Parmer,Electronics,No,2024-06-03,5.0,"Fast delivery, electronics exceeded my expectations."
ORD006629,Vidhi Gaba,Clothes,Yes,2023-04-17,3.0,"Average clothes, packaging could be better."
ORD006630,Aarav Nagy,Groceries,No,2024-02-15,3.0,"The groceries is okay, does the job but nothing special."
ORD006631,Urvi Palla,Toys,No,2024-01-10,4.0,"Excellent quality for the price, would buy toys again."
ORD006632,Indira Bhargava,Electronics,No,2023-10-25,4.0,"Great electronics, exactly as described. Very happy with it."
ORD006633,Rishi Kashyap,Clothes,No,2024-01-18,5.0,"Fast delivery, clothes exceeded my expectations."
ORD006634,Chanakya Pillai,Toys,No,2026-01-20,5.0,"Really satisfied, highly recommend this toys."
ORD006635,Jagvi Sethi,Electronics,No,2024-09-04,3.0,"The electronics is okay, does the job but nothing special."
ORD006636,Aayush Pall,Sports Equipment,Yes,2025-08-26,5.0,"Excellent quality for the price, would buy sports equipment again."
ORD006637,Warinder Narang,Toys,No,2025-03-04,5.0,"Excellent quality for the price, would buy toys again."
ORD006638,Rayaan Goyal,Beauty Products,Yes,,,
ORD006639,Aarini Ramakrishnan,Toys,Yes,2025-12-02,5.0,"Great toys, exactly as described. Very happy with it."
ORD006640,Theodore Chandra,Clothes,Yes,2025-06-26,5.0,"Really satisfied, highly recommend this clothes."
ORD006641,Upkaar Cheema,Sports Equipment,No,2025-02-16,5.0,"Excellent quality for the price, would buy sports equipment again."
ORD006642,Isaac Chaudhary,Furniture,No,,,
ORD006643,Brijesh Mani,Groceries,No,2024-11-29,5.0,"Excellent quality for the price, would buy groceries again."
ORD006644,Imaran Buch,Books,No,2024-08-11,4.0,"Great books, exactly as described. Very happy with it."
ORD006645,Zaid Lata,Electronics,No,2024-03-08,4.0,"Really satisfied, highly recommend this electronics."
ORD006646,Urvi Das,Clothes,No,,,
ORD006647,Diya Pillai,Electronics,No,2023-06-29,2.0,"Received a damaged electronics, had to return it."
ORD006648,Meghana Ben,Shoes,Yes,2023-05-26,3.0,"Average shoes, packaging could be better."
ORD006649,Warinder Narang,Kitchenware,No,2023-03-25,3.0,"The kitchenware is okay, does the job but nothing special."
ORD006650,Samesh Kashyap,Sports Equipment,No,,,
ORD006651,Meera Chawla,Electronics,No,2023-12-28,3.0,"The electronics is okay, does the job but nothing special."
ORD006652,Yamini Garg,Beauty Products,No,2025-07-31,5.0,"Really satisfied, highly recommend this beauty products."
ORD006653,Yuvraj Gandhi,Furniture,Yes,,,
ORD006654,Bahadurjit Jayaraman,Electronics,No,,,
ORD006655,David Kurian,Kitchenware,No,2025-04-16,5.0,"Fast delivery, kitchenware exceeded my expectations."
ORD006656,Omaja Badami,Sports Equipment,No,2023-07-13,5.0,"Excellent quality for the price, would buy sports equipment again."
ORD006657,Kavya Srivastava,Furniture,No,2023-08-15,5.0,"Really satisfied, highly recommend this furniture."
ORD006658,Girindra Gola,Shoes,No,2023-12-16,4.0,"Really satisfied, highly recommend this shoes."
ORD006659,Charita Vohra,Shoes,No,2025-06-12,4.0,"Great shoes, exactly as described. Very happy with it."
ORD006660,Shivansh Puri,Sports Equipment,No,2025-09-21,2.0,"Disappointed with this sports equipment, quality is not good."
ORD006661,Harrison Shan,Electronics,No,,,
ORD006662,Jagdish Kurian,Shoes,Yes,2024-05-14,3.0,"The shoes is okay, does the job but nothing special."
ORD006663,Vihaan Date,Shoes,No,2025-05-30,4.0,"Great shoes, exactly as described. Very happy with it."
ORD006664,Dayamai Sankaran,Groceries,No,2024-02-25,5.0,"Excellent quality for the price, would buy groceries again."
ORD006665,Henry Narain,Clothes,No,2024-12-19,3.0,"Average clothes, packaging could be better."
ORD006666,Anita Nayak,Sports Equipment,No,2024-09-16,5.0,"Great sports equipment, exactly as described. Very happy with it."
ORD006667,Alka Srinivas,Clothes,No,2024-05-26,3.0,"The clothes is okay, does the job but nothing special."
ORD006668,Lila Kadakia,Sports Equipment,Yes,2024-10-17,3.0,"Average sports equipment, packaging could be better."
ORD006669,Maanas Babu,Electronics,No,,,
ORD006670,Jonathan Wali,Books,No,2025-09-24,5.0,"Fast delivery, books exceeded my expectations."
ORD006671,Manya Shere,Sports Equipment,No,2024-08-24,4.0,"Fast delivery, sports equipment exceeded my expectations."
ORD006672,Krisha Mutti,Groceries,No,2023-05-24,5.0,"Great groceries, exactly as described. Very happy with it."
ORD006673,Ekalinga Dave,Beauty Products,No,2025-02-05,5.0,"Fast delivery, beauty products exceeded my expectations."
ORD006674,Urvashi Suri,Clothes,No,2023-09-17,4.0,"Excellent quality for the price, would buy clothes again."
ORD006675,Jatin Kapoor,Clothes,No,,,
ORD006676,Neelima Chad,Groceries,No,,,
ORD006677,Daksha Kaul,Electronics,No,2023-01-25,3.0,"Average electronics, packaging could be better."
ORD006678,Viraj Barad,Beauty Products,No,2023-05-19,3.0,"Average beauty products, packaging could be better."
ORD006679,Nathan Mander,Electronics,No,2024-08-16,2.0,"Disappointed with this electronics, quality is not good."
ORD006680,Zarna Tailor,Shoes,No,,,
ORD006681,Advik Hegde,Books,No,2025-04-11,5.0,"Really satisfied, highly recommend this books."
ORD006682,Vedhika Raj,Sports Equipment,No,2024-02-14,3.0,"Average sports equipment, packaging could be better."
ORD006683,Banjeet Memon,Clothes,No,2025-12-28,3.0,"Average clothes, packaging could be better."
ORD006684,Yashvi Bahl,Toys,No,,,
ORD006685,Chandran Datta,Groceries,Yes,2024-10-04,5.0,"Fast delivery, groceries exceeded my expectations."
ORD006686,Raghav Pradhan,Shoes,No,2023-06-07,3.0,"Average shoes, packaging could be better."
ORD006687,Jackson Tak,Toys,No,2025-01-28,5.0,"Excellent quality for the price, would buy toys again."
ORD006688,Urmi Sachdeva,Electronics,No,2023-07-26,5.0,"Fast delivery, electronics exceeded my expectations."
ORD006689,Hardik Kalla,Groceries,No,2024-02-27,5.0,"Really satisfied, highly recommend this groceries."
ORD006690,Sarthak Rai,Clothes,No,2025-08-21,5.0,"Excellent quality for the price, would buy clothes again."
ORD006691,Ayush Bail,Kitchenware,No,,,
ORD006692,Frado Joshi,Clothes,Yes,,,
ORD006693,Naksh Krishna,Sports Equipment,No,2024-03-09,3.0,"Average sports equipment, packaging could be better."
ORD006694,Robert Banik,Furniture,No,2024-02-03,2.0,"Received a damaged furniture, had to return it."
ORD006695,Januja Iyengar,Shoes,No,2024-05-01,2.0,"Not worth the price, expected better shoes."
ORD006696,Ganga Bumb,Electronics,No,2024-05-10,5.0,"Fast delivery, electronics exceeded my expectations."
ORD006697,Eshana Dyal,Beauty Products,No,2023-05-14,4.0,"Fast delivery, beauty products exceeded my expectations."
ORD006698,Bina Varty,Electronics,No,,,
ORD006699,Benjamin Ratta,Books,No,,,
ORD006700,Dayita Munshi,Electronics,No,2025-04-17,5.0,"Fast delivery, electronics exceeded my expectations."
ORD006701,Vasudha Murty,Groceries,No,2025-04-06,5.0,"Excellent quality for the price, would buy groceries again."
ORD006702,Henry Puri,Groceries,No,2024-07-05,5.0,"Fast delivery, groceries exceeded my expectations."
ORD006703,Riya Mutti,Sports Equipment,No,,,
ORD006704,Lila Kadakia,Groceries,No,2023-05-31,3.0,"The groceries is okay, does the job but nothing special."
ORD006705,Elijah Luthra,Clothes,No,,,
ORD006706,Aarnav Mand,Toys,No,2023-10-26,5.0,"Excellent quality for the price, would buy toys again."
ORD006707,Leena Chhabra,Books,No,,,
ORD006708,Ijaya Dyal,Electronics,No,2024-02-06,1.0,"Not worth the price, expected better electronics."
ORD006709,Fitan Kala,Groceries,Yes,2023-05-15,5.0,"Great groceries, exactly as described. Very happy with it."
ORD006710,Omaja Badami,Groceries,No,2025-06-12,5.0,"Fast delivery, groceries exceeded my expectations."
ORD006711,Nathan Mander,Sports Equipment,No,2026-01-15,5.0,"Fast delivery, sports equipment exceeded my expectations."
ORD006712,Vivaan Sood,Electronics,No,,,
ORD006713,Mitesh Varghese,Shoes,No,2025-09-04,5.0,"Really satisfied, highly recommend this shoes."
ORD006714,Samar Balay,Kitchenware,No,,,
ORD006715,Manbir Mittal,Electronics,No,2025-08-02,3.0,"The electronics is okay, does the job but nothing special."
ORD006716,Sarthak Puri,Electronics,Yes,2024-09-11,3.0,"Average electronics, packaging could be better."
ORD006717,Oviya Tara,Groceries,No,2024-12-14,5.0,"Excellent quality for the price, would buy groceries again."
ORD006718,Karan Bail,Groceries,No,2025-06-11,4.0,"Excellent quality for the price, would buy groceries again."
ORD006719,Frederick Patil,Clothes,No,2023-08-03,4.0,"Excellent quality for the price, would buy clothes again."
ORD006720,Gaurang Lad,Books,No,2024-01-12,2.0,"Not worth the price, expected better books."
ORD006721,Ishanvi Konda,Groceries,No,2025-06-04,4.0,"Excellent quality for the price, would buy groceries again."
ORD006722,Viraj Arora,Kitchenware,No,2024-11-17,4.0,"Excellent quality for the price, would buy kitchenware again."
ORD006723,Abha Ravi,Books,No,2023-11-21,3.0,"The books is okay, does the job but nothing special."
ORD006724,Kala Nagar,Beauty Products,No,2024-06-05,4.0,"Excellent quality for the price, would buy beauty products again."
ORD006725,Tripti Zachariah,Clothes,No,2024-09-21,5.0,"Great clothes, exactly as described. Very happy with it."
ORD006726,Chakradhar Deol,Toys,No,,,
ORD006727,Faqid Gole,Electronics,No,2024-08-06,5.0,"Fast delivery, electronics exceeded my expectations."
ORD006728,Dhriti Lad,Sports Equipment,No,2023-11-27,4.0,"Fast delivery, sports equipment exceeded my expectations."
ORD006729,Kamala Keer,Books,No,2025-10-29,2.0,"Received a damaged books, had to return it."
ORD006730,Vrishti Shroff,Furniture,No,2023-05-22,4.0,"Great furniture, exactly as described. Very happy with it."
ORD006731,Maanav Madan,Furniture,No,2025-01-15,4.0,"Fast delivery, furniture exceeded my expectations."
ORD006732,Anika Rout,Electronics,No,2024-11-15,3.0,"The electronics is okay, does the job but nothing special."
ORD006733,Samuel Rama,Electronics,No,,,
ORD006734,Wishi Sharma,Clothes,No,,,
ORD006735,Elijah Wason,Beauty Products,No,2023-08-25,3.0,"The beauty products is okay, does the job but nothing special."
ORD006736,Kashvi Narula,Shoes,No,2024-02-11,4.0,"Really satisfied, highly recommend this shoes."
ORD006737,Naksh Sampath,Books,No,2023-12-30,5.0,"Great books, exactly as described. Very happy with it."
ORD006738,Karan Kumar,Electronics,No,,,
ORD006739,Ishwar Wali,Beauty Products,No,2023-02-12,4.0,"Fast delivery, beauty products exceeded my expectations."
ORD006740,Warda Kala,Electronics,No,2025-01-05,4.0,"Great electronics, exactly as described. Very happy with it."
ORD006741,George Golla,Electronics,Yes,2025-03-12,4.0,"Really satisfied, highly recommend this electronics."
ORD006742,Rehaan Morar,Books,No,2025-09-04,4.0,"Really satisfied, highly recommend this books."
ORD006743,Darsh Aurora,Electronics,No,2025-01-21,5.0,"Great electronics, exactly as described. Very happy with it."
ORD006744,Charita Vohra,Furniture,No,2023-09-11,4.0,"Excellent quality for the price, would buy furniture again."
ORD006745,Harrison Rana,Groceries,No,,,
ORD006746,Elijah Raman,Clothes,No,,,
ORD006747,Christopher Vasa,Books,No,2023-10-05,3.0,"Average books, packaging could be better."
ORD006748,Bahadurjit Arora,Groceries,No,2025-12-26,5.0,"Really satisfied, highly recommend this groceries."
ORD006749,Nachiket Kota,Sports Equipment,No,2024-11-30,1.0,"Not worth the price, expected better sports equipment."
ORD006750,Chanchal Sastry,Electronics,No,2023-09-09,4.0,"Really satisfied, highly recommend this electronics."
ORD006751,Harrison Arya,Sports Equipment,No,2025-12-14,1.0,"Received a damaged sports equipment, had to return it."
ORD006752,Harrison Rana,Beauty Products,No,2025-12-17,5.0,"Really satisfied, highly recommend this beauty products."
ORD006753,Samuel Rama,Groceries,No,2024-11-16,5.0,"Excellent quality for the price, would buy groceries again."
ORD006754,Bahadurjit Arora,Sports Equipment,No,2025-11-23,5.0,"Great sports equipment, exactly as described. Very happy with it."
ORD006755,Garima Kumar,Sports Equipment,Yes,2023-03-08,5.0,"Great sports equipment, exactly as described. Very happy with it."
ORD006756,Gaurangi Aurora,Groceries,Yes,2023-11-01,5.0,"Excellent quality for the price, would buy groceries again."
ORD006757,Girindra Gola,Kitchenware,No,2025-03-28,3.0,"Average kitchenware, packaging could be better."
ORD006758,Devansh Mital,Shoes,No,,,
ORD006759,Maanav Bassi,Sports Equipment,No,2025-05-03,4.0,"Great sports equipment, exactly as described. Very happy with it."
ORD006760,Chaitanya Jani,Furniture,No,2023-09-22,3.0,"The furniture is okay, does the job but nothing special."
ORD006761,Alka Chopra,Beauty Products,No,2024-02-12,4.0,"Great beauty products, exactly as described. Very happy with it."
ORD006762,Matthew Yadav,Sports Equipment,No,2024-04-08,5.0,"Great sports equipment, exactly as described. Very happy with it."
ORD006763,Tara Sastry,Clothes,No,,,
ORD006764,Aachal Thakkar,Clothes,No,2023-10-11,5.0,"Excellent quality for the price, would buy clothes again."
ORD006765,Urvi Das,Toys,No,2025-04-26,4.0,"Really satisfied, highly recommend this toys."
ORD006766,Falak Anne,Shoes,No,2023-05-14,2.0,"Not worth the price, expected better shoes."
ORD006767,Manan Mahal,Clothes,Yes,2025-09-10,5.0,"Really satisfied, highly recommend this clothes."
ORD006768,Chandani Datta,Clothes,No,2023-03-17,5.0,"Excellent quality for the price, would buy clothes again."
ORD006769,Rushil Dey,Kitchenware,No,2023-01-17,4.0,"Really satisfied, highly recommend this kitchenware."
ORD006770,Anusha Raja,Kitchenware,Yes,2025-07-05,3.0,"Average kitchenware, packaging could be better."
ORD006771,Raghav Pradhan,Electronics,No,2023-05-07,4.0,"Great electronics, exactly as described. Very happy with it."
ORD006772,Zehaan Pradhan,Beauty Products,Yes,2024-04-10,4.0,"Really satisfied, highly recommend this beauty products."
ORD006773,Vihaan Date,Clothes,No,2024-10-17,5.0,"Fast delivery, clothes exceeded my expectations."
ORD006774,Mohammed Ramachandran,Sports Equipment,No,2025-03-10,5.0,"Great sports equipment, exactly as described. Very happy with it."
ORD006775,Tarak Chand,Groceries,No,,,
ORD006776,Ganga Chandra,Books,No,2025-11-18,5.0,"Great books, exactly as described. Very happy with it."
ORD006777,Riya Mutti,Electronics,No,2024-06-28,5.0,"Great electronics, exactly as described. Very happy with it."
ORD006778,Imaran Buch,Electronics,No,2025-05-27,5.0,"Great electronics, exactly as described. Very happy with it."
ORD006779,Theodore Chandra,Electronics,No,2023-10-20,4.0,"Really satisfied, highly recommend this electronics."
ORD006780,Frado Joshi,Books,No,2023-05-04,5.0,"Excellent quality for the price, would buy books again."
ORD006781,Bahadurjit Jayaraman,Groceries,Yes,2023-09-21,4.0,"Great groceries, exactly as described. Very happy with it."
ORD006782,Ekapad Chander,Kitchenware,No,2025-07-20,3.0,"The kitchenware is okay, does the job but nothing special."
ORD006783,Orinder Barad,Beauty Products,Yes,2023-07-22,3.0,"Average beauty products, packaging could be better."
ORD006784,Gaurika Ganesh,Shoes,No,2025-11-15,5.0,"Excellent quality for the price, would buy shoes again."
ORD006785,Finn Dugal,Groceries,No,2024-07-04,4.0,"Really satisfied, highly recommend this groceries."
ORD006786,Damyanti Bhakta,Books,No,2024-04-03,4.0,"Excellent quality for the price, would buy books again."
ORD006787,Yashawini Sengupta,Beauty Products,No,2025-05-24,4.0,"Great beauty products, exactly as described. Very happy with it."
ORD006788,Hamsini Rattan,Shoes,Yes,2025-04-04,5.0,"Really satisfied, highly recommend this shoes."
ORD006789,Ishanvi Nagar,Kitchenware,No,2024-08-14,2.0,"Received a damaged kitchenware, had to return it."
ORD006790,Rushil Dey,Electronics,No,2025-05-11,3.0,"The electronics is okay, does the job but nothing special."
ORD006791,Urvashi Goswami,Sports Equipment,No,2025-02-12,3.0,"Average sports equipment, packaging could be better."
ORD006792,Lopa Salvi,Shoes,No,2026-01-12,2.0,"Disappointed with this shoes, quality is not good."
ORD006793,Victor Chada,Shoes,No,2023-02-04,3.0,"Average shoes, packaging could be better."
ORD006794,William Khanna,Beauty Products,No,,,
ORD006795,Pranit Kohli,Sports Equipment,Yes,2024-05-16,3.0,"The sports equipment is okay, does the job but nothing special."
ORD006796,Bhanumati Saran,Beauty Products,No,2025-04-15,5.0,"Really satisfied, highly recommend this beauty products."
ORD006797,Aishani Apte,Sports Equipment,No,2024-08-18,2.0,"Not worth the price, expected better sports equipment."
ORD006798,Yashvi Bahl,Clothes,No,2025-10-19,4.0,"Great clothes, exactly as described. Very happy with it."
ORD006799,Urvi Palla,Furniture,No,2023-07-12,4.0,"Great furniture, exactly as described. Very happy with it."
ORD006800,Gavin Lalla,Books,Yes,2024-12-12,4.0,"Fast delivery, books exceeded my expectations."
ORD006801,Zarna Peri,Books,No,2023-05-29,4.0,"Fast delivery, books exceeded my expectations."
ORD006802,Daksh Dhingra,Shoes,Yes,2023-12-05,3.0,"Average shoes, packaging could be better."
ORD006803,Qasim Muni,Beauty Products,No,2023-08-19,3.0,"The beauty products is okay, does the job but nothing special."
ORD006804,Rohan Arora,Groceries,No,2023-06-17,1.0,"Disappointed with this groceries, quality is not good."
ORD006805,Urvashi Ratta,Kitchenware,No,2025-12-14,5.0,"Really satisfied, highly recommend this kitchenware."
ORD006806,Dhruv Randhawa,Shoes,No,2024-12-23,5.0,"Great shoes, exactly as described. Very happy with it."
ORD006807,Kiaan Arora,Shoes,No,2023-06-27,4.0,"Fast delivery, shoes exceeded my expectations."
ORD006808,Gabriel Sami,Groceries,No,2023-04-28,5.0,"Really satisfied, highly recommend this groceries."
ORD006809,Leela Swaminathan,Books,Yes,2023-05-31,2.0,"Received a damaged books, had to return it."
ORD006810,Omkaar Chopra,Groceries,No,2024-05-18,4.0,"Really satisfied, highly recommend this groceries."
ORD006811,Benjamin Barad,Groceries,Yes,2024-02-25,4.0,"Really satisfied, highly recommend this groceries."
ORD006812,Kevin Suresh,Electronics,No,2024-03-24,4.0,"Fast delivery, electronics exceeded my expectations."
ORD006813,Balhaar Gade,Clothes,No,2025-08-11,3.0,"Average clothes, packaging could be better."
ORD006814,Warhi Iyer,Furniture,No,2024-02-05,3.0,"The furniture is okay, does the job but nothing special."
ORD006815,Rushil Gopal,Shoes,Yes,2023-08-25,5.0,"Great shoes, exactly as described. Very happy with it."
ORD006816,Keya Sarkar,Electronics,No,2025-08-11,5.0,"Really satisfied, highly recommend this electronics."
ORD006817,Yamini Bir,Electronics,No,,,
ORD006818,Kala Vig,Electronics,No,2025-01-09,3.0,"Average electronics, packaging could be better."
ORD006819,Vyanjana Mani,Shoes,No,2024-04-08,4.0,"Really satisfied, highly recommend this shoes."
ORD006820,Leena Narula,Electronics,No,2023-08-13,2.0,"Not worth the price, expected better electronics."
ORD006821,Warhi Iyer,Toys,No,,,
ORD006822,Sneha Nori,Groceries,No,2023-08-28,5.0,"Fast delivery, groceries exceeded my expectations."
ORD006823,Benjamin Devi,Sports Equipment,No,2023-01-10,5.0,"Fast delivery, sports equipment exceeded my expectations."
ORD006824,Harrison Shan,Sports Equipment,Yes,,,
ORD006825,Shivani Murthy,Furniture,No,2025-03-20,5.0,"Really satisfied, highly recommend this furniture."
ORD006826,Zashil Chaudhuri,Shoes,No,,,
ORD006827,Reva Dada,Groceries,No,2024-09-18,5.0,"Great groceries, exactly as described. Very happy with it."
ORD006828,Akshay Kohli,Furniture,No,2024-10-24,5.0,"Really satisfied, highly recommend this furniture."
ORD006829,Pahal Krishnamurthy,Groceries,Yes,2023-06-25,3.0,"The groceries is okay, does the job but nothing special."
ORD006830,Nirja Shan,Furniture,No,2023-06-13,3.0,"Average furniture, packaging could be better."
ORD006831,Darpan Gour,Furniture,No,2024-04-27,5.0,"Great furniture, exactly as described. Very happy with it."
ORD006832,Raagini Gade,Sports Equipment,No,2024-05-14,3.0,"Average sports equipment, packaging could be better."
ORD006833,Reva Kota,Books,No,2023-03-04,4.0,"Great books, exactly as described. Very happy with it."
ORD006834,Nathaniel Kota,Electronics,No,2024-05-29,4.0,"Excellent quality for the price, would buy electronics again."
ORD006835,Alexander Behl,Electronics,No,2025-09-27,5.0,"Really satisfied, highly recommend this electronics."
ORD006836,Watika Wali,Kitchenware,No,2023-08-31,4.0,"Fast delivery, kitchenware exceeded my expectations."
ORD006837,Siddharth Sood,Groceries,No,,,
ORD006838,Theodore Chandra,Shoes,No,2024-06-21,2.0,"Not worth the price, expected better shoes."
ORD006839,Faras Garg,Sports Equipment,No,2025-03-24,4.0,"Excellent quality for the price, would buy sports equipment again."
ORD006840,Pranit Kohli,Groceries,No,2025-10-06,3.0,"The groceries is okay, does the job but nothing special."
ORD006841,Triya Pant,Toys,No,2024-05-07,4.0,"Really satisfied, highly recommend this toys."
ORD006842,Yuvraj Thaman,Furniture,No,2024-09-25,5.0,"Really satisfied, highly recommend this furniture."
ORD006843,Viraj Barad,Furniture,Yes,,,
ORD006844,Maanas Swamy,Toys,No,2023-01-17,3.0,"The toys is okay, does the job but nothing special."
ORD006845,Devansh Mital,Shoes,No,2024-05-04,4.0,"Really satisfied, highly recommend this shoes."
ORD006846,Zaid Lata,Clothes,No,2024-10-02,5.0,"Fast delivery, clothes exceeded my expectations."
ORD006847,Elijah Wason,Groceries,No,2023-09-28,2.0,"Not worth the price, expected better groceries."
ORD006848,Bahadurjit Jayaraman,Furniture,No,2025-01-17,3.0,"Average furniture, packaging could be better."
ORD006849,Logan Sekhon,Books,No,2024-07-01,5.0,"Great books, exactly as described. Very happy with it."
ORD006850,Urmi Lad,Furniture,No,,,
ORD006851,Harita Som,Clothes,No,2024-02-14,5.0,"Fast delivery, clothes exceeded my expectations."
ORD006852,Aishani Saini,Books,No,,,
ORD006853,Maanas Chaudry,Beauty Products,No,2025-06-27,2.0,"Disappointed with this beauty products, quality is not good."
ORD006854,David Kurian,Electronics,No,2025-06-28,4.0,"Great electronics, exactly as described. Very happy with it."
ORD006855,Ladli Kaur,Sports Equipment,No,2023-06-22,1.0,"Not worth the price, expected better sports equipment."
ORD006856,Janaki Mistry,Beauty Products,No,,,
ORD006857,Chaman Varty,Groceries,No,,,
ORD006858,Utkarsh Din,Kitchenware,No,2024-03-27,4.0,"Great kitchenware, exactly as described. Very happy with it."
ORD006859,Raghav Pradhan,Groceries,No,,,
ORD006860,Eiravati Khare,Toys,No,2025-05-14,5.0,"Excellent quality for the price, would buy toys again."
ORD006861,Elijah Luthra,Books,No,2023-12-25,4.0,"Fast delivery, books exceeded my expectations."
ORD006862,Mohammed Pau,Books,No,2023-05-22,4.0,"Really satisfied, highly recommend this books."
ORD006863,Janani Parmer,Kitchenware,No,,,
ORD006864,Urvi Palla,Furniture,No,2023-02-02,5.0,"Great furniture, exactly as described. Very happy with it."
ORD006865,Balhaar Gade,Beauty Products,No,2025-09-09,3.0,"Average beauty products, packaging could be better."
ORD006866,Bahadurjit Banerjee,Clothes,No,,,
ORD006867,Urvi Bhattacharyya,Groceries,No,2024-02-29,4.0,"Really satisfied, highly recommend this groceries."
ORD006868,Sarthak Puri,Clothes,No,,,
ORD006869,Jagat Iyengar,Sports Equipment,Yes,2023-07-07,3.0,"Average sports equipment, packaging could be better."
ORD006870,Imaran Edwin,Toys,No,,,
ORD006871,Dayamai Sangha,Shoes,No,2024-01-20,3.0,"The shoes is okay, does the job but nothing special."
ORD006872,Akshay Ram,Beauty Products,No,2025-05-02,5.0,"Great beauty products, exactly as described. Very happy with it."
ORD006873,Bhavna Sood,Shoes,No,2023-12-25,5.0,"Great shoes, exactly as described. Very happy with it."
ORD006874,Anusha Raja,Beauty Products,No,2025-07-02,5.0,"Really satisfied, highly recommend this beauty products."
ORD006875,Vaishnavi Shroff,Sports Equipment,No,2025-07-01,3.0,"The sports equipment is okay, does the job but nothing special."
ORD006876,Nachiket Kota,Furniture,No,,,
ORD006877,Yashica Aurora,Shoes,No,2024-07-05,1.0,"Not worth the price, expected better shoes."
ORD006878,Timothy Bhatti,Books,No,,,
ORD006879,Zaid Lata,Toys,No,2023-11-06,4.0,"Fast delivery, toys exceeded my expectations."
ORD006880,Yashica Aurora,Shoes,No,2024-12-01,1.0,"Not worth the price, expected better shoes."
ORD006881,Abha Keer,Beauty Products,No,2025-05-03,4.0,"Great beauty products, exactly as described. Very happy with it."
ORD006882,Bhanumati Saran,Clothes,No,2025-07-26,4.0,"Great clothes, exactly as described. Very happy with it."
ORD006883,Upadhriti Menon,Groceries,No,2023-09-17,3.0,"The groceries is okay, does the job but nothing special."
ORD006884,Kai Sodhi,Electronics,No,2026-01-13,3.0,"The electronics is okay, does the job but nothing special."
ORD006885,Saumya Kothari,Beauty Products,No,,,
ORD006886,Falak Anne,Groceries,No,2025-06-22,4.0,"Fast delivery, groceries exceeded my expectations."
ORD006887,Jalsa Sangha,Groceries,No,2024-12-06,1.0,"Not worth the price, expected better groceries."
ORD006888,Lopa Mukhopadhyay,Sports Equipment,No,2024-03-30,5.0,"Fast delivery, sports equipment exceeded my expectations."
ORD006889,Oni Kibe,Toys,No,,,
ORD006890,Yauvani Gokhale,Toys,Yes,2025-01-05,5.0,"Really satisfied, highly recommend this toys."
ORD006891,Aarnav Mand,Electronics,No,,,
ORD006892,Hiral Dua,Sports Equipment,No,2023-06-14,5.0,"Fast delivery, sports equipment exceeded my expectations."
ORD006893,Lohit Saha,Beauty Products,No,2025-12-22,3.0,"Average beauty products, packaging could be better."
ORD006894,Dalbir Sule,Clothes,No,,,
ORD006895,Alka Chopra,Shoes,No,2025-10-13,4.0,"Great shoes, exactly as described. Very happy with it."
ORD006896,Nirja Shan,Sports Equipment,No,,,
ORD006897,Neel Mall,Electronics,No,2023-10-24,2.0,"Not worth the price, expected better electronics."
ORD006898,Udant Sundaram,Kitchenware,No,,,
ORD006899,Harshil Muni,Groceries,No,2025-03-07,5.0,"Great groceries, exactly as described. Very happy with it."
ORD006900,Reva Dada,Groceries,No,2023-08-23,4.0,"Really satisfied, highly recommend this groceries."
ORD006901,Meera Bajaj,Sports Equipment,No,2023-07-09,5.0,"Excellent quality for the price, would buy sports equipment again."
ORD006902,Vyanjana Mani,Sports Equipment,No,2024-04-26,1.0,"Received a damaged sports equipment, had to return it."
ORD006903,Kashvi Narula,Clothes,No,,,
ORD006904,Charan Mangal,Books,No,2024-08-23,2.0,"Received a damaged books, had to return it."
ORD006905,Benjamin Ratta,Beauty Products,No,2024-11-03,3.0,"Average beauty products, packaging could be better."
ORD006906,Hemal Sen,Sports Equipment,No,2025-06-12,5.0,"Really satisfied, highly recommend this sports equipment."
ORD006907,Gautam Aurora,Toys,No,2023-12-06,5.0,"Really satisfied, highly recommend this toys."
ORD006908,Pranit Vig,Electronics,No,2024-11-26,2.0,"Disappointed with this electronics, quality is not good."
ORD006909,Lipika Lal,Clothes,No,,,
ORD006910,Warda Ramaswamy,Beauty Products,No,,,
ORD006911,Siya Dhillon,Clothes,No,2025-02-05,3.0,"The clothes is okay, does the job but nothing special."
ORD006912,Upadhriti Menon,Books,No,2024-02-03,2.0,"Disappointed with this books, quality is not good."
ORD006913,Zayyan Dutt,Groceries,No,2024-12-26,5.0,"Great groceries, exactly as described. Very happy with it."
ORD006914,Megha Shroff,Kitchenware,No,2023-10-01,5.0,"Really satisfied, highly recommend this kitchenware."
ORD006915,Eshana Lad,Kitchenware,No,2025-06-01,4.0,"Excellent quality for the price, would buy kitchenware again."
ORD006916,Siya Dhillon,Electronics,No,2023-12-23,1.0,"Disappointed with this electronics, quality is not good."
ORD006917,Rudra Ahuja,Sports Equipment,No,2024-02-20,5.0,"Really satisfied, highly recommend this sports equipment."
ORD006918,Tanay Lal,Books,No,,,
ORD006919,Rayaan Malhotra,Groceries,No,2023-06-25,2.0,"Disappointed with this groceries, quality is not good."
ORD006920,Jackson Tak,Clothes,No,2025-10-07,4.0,"Really satisfied, highly recommend this clothes."
ORD006921,Charles Balay,Beauty Products,No,2023-05-23,4.0,"Great beauty products, exactly as described. Very happy with it."
ORD006922,Parth Jha,Electronics,No,,,
ORD006923,Varenya Mani,Electronics,No,2023-04-24,4.0,"Really satisfied, highly recommend this electronics."
ORD006924,Nitesh Dayal,Kitchenware,No,2025-10-06,1.0,"Not worth the price, expected better kitchenware."
ORD006925,Jackson Patil,Groceries,No,2024-11-26,4.0,"Really satisfied, highly recommend this groceries."
ORD006926,Kavya Srivastava,Electronics,No,2025-11-23,4.0,"Really satisfied, highly recommend this electronics."
ORD006927,Mekhala Bawa,Sports Equipment,No,2023-06-05,2.0,"Disappointed with this sports equipment, quality is not good."
ORD006928,Bimala Master,Groceries,No,2024-01-29,3.0,"Average groceries, packaging could be better."
ORD006929,Charvi Subramanian,Clothes,No,2024-06-24,5.0,"Really satisfied, highly recommend this clothes."
ORD006930,Shivansh Puri,Clothes,No,2024-08-10,3.0,"The clothes is okay, does the job but nothing special."
ORD006931,Timothy Bhatti,Toys,No,2025-01-08,5.0,"Fast delivery, toys exceeded my expectations."
ORD006932,Hamsini Chandra,Kitchenware,No,2025-08-30,2.0,"Not worth the price, expected better kitchenware."
ORD006933,Chaman Varty,Clothes,No,2023-07-02,5.0,"Excellent quality for the price, would buy clothes again."
ORD006934,Frado Joshi,Groceries,No,2025-12-07,3.0,"The groceries is okay, does the job but nothing special."
ORD006935,Krisha Ram,Clothes,No,2025-12-09,4.0,"Great clothes, exactly as described. Very happy with it."
ORD006936,Sanya Shanker,Groceries,No,2023-11-07,5.0,"Excellent quality for the price, would buy groceries again."
ORD006937,Indali Salvi,Beauty Products,No,,,
ORD006938,Zaitra Bajaj,Kitchenware,No,2024-12-23,4.0,"Really satisfied, highly recommend this kitchenware."
ORD006939,Riya Thaman,Groceries,Yes,,,
ORD006940,Dev Nori,Books,No,2023-08-25,4.0,"Great books, exactly as described. Very happy with it."
ORD006941,Alka Srinivas,Books,No,,,
ORD006942,Urvi Palla,Sports Equipment,No,2024-02-01,3.0,"Average sports equipment, packaging could be better."
ORD006943,Zaid Sandal,Groceries,No,2025-07-16,4.0,"Excellent quality for the price, would buy groceries again."
ORD006944,Jalsa Sangha,Sports Equipment,No,2024-01-04,3.0,"Average sports equipment, packaging could be better."
ORD006945,Arunima Parsa,Sports Equipment,No,2023-06-11,3.0,"Average sports equipment, packaging could be better."
ORD006946,Yashica Aurora,Kitchenware,No,2023-04-17,2.0,"Received a damaged kitchenware, had to return it."
ORD006947,Mugdha Jani,Electronics,No,2025-04-24,4.0,"Fast delivery, electronics exceeded my expectations."
ORD006948,Manthan Yadav,Beauty Products,No,2024-06-20,5.0,"Really satisfied, highly recommend this beauty products."
ORD006949,Pranit Vig,Kitchenware,No,2023-05-01,2.0,"Disappointed with this kitchenware, quality is not good."
ORD006950,Azaan Roy,Furniture,No,,,
ORD006951,Yashica Kota,Kitchenware,No,,,
ORD006952,Darpan Gour,Electronics,No,2023-03-12,4.0,"Great electronics, exactly as described. Very happy with it."
ORD006953,Champak Kuruvilla,Clothes,Yes,2025-10-13,4.0,"Excellent quality for the price, would buy clothes again."
ORD006954,Ganga Handa,Groceries,No,2025-12-14,5.0,"Really satisfied, highly recommend this groceries."
ORD006955,Rushil Brahmbhatt,Toys,No,2024-12-03,5.0,"Great toys, exactly as described. Very happy with it."
ORD006956,Tanveer Karpe,Electronics,No,2023-07-04,4.0,"Fast delivery, electronics exceeded my expectations."
ORD006957,Rishi Borde,Beauty Products,No,2023-12-19,4.0,"Great beauty products, exactly as described. Very happy with it."
ORD006958,Dhruv Bandi,Toys,No,2025-06-27,5.0,"Fast delivery, toys exceeded my expectations."
ORD006959,Warinder Narang,Books,No,2024-03-16,5.0,"Excellent quality for the price, would buy books again."
ORD006960,Januja Bal,Toys,No,2024-02-24,5.0,"Fast delivery, toys exceeded my expectations."
ORD006961,Kai Bassi,Clothes,No,2025-10-02,4.0,"Excellent quality for the price, would buy clothes again."
ORD006962,Gabriel Randhawa,Toys,No,2024-11-05,4.0,"Fast delivery, toys exceeded my expectations."
ORD006963,Nathaniel Narain,Groceries,No,2024-01-22,5.0,"Excellent quality for the price, would buy groceries again."
ORD006964,Vasudha Murty,Electronics,No,,,
ORD006965,Luke Arora,Books,No,2023-02-22,5.0,"Fast delivery, books exceeded my expectations."
ORD006966,Radhika Mahal,Clothes,No,2023-03-01,3.0,"The clothes is okay, does the job but nothing special."
ORD006967,Udant Hayer,Kitchenware,No,,,
ORD006968,Parth Jha,Beauty Products,No,2024-09-04,4.0,"Fast delivery, beauty products exceeded my expectations."
ORD006969,Dipta Shroff,Kitchenware,No,,,
ORD006970,Jackson Tak,Books,No,,,
ORD006971,Darika Golla,Books,No,2024-02-16,3.0,"Average books, packaging could be better."
ORD006972,Triveni Mallick,Sports Equipment,No,,,
ORD006973,Kritika Chacko,Shoes,No,2024-12-07,4.0,"Really satisfied, highly recommend this shoes."
ORD006974,Jairaj Memon,Kitchenware,No,2025-07-22,4.0,"Excellent quality for the price, would buy kitchenware again."
ORD006975,Warda Kala,Toys,No,2023-02-03,4.0,"Really satisfied, highly recommend this toys."
ORD006976,Varsha Sundaram,Books,No,2025-07-20,1.0,"Not worth the price, expected better books."
ORD006977,Banjeet Rastogi,Shoes,Yes,,,
ORD006978,Frederick Nair,Groceries,No,2025-08-02,5.0,"Fast delivery, groceries exceeded my expectations."
ORD006979,Bahadurjit Arora,Electronics,No,2023-07-13,3.0,"The electronics is okay, does the job but nothing special."
ORD006980,Maanas Chaudry,Furniture,No,2025-01-12,5.0,"Great furniture, exactly as described. Very happy with it."
ORD006981,Saumya Kothari,Kitchenware,No,,,
ORD006982,Mitali Verma,Clothes,No,2024-06-20,4.0,"Fast delivery, clothes exceeded my expectations."
ORD006983,Gaurang Lad,Beauty Products,No,2025-04-29,1.0,"Not worth the price, expected better beauty products."
ORD006984,Timothy Bhandari,Beauty Products,No,,,
ORD006985,Shivani Sane,Kitchenware,No,2023-06-19,3.0,"Average kitchenware, packaging could be better."
ORD006986,Ishani Bhalla,Toys,No,2025-11-15,5.0,"Excellent quality for the price, would buy toys again."
ORD006987,Aayush Dhingra,Shoes,No,2024-01-12,4.0,"Fast delivery, shoes exceeded my expectations."
ORD006988,Azaan Pai,Electronics,No,2025-08-04,4.0,"Great electronics, exactly as described. Very happy with it."
ORD006989,Dayamai Sangha,Electronics,Yes,2025-02-13,3.0,"The electronics is okay, does the job but nothing special."
ORD006990,Chanakya Mand,Electronics,No,2024-12-11,5.0,"Excellent quality for the price, would buy electronics again."
ORD006991,William Khanna,Clothes,No,2023-04-10,5.0,"Excellent quality for the price, would buy clothes again."
ORD006992,Harrison Rana,Shoes,No,2023-04-30,5.0,"Great shoes, exactly as described. Very happy with it."
ORD006993,Kevin Suresh,Books,No,2024-01-26,4.0,"Really satisfied, highly recommend this books."
ORD006994,Udarsh Dubey,Sports Equipment,No,2023-07-06,3.0,"The sports equipment is okay, does the job but nothing special."
ORD006995,Victor Goda,Electronics,No,2024-11-05,5.0,"Fast delivery, electronics exceeded my expectations."
ORD006996,Jasmit Bahl,Groceries,No,2025-11-11,4.0,"Great groceries, exactly as described. Very happy with it."
ORD006997,Tarak Chand,Beauty Products,No,2025-03-17,3.0,"Average beauty products, packaging could be better."
ORD006998,Janya Sankaran,Kitchenware,No,,,
ORD006999,Samaksh Sem,Kitchenware,No,2023-02-12,5.0,"Excellent quality for the price, would buy kitchenware again."
ORD007000,Zilmil Bail,Books,No,2025-08-28,1.0,"Received a damaged books, had to return it."
ORD007001,Devika Parikh,Electronics,No,,,
ORD007002,Abhiram Mitter,Groceries,No,,,
ORD007003,Ganga Handa,Shoes,No,2023-09-07,5.0,"Great shoes, exactly as described. Very happy with it."
ORD007004,Krisha Ganguly,Electronics,No,2023-06-13,2.0,"Received a damaged electronics, had to return it."
ORD007005,Indira Bhargava,Electronics,No,2023-12-16,5.0,"Fast delivery, electronics exceeded my expectations."
ORD007006,Oscar Kaur,Clothes,Yes,,,
ORD007007,Akshay Bobal,Electronics,No,,,
ORD007008,Bachittar Bala,Electronics,No,,,
ORD007009,Upasna Pant,Groceries,No,2023-10-01,3.0,"The groceries is okay, does the job but nothing special."
ORD007010,Chandani Datta,Furniture,No,2023-10-16,3.0,"Average furniture, packaging could be better."
ORD007011,Wakeeta Raja,Beauty Products,No,2025-08-28,5.0,"Great beauty products, exactly as described. Very happy with it."
ORD007012,Gaurav Toor,Groceries,No,2025-08-29,5.0,"Great groceries, exactly as described. Very happy with it."
ORD007013,Ishanvi Konda,Electronics,No,2025-04-24,2.0,"Disappointed with this electronics, quality is not good."
ORD007014,Dayita Sehgal,Electronics,Yes,,,
ORD007015,Balveer Dani,Clothes,No,,,
ORD007016,Vedhika Raj,Beauty Products,No,2025-12-25,2.0,"Received a damaged beauty products, had to return it."
ORD007017,Rishi Kashyap,Clothes,No,,,
ORD007018,Jalsa Sangha,Electronics,No,2024-06-02,3.0,"The electronics is okay, does the job but nothing special."
ORD007019,Shivansh Puri,Clothes,Yes,2024-04-30,5.0,"Fast delivery, clothes exceeded my expectations."
ORD007020,Eshana Tiwari,Furniture,No,,,
ORD007021,Yashica Kota,Electronics,Yes,2023-08-22,5.0,"Really satisfied, highly recommend this electronics."
ORD007022,Lipika Chadha,Sports Equipment,No,2025-10-27,3.0,"The sports equipment is okay, does the job but nothing special."
ORD007023,Vaishnavi Shroff,Electronics,No,,,
ORD007024,Anita Nayak,Books,No,2025-12-23,5.0,"Fast delivery, books exceeded my expectations."
ORD007025,Janani Parmer,Furniture,No,2025-12-14,4.0,"Really satisfied, highly recommend this furniture."
ORD007026,Veer Karnik,Groceries,No,2024-11-22,4.0,"Really satisfied, highly recommend this groceries."
ORD007027,Ijaya Dyal,Electronics,No,2025-01-13,1.0,"Received a damaged electronics, had to return it."
ORD007028,Saksham Mani,Kitchenware,No,2025-04-04,4.0,"Fast delivery, kitchenware exceeded my expectations."
ORD007029,Leena Ratta,Shoes,No,2025-07-06,4.0,"Excellent quality for the price, would buy shoes again."
ORD007030,Ucchal Shukla,Clothes,No,2023-01-23,4.0,"Fast delivery, clothes exceeded my expectations."
ORD007031,Zarna Tailor,Furniture,No,,,
ORD007032,Chandran Rastogi,Kitchenware,No,,,
ORD007033,Anita Nayak,Groceries,No,2024-01-28,5.0,"Excellent quality for the price, would buy groceries again."
ORD007034,Bahadurjit Kant,Sports Equipment,Yes,2023-09-18,4.0,"Great sports equipment, exactly as described. Very happy with it."
ORD007035,Charita Vohra,Clothes,No,2024-04-25,5.0,"Excellent quality for the price, would buy clothes again."
ORD007036,Dayita Sehgal,Groceries,No,2025-03-27,2.0,"Received a damaged groceries, had to return it."
ORD007037,Dayita Sehgal,Electronics,Yes,,,
ORD007038,Sneha Nori,Books,No,2024-02-17,5.0,"Really satisfied, highly recommend this books."
ORD007039,Frederick Patil,Electronics,No,,,
ORD007040,Anusha Raja,Groceries,No,,,
ORD007041,Aayush Parekh,Electronics,No,2025-07-17,3.0,"The electronics is okay, does the job but nothing special."
ORD007042,Laban Bal,Beauty Products,No,2025-09-01,5.0,"Fast delivery, beauty products exceeded my expectations."
ORD007043,Raghav Pradhan,Sports Equipment,No,2023-06-03,3.0,"Average sports equipment, packaging could be better."
ORD007044,Darika Kala,Groceries,No,,,
ORD007045,Gavin Lalla,Sports Equipment,No,,,
ORD007046,Jalsa Sangha,Clothes,No,,,
ORD007047,Darika Kala,Clothes,Yes,2023-07-24,5.0,"Great clothes, exactly as described. Very happy with it."
ORD007048,Leela Parmer,Clothes,No,2025-05-03,4.0,"Excellent quality for the price, would buy clothes again."
ORD007049,Shivani Sane,Shoes,No,2023-02-26,4.0,"Excellent quality for the price, would buy shoes again."
ORD007050,Yashica Om,Books,No,2023-11-24,3.0,"The books is okay, does the job but nothing special."
ORD007051,Warda Kala,Sports Equipment,No,2023-05-31,5.0,"Fast delivery, sports equipment exceeded my expectations."
ORD007052,Victor Goda,Sports Equipment,No,,,
ORD007053,Pahal Krishnamurthy,Beauty Products,No,2025-11-23,2.0,"Disappointed with this beauty products, quality is not good."
ORD007054,Udant Hayer,Electronics,No,2025-01-12,3.0,"Average electronics, packaging could be better."
ORD007055,Janani Parmer,Electronics,No,2023-10-14,5.0,"Fast delivery, electronics exceeded my expectations."
ORD007056,Lohit Saha,Electronics,No,2023-09-22,4.0,"Really satisfied, highly recommend this electronics."
ORD007057,Frado Raj,Sports Equipment,No,2025-03-05,4.0,"Great sports equipment, exactly as described. Very happy with it."
ORD007058,Dev Bhasin,Sports Equipment,No,2024-05-25,5.0,"Really satisfied, highly recommend this sports equipment."
ORD007059,Madhav Pandit,Shoes,No,2024-02-25,3.0,"The shoes is okay, does the job but nothing special."
ORD007060,Girish Rattan,Books,No,2025-08-23,4.0,"Fast delivery, books exceeded my expectations."
ORD007061,Upasna Pant,Electronics,No,2023-04-17,4.0,"Excellent quality for the price, would buy electronics again."
ORD007062,Nitesh Oommen,Clothes,No,2025-05-16,3.0,"The clothes is okay, does the job but nothing special."
ORD007063,Jalsa Sangha,Clothes,Yes,,,
ORD007064,Nidhi Baria,Furniture,Yes,2025-04-08,5.0,"Great furniture, exactly as described. Very happy with it."
ORD007065,Tristan Ravel,Kitchenware,No,,,
ORD007066,Ekalinga Dave,Clothes,No,2025-05-24,5.0,"Great clothes, exactly as described. Very happy with it."
ORD007067,Nidra Devan,Books,No,2025-01-16,5.0,"Great books, exactly as described. Very happy with it."
ORD007068,Ekalinga Joshi,Books,No,2023-08-11,4.0,"Fast delivery, books exceeded my expectations."
ORD007069,Pratyush Bansal,Sports Equipment,No,2023-03-04,4.0,"Great sports equipment, exactly as described. Very happy with it."
ORD007070,Krisha Ram,Furniture,No,2025-01-07,5.0,"Fast delivery, furniture exceeded my expectations."
ORD007071,Urvashi Suri,Books,Yes,2025-11-22,5.0,"Great books, exactly as described. Very happy with it."
ORD007072,Anusha Raja,Toys,No,2023-03-12,4.0,"Fast delivery, toys exceeded my expectations."
ORD007073,Gabriel Sami,Books,No,2023-12-20,5.0,"Great books, exactly as described. Very happy with it."
ORD007074,Kashvi Sangha,Electronics,No,2024-07-12,5.0,"Really satisfied, highly recommend this electronics."
ORD007075,Hamsini Bhatia,Beauty Products,No,,,
ORD007076,Pahal Krishnamurthy,Electronics,No,2024-03-03,5.0,"Great electronics, exactly as described. Very happy with it."
ORD007077,Shravya Naik,Kitchenware,No,2025-09-29,5.0,"Excellent quality for the price, would buy kitchenware again."
ORD007078,Lakshmi Chacko,Groceries,No,2025-04-10,5.0,"Great groceries, exactly as described. Very happy with it."
ORD007079,Maanas Ratta,Groceries,No,2023-04-05,1.0,"Received a damaged groceries, had to return it."
ORD007080,Abha Ravi,Clothes,No,2023-09-27,4.0,"Fast delivery, clothes exceeded my expectations."
ORD007081,Timothy Bhandari,Groceries,No,,,
ORD007082,Maanas Babu,Electronics,No,,,
ORD007083,Reyansh Kohli,Electronics,Yes,2024-12-29,3.0,"The electronics is okay, does the job but nothing special."
ORD007084,Rehaan Morar,Beauty Products,No,2025-03-17,5.0,"Excellent quality for the price, would buy beauty products again."
ORD007085,Onveer Bhavsar,Electronics,No,2023-02-04,5.0,"Really satisfied, highly recommend this electronics."
ORD007086,Harsh Gala,Books,No,2024-07-05,5.0,"Great books, exactly as described. Very happy with it."
ORD007087,Ladli Kaur,Shoes,No,2025-07-10,4.0,"Really satisfied, highly recommend this shoes."
ORD007088,Dakshesh Goswami,Kitchenware,No,,,
ORD007089,Sarthak Rai,Groceries,No,2023-10-19,5.0,"Great groceries, exactly as described. Very happy with it."
ORD007090,Rajata Venkataraman,Clothes,No,2024-11-23,4.0,"Excellent quality for the price, would buy clothes again."
ORD007091,Pranav Saraf,Furniture,No,2023-11-29,3.0,"Average furniture, packaging could be better."
ORD007092,Ikbal Ahuja,Electronics,No,2023-02-10,3.0,"The electronics is okay, does the job but nothing special."
ORD007093,Thomas Brahmbhatt,Electronics,No,,,
ORD007094,Janya Buch,Books,Yes,2024-11-25,5.0,"Fast delivery, books exceeded my expectations."
ORD007095,Zehaan Devan,Clothes,No,,,
ORD007096,Kamala Keer,Furniture,No,2025-06-04,5.0,"Fast delivery, furniture exceeded my expectations."
ORD007097,Simon Mitter,Books,No,2023-11-27,3.0,"Average books, packaging could be better."
ORD007098,Dhruv Bandi,Groceries,No,,,
ORD007099,Zayan Kamdar,Shoes,No,2023-12-07,5.0,"Great shoes, exactly as described. Very happy with it."
ORD007100,Wakeeta Tella,Books,No,2025-06-10,5.0,"Really satisfied, highly recommend this books."
ORD007101,Rudra Ahuja,Kitchenware,No,2025-11-04,5.0,"Fast delivery, kitchenware exceeded my expectations."
ORD007102,Janya Buch,Groceries,No,,,
ORD007103,Chandresh Golla,Groceries,No,2023-07-01,3.0,"Average groceries, packaging could be better."
ORD007104,Eesha Ahluwalia,Clothes,No,2025-10-11,5.0,"Fast delivery, clothes exceeded my expectations."
ORD007105,Mitesh Varghese,Toys,Yes,2025-11-25,4.0,"Excellent quality for the price, would buy toys again."
ORD007106,Karan Kumar,Groceries,Yes,2025-08-09,3.0,"The groceries is okay, does the job but nothing special."
ORD007107,Atharv Madan,Clothes,No,2023-05-12,5.0,"Great clothes, exactly as described. Very happy with it."
ORD007108,Amruta Sehgal,Shoes,No,,,
ORD007109,Brinda Thaker,Books,No,2023-12-05,4.0,"Really satisfied, highly recommend this books."
ORD007110,Ikbal Ahuja,Electronics,No,,,
ORD007111,Henry Puri,Beauty Products,No,,,
ORD007112,Chandani Datta,Kitchenware,No,2024-10-07,4.0,"Fast delivery, kitchenware exceeded my expectations."
ORD007113,Urmi Lad,Clothes,No,2025-01-15,4.0,"Really satisfied, highly recommend this clothes."
ORD007114,Yahvi Wadhwa,Books,No,2023-07-13,5.0,"Great books, exactly as described. Very happy with it."
ORD007115,Nandini Bhatia,Groceries,No,2023-08-16,5.0,"Really satisfied, highly recommend this groceries."
ORD007116,Daksh Chaudhuri,Furniture,No,,,
ORD007117,Chandresh Bahl,Electronics,No,2024-01-16,5.0,"Fast delivery, electronics exceeded my expectations."
ORD007118,Janya Sankaran,Groceries,No,2025-01-16,5.0,"Excellent quality for the price, would buy groceries again."
ORD007119,Shivansh Puri,Groceries,No,,,
ORD007120,Chakradhar Deol,Electronics,No,,,
ORD007121,Reyansh Kohli,Groceries,Yes,2023-11-02,4.0,"Great groceries, exactly as described. Very happy with it."
ORD007122,Jagvi Sethi,Furniture,No,2025-09-14,5.0,"Excellent quality for the price, would buy furniture again."
ORD007123,Chandran Rastogi,Electronics,No,2023-04-11,3.0,"Average electronics, packaging could be better."
ORD007124,Diya Pillai,Clothes,No,2025-10-09,5.0,"Fast delivery, clothes exceeded my expectations."
ORD007125,Ekani Sood,Beauty Products,Yes,2025-08-14,4.0,"Fast delivery, beauty products exceeded my expectations."
ORD007126,Dakshesh Goswami,Clothes,No,,,
ORD007127,Yamini Garg,Books,No,,,
ORD007128,Inaya Taneja,Sports Equipment,No,2025-09-23,5.0,"Great sports equipment, exactly as described. Very happy with it."
ORD007129,Azad Muni,Toys,No,2024-08-21,1.0,"Not worth the price, expected better toys."
ORD007130,Keya Sarkar,Groceries,No,2025-09-03,4.0,"Fast delivery, groceries exceeded my expectations."
ORD007131,Ganga Chandra,Kitchenware,No,2024-06-05,5.0,"Great kitchenware, exactly as described. Very happy with it."
ORD007132,Lakshmi Chacko,Kitchenware,No,,,
ORD007133,Ranveer Soman,Clothes,No,,,
ORD007134,Vihaan Dora,Groceries,Yes,2023-08-15,4.0,"Great groceries, exactly as described. Very happy with it."
ORD007135,Vasudha Agarwal,Clothes,No,2023-06-16,5.0,"Fast delivery, clothes exceeded my expectations."
ORD007136,George Madan,Sports Equipment,No,2023-05-29,3.0,"The sports equipment is okay, does the job but nothing special."
ORD007137,Jasmit Bhardwaj,Sports Equipment,No,2023-08-14,5.0,"Really satisfied, highly recommend this sports equipment."
ORD007138,Faras Murthy,Clothes,No,2024-06-01,3.0,"Average clothes, packaging could be better."
ORD007139,Zaitra Bora,Electronics,Yes,2024-01-16,2.0,"Disappointed with this electronics, quality is not good."
ORD007140,Kevin Taneja,Electronics,No,2024-09-05,4.0,"Great electronics, exactly as described. Very happy with it."
ORD007141,Vasudha Agarwal,Groceries,Yes,2025-01-16,4.0,"Great groceries, exactly as described. Very happy with it."
ORD007142,Orinder Dhaliwal,Electronics,Yes,2025-04-24,2.0,"Disappointed with this electronics, quality is not good."
ORD007143,Rushil Gopal,Toys,No,2024-02-29,4.0,"Excellent quality for the price, would buy toys again."
ORD007144,Harshil Muni,Beauty Products,No,2024-11-29,1.0,"Disappointed with this beauty products, quality is not good."
ORD007145,Ishani Bhalla,Kitchenware,No,2025-01-26,5.0,"Fast delivery, kitchenware exceeded my expectations."
ORD007146,Sarthak Puri,Sports Equipment,No,,,
ORD007147,Lipika Chadha,Kitchenware,No,2025-10-10,4.0,"Excellent quality for the price, would buy kitchenware again."
ORD007148,Zayyan Palan,Furniture,No,2025-09-25,2.0,"Received a damaged furniture, had to return it."
ORD007149,Inaya Taneja,Sports Equipment,No,2025-08-09,4.0,"Great sports equipment, exactly as described. Very happy with it."
ORD007150,Warinder Narang,Beauty Products,No,2024-10-27,3.0,"The beauty products is okay, does the job but nothing special."
ORD007151,Sathvik Lall,Groceries,No,,,
ORD007152,Bakhshi Shetty,Beauty Products,No,2023-01-23,4.0,"Really satisfied, highly recommend this beauty products."
ORD007153,Daksh Dhingra,Furniture,Yes,,,
ORD007154,Jairaj Memon,Clothes,No,,,
ORD007155,Yuvraj Gandhi,Groceries,No,2024-12-13,4.0,"Really satisfied, highly recommend this groceries."
ORD007156,Mohammed Ramachandran,Toys,No,2024-06-01,5.0,"Really satisfied, highly recommend this toys."
ORD007157,Azad Muni,Groceries,No,,,
ORD007158,Hamsini Bhatia,Furniture,No,2024-02-07,2.0,"Received a damaged furniture, had to return it."
ORD007159,Christopher Vasa,Toys,No,2024-02-19,3.0,"Average toys, packaging could be better."
ORD007160,Pranit Vig,Clothes,No,,,
ORD007161,Samesh Jani,Sports Equipment,No,,,
ORD007162,Shravya Ravi,Shoes,No,2025-08-24,4.0,"Excellent quality for the price, would buy shoes again."
ORD007163,Abhiram Mitter,Books,No,2025-09-08,4.0,"Fast delivery, books exceeded my expectations."
ORD007164,Robert Lal,Clothes,No,2024-04-25,5.0,"Really satisfied, highly recommend this clothes."
ORD007165,Bahadurjit Banerjee,Sports Equipment,No,2025-10-29,5.0,"Great sports equipment, exactly as described. Very happy with it."
ORD007166,Joshua Bali,Books,No,2025-07-13,4.0,"Great books, exactly as described. Very happy with it."
ORD007167,Utkarsh Din,Books,No,2024-10-03,5.0,"Excellent quality for the price, would buy books again."
ORD007168,Ati Loyal,Groceries,No,2025-06-29,4.0,"Really satisfied, highly recommend this groceries."
ORD007169,Shivani Sane,Sports Equipment,No,2025-04-18,4.0,"Excellent quality for the price, would buy sports equipment again."
ORD007170,Indali Kunda,Sports Equipment,No,2024-10-02,5.0,"Great sports equipment, exactly as described. Very happy with it."
ORD007171,Leena Narula,Books,No,2025-01-15,5.0,"Fast delivery, books exceeded my expectations."
ORD007172,Brinda Thaker,Sports Equipment,No,2025-10-19,3.0,"The sports equipment is okay, does the job but nothing special."
ORD007173,Ucchal Virk,Groceries,No,,,
ORD007174,Chandran Solanki,Beauty Products,No,2025-01-08,5.0,"Fast delivery, beauty products exceeded my expectations."
ORD007175,Benjamin Barad,Groceries,No,2025-04-03,4.0,"Great groceries, exactly as described. Very happy with it."
ORD007176,Abha Keer,Sports Equipment,No,2025-06-10,5.0,"Great sports equipment, exactly as described. Very happy with it."
ORD007177,Qadim Agarwal,Electronics,No,2023-03-11,4.0,"Fast delivery, electronics exceeded my expectations."
ORD007178,Aachal Lad,Shoes,Yes,2025-04-29,4.0,"Excellent quality for the price, would buy shoes again."
ORD007179,Dayamai Kamdar,Toys,No,2025-02-26,5.0,"Great toys, exactly as described. Very happy with it."
ORD007180,Adya Sangha,Furniture,No,2025-05-02,4.0,"Great furniture, exactly as described. Very happy with it."
ORD007181,Ishwar Wali,Shoes,Yes,,,
ORD007182,Chanakya Pillai,Toys,No,2024-08-23,4.0,"Great toys, exactly as described. Very happy with it."
ORD007183,Fariq Gandhi,Shoes,No,2025-04-27,4.0,"Fast delivery, shoes exceeded my expectations."
ORD007184,Rushil Gopal,Toys,No,2024-02-29,3.0,"The toys is okay, does the job but nothing special."
ORD007185,Hitesh Virk,Clothes,No,2023-07-16,3.0,"The clothes is okay, does the job but nothing special."
ORD007186,Janya Sankaran,Shoes,No,,,
ORD007187,Jeet Setty,Clothes,No,2023-05-16,4.0,"Great clothes, exactly as described. Very happy with it."
ORD007188,Banjeet Rastogi,Clothes,Yes,2024-01-29,5.0,"Really satisfied, highly recommend this clothes."
ORD007189,Chandresh Bahl,Books,No,2025-10-01,4.0,"Really satisfied, highly recommend this books."
ORD007190,Daksha Kaul,Electronics,No,2025-01-14,4.0,"Excellent quality for the price, would buy electronics again."
ORD007191,Harita Som,Shoes,No,,,
ORD007192,Hemangini Sekhon,Beauty Products,Yes,,,
ORD007193,Shravya Ravi,Clothes,Yes,,,
ORD007194,Samar Ahuja,Toys,No,2025-04-17,5.0,"Excellent quality for the price, would buy toys again."
ORD007195,Jasmit Bhardwaj,Clothes,Yes,2023-06-30,5.0,"Excellent quality for the price, would buy clothes again."
ORD007196,Dev Nori,Electronics,No,2024-11-19,5.0,"Really satisfied, highly recommend this electronics."
ORD007197,Shravya Char,Beauty Products,No,2024-07-06,4.0,"Excellent quality for the price, would buy beauty products again."
ORD007198,Nicholas Choudhary,Kitchenware,No,2025-12-26,3.0,"The kitchenware is okay, does the job but nothing special."
ORD007199,Samaksh Sem,Books,No,2025-07-01,5.0,"Excellent quality for the price, would buy books again."
ORD007200,Lucky Balakrishnan,Shoes,No,2023-04-17,5.0,"Great shoes, exactly as described. Very happy with it."
ORD007201,Dhruv Randhawa,Books,Yes,2025-08-02,5.0,"Great books, exactly as described. Very happy with it."
ORD007202,Gautam Samra,Shoes,No,2025-04-21,3.0,"Average shoes, packaging could be better."
ORD007203,Wridesh Sangha,Groceries,Yes,2024-10-03,4.0,"Excellent quality for the price, would buy groceries again."
ORD007204,Yauvani Patla,Kitchenware,Yes,2025-08-17,5.0,"Fast delivery, kitchenware exceeded my expectations."
ORD007205,Reva Kota,Books,No,2025-04-25,3.0,"The books is okay, does the job but nothing special."
ORD007206,Pranit Kohli,Toys,No,2024-05-13,4.0,"Really satisfied, highly recommend this toys."
ORD007207,Aarnav Mand,Shoes,No,2024-10-08,5.0,"Really satisfied, highly recommend this shoes."
ORD007208,Yauvani Patla,Toys,No,2024-01-29,5.0,"Really satisfied, highly recommend this toys."
ORD007209,Turvi Khanna,Shoes,No,2023-09-16,4.0,"Excellent quality for the price, would buy shoes again."
ORD007210,Ryan Venkataraman,Shoes,No,2024-12-15,4.0,"Fast delivery, shoes exceeded my expectations."
ORD007211,Bahadurjit Arora,Shoes,No,,,
ORD007212,Lipika Chadha,Toys,No,2024-02-07,3.0,"The toys is okay, does the job but nothing special."
ORD007213,Manthan Lata,Groceries,Yes,2025-03-20,4.0,"Great groceries, exactly as described. Very happy with it."
ORD007214,Banjeet Rege,Sports Equipment,Yes,2025-04-11,5.0,"Really satisfied, highly recommend this sports equipment."
ORD007215,Zayyan Wason,Groceries,No,2023-08-28,4.0,"Great groceries, exactly as described. Very happy with it."
ORD007216,Tanmayi Boase,Groceries,No,2023-07-02,1.0,"Not worth the price, expected better groceries."
ORD007217,Vivaan Seth,Furniture,No,2024-12-17,4.0,"Excellent quality for the price, would buy furniture again."
ORD007218,Lipika Lal,Furniture,Yes,,,
ORD007219,Daksh Dhingra,Electronics,No,2024-10-21,3.0,"The electronics is okay, does the job but nothing special."
ORD007220,Chandran Rastogi,Clothes,No,2024-03-29,4.0,"Fast delivery, clothes exceeded my expectations."
ORD007221,Samuel Rama,Furniture,No,2023-06-25,3.0,"Average furniture, packaging could be better."
ORD007222,Aachal Lad,Kitchenware,No,2024-02-16,5.0,"Excellent quality for the price, would buy kitchenware again."
ORD007223,Chavvi Rattan,Beauty Products,No,2024-09-26,5.0,"Fast delivery, beauty products exceeded my expectations."
ORD007224,Anvi Shan,Beauty Products,No,2024-08-31,5.0,"Excellent quality for the price, would buy beauty products again."
ORD007225,Vrishti Lalla,Books,No,2024-07-03,5.0,"Excellent quality for the price, would buy books again."
ORD007226,Lakshmi Bhat,Clothes,No,2024-09-02,3.0,"The clothes is okay, does the job but nothing special."
ORD007227,Rudra Ahuja,Furniture,No,2024-03-15,5.0,"Great furniture, exactly as described. Very happy with it."
ORD007228,Laban Bal,Furniture,Yes,2025-06-22,1.0,"Received a damaged furniture, had to return it."
ORD007229,Thomas Sethi,Groceries,No,2024-06-23,5.0,"Great groceries, exactly as described. Very happy with it."
ORD007230,Darsh Arya,Groceries,No,2025-09-25,2.0,"Not worth the price, expected better groceries."
ORD007231,Eta Chakraborty,Books,No,2024-05-21,4.0,"Excellent quality for the price, would buy books again."
ORD007232,Bimala Shanker,Clothes,No,2025-10-27,5.0,"Great clothes, exactly as described. Very happy with it."
ORD007233,Ranveer Soman,Furniture,Yes,2023-01-24,5.0,"Excellent quality for the price, would buy furniture again."
ORD007234,Rushil Brahmbhatt,Groceries,No,2023-10-02,4.0,"Fast delivery, groceries exceeded my expectations."
ORD007235,Kavya Sandhu,Kitchenware,No,2024-08-25,5.0,"Really satisfied, highly recommend this kitchenware."
ORD007236,Imaran Edwin,Electronics,No,2024-07-11,2.0,"Disappointed with this electronics, quality is not good."
ORD007237,Omaja Badami,Sports Equipment,No,2024-02-03,5.0,"Really satisfied, highly recommend this sports equipment."
ORD007238,Devansh Mital,Sports Equipment,No,2025-03-14,4.0,"Really satisfied, highly recommend this sports equipment."
ORD007239,Tara Sastry,Electronics,No,2024-09-02,5.0,"Fast delivery, electronics exceeded my expectations."
ORD007240,Ladli Kaur,Clothes,No,2024-06-25,5.0,"Really satisfied, highly recommend this clothes."
ORD007241,Baghyawati Guha,Shoes,No,2024-12-11,5.0,"Really satisfied, highly recommend this shoes."
ORD007242,Ganga Bumb,Books,No,2024-10-10,5.0,"Great books, exactly as described. Very happy with it."
ORD007243,Chaitanya Bhatia,Sports Equipment,No,,,
ORD007244,Omaja Sharma,Electronics,No,2024-03-23,4.0,"Great electronics, exactly as described. Very happy with it."
ORD007245,Triveni Mallick,Sports Equipment,No,2024-06-20,4.0,"Really satisfied, highly recommend this sports equipment."
ORD007246,Osha Patil,Groceries,Yes,2024-08-11,1.0,"Received a damaged groceries, had to return it."
ORD007247,Yuvraj Grewal,Furniture,No,2023-07-24,5.0,"Really satisfied, highly recommend this furniture."
ORD007248,Leela Swaminathan,Clothes,No,2024-10-22,4.0,"Great clothes, exactly as described. Very happy with it."
ORD007249,Tristan Bhavsar,Sports Equipment,No,2025-04-16,2.0,"Received a damaged sports equipment, had to return it."
ORD007250,Megha Shroff,Groceries,No,2025-05-26,1.0,"Not worth the price, expected better groceries."
ORD007251,Viraj Arora,Clothes,No,2023-12-18,4.0,"Fast delivery, clothes exceeded my expectations."
ORD007252,Jacob Ramakrishnan,Shoes,No,2025-10-12,2.0,"Received a damaged shoes, had to return it."
ORD007253,Zaid Sandal,Clothes,No,2023-04-17,3.0,"The clothes is okay, does the job but nothing special."
ORD007254,Aradhana Golla,Electronics,Yes,,,
ORD007255,Falak Gulati,Furniture,No,,,
ORD007256,Riya Thaman,Shoes,Yes,2023-04-02,4.0,"Really satisfied, highly recommend this shoes."
ORD007257,Balvan Jani,Clothes,No,2024-02-27,1.0,"Disappointed with this clothes, quality is not good."
ORD007258,Azaan Sachar,Electronics,No,2024-05-04,2.0,"Disappointed with this electronics, quality is not good."
ORD007259,Chanchal Sastry,Beauty Products,No,2024-02-03,5.0,"Great beauty products, exactly as described. Very happy with it."
ORD007260,Ayaan Bhatnagar,Groceries,No,2023-07-29,4.0,"Excellent quality for the price, would buy groceries again."
ORD007261,Max Aurora,Furniture,No,2024-04-10,5.0,"Excellent quality for the price, would buy furniture again."
ORD007262,Upasna Pant,Shoes,No,2024-10-25,1.0,"Received a damaged shoes, had to return it."
ORD007263,Turvi Khanna,Books,No,,,
ORD007264,Azaan Sachar,Electronics,No,2023-09-02,5.0,"Fast delivery, electronics exceeded my expectations."
ORD007265,Vyanjana Mani,Beauty Products,No,2024-05-10,5.0,"Great beauty products, exactly as described. Very happy with it."
ORD007266,Vinaya Shukla,Kitchenware,No,,,
ORD007267,Eshana Dyal,Groceries,No,2024-06-19,4.0,"Fast delivery, groceries exceeded my expectations."
ORD007268,Triveni Gaba,Kitchenware,No,2024-04-25,4.0,"Fast delivery, kitchenware exceeded my expectations."
ORD007269,Nathaniel Bhardwaj,Furniture,No,2023-06-01,1.0,"Received a damaged furniture, had to return it."
ORD007270,Nachiket Kota,Beauty Products,No,,,
ORD007271,Qabil Lall,Toys,No,2024-04-19,4.0,"Excellent quality for the price, would buy toys again."
ORD007272,Balvan Jani,Furniture,No,,,
ORD007273,Gaurav Toor,Furniture,No,2024-08-06,2.0,"Not worth the price, expected better furniture."
ORD007274,Mekhala Gala,Sports Equipment,No,2023-07-31,4.0,"Fast delivery, sports equipment exceeded my expectations."
ORD007275,Yashica Aurora,Groceries,No,2023-06-27,5.0,"Excellent quality for the price, would buy groceries again."
ORD007276,Nitesh Dayal,Groceries,No,2023-12-24,4.0,"Fast delivery, groceries exceeded my expectations."
ORD007277,Vansha Deol,Clothes,No,,,
ORD007278,Manan Mahal,Furniture,No,2023-12-29,4.0,"Great furniture, exactly as described. Very happy with it."
ORD007279,Faris Sethi,Clothes,No,2024-05-06,1.0,"Disappointed with this clothes, quality is not good."
ORD007280,Mohammed Pau,Electronics,Yes,2024-04-07,3.0,"Average electronics, packaging could be better."
ORD007281,Wakeeta Tella,Electronics,No,2023-02-09,5.0,"Excellent quality for the price, would buy electronics again."
ORD007282,Ekani Sood,Groceries,Yes,2025-01-24,5.0,"Really satisfied, highly recommend this groceries."
ORD007283,Shivansh Puri,Groceries,No,,,
ORD007284,Siddharth Sood,Electronics,No,2024-09-28,4.0,"Really satisfied, highly recommend this electronics."
ORD007285,Vivaan More,Kitchenware,No,2024-08-15,5.0,"Really satisfied, highly recommend this kitchenware."
ORD007286,Orinder Dhaliwal,Clothes,No,2023-07-12,5.0,"Great clothes, exactly as described. Very happy with it."
ORD007287,Kamya Jhaveri,Books,No,2024-04-15,1.0,"Received a damaged books, had to return it."
ORD007288,Pranit Vig,Furniture,No,2023-10-26,5.0,"Fast delivery, furniture exceeded my expectations."
ORD007289,Yashica Aurora,Beauty Products,No,2024-04-26,4.0,"Excellent quality for the price, would buy beauty products again."
ORD007290,Yashoda Mammen,Clothes,No,2025-10-10,4.0,"Great clothes, exactly as described. Very happy with it."
ORD007291,Kabir Krishnamurthy,Electronics,No,2024-05-07,3.0,"Average electronics, packaging could be better."
ORD007292,Vritti Chopra,Books,No,2023-03-06,4.0,"Fast delivery, books exceeded my expectations."
ORD007293,Azaan Roy,Furniture,No,2023-04-09,5.0,"Excellent quality for the price, would buy furniture again."
ORD007294,Rayaan Goyal,Toys,Yes,2024-01-03,5.0,"Fast delivery, toys exceeded my expectations."
ORD007295,Zilmil Bail,Electronics,No,2023-06-21,5.0,"Really satisfied, highly recommend this electronics."
ORD007296,Darpan Gour,Kitchenware,No,2026-01-17,4.0,"Really satisfied, highly recommend this kitchenware."
ORD007297,Pahal Kuruvilla,Beauty Products,No,2025-04-22,1.0,"Received a damaged beauty products, had to return it."
ORD007298,Ojasvi Parmer,Kitchenware,No,2025-09-11,4.0,"Great kitchenware, exactly as described. Very happy with it."
ORD007299,Omaja Sharma,Toys,No,2024-07-10,3.0,"Average toys, packaging could be better."
ORD007300,Jairaj Memon,Electronics,No,,,
ORD007301,Farhan Mammen,Electronics,No,2024-10-22,5.0,"Fast delivery, electronics exceeded my expectations."
ORD007302,Pooja Grewal,Sports Equipment,No,,,
ORD007303,Anjali Dasgupta,Groceries,No,2023-06-12,4.0,"Fast delivery, groceries exceeded my expectations."
ORD007304,Onkar Sarin,Toys,No,2025-02-09,2.0,"Disappointed with this toys, quality is not good."
ORD007305,Oscar Kaur,Clothes,No,2023-02-16,3.0,"The clothes is okay, does the job but nothing special."
ORD007306,Owen Trivedi,Furniture,No,,,
ORD007307,Vansha Deol,Clothes,No,2023-05-22,5.0,"Excellent quality for the price, would buy clothes again."
ORD007308,Rudra Ahuja,Electronics,No,2024-06-28,3.0,"The electronics is okay, does the job but nothing special."
ORD007309,Yauvani Bhatt,Sports Equipment,No,2023-10-06,4.0,"Fast delivery, sports equipment exceeded my expectations."
ORD007310,Jackson Tak,Beauty Products,No,2025-12-01,2.0,"Not worth the price, expected better beauty products."
ORD007311,Logan Sekhon,Sports Equipment,No,2025-01-10,4.0,"Great sports equipment, exactly as described. Very happy with it."
ORD007312,Kritika Chacko,Kitchenware,No,2025-09-02,4.0,"Great kitchenware, exactly as described. Very happy with it."
ORD007313,Jackson Tak,Sports Equipment,No,2024-02-22,4.0,"Excellent quality for the price, would buy sports equipment again."
ORD007314,Triya Pant,Sports Equipment,No,2025-01-09,5.0,"Really satisfied, highly recommend this sports equipment."
ORD007315,Benjamin Ratta,Toys,No,2024-03-03,5.0,"Fast delivery, toys exceeded my expectations."
ORD007316,Hitesh Virk,Beauty Products,No,2024-02-19,5.0,"Excellent quality for the price, would buy beauty products again."
ORD007317,Zilmil Bail,Sports Equipment,No,2023-04-25,5.0,"Really satisfied, highly recommend this sports equipment."
ORD007318,Baghyawati Mishra,Furniture,Yes,2024-12-01,5.0,"Really satisfied, highly recommend this furniture."
ORD007319,Rohan Arora,Furniture,No,2023-07-12,4.0,"Excellent quality for the price, would buy furniture again."
ORD007320,Gaurika Ganesh,Sports Equipment,Yes,2025-06-28,5.0,"Fast delivery, sports equipment exceeded my expectations."
ORD007321,Aarav Nagy,Electronics,No,,,
ORD007322,Madhavi Mann,Clothes,No,,,
ORD007323,Tanmayi Boase,Groceries,No,,,
ORD007324,Nandini Karan,Books,No,2023-04-17,5.0,"Really satisfied, highly recommend this books."
ORD007325,Krisha Ganguly,Groceries,No,2023-08-14,4.0,"Fast delivery, groceries exceeded my expectations."
ORD007326,Bhanumati Saran,Books,No,,,
ORD007327,Jonathan Wali,Shoes,No,2025-10-29,5.0,"Fast delivery, shoes exceeded my expectations."
ORD007328,Vivaan Seth,Electronics,No,2025-12-04,5.0,"Excellent quality for the price, would buy electronics again."
ORD007329,Parth Jha,Beauty Products,Yes,2023-10-01,3.0,"Average beauty products, packaging could be better."
ORD007330,Janaki Din,Groceries,No,2023-05-04,3.0,"The groceries is okay, does the job but nothing special."
ORD007331,Saksham Mani,Sports Equipment,No,,,
ORD007332,Yashawini Sengupta,Clothes,No,2025-08-22,5.0,"Fast delivery, clothes exceeded my expectations."
ORD007333,Tara Sur,Beauty Products,No,2025-09-03,3.0,"Average beauty products, packaging could be better."
ORD007334,Warda Kala,Furniture,No,2024-06-26,4.0,"Fast delivery, furniture exceeded my expectations."
ORD007335,Gautam Mishra,Groceries,No,2025-06-26,5.0,"Fast delivery, groceries exceeded my expectations."
ORD007336,Karan Bail,Sports Equipment,No,2024-04-18,5.0,"Great sports equipment, exactly as described. Very happy with it."
ORD007337,Janya Kashyap,Electronics,No,2024-11-22,5.0,"Fast delivery, electronics exceeded my expectations."
ORD007338,George Golla,Clothes,No,2025-02-18,4.0,"Really satisfied, highly recommend this clothes."
ORD007339,Kala Nagar,Furniture,No,2023-04-09,5.0,"Fast delivery, furniture exceeded my expectations."
ORD007340,Faqid Gole,Electronics,No,2023-12-07,4.0,"Fast delivery, electronics exceeded my expectations."
ORD007341,Ryan Venkataraman,Clothes,No,,,
ORD007342,Liam More,Groceries,No,2024-10-31,3.0,"Average groceries, packaging could be better."
ORD007343,Amruta Sehgal,Electronics,No,2023-06-02,5.0,"Great electronics, exactly as described. Very happy with it."
ORD007344,Sanya Shanker,Furniture,No,2025-09-04,5.0,"Great furniture, exactly as described. Very happy with it."
ORD007345,Azaan Roy,Toys,No,2024-06-30,2.0,"Not worth the price, expected better toys."
ORD007346,Pranit Vig,Electronics,No,2023-03-15,4.0,"Great electronics, exactly as described. Very happy with it."
ORD007347,Ayushman Bahl,Electronics,No,2023-03-04,5.0,"Great electronics, exactly as described. Very happy with it."
ORD007348,Nathaniel Narain,Beauty Products,No,2023-10-24,5.0,"Fast delivery, beauty products exceeded my expectations."
ORD007349,Reva Kota,Furniture,No,2024-03-29,3.0,"Average furniture, packaging could be better."
ORD007350,Saumya Ratti,Clothes,No,,,
ORD007351,Manbir Mittal,Electronics,No,2023-11-28,5.0,"Excellent quality for the price, would buy electronics again."
ORD007352,Yamini Garg,Groceries,No,2024-11-03,3.0,"The groceries is okay, does the job but nothing special."
ORD007353,Nimrat Vasa,Furniture,No,2025-10-11,5.0,"Fast delivery, furniture exceeded my expectations."
ORD007354,Isha Bhatnagar,Sports Equipment,Yes,2023-08-27,4.0,"Excellent quality for the price, would buy sports equipment again."
ORD007355,Hiral Dua,Electronics,Yes,,,
ORD007356,Falan Lanka,Sports Equipment,Yes,2023-09-23,4.0,"Excellent quality for the price, would buy sports equipment again."
ORD007357,Thomas Brahmbhatt,Toys,No,2024-09-27,3.0,"Average toys, packaging could be better."
ORD007358,Ishanvi Nagar,Electronics,No,2023-09-08,4.0,"Fast delivery, electronics exceeded my expectations."
ORD007359,Tara Sastry,Sports Equipment,No,2024-08-08,5.0,"Really satisfied, highly recommend this sports equipment."
ORD007360,Vrishti Shroff,Groceries,No,2023-08-28,4.0,"Great groceries, exactly as described. Very happy with it."
ORD007361,Charan Banerjee,Beauty Products,No,2023-10-09,5.0,"Fast delivery, beauty products exceeded my expectations."
ORD007362,Anika Rout,Shoes,No,2024-09-21,4.0,"Excellent quality for the price, would buy shoes again."
ORD007363,Tara Varughese,Beauty Products,No,,,
ORD007364,Girish Swamy,Electronics,No,2023-05-31,5.0,"Fast delivery, electronics exceeded my expectations."
ORD007365,Ronith Raman,Toys,No,,,
ORD007366,Tripti Zachariah,Clothes,No,2025-05-29,5.0,"Fast delivery, clothes exceeded my expectations."
ORD007367,Frederick Patil,Sports Equipment,No,,,
ORD007368,Qadim Agarwal,Electronics,No,2024-10-17,5.0,"Really satisfied, highly recommend this electronics."
ORD007369,Kevin Taneja,Clothes,Yes,2025-08-18,5.0,"Excellent quality for the price, would buy clothes again."
ORD007370,Balvan Jani,Clothes,No,,,
ORD007371,Nathan Mander,Electronics,No,2024-04-05,5.0,"Great electronics, exactly as described. Very happy with it."
ORD007372,Manya Shere,Clothes,No,2025-06-16,4.0,"Really satisfied, highly recommend this clothes."
ORD007373,Leena Ratta,Kitchenware,No,,,
ORD007374,Upma Ganesan,Beauty Products,No,2024-08-24,3.0,"Average beauty products, packaging could be better."
ORD007375,Advik Hegde,Kitchenware,No,2023-09-17,5.0,"Really satisfied, highly recommend this kitchenware."
ORD007376,Jeet Setty,Beauty Products,Yes,2025-08-10,5.0,"Fast delivery, beauty products exceeded my expectations."
ORD007377,Manan Mahal,Groceries,No,,,
ORD007378,Balhaar Gade,Sports Equipment,Yes,2023-03-09,4.0,"Excellent quality for the price, would buy sports equipment again."
ORD007379,Ayaan Krishnamurthy,Kitchenware,No,2024-02-01,4.0,"Really satisfied, highly recommend this kitchenware."
ORD007380,Vaishnavi Sachar,Furniture,No,,,
ORD007381,Libni Palan,Groceries,Yes,2023-07-27,3.0,"Average groceries, packaging could be better."
ORD007382,Tarak Chand,Groceries,No,2023-04-16,5.0,"Fast delivery, groceries exceeded my expectations."
ORD007383,Abhiram Mitter,Electronics,No,2023-03-02,4.0,"Great electronics, exactly as described. Very happy with it."
ORD007384,Maanas Babu,Clothes,No,2025-02-22,3.0,"The clothes is okay, does the job but nothing special."
ORD007385,Sanya Shanker,Electronics,No,2024-09-01,4.0,"Fast delivery, electronics exceeded my expectations."
ORD007386,Sneha Magar,Furniture,No,2023-08-23,5.0,"Excellent quality for the price, would buy furniture again."
ORD007387,Triveni Gaba,Shoes,Yes,2023-08-10,5.0,"Excellent quality for the price, would buy shoes again."
ORD007388,Eta Chakraborty,Electronics,No,2025-08-03,3.0,"Average electronics, packaging could be better."
ORD007389,Aayush Parekh,Furniture,No,2023-09-17,3.0,"The furniture is okay, does the job but nothing special."
ORD007390,Yahvi Magar,Clothes,No,2023-02-24,5.0,"Great clothes, exactly as described. Very happy with it."
ORD007391,Vincent Tara,Groceries,No,,,
ORD007392,Faris Sethi,Sports Equipment,No,,,
ORD007393,Jhalak Sekhon,Books,No,2025-07-19,1.0,"Received a damaged books, had to return it."
ORD007394,Veer Karnik,Kitchenware,No,2025-03-28,3.0,"The kitchenware is okay, does the job but nothing special."
ORD007395,Tristan Ravel,Clothes,No,,,
ORD007396,Viraj Barad,Groceries,No,2023-12-29,4.0,"Fast delivery, groceries exceeded my expectations."
ORD007397,Sneha Nori,Books,No,,,
ORD007398,Dipta Vaidya,Books,No,2024-10-18,5.0,"Great books, exactly as described. Very happy with it."
ORD007399,Gabriel Randhawa,Books,No,2024-07-22,4.0,"Great books, exactly as described. Very happy with it."
ORD007400,Hritik Talwar,Electronics,No,2023-02-26,4.0,"Great electronics, exactly as described. Very happy with it."
ORD007401,Tanay Lal,Electronics,Yes,,,
ORD007402,Yashawini Sengupta,Kitchenware,No,,,
ORD007403,Yauvani Patla,Kitchenware,No,2025-02-05,3.0,"Average kitchenware, packaging could be better."
ORD007404,Banjeet Rege,Electronics,No,2025-07-03,5.0,"Fast delivery, electronics exceeded my expectations."
ORD007405,Hritik Talwar,Sports Equipment,No,2024-03-09,3.0,"Average sports equipment, packaging could be better."
ORD007406,Vamakshi Vala,Clothes,No,2025-01-22,4.0,"Excellent quality for the price, would buy clothes again."
ORD007407,Triveni Mallick,Electronics,No,2025-12-29,5.0,"Really satisfied, highly recommend this electronics."
ORD007408,Urmi Sachdeva,Groceries,No,2024-10-05,3.0,"Average groceries, packaging could be better."
ORD007409,Imaran Hari,Furniture,No,2025-05-01,1.0,"Disappointed with this furniture, quality is not good."
ORD007410,Mekhala Bawa,Groceries,No,2024-02-25,4.0,"Great groceries, exactly as described. Very happy with it."
ORD007411,Urishilla Naik,Groceries,Yes,2024-05-27,5.0,"Excellent quality for the price, would buy groceries again."
ORD007412,Ladli Kaur,Beauty Products,No,,,
ORD007413,Kavya Srivastava,Groceries,No,,,
ORD007414,Amaira Sarin,Clothes,Yes,2025-01-14,2.0,"Not worth the price, expected better clothes."
ORD007415,Ladli Yadav,Groceries,No,,,
ORD007416,Andrew Tiwari,Beauty Products,No,2024-07-17,4.0,"Really satisfied, highly recommend this beauty products."
ORD007417,Andrew Tiwari,Books,No,2023-06-15,4.0,"Excellent quality for the price, would buy books again."
ORD007418,Imaran Dara,Clothes,Yes,2025-05-10,4.0,"Really satisfied, highly recommend this clothes."
ORD007419,Nandini Karan,Clothes,No,2025-10-27,4.0,"Excellent quality for the price, would buy clothes again."
ORD007420,Vasudha Shah,Sports Equipment,No,2024-12-22,5.0,"Fast delivery, sports equipment exceeded my expectations."
ORD007421,Daksh Chaudhuri,Sports Equipment,No,2024-06-02,3.0,"The sports equipment is okay, does the job but nothing special."
ORD007422,Yasti Mutti,Clothes,Yes,,,
ORD007423,Watika Wali,Groceries,No,2024-10-31,5.0,"Fast delivery, groceries exceeded my expectations."
ORD007424,Janani Parmer,Books,No,2023-04-01,3.0,"Average books, packaging could be better."
ORD007425,Dalbir Sule,Groceries,No,2025-05-26,5.0,"Great groceries, exactly as described. Very happy with it."
ORD007426,Tanmayi Boase,Furniture,Yes,2025-08-05,3.0,"The furniture is okay, does the job but nothing special."
ORD007427,Aarini Ramakrishnan,Sports Equipment,No,2023-03-16,3.0,"Average sports equipment, packaging could be better."
ORD007428,Harrison Shan,Kitchenware,No,,,
ORD007429,Dev Nori,Toys,Yes,2025-10-02,3.0,"The toys is okay, does the job but nothing special."
ORD007430,Inaya Sawhney,Sports Equipment,No,2023-04-09,5.0,"Really satisfied, highly recommend this sports equipment."
ORD007431,Liam Solanki,Clothes,No,,,
ORD007432,Banjeet De,Sports Equipment,No,2023-09-30,3.0,"Average sports equipment, packaging could be better."
ORD007433,Inaya Taneja,Sports Equipment,No,2025-11-25,4.0,"Really satisfied, highly recommend this sports equipment."
ORD007434,Kevin Taneja,Groceries,No,2023-07-10,5.0,"Fast delivery, groceries exceeded my expectations."
ORD007435,Ekiya Patla,Groceries,No,2024-07-05,5.0,"Fast delivery, groceries exceeded my expectations."
ORD007436,Aarna Jaggi,Kitchenware,No,2024-05-15,1.0,"Not worth the price, expected better kitchenware."
ORD007437,Mohammed Ramachandran,Furniture,No,2023-01-24,3.0,"Average furniture, packaging could be better."
ORD007438,Falak Rege,Groceries,No,2024-03-03,3.0,"Average groceries, packaging could be better."
ORD007439,Krisha Mutti,Sports Equipment,No,2025-01-30,5.0,"Really satisfied, highly recommend this sports equipment."
ORD007440,Atharv Madan,Groceries,No,2025-09-07,3.0,"The groceries is okay, does the job but nothing special."
ORD007441,Saksham Mani,Groceries,No,,,
ORD007442,Yasti Mutti,Groceries,No,,,
ORD007443,Yashica Om,Shoes,No,2023-05-24,3.0,"Average shoes, packaging could be better."
ORD007444,Vihaan Date,Furniture,No,2023-03-10,3.0,"The furniture is okay, does the job but nothing special."
ORD007445,Waida Bandi,Clothes,No,2025-04-07,4.0,"Really satisfied, highly recommend this clothes."
ORD007446,Triya Pant,Shoes,No,2023-04-02,5.0,"Really satisfied, highly recommend this shoes."
ORD007447,Pooja Grewal,Groceries,No,,,
ORD007448,Aarnav Pant,Kitchenware,No,2025-03-15,4.0,"Fast delivery, kitchenware exceeded my expectations."
ORD007449,Garima Agarwal,Groceries,No,2024-01-13,5.0,"Really satisfied, highly recommend this groceries."
ORD007450,Zashil Chaudhuri,Shoes,No,,,
ORD007451,Damyanti Bhakta,Furniture,No,2023-04-13,5.0,"Great furniture, exactly as described. Very happy with it."
ORD007452,Turvi Khanna,Sports Equipment,No,2025-03-26,5.0,"Great sports equipment, exactly as described. Very happy with it."
ORD007453,Shivani Sane,Beauty Products,No,2023-03-12,4.0,"Excellent quality for the price, would buy beauty products again."
ORD007454,Hredhaan Edwin,Groceries,No,2024-04-15,4.0,"Great groceries, exactly as described. Very happy with it."
ORD007455,Harrison Shan,Sports Equipment,No,2025-11-16,4.0,"Excellent quality for the price, would buy sports equipment again."
ORD007456,Nicholas Bhandari,Kitchenware,No,,,
ORD007457,Radha Hayer,Electronics,Yes,2023-03-08,3.0,"The electronics is okay, does the job but nothing special."
ORD007458,Urmi Lad,Electronics,No,,,
ORD007459,Nathan Aggarwal,Toys,No,2025-08-30,4.0,"Excellent quality for the price, would buy toys again."
ORD007460,Januja Iyengar,Groceries,No,2023-12-02,5.0,"Great groceries, exactly as described. Very happy with it."
ORD007461,Falan Chana,Furniture,No,2026-01-06,2.0,"Disappointed with this furniture, quality is not good."
ORD007462,Triya Pant,Toys,No,2025-12-05,3.0,"Average toys, packaging could be better."
ORD007463,Harsh Gala,Sports Equipment,No,2023-02-22,5.0,"Really satisfied, highly recommend this sports equipment."
ORD007464,Idika Singh,Beauty Products,No,2026-01-01,5.0,"Great beauty products, exactly as described. Very happy with it."
ORD007465,Manbir Mittal,Clothes,No,,,
ORD007466,Hamsini Chandra,Beauty Products,No,2024-09-01,2.0,"Disappointed with this beauty products, quality is not good."
ORD007467,Mason Koshy,Furniture,No,2024-11-04,5.0,"Really satisfied, highly recommend this furniture."
ORD007468,Kai Sodhi,Shoes,No,2023-10-17,4.0,"Great shoes, exactly as described. Very happy with it."
ORD007469,Indali Kunda,Electronics,No,2023-08-29,4.0,"Great electronics, exactly as described. Very happy with it."
ORD007470,Rishi Borde,Shoes,No,2024-05-15,3.0,"The shoes is okay, does the job but nothing special."
ORD007471,Maanas Ratta,Beauty Products,No,2025-02-06,5.0,"Really satisfied, highly recommend this beauty products."
ORD007472,Harinakshi Sama,Books,No,2023-03-23,3.0,"Average books, packaging could be better."
ORD007473,Kevin Taneja,Shoes,No,2023-04-09,1.0,"Disappointed with this shoes, quality is not good."
ORD007474,Tanveer Karpe,Furniture,No,2025-12-28,3.0,"Average furniture, packaging could be better."
ORD007475,Aradhana Sethi,Toys,No,2025-06-19,2.0,"Not worth the price, expected better toys."
ORD007476,Hitesh Bhandari,Electronics,No,2024-10-04,3.0,"The electronics is okay, does the job but nothing special."
ORD007477,Omaja Sharma,Sports Equipment,No,,,
ORD007478,Saumya Ratti,Groceries,No,2023-03-12,4.0,"Fast delivery, groceries exceeded my expectations."
ORD007479,Aarav Nagy,Beauty Products,No,2023-02-03,5.0,"Fast delivery, beauty products exceeded my expectations."
ORD007480,Tara Varughese,Shoes,No,2023-11-02,3.0,"The shoes is okay, does the job but nothing special."
ORD007481,Jasmit Bhardwaj,Beauty Products,No,2024-01-07,2.0,"Disappointed with this beauty products, quality is not good."
ORD007482,Simon Mitter,Shoes,No,2024-02-22,3.0,"Average shoes, packaging could be better."
ORD007483,Rudra Ahuja,Beauty Products,No,2024-03-18,1.0,"Received a damaged beauty products, had to return it."
ORD007484,Nathaniel Kota,Sports Equipment,No,2023-04-13,5.0,"Really satisfied, highly recommend this sports equipment."
ORD007485,Vidhi Gaba,Shoes,No,2026-01-16,2.0,"Disappointed with this shoes, quality is not good."
ORD007486,Elijah Raman,Shoes,No,2025-05-21,5.0,"Really satisfied, highly recommend this shoes."
ORD007487,Urvi Das,Shoes,No,2023-12-26,1.0,"Not worth the price, expected better shoes."
ORD007488,Christopher Vasa,Electronics,No,2023-05-01,5.0,"Great electronics, exactly as described. Very happy with it."
ORD007489,Jalsa Sangha,Groceries,No,2023-02-26,4.0,"Great groceries, exactly as described. Very happy with it."
ORD007490,Ranveer Soman,Furniture,No,2025-10-20,4.0,"Fast delivery, furniture exceeded my expectations."
ORD007491,Chanakya Mand,Groceries,Yes,,,
ORD007492,Shivani Sane,Electronics,No,2025-03-02,4.0,"Really satisfied, highly recommend this electronics."
ORD007493,Gaurang Lad,Electronics,No,2023-08-28,5.0,"Really satisfied, highly recommend this electronics."
ORD007494,Bakhshi Nagar,Toys,No,2023-07-27,4.0,"Great toys, exactly as described. Very happy with it."
ORD007495,Maanas Swamy,Groceries,No,2026-01-01,5.0,"Great groceries, exactly as described. Very happy with it."
ORD007496,Bina Varty,Sports Equipment,No,2023-02-25,3.0,"Average sports equipment, packaging could be better."
ORD007497,Chandresh Golla,Groceries,No,,,
ORD007498,Jhalak Sekhon,Groceries,No,,,
ORD007499,Vinaya Shukla,Groceries,No,2023-06-14,5.0,"Fast delivery, groceries exceeded my expectations."
ORD007500,Vrishti Lalla,Beauty Products,No,2025-07-07,5.0,"Great beauty products, exactly as described. Very happy with it."
ORD007501,Theodore Chandra,Shoes,No,2024-02-12,5.0,"Excellent quality for the price, would buy shoes again."
ORD007502,Gaurang Lad,Groceries,No,2023-07-13,3.0,"The groceries is okay, does the job but nothing special."
ORD007503,Ganga Bumb,Clothes,No,2024-12-25,5.0,"Great clothes, exactly as described. Very happy with it."
ORD007504,Noah Sur,Books,Yes,,,
ORD007505,Ranveer Soman,Shoes,No,2023-06-12,5.0,"Great shoes, exactly as described. Very happy with it."
ORD007506,Ronith Raman,Beauty Products,No,2023-07-16,4.0,"Fast delivery, beauty products exceeded my expectations."
ORD007507,Nitesh Dayal,Books,Yes,2023-06-09,5.0,"Really satisfied, highly recommend this books."
ORD007508,Urvi Bhattacharyya,Beauty Products,No,2024-05-17,4.0,"Fast delivery, beauty products exceeded my expectations."
ORD007509,Leena Narula,Kitchenware,No,2025-09-21,5.0,"Really satisfied, highly recommend this kitchenware."
ORD007510,Rachana Muni,Electronics,No,2024-08-24,2.0,"Disappointed with this electronics, quality is not good."
ORD007511,Shravya Char,Shoes,No,2024-02-28,4.0,"Excellent quality for the price, would buy shoes again."
ORD007512,Liam Solanki,Electronics,No,2025-05-07,5.0,"Fast delivery, electronics exceeded my expectations."
ORD007513,Eshana Tiwari,Clothes,No,2023-09-20,2.0,"Disappointed with this clothes, quality is not good."
ORD007514,Nidhi Sekhon,Groceries,No,2024-01-02,3.0,"The groceries is okay, does the job but nothing special."
ORD007515,Yug Rao,Groceries,Yes,2023-09-08,4.0,"Fast delivery, groceries exceeded my expectations."
ORD007516,Urishilla Naik,Electronics,No,2023-02-06,4.0,"Excellent quality for the price, would buy electronics again."
ORD007517,Rehaan Morar,Electronics,No,2025-06-24,4.0,"Great electronics, exactly as described. Very happy with it."
ORD007518,Kai Bassi,Clothes,No,2023-06-28,5.0,"Excellent quality for the price, would buy clothes again."
ORD007519,Vivaan Sood,Books,No,2025-09-09,4.0,"Fast delivery, books exceeded my expectations."
ORD007520,Tripti Zachariah,Groceries,No,,,
ORD007521,Mekhala Chakraborty,Clothes,No,,,
ORD007522,Shravya Char,Books,No,2024-02-01,5.0,"Really satisfied, highly recommend this books."
ORD007523,Pranit Kohli,Electronics,Yes,2025-07-29,2.0,"Not worth the price, expected better electronics."
ORD007524,Nathaniel Narain,Electronics,No,2023-09-23,5.0,"Great electronics, exactly as described. Very happy with it."
ORD007525,Amara Mitra,Kitchenware,No,,,
ORD007526,Onkar Sarin,Beauty Products,No,2024-07-21,2.0,"Not worth the price, expected better beauty products."
ORD007527,Harrison Arya,Electronics,No,,,
ORD007528,Dayamai Kamdar,Beauty Products,No,,,
ORD007529,Girish Swamy,Shoes,No,2024-07-08,4.0,"Great shoes, exactly as described. Very happy with it."
ORD007530,Tanay Lal,Beauty Products,No,,,
ORD007531,Simon Mitter,Toys,Yes,,,
ORD007532,Jasmit Dhar,Shoes,No,2023-05-13,3.0,"The shoes is okay, does the job but nothing special."
ORD007533,Madhavi Mann,Sports Equipment,No,2024-07-03,2.0,"Not worth the price, expected better sports equipment."
ORD007534,Manya Rao,Sports Equipment,No,2025-02-19,2.0,"Not worth the price, expected better sports equipment."
ORD007535,Dayita Munshi,Groceries,No,2025-02-20,4.0,"Fast delivery, groceries exceeded my expectations."
ORD007536,Xavier Memon,Books,No,2024-02-01,5.0,"Great books, exactly as described. Very happy with it."
ORD007537,Shravya Ravi,Sports Equipment,No,2023-09-03,5.0,"Really satisfied, highly recommend this sports equipment."
ORD007538,Amara Mitra,Groceries,No,2023-01-24,4.0,"Great groceries, exactly as described. Very happy with it."
ORD007539,Manthan Lata,Toys,Yes,2023-06-14,3.0,"Average toys, packaging could be better."
ORD007540,Urmi Wali,Kitchenware,Yes,2023-05-08,5.0,"Excellent quality for the price, would buy kitchenware again."
ORD007541,Simon Mitter,Electronics,No,2025-10-09,3.0,"Average electronics, packaging could be better."
ORD007542,Tejas Mani,Clothes,No,2024-05-21,5.0,"Fast delivery, clothes exceeded my expectations."
ORD007543,Ijaya Narain,Groceries,No,2025-02-02,4.0,"Excellent quality for the price, would buy groceries again."
ORD007544,Lipika Lal,Beauty Products,No,,,
ORD007545,Atharv Madan,Books,No,2024-08-24,5.0,"Great books, exactly as described. Very happy with it."
ORD007546,Parth Jha,Sports Equipment,No,2023-11-17,4.0,"Excellent quality for the price, would buy sports equipment again."
ORD007547,Manthan Lata,Shoes,No,2025-02-02,5.0,"Fast delivery, shoes exceeded my expectations."
ORD007548,Leela Swaminathan,Books,No,2024-08-07,4.0,"Great books, exactly as described. Very happy with it."
ORD007549,Bachittar Bala,Shoes,No,,,
ORD007550,Xavier Memon,Beauty Products,No,2023-06-07,5.0,"Really satisfied, highly recommend this beauty products."
ORD007551,Leela Swaminathan,Clothes,No,2024-04-13,4.0,"Great clothes, exactly as described. Very happy with it."
ORD007552,Upasna Pant,Electronics,No,2025-12-28,4.0,"Excellent quality for the price, would buy electronics again."
ORD007553,Vedhika Dhawan,Clothes,No,2024-05-14,3.0,"The clothes is okay, does the job but nothing special."
ORD007554,Oni Kibe,Groceries,No,,,
ORD007555,Manthan Yadav,Books,No,2024-07-07,3.0,"The books is okay, does the job but nothing special."
ORD007556,Tristan Ravel,Books,No,2025-02-01,4.0,"Excellent quality for the price, would buy books again."
ORD007557,Zaitra Bajaj,Groceries,No,2024-03-28,5.0,"Fast delivery, groceries exceeded my expectations."
ORD007558,Mason Koshy,Sports Equipment,No,,,
ORD007559,Banjeet De,Clothes,No,2024-04-12,4.0,"Fast delivery, clothes exceeded my expectations."
ORD007560,Balveer Dani,Books,No,,,
ORD007561,Qabil Lall,Electronics,No,2025-01-13,3.0,"Average electronics, packaging could be better."
ORD007562,Omaja Dara,Shoes,No,,,
ORD007563,Darika Golla,Groceries,No,,,
ORD007564,Aachal Thakkar,Electronics,No,2023-07-29,4.0,"Really satisfied, highly recommend this electronics."
ORD007565,Hamsini Rattan,Electronics,No,2023-01-20,5.0,"Great electronics, exactly as described. Very happy with it."
ORD007566,Aarnav Pant,Clothes,No,2023-09-13,3.0,"The clothes is okay, does the job but nothing special."
ORD007567,Veda Bhatnagar,Books,No,2025-11-23,5.0,"Really satisfied, highly recommend this books."
ORD007568,Rachana Muni,Sports Equipment,No,2025-10-13,2.0,"Disappointed with this sports equipment, quality is not good."
ORD007569,Alexander Behl,Kitchenware,No,2024-12-13,2.0,"Disappointed with this kitchenware, quality is not good."
ORD007570,Maya Ramakrishnan,Kitchenware,No,,,
ORD007571,Dhruv Randhawa,Beauty Products,No,2025-07-26,5.0,"Excellent quality for the price, would buy beauty products again."
ORD007572,George Madan,Groceries,No,2025-11-24,5.0,"Great groceries, exactly as described. Very happy with it."
ORD007573,Triveni Pathak,Electronics,No,,,
ORD007574,Naksh Sampath,Shoes,No,,,
ORD007575,Udarsh Sachdev,Shoes,No,2023-01-26,5.0,"Really satisfied, highly recommend this shoes."
ORD007576,Nathaniel Bhardwaj,Clothes,Yes,2023-11-27,5.0,"Great clothes, exactly as described. Very happy with it."
ORD007577,Samesh Jani,Groceries,No,2023-08-02,5.0,"Really satisfied, highly recommend this groceries."
ORD007578,Amara Puri,Beauty Products,No,2024-10-21,5.0,"Really satisfied, highly recommend this beauty products."
ORD007579,Azaan Sachar,Electronics,No,2023-09-09,3.0,"Average electronics, packaging could be better."
ORD007580,Zayan Sani,Electronics,No,,,
ORD007581,Chakradhar Deol,Furniture,No,,,
ORD007582,Lipika Chadha,Beauty Products,No,2023-12-09,4.0,"Fast delivery, beauty products exceeded my expectations."
ORD007583,Inaya Taneja,Sports Equipment,No,2024-11-06,5.0,"Fast delivery, sports equipment exceeded my expectations."
ORD007584,Vamakshi Vala,Kitchenware,No,2023-08-17,4.0,"Great kitchenware, exactly as described. Very happy with it."
ORD007585,Mugdha Jani,Kitchenware,No,2024-10-29,4.0,"Great kitchenware, exactly as described. Very happy with it."
ORD007586,Benjamin Barad,Clothes,No,2023-03-19,4.0,"Great clothes, exactly as described. Very happy with it."
ORD007587,Harish Shetty,Kitchenware,No,2025-03-12,4.0,"Excellent quality for the price, would buy kitchenware again."
ORD007588,Chavvi Rajan,Furniture,No,2025-07-22,4.0,"Really satisfied, highly recommend this furniture."
ORD007589,Kashvi Sangha,Beauty Products,No,2025-10-13,4.0,"Excellent quality for the price, would buy beauty products again."
ORD007590,Nicholas Bhandari,Groceries,No,2024-02-09,4.0,"Excellent quality for the price, would buy groceries again."
ORD007591,Falan Johal,Books,No,2024-08-22,5.0,"Fast delivery, books exceeded my expectations."
ORD007592,Neha Warrior,Kitchenware,No,,,
ORD007593,Januja Iyengar,Furniture,No,2024-11-23,5.0,"Excellent quality for the price, would buy furniture again."
ORD007594,Shravya Char,Electronics,No,2024-05-05,4.0,"Fast delivery, electronics exceeded my expectations."
ORD007595,Nidhi Sekhon,Groceries,No,2024-03-24,3.0,"Average groceries, packaging could be better."
ORD007596,Daksh Dhingra,Books,No,2024-06-27,1.0,"Disappointed with this books, quality is not good."
ORD007597,Hitesh Virk,Books,No,2025-07-21,5.0,"Really satisfied, highly recommend this books."
ORD007598,Aradhana Golla,Shoes,No,,,
ORD007599,Raagini Bhagat,Clothes,Yes,,,
ORD007600,Aradhana Golla,Kitchenware,No,2023-04-26,5.0,"Excellent quality for the price, would buy kitchenware again."
ORD007601,Dev Bhasin,Toys,No,2023-04-21,4.0,"Great toys, exactly as described. Very happy with it."
ORD007602,Harrison Arya,Toys,No,2025-08-21,4.0,"Excellent quality for the price, would buy toys again."
ORD007603,Viraj Arora,Electronics,Yes,2025-07-31,4.0,"Great electronics, exactly as described. Very happy with it."
ORD007604,Chaman Varty,Electronics,Yes,2024-02-18,4.0,"Great electronics, exactly as described. Very happy with it."
ORD007605,Varenya Mani,Sports Equipment,No,2023-01-09,2.0,"Received a damaged sports equipment, had to return it."
ORD007606,Zarna Tailor,Beauty Products,No,2025-03-17,5.0,"Really satisfied, highly recommend this beauty products."
ORD007607,Azaan Sachar,Beauty Products,No,2024-04-03,4.0,"Really satisfied, highly recommend this beauty products."
ORD007608,Banjeet De,Electronics,No,,,
ORD007609,Samaksh Sem,Books,No,2025-07-06,5.0,"Fast delivery, books exceeded my expectations."
ORD007610,Tristan Bhavsar,Sports Equipment,No,2025-11-24,3.0,"The sports equipment is okay, does the job but nothing special."
ORD007611,Triveni Gaba,Clothes,No,,,
ORD007612,Gaurang Kamdar,Kitchenware,No,,,
ORD007613,Pratyush Madan,Sports Equipment,No,2023-08-09,4.0,"Fast delivery, sports equipment exceeded my expectations."
ORD007614,Anvi Shan,Books,No,2025-09-14,4.0,"Great books, exactly as described. Very happy with it."
ORD007615,Henry Puri,Shoes,No,,,
ORD007616,Nitara Rajagopal,Beauty Products,No,2025-03-18,5.0,"Excellent quality for the price, would buy beauty products again."
ORD007617,Rohan Rajagopalan,Furniture,No,,,
ORD007618,Idika Singh,Electronics,No,2023-01-15,4.0,"Excellent quality for the price, would buy electronics again."
ORD007619,Upadhriti Menon,Groceries,No,2023-12-15,2.0,"Received a damaged groceries, had to return it."
ORD007620,Gautami Lall,Clothes,Yes,2025-01-06,5.0,"Excellent quality for the price, would buy clothes again."
ORD007621,Daksha Kaul,Clothes,No,2023-08-09,3.0,"Average clothes, packaging could be better."
ORD007622,Matthew Yadav,Groceries,No,2023-11-21,2.0,"Disappointed with this groceries, quality is not good."
ORD007623,Om Sastry,Shoes,No,2023-05-19,5.0,"Great shoes, exactly as described. Very happy with it."
ORD007624,Utkarsh Din,Shoes,No,2024-02-04,5.0,"Fast delivery, shoes exceeded my expectations."
ORD007625,Adya Patla,Electronics,No,2024-07-31,3.0,"The electronics is okay, does the job but nothing special."
ORD007626,Darika Kala,Toys,No,2023-04-05,5.0,"Fast delivery, toys exceeded my expectations."
ORD007627,Jyoti Oak,Beauty Products,No,,,
ORD007628,Mekhala Gala,Groceries,No,2023-03-02,5.0,"Excellent quality for the price, would buy groceries again."
ORD007629,Urvi Bhattacharyya,Groceries,No,2023-07-04,5.0,"Great groceries, exactly as described. Very happy with it."
ORD007630,Faras Garg,Electronics,No,2025-09-06,5.0,"Fast delivery, electronics exceeded my expectations."
ORD007631,Udarsh Gopal,Shoes,No,2025-07-11,4.0,"Excellent quality for the price, would buy shoes again."
ORD007632,Urvi Das,Kitchenware,No,2025-06-18,5.0,"Excellent quality for the price, would buy kitchenware again."
ORD007633,Rushil Dey,Electronics,No,2025-11-26,5.0,"Really satisfied, highly recommend this electronics."
ORD007634,Ayush Bala,Toys,Yes,,,
ORD007635,Matthew Shroff,Clothes,No,2024-06-04,3.0,"The clothes is okay, does the job but nothing special."
ORD007636,Omkaar Chopra,Groceries,No,,,
ORD007637,Isha Bhatnagar,Clothes,No,2023-12-04,5.0,"Great clothes, exactly as described. Very happy with it."
ORD007638,Bahadurjit Arora,Toys,No,2024-06-14,1.0,"Received a damaged toys, had to return it."
ORD007639,Chanchal Chand,Sports Equipment,No,2023-06-10,3.0,"The sports equipment is okay, does the job but nothing special."
ORD007640,Janaki Din,Beauty Products,No,2025-05-06,5.0,"Excellent quality for the price, would buy beauty products again."
ORD007641,Daksha Kaul,Sports Equipment,No,2024-07-03,5.0,"Great sports equipment, exactly as described. Very happy with it."
ORD007642,Damyanti Sahni,Beauty Products,No,,,
ORD007643,Chanchal Sastry,Groceries,No,2024-02-07,3.0,"The groceries is okay, does the job but nothing special."
ORD007644,Benjamin Ratta,Furniture,No,,,
ORD007645,Bimala Master,Kitchenware,Yes,2023-02-07,5.0,"Great kitchenware, exactly as described. Very happy with it."
ORD007646,Tarak Chand,Groceries,No,2024-04-17,5.0,"Really satisfied, highly recommend this groceries."
ORD007647,Ikbal Chhabra,Furniture,No,2024-01-01,3.0,"The furniture is okay, does the job but nothing special."
ORD007648,Frado Joshi,Furniture,No,2025-01-03,5.0,"Fast delivery, furniture exceeded my expectations."
ORD007649,Baghyawati Guha,Furniture,No,2023-09-29,3.0,"The furniture is okay, does the job but nothing special."
ORD007650,Bimala Shanker,Groceries,No,2024-01-25,5.0,"Great groceries, exactly as described. Very happy with it."
ORD007651,Falan Chana,Clothes,No,,,
ORD007652,Advaith Bhatti,Groceries,No,2025-12-29,3.0,"Average groceries, packaging could be better."
ORD007653,Neel Mall,Groceries,Yes,2025-09-13,5.0,"Really satisfied, highly recommend this groceries."
ORD007654,Hamsini Chandra,Shoes,Yes,2024-09-22,4.0,"Really satisfied, highly recommend this shoes."
ORD007655,Janani Parmer,Clothes,No,2024-01-28,5.0,"Great clothes, exactly as described. Very happy with it."
ORD007656,Tanmayi Subramanian,Electronics,No,2024-10-29,3.0,"The electronics is okay, does the job but nothing special."
ORD007657,Ishani Kapoor,Books,No,2024-11-20,3.0,"The books is okay, does the job but nothing special."
ORD007658,Vasudha Shah,Books,Yes,,,
ORD007659,Jairaj Memon,Shoes,No,2023-02-12,4.0,"Excellent quality for the price, would buy shoes again."
ORD007660,Lakshmi Chacko,Groceries,Yes,2025-08-07,3.0,"Average groceries, packaging could be better."
ORD007661,Ojasvi Parmer,Groceries,No,,,
ORD007662,Yash Mittal,Beauty Products,No,2024-12-04,4.0,"Great beauty products, exactly as described. Very happy with it."
ORD007663,Hitesh Prabhu,Electronics,No,2025-05-31,5.0,"Great electronics, exactly as described. Very happy with it."
ORD007664,Qadim Agarwal,Groceries,No,2025-07-26,4.0,"Excellent quality for the price, would buy groceries again."
ORD007665,Hardik Kalla,Groceries,No,2024-08-05,4.0,"Excellent quality for the price, would buy groceries again."
ORD007666,Veda Bhatnagar,Groceries,No,2025-07-07,4.0,"Fast delivery, groceries exceeded my expectations."
ORD007667,Mohammed Pau,Furniture,No,,,
ORD007668,Aachal Lad,Beauty Products,No,2023-10-25,4.0,"Excellent quality for the price, would buy beauty products again."
ORD007669,Benjamin Devi,Shoes,No,2024-11-20,3.0,"The shoes is okay, does the job but nothing special."
ORD007670,Adya Patla,Groceries,No,2025-06-26,4.0,"Really satisfied, highly recommend this groceries."
ORD007671,Leena Chhabra,Beauty Products,No,2025-07-31,4.0,"Really satisfied, highly recommend this beauty products."
ORD007672,Dayita Sehgal,Clothes,No,2023-05-11,1.0,"Not worth the price, expected better clothes."
ORD007673,Bhavna Sood,Beauty Products,Yes,,,
ORD007674,Aarini Nagar,Electronics,No,2024-03-07,4.0,"Really satisfied, highly recommend this electronics."
ORD007675,Udant Hayer,Kitchenware,No,2023-08-21,5.0,"Excellent quality for the price, would buy kitchenware again."
ORD007676,Fitan Sodhi,Shoes,No,2025-09-05,5.0,"Excellent quality for the price, would buy shoes again."
ORD007677,Janani Parmer,Clothes,No,2023-08-25,4.0,"Really satisfied, highly recommend this clothes."
ORD007678,Chandresh Golla,Groceries,No,2025-06-13,4.0,"Really satisfied, highly recommend this groceries."
ORD007679,Jalsa Sangha,Furniture,No,2025-09-22,3.0,"The furniture is okay, does the job but nothing special."
ORD007680,Charan Mangal,Books,Yes,2025-09-12,5.0,"Fast delivery, books exceeded my expectations."
ORD007681,Neelima Chad,Beauty Products,No,2025-12-10,2.0,"Disappointed with this beauty products, quality is not good."
ORD007682,Dhruv Randhawa,Books,No,2023-03-31,5.0,"Fast delivery, books exceeded my expectations."
ORD007683,Yuvraj Thaman,Furniture,No,,,
ORD007684,Lopa Narasimhan,Clothes,No,,,
ORD007685,Nathan Mander,Clothes,No,2025-02-13,4.0,"Great clothes, exactly as described. Very happy with it."
ORD007686,Ikbal Ahuja,Books,No,2025-08-30,5.0,"Really satisfied, highly recommend this books."
ORD007687,Radhika Mahal,Books,No,,,
ORD007688,Ganga Bumb,Electronics,No,2024-09-05,5.0,"Excellent quality for the price, would buy electronics again."
ORD007689,Tejas Mani,Sports Equipment,No,2024-01-24,5.0,"Excellent quality for the price, would buy sports equipment again."
ORD007690,Ladli Kaur,Groceries,No,,,
ORD007691,Dalbir Sule,Furniture,No,2025-03-15,5.0,"Really satisfied, highly recommend this furniture."
ORD007692,Harrison Arya,Electronics,No,2023-06-19,2.0,"Disappointed with this electronics, quality is not good."
ORD007693,Devika Mody,Kitchenware,Yes,,,
ORD007694,Patrick Dora,Furniture,No,,,
ORD007695,Vyanjana Mani,Sports Equipment,Yes,,,
ORD007696,Joshua Bali,Beauty Products,No,2025-12-17,2.0,"Received a damaged beauty products, had to return it."
ORD007697,Ayushman Bahl,Books,No,2024-08-01,3.0,"The books is okay, does the job but nothing special."
ORD007698,Janya Buch,Kitchenware,No,2024-10-08,2.0,"Disappointed with this kitchenware, quality is not good."
ORD007699,Ansh Kohli,Beauty Products,No,2024-01-14,5.0,"Fast delivery, beauty products exceeded my expectations."
ORD007700,Farhan Mammen,Beauty Products,Yes,2023-03-02,4.0,"Really satisfied, highly recommend this beauty products."
ORD007701,Nidhi Sekhon,Books,No,,,
ORD007702,Kritika Chacko,Groceries,Yes,2025-01-17,4.0,"Fast delivery, groceries exceeded my expectations."
ORD007703,Ganga Bumb,Kitchenware,Yes,2025-12-31,3.0,"The kitchenware is okay, does the job but nothing special."
ORD007704,Gautami Lall,Toys,No,2024-07-01,3.0,"The toys is okay, does the job but nothing special."
ORD007705,Kala Nagar,Shoes,No,2024-09-05,5.0,"Really satisfied, highly recommend this shoes."
ORD007706,Zarna Peri,Electronics,No,2023-10-16,4.0,"Great electronics, exactly as described. Very happy with it."
ORD007707,Rachana Muni,Groceries,No,2024-09-02,1.0,"Received a damaged groceries, had to return it."
ORD007708,Yashawini Sengupta,Kitchenware,No,2025-04-11,4.0,"Really satisfied, highly recommend this kitchenware."
ORD007709,Zashil Chaudhuri,Shoes,No,2026-01-06,4.0,"Excellent quality for the price, would buy shoes again."
ORD007710,Meera Chawla,Clothes,No,2024-11-23,4.0,"Fast delivery, clothes exceeded my expectations."
ORD007711,Aayush Andra,Groceries,No,2025-07-18,4.0,"Great groceries, exactly as described. Very happy with it."
ORD007712,Ranbir Kala,Books,No,,,
ORD007713,Vidhi Gaba,Shoes,No,2024-04-24,5.0,"Great shoes, exactly as described. Very happy with it."
ORD007714,Victor Chada,Electronics,No,2025-04-25,4.0,"Really satisfied, highly recommend this electronics."
ORD007715,Bimala Master,Books,No,2023-07-18,4.0,"Fast delivery, books exceeded my expectations."
ORD007716,Faras Garg,Sports Equipment,No,2025-11-22,3.0,"Average sports equipment, packaging could be better."
ORD007717,Harinakshi Sahni,Groceries,No,,,
ORD007718,Gautam Samra,Toys,Yes,2023-03-02,5.0,"Excellent quality for the price, would buy toys again."
ORD007719,Urvi Bhattacharyya,Electronics,No,2024-04-13,1.0,"Disappointed with this electronics, quality is not good."
ORD007720,Leena Narula,Clothes,No,2023-08-07,5.0,"Fast delivery, clothes exceeded my expectations."
ORD007721,Hardik Kalla,Electronics,No,2023-03-31,5.0,"Excellent quality for the price, would buy electronics again."
ORD007722,Mekhala Bawa,Toys,Yes,,,
ORD007723,Akshay Bobal,Shoes,Yes,2024-03-10,2.0,"Disappointed with this shoes, quality is not good."
ORD007724,Daksh Chaudhuri,Electronics,No,2025-08-18,5.0,"Fast delivery, electronics exceeded my expectations."
ORD007725,Ranbir Kala,Books,No,2023-11-12,3.0,"Average books, packaging could be better."
ORD007726,Tara Sur,Groceries,No,2023-10-12,3.0,"The groceries is okay, does the job but nothing special."
ORD007727,Balvan Jani,Furniture,Yes,2023-05-11,3.0,"Average furniture, packaging could be better."
ORD007728,Rishi Borde,Toys,No,2025-08-27,2.0,"Not worth the price, expected better toys."
ORD007729,Chanakya Mand,Groceries,No,2024-08-12,3.0,"The groceries is okay, does the job but nothing special."
ORD007730,Baljiwan Chadha,Books,No,2024-01-19,5.0,"Fast delivery, books exceeded my expectations."
ORD007731,Brinda Thaker,Clothes,No,,,
ORD007732,Harrison Rana,Beauty Products,No,,,
ORD007733,Ranveer Soman,Electronics,Yes,2023-05-06,4.0,"Excellent quality for the price, would buy electronics again."
ORD007734,Qadim Sen,Electronics,No,2025-11-17,5.0,"Really satisfied, highly recommend this electronics."
ORD007735,Yuvraj Thaman,Clothes,No,,,
ORD007736,Brijesh Mani,Beauty Products,No,2023-04-06,3.0,"Average beauty products, packaging could be better."
ORD007737,Leena Chhabra,Clothes,No,2025-03-12,4.0,"Excellent quality for the price, would buy clothes again."
ORD007738,Elijah Luthra,Clothes,No,2025-12-09,5.0,"Great clothes, exactly as described. Very happy with it."
ORD007739,Banjeet Memon,Groceries,No,2024-05-27,5.0,"Great groceries, exactly as described. Very happy with it."
ORD007740,Gagan Tandon,Beauty Products,Yes,2024-06-07,2.0,"Not worth the price, expected better beauty products."
ORD007741,Chavvi Rattan,Clothes,No,2024-05-24,4.0,"Fast delivery, clothes exceeded my expectations."
ORD007742,Reva Dada,Kitchenware,No,,,
ORD007743,Mitali Verma,Groceries,No,,,
ORD007744,Aarini Ramakrishnan,Shoes,No,2025-12-03,4.0,"Great shoes, exactly as described. Very happy with it."
ORD007745,Rachana Muni,Electronics,No,2024-07-07,4.0,"Great electronics, exactly as described. Very happy with it."
ORD007746,Raagini Bhagat,Electronics,No,,,
ORD007747,Aarav Nagy,Beauty Products,No,,,
ORD007748,Rachana Muni,Groceries,No,2024-03-02,2.0,"Not worth the price, expected better groceries."
ORD007749,Meera Chawla,Sports Equipment,No,2023-05-17,3.0,"Average sports equipment, packaging could be better."
ORD007750,Advaith Bhatti,Shoes,No,2023-07-23,3.0,"Average shoes, packaging could be better."
ORD007751,Liam More,Electronics,Yes,2025-01-04,5.0,"Great electronics, exactly as described. Very happy with it."
ORD007752,Chatura Thaman,Clothes,No,2023-03-05,5.0,"Fast delivery, clothes exceeded my expectations."
ORD007753,Tara Sastry,Sports Equipment,No,2024-11-09,4.0,"Great sports equipment, exactly as described. Very happy with it."
ORD007754,Karan Kumar,Books,No,2025-02-14,2.0,"Not worth the price, expected better books."
ORD007755,Nitesh Dayal,Electronics,No,,,
ORD007756,Dayamai Kamdar,Shoes,No,2023-02-12,5.0,"Great shoes, exactly as described. Very happy with it."
ORD007757,Jai Bhatia,Groceries,No,2024-10-14,1.0,"Disappointed with this groceries, quality is not good."
ORD007758,Andrew Tiwari,Clothes,Yes,2024-05-24,5.0,"Excellent quality for the price, would buy clothes again."
ORD007759,Chandresh Bahl,Shoes,No,2023-08-29,2.0,"Not worth the price, expected better shoes."
ORD007760,Yauvani Hora,Groceries,No,,,
ORD007761,Onveer Bhavsar,Shoes,No,2024-02-23,2.0,"Received a damaged shoes, had to return it."
ORD007762,Vedika Ramesh,Books,No,,,
ORD007763,Baghyawati Mishra,Groceries,Yes,2023-08-06,5.0,"Excellent quality for the price, would buy groceries again."
ORD007764,Inaya Kalla,Shoes,No,2025-03-14,5.0,"Great shoes, exactly as described. Very happy with it."
ORD007765,Aarav Anne,Beauty Products,Yes,2024-11-15,5.0,"Really satisfied, highly recommend this beauty products."
ORD007766,Leena Narula,Furniture,No,2024-03-20,5.0,"Fast delivery, furniture exceeded my expectations."
ORD007767,Yasti Mutti,Electronics,No,,,
ORD007768,Sarthak Rai,Groceries,No,2024-07-10,5.0,"Excellent quality for the price, would buy groceries again."
ORD007769,Dakshesh Goswami,Groceries,No,2025-02-17,5.0,"Fast delivery, groceries exceeded my expectations."
ORD007770,Lipika Chadha,Kitchenware,No,2024-02-15,3.0,"The kitchenware is okay, does the job but nothing special."
ORD007771,Damyanti Bhakta,Books,No,2023-07-17,3.0,"The books is okay, does the job but nothing special."
ORD007772,Sanya Cherian,Shoes,No,2025-01-10,4.0,"Really satisfied, highly recommend this shoes."
ORD007773,Orinder Dhaliwal,Toys,No,,,
ORD007774,Vaishnavi Shroff,Furniture,Yes,2024-07-28,4.0,"Fast delivery, furniture exceeded my expectations."
ORD007775,Urvashi Goswami,Sports Equipment,No,,,
ORD007776,Aarnav Mand,Electronics,No,,,
ORD007777,Pranit Kohli,Furniture,No,2025-05-10,4.0,"Excellent quality for the price, would buy furniture again."
ORD007778,Yahvi Magar,Kitchenware,No,2024-09-06,5.0,"Excellent quality for the price, would buy kitchenware again."
ORD007779,Ojasvi Parmer,Sports Equipment,Yes,2024-03-19,5.0,"Great sports equipment, exactly as described. Very happy with it."
ORD007780,Kavya Sandhu,Electronics,No,2025-08-07,4.0,"Great electronics, exactly as described. Very happy with it."
ORD007781,Gautam Aurora,Furniture,No,2023-02-04,1.0,"Disappointed with this furniture, quality is not good."
ORD007782,Megha Shroff,Groceries,No,,,
ORD007783,Timothy Bhatti,Groceries,No,2025-11-01,4.0,"Excellent quality for the price, would buy groceries again."
ORD007784,Omya Salvi,Groceries,No,2024-05-26,5.0,"Great groceries, exactly as described. Very happy with it."
ORD007785,Jagvi Sethi,Electronics,No,2025-07-03,5.0,"Really satisfied, highly recommend this electronics."
ORD007786,Tara Sur,Furniture,No,2025-07-28,5.0,"Great furniture, exactly as described. Very happy with it."
ORD007787,Yauvani Gokhale,Kitchenware,Yes,2024-01-16,4.0,"Really satisfied, highly recommend this kitchenware."
ORD007788,Fitan Sodhi,Sports Equipment,No,2025-08-31,5.0,"Really satisfied, highly recommend this sports equipment."
ORD007789,Gautami Manda,Kitchenware,No,2025-03-24,5.0,"Excellent quality for the price, would buy kitchenware again."
ORD007790,Kamya Lanka,Groceries,No,2025-12-04,5.0,"Fast delivery, groceries exceeded my expectations."
ORD007791,Dipta Shroff,Furniture,Yes,2024-05-30,4.0,"Really satisfied, highly recommend this furniture."
ORD007792,Hiral Dua,Clothes,No,2023-02-28,4.0,"Excellent quality for the price, would buy clothes again."
ORD007793,Rajeshri Kapadia,Toys,No,2025-04-21,1.0,"Received a damaged toys, had to return it."
ORD007794,Ryan Venkataraman,Groceries,No,2024-12-27,4.0,"Great groceries, exactly as described. Very happy with it."
ORD007795,Imaran Edwin,Toys,No,2025-01-22,3.0,"The toys is okay, does the job but nothing special."
ORD007796,Waida Bandi,Electronics,No,2026-01-24,5.0,"Great electronics, exactly as described. Very happy with it."
ORD007797,Chandran Datta,Toys,No,2025-11-22,3.0,"The toys is okay, does the job but nothing special."
ORD007798,Gautami Sarin,Shoes,No,2024-02-07,5.0,"Really satisfied, highly recommend this shoes."
ORD007799,Alka Srinivas,Clothes,No,2024-10-20,2.0,"Disappointed with this clothes, quality is not good."
ORD007800,Rachana Muni,Groceries,No,,,
ORD007801,Chatura Thaman,Books,Yes,2024-09-28,5.0,"Really satisfied, highly recommend this books."
ORD007802,Sachi Chauhan,Electronics,No,2025-03-05,3.0,"The electronics is okay, does the job but nothing special."
ORD007803,Mitali Verma,Beauty Products,Yes,,,
ORD007804,Inaya Sawhney,Groceries,No,2025-07-10,4.0,"Fast delivery, groceries exceeded my expectations."
ORD007805,Yuvraj Gandhi,Shoes,No,,,
ORD007806,Upkaar Cheema,Electronics,No,2024-04-25,3.0,"Average electronics, packaging could be better."
ORD007807,Zayan Sani,Kitchenware,No,2024-07-09,5.0,"Really satisfied, highly recommend this kitchenware."
ORD007808,Shivani Sane,Clothes,No,2025-01-14,2.0,"Received a damaged clothes, had to return it."
ORD007809,Vrishti Shroff,Furniture,Yes,2025-06-20,5.0,"Really satisfied, highly recommend this furniture."
ORD007810,Udarsh Dubey,Books,No,2025-12-29,4.0,"Excellent quality for the price, would buy books again."
ORD007811,Lakshmi Chacko,Groceries,No,2025-11-21,3.0,"Average groceries, packaging could be better."
ORD007812,Vyanjana Mani,Beauty Products,No,2023-08-04,4.0,"Really satisfied, highly recommend this beauty products."
ORD007813,Omisha Sood,Beauty Products,No,2023-11-25,4.0,"Fast delivery, beauty products exceeded my expectations."
ORD007814,Viraj Arora,Furniture,No,2024-04-15,4.0,"Excellent quality for the price, would buy furniture again."
ORD007815,Yashawini Sengupta,Kitchenware,No,2023-11-03,4.0,"Excellent quality for the price, would buy kitchenware again."
ORD007816,Garima Agarwal,Sports Equipment,No,2024-02-27,5.0,"Excellent quality for the price, would buy sports equipment again."
ORD007817,Varenya Mani,Clothes,No,2025-08-23,4.0,"Really satisfied, highly recommend this clothes."
ORD007818,Rayaan Malhotra,Electronics,No,2023-04-30,4.0,"Fast delivery, electronics exceeded my expectations."
ORD007819,Samar Balay,Beauty Products,No,2023-11-14,5.0,"Really satisfied, highly recommend this beauty products."
ORD007820,Maanav Madan,Electronics,No,,,
ORD007821,Ijaya Mander,Electronics,No,2025-03-22,5.0,"Great electronics, exactly as described. Very happy with it."
ORD007822,Yutika Bhagat,Furniture,No,2024-06-04,4.0,"Great furniture, exactly as described. Very happy with it."
ORD007823,Samar Balay,Electronics,No,2023-07-20,5.0,"Excellent quality for the price, would buy electronics again."
ORD007824,Upadhriti Menon,Beauty Products,No,,,
ORD007825,Benjamin Deol,Toys,No,,,
ORD007826,Vivaan More,Electronics,No,,,
ORD007827,Ladli Kaur,Kitchenware,No,2026-01-14,3.0,"Average kitchenware, packaging could be better."
ORD007828,Anika Palan,Sports Equipment,No,2024-07-26,4.0,"Excellent quality for the price, would buy sports equipment again."
ORD007829,Eshana Dyal,Kitchenware,No,2024-09-11,5.0,"Excellent quality for the price, would buy kitchenware again."
ORD007830,Amara Mitra,Clothes,No,2025-01-23,3.0,"Average clothes, packaging could be better."
ORD007831,Vedhika Dhawan,Beauty Products,No,2023-02-26,3.0,"Average beauty products, packaging could be better."
ORD007832,Jagat Iyengar,Sports Equipment,No,2023-12-15,4.0,"Fast delivery, sports equipment exceeded my expectations."
ORD007833,Sathvik Lall,Sports Equipment,Yes,2023-08-24,4.0,"Great sports equipment, exactly as described. Very happy with it."
ORD007834,Meghana Ben,Shoes,No,2025-11-21,2.0,"Not worth the price, expected better shoes."
ORD007835,Nirja Shan,Toys,No,2023-05-30,2.0,"Not worth the price, expected better toys."
ORD007836,Janaki Din,Shoes,No,2025-03-13,5.0,"Great shoes, exactly as described. Very happy with it."
ORD007837,Ryan Venkataraman,Electronics,No,2023-05-05,5.0,"Excellent quality for the price, would buy electronics again."
ORD007838,Alka Chopra,Furniture,No,2025-04-24,4.0,"Great furniture, exactly as described. Very happy with it."
ORD007839,Parth Hegde,Sports Equipment,No,2024-02-12,4.0,"Excellent quality for the price, would buy sports equipment again."
ORD007840,Dev Bhasin,Furniture,Yes,2024-05-14,4.0,"Really satisfied, highly recommend this furniture."
ORD007841,Ganga Chandra,Groceries,No,2024-05-21,4.0,"Fast delivery, groceries exceeded my expectations."
ORD007842,Yasti Mutti,Kitchenware,No,2024-01-29,5.0,"Really satisfied, highly recommend this kitchenware."
ORD007843,Zarna Peri,Books,No,,,
ORD007844,Akshay Ram,Shoes,No,,,
ORD007845,Lakshmi Chacko,Clothes,No,2025-02-22,5.0,"Great clothes, exactly as described. Very happy with it."
ORD007846,Turvi Khanna,Kitchenware,No,2023-05-13,4.0,"Great kitchenware, exactly as described. Very happy with it."
ORD007847,Karan Bail,Beauty Products,No,2023-09-20,4.0,"Excellent quality for the price, would buy beauty products again."
ORD007848,Zashil Bansal,Groceries,No,2024-05-27,4.0,"Really satisfied, highly recommend this groceries."
ORD007849,Tanveer Karpe,Beauty Products,No,2025-09-07,5.0,"Really satisfied, highly recommend this beauty products."
ORD007850,Yatan Keer,Electronics,No,2024-12-27,5.0,"Great electronics, exactly as described. Very happy with it."
ORD007851,Frederick Nair,Clothes,No,2023-11-03,3.0,"Average clothes, packaging could be better."
ORD007852,Chandresh Bahl,Kitchenware,No,2023-06-26,4.0,"Fast delivery, kitchenware exceeded my expectations."
ORD007853,Kamya Jhaveri,Groceries,No,2024-08-15,5.0,"Great groceries, exactly as described. Very happy with it."
ORD007854,Maanav Bassi,Books,No,2025-11-27,3.0,"Average books, packaging could be better."
ORD007855,Ekiya Patla,Electronics,No,2024-08-17,5.0,"Excellent quality for the price, would buy electronics again."
ORD007856,Girish Swamy,Clothes,No,2024-04-03,5.0,"Fast delivery, clothes exceeded my expectations."
ORD007857,Vrinda Sama,Beauty Products,No,2024-12-10,3.0,"The beauty products is okay, does the job but nothing special."
ORD007858,Bhavna Sood,Groceries,Yes,,,
ORD007859,Upasna Pant,Sports Equipment,No,2024-06-04,2.0,"Received a damaged sports equipment, had to return it."
ORD007860,Varsha Sundaram,Electronics,No,2025-12-27,4.0,"Excellent quality for the price, would buy electronics again."
ORD007861,Watika Buch,Beauty Products,No,,,
ORD007862,Urvi Palla,Toys,No,2024-04-14,5.0,"Great toys, exactly as described. Very happy with it."
ORD007863,Mugdha Jani,Books,No,2023-03-16,3.0,"The books is okay, does the job but nothing special."
ORD007864,Bimala Master,Groceries,No,2023-05-29,5.0,"Excellent quality for the price, would buy groceries again."
ORD007865,Praneel Bajaj,Groceries,No,2023-11-29,4.0,"Excellent quality for the price, would buy groceries again."
ORD007866,Benjamin Deol,Books,Yes,2025-08-06,5.0,"Great books, exactly as described. Very happy with it."
ORD007867,Manbir Mittal,Sports Equipment,No,,,
ORD007868,Faras Garg,Groceries,No,2025-12-02,1.0,"Disappointed with this groceries, quality is not good."
ORD007869,Logan Sekhon,Furniture,No,2023-12-29,4.0,"Excellent quality for the price, would buy furniture again."
ORD007870,Januja Bal,Shoes,No,2025-05-04,5.0,"Great shoes, exactly as described. Very happy with it."
ORD007871,Chaman Varty,Electronics,No,,,
ORD007872,Ronith Nazareth,Groceries,No,2024-11-19,3.0,"The groceries is okay, does the job but nothing special."
ORD007873,Mekhala Chakraborty,Beauty Products,No,2023-11-22,3.0,"Average beauty products, packaging could be better."
ORD007874,Frederick Solanki,Clothes,No,2024-08-02,5.0,"Great clothes, exactly as described. Very happy with it."
ORD007875,Yashoda Mammen,Books,Yes,2025-08-03,5.0,"Really satisfied, highly recommend this books."
ORD007876,Charles Chaudry,Electronics,No,2024-05-29,5.0,"Excellent quality for the price, would buy electronics again."
ORD007877,Zayyan Dutt,Clothes,No,,,
ORD007878,Harita Som,Toys,No,,,
ORD007879,Urvi Das,Electronics,No,2024-01-04,5.0,"Excellent quality for the price, would buy electronics again."
ORD007880,Megha Shroff,Groceries,No,2023-02-25,5.0,"Great groceries, exactly as described. Very happy with it."
ORD007881,Onkar Datta,Furniture,No,2023-12-19,2.0,"Not worth the price, expected better furniture."
ORD007882,Yochana Bal,Electronics,No,2024-10-23,4.0,"Great electronics, exactly as described. Very happy with it."
ORD007883,Onkar Sarin,Furniture,No,,,
ORD007884,Warhi Iyer,Electronics,No,2023-08-19,3.0,"The electronics is okay, does the job but nothing special."
ORD007885,Kiaan Jayaraman,Books,No,2024-03-10,4.0,"Great books, exactly as described. Very happy with it."
ORD007886,Devika Parikh,Furniture,No,2025-04-15,4.0,"Great furniture, exactly as described. Very happy with it."
ORD007887,Nidhi Baria,Books,Yes,2023-12-12,5.0,"Excellent quality for the price, would buy books again."
ORD007888,Tara Sur,Groceries,Yes,,,
ORD007889,Dipta Vaidya,Kitchenware,No,2023-02-28,4.0,"Great kitchenware, exactly as described. Very happy with it."
ORD007890,Bimala Master,Clothes,No,2025-09-16,3.0,"The clothes is okay, does the job but nothing special."
ORD007891,Faras Murthy,Shoes,No,2024-09-28,5.0,"Really satisfied, highly recommend this shoes."
ORD007892,Varsha Sundaram,Furniture,No,2023-03-30,4.0,"Great furniture, exactly as described. Very happy with it."
ORD007893,Lipika Chadha,Sports Equipment,Yes,2025-06-16,4.0,"Fast delivery, sports equipment exceeded my expectations."
ORD007894,Ekalinga Joshi,Shoes,No,2025-10-08,3.0,"The shoes is okay, does the job but nothing special."
ORD007895,Aradhana Sethi,Beauty Products,Yes,2024-08-26,4.0,"Fast delivery, beauty products exceeded my expectations."
ORD007896,Bhavna Sood,Clothes,No,2025-12-13,5.0,"Excellent quality for the price, would buy clothes again."
ORD007897,Akshay Bobal,Groceries,No,2024-03-30,4.0,"Really satisfied, highly recommend this groceries."
ORD007898,Warda Ramaswamy,Books,No,,,
ORD007899,Gautami Lall,Electronics,Yes,2024-03-14,2.0,"Received a damaged electronics, had to return it."
ORD007900,Warda Doctor,Kitchenware,Yes,2023-08-10,5.0,"Really satisfied, highly recommend this kitchenware."
ORD007901,Chanchal Chand,Clothes,No,2023-03-22,1.0,"Not worth the price, expected better clothes."
ORD007902,Omisha Sood,Electronics,No,2023-03-30,3.0,"The electronics is okay, does the job but nothing special."
ORD007903,Yuvraj Thaman,Groceries,No,2023-06-20,3.0,"Average groceries, packaging could be better."
ORD007904,Yatin Balakrishnan,Shoes,No,2025-05-11,5.0,"Great shoes, exactly as described. Very happy with it."
ORD007905,Yochana Bal,Shoes,No,2025-07-01,5.0,"Fast delivery, shoes exceeded my expectations."
ORD007906,Ubika Bains,Clothes,No,,,
ORD007907,Tara Varughese,Furniture,No,2025-08-30,3.0,"Average furniture, packaging could be better."
ORD007908,Anita Nayak,Groceries,No,,,
ORD007909,Tara Varughese,Beauty Products,No,2025-12-20,3.0,"Average beauty products, packaging could be better."
ORD007910,Gavin Gade,Toys,No,2025-10-25,4.0,"Really satisfied, highly recommend this toys."
ORD007911,Sanya Cherian,Books,No,2024-01-26,1.0,"Received a damaged books, had to return it."
ORD007912,Upasna Pant,Shoes,No,2023-10-29,5.0,"Excellent quality for the price, would buy shoes again."
ORD007913,Vihaan Dora,Beauty Products,No,2025-10-17,3.0,"Average beauty products, packaging could be better."
ORD007914,Ayush Bala,Shoes,Yes,2023-08-11,3.0,"Average shoes, packaging could be better."
ORD007915,Idika Bhagat,Furniture,No,,,
ORD007916,Zarna Peri,Beauty Products,Yes,,,
ORD007917,Onkar Sarin,Clothes,No,2025-09-19,3.0,"Average clothes, packaging could be better."
ORD007918,Hamsini Rattan,Sports Equipment,No,2023-10-08,4.0,"Excellent quality for the price, would buy sports equipment again."
ORD007919,Zayyan Wason,Books,No,2025-09-28,5.0,"Great books, exactly as described. Very happy with it."
ORD007920,Elijah Luthra,Electronics,No,2025-09-17,4.0,"Great electronics, exactly as described. Very happy with it."
ORD007921,Ekiya Patla,Beauty Products,No,,,
ORD007922,Vaishnavi Shroff,Groceries,No,2025-11-04,5.0,"Really satisfied, highly recommend this groceries."
ORD007923,Shivansh Puri,Shoes,Yes,2025-10-15,2.0,"Not worth the price, expected better shoes."
ORD007924,Charvi Subramanian,Beauty Products,No,2024-09-10,4.0,"Excellent quality for the price, would buy beauty products again."
ORD007925,Amara Puri,Toys,No,,,
ORD007926,Manya Rao,Electronics,No,,,
ORD007927,Gavin Lalla,Kitchenware,No,2023-06-06,4.0,"Great kitchenware, exactly as described. Very happy with it."
ORD007928,Vasudha Murty,Clothes,No,2023-05-07,5.0,"Really satisfied, highly recommend this clothes."
ORD007929,Hemani Aurora,Groceries,No,2024-05-14,2.0,"Not worth the price, expected better groceries."
ORD007930,Aachal Andra,Clothes,No,,,
ORD007931,Madhavi Mann,Furniture,No,2025-10-18,2.0,"Not worth the price, expected better furniture."
ORD007932,Tarak Chand,Clothes,Yes,2025-02-15,5.0,"Really satisfied, highly recommend this clothes."
ORD007933,Mekhala Bawa,Groceries,No,2025-01-01,3.0,"The groceries is okay, does the job but nothing special."
ORD007934,Hardik Kalla,Electronics,No,2024-08-27,2.0,"Received a damaged electronics, had to return it."
ORD007935,Vivaan More,Toys,No,2025-09-08,4.0,"Excellent quality for the price, would buy toys again."
ORD007936,Kavya Srivastava,Furniture,No,2025-08-22,5.0,"Fast delivery, furniture exceeded my expectations."
ORD007937,Jagdish Kurian,Kitchenware,No,,,
ORD007938,Lakshmi Bhat,Books,No,,,
ORD007939,Harsh Agrawal,Shoes,No,,,
ORD007940,Omya Salvi,Beauty Products,No,2025-05-27,4.0,"Great beauty products, exactly as described. Very happy with it."
ORD007941,Jatin Kapoor,Clothes,No,2025-11-15,5.0,"Excellent quality for the price, would buy clothes again."
ORD007942,Wakeeta Tella,Sports Equipment,No,2024-02-25,3.0,"Average sports equipment, packaging could be better."
ORD007943,Vincent Barad,Clothes,No,2024-03-17,4.0,"Fast delivery, clothes exceeded my expectations."
ORD007944,Thomas Sethi,Shoes,Yes,2023-06-02,3.0,"The shoes is okay, does the job but nothing special."
ORD007945,Jairaj Setty,Sports Equipment,No,2024-08-10,3.0,"The sports equipment is okay, does the job but nothing special."
ORD007946,Maanas Babu,Groceries,No,,,
ORD007947,Veda Muni,Groceries,No,2024-04-15,3.0,"Average groceries, packaging could be better."
ORD007948,Vedhika Dhawan,Sports Equipment,No,2023-03-04,4.0,"Great sports equipment, exactly as described. Very happy with it."
ORD007949,Hemangini Sekhon,Books,No,2025-05-31,5.0,"Fast delivery, books exceeded my expectations."
ORD007950,Harinakshi Sahni,Electronics,No,2025-04-29,4.0,"Fast delivery, electronics exceeded my expectations."
ORD007951,Yamini Garg,Groceries,No,2023-03-16,3.0,"Average groceries, packaging could be better."
ORD007952,Riya Thaman,Electronics,No,2024-11-04,4.0,"Really satisfied, highly recommend this electronics."
ORD007953,Gavin Lalla,Furniture,No,2023-12-12,2.0,"Not worth the price, expected better furniture."
ORD007954,Dhruv Bandi,Electronics,Yes,2024-02-10,2.0,"Not worth the price, expected better electronics."
ORD007955,Gautami Manda,Sports Equipment,Yes,2024-07-01,5.0,"Really satisfied, highly recommend this sports equipment."
ORD007956,Nirja Shan,Groceries,No,2024-07-27,5.0,"Great groceries, exactly as described. Very happy with it."
ORD007957,Samaksh Sem,Beauty Products,No,2024-12-03,5.0,"Great beauty products, exactly as described. Very happy with it."
ORD007958,Shivani Sane,Books,No,2025-07-11,5.0,"Fast delivery, books exceeded my expectations."
ORD007959,Gautam Mishra,Kitchenware,Yes,2023-05-18,3.0,"The kitchenware is okay, does the job but nothing special."
ORD007960,Viraj Barad,Clothes,No,2025-02-18,5.0,"Fast delivery, clothes exceeded my expectations."
ORD007961,Aarav Nagy,Clothes,No,2023-06-18,5.0,"Excellent quality for the price, would buy clothes again."
ORD007962,Ekansh Batra,Furniture,No,2024-02-03,4.0,"Excellent quality for the price, would buy furniture again."
ORD007963,Omisha Sood,Clothes,No,2024-10-09,3.0,"Average clothes, packaging could be better."
ORD007964,Idika Warrior,Groceries,No,2024-04-07,5.0,"Excellent quality for the price, would buy groceries again."
ORD007965,George Golla,Clothes,No,2024-08-16,5.0,"Excellent quality for the price, would buy clothes again."
ORD007966,Vrishti Cherian,Toys,No,2024-02-09,5.0,"Great toys, exactly as described. Very happy with it."
ORD007967,Janani Parmer,Beauty Products,No,2023-11-15,3.0,"Average beauty products, packaging could be better."
ORD007968,Adweta Parsa,Electronics,No,2024-06-08,2.0,"Received a damaged electronics, had to return it."
ORD007969,Rohan Rajagopalan,Sports Equipment,No,2024-04-14,4.0,"Fast delivery, sports equipment exceeded my expectations."
ORD007970,Charan Banerjee,Sports Equipment,No,2024-06-08,2.0,"Received a damaged sports equipment, had to return it."
ORD007971,Harsh Gala,Electronics,No,2024-08-29,5.0,"Really satisfied, highly recommend this electronics."
ORD007972,Kashvi Sangha,Clothes,No,2024-09-19,4.0,"Fast delivery, clothes exceeded my expectations."
ORD007973,Siya Dhillon,Books,No,2025-02-25,4.0,"Excellent quality for the price, would buy books again."
ORD007974,Leena Chhabra,Sports Equipment,No,2025-08-09,5.0,"Really satisfied, highly recommend this sports equipment."
ORD007975,Shivani Murthy,Furniture,Yes,2025-11-07,1.0,"Not worth the price, expected better furniture."
ORD007976,Yahvi Wadhwa,Kitchenware,Yes,2025-02-05,5.0,"Really satisfied, highly recommend this kitchenware."
ORD007977,Kala Vig,Groceries,No,2025-06-11,5.0,"Great groceries, exactly as described. Very happy with it."
ORD007978,Zehaan Pradhan,Electronics,No,2025-03-30,3.0,"Average electronics, packaging could be better."
ORD007979,Ansh Kohli,Books,No,2025-03-06,3.0,"The books is okay, does the job but nothing special."
ORD007980,Vrishti Cherian,Books,Yes,2024-04-02,4.0,"Really satisfied, highly recommend this books."
ORD007981,Hamsini Iyer,Groceries,No,2025-12-17,4.0,"Great groceries, exactly as described. Very happy with it."
ORD007982,Chandran Datta,Electronics,No,2024-10-31,5.0,"Excellent quality for the price, would buy electronics again."
ORD007983,Finn Kurian,Electronics,No,2025-06-27,4.0,"Great electronics, exactly as described. Very happy with it."
ORD007984,Kai Bassi,Furniture,No,,,
ORD007985,Yochana Bal,Books,No,,,
ORD007986,Nidra Devan,Electronics,No,2024-11-05,4.0,"Great electronics, exactly as described. Very happy with it."
ORD007987,Shravya Naik,Electronics,No,,,
ORD007988,Orinder Dhaliwal,Furniture,Yes,2024-09-06,4.0,"Excellent quality for the price, would buy furniture again."
ORD007989,Urishilla Naik,Sports Equipment,No,2024-02-15,4.0,"Excellent quality for the price, would buy sports equipment again."
ORD007990,Chanchal Chand,Sports Equipment,Yes,2024-12-21,5.0,"Excellent quality for the price, would buy sports equipment again."
ORD007991,Faqid Gole,Shoes,No,2024-06-17,1.0,"Received a damaged shoes, had to return it."
ORD007992,Inaya Taneja,Groceries,No,2024-03-27,3.0,"The groceries is okay, does the job but nothing special."
ORD007993,Sathvik Lall,Electronics,No,,,
ORD007994,Leena Chhabra,Electronics,No,2024-01-22,2.0,"Received a damaged electronics, had to return it."
ORD007995,Banjeet Rastogi,Groceries,No,2023-07-09,5.0,"Great groceries, exactly as described. Very happy with it."
ORD007996,Falan Johal,Books,No,2025-02-11,4.0,"Really satisfied, highly recommend this books."
ORD007997,Adya Sangha,Groceries,No,2025-07-03,2.0,"Received a damaged groceries, had to return it."
ORD007998,Faris Sethi,Books,Yes,,,
ORD007999,Ekiya Patla,Groceries,No,,,
ORD008000,Sneha Nori,Toys,Yes,2025-08-29,4.0,"Really satisfied, highly recommend this toys."
ORD008001,Om Sastry,Kitchenware,Yes,2023-12-11,5.0,"Excellent quality for the price, would buy kitchenware again."
ORD008002,Janya Buch,Sports Equipment,No,2026-01-11,4.0,"Fast delivery, sports equipment exceeded my expectations."
ORD008003,Warda Ramaswamy,Groceries,No,2023-04-25,3.0,"Average groceries, packaging could be better."
ORD008004,Aarav Anne,Books,No,,,
ORD008005,Nachiket Kota,Shoes,No,2025-12-16,5.0,"Really satisfied, highly recommend this shoes."
ORD008006,Ekiya Patla,Groceries,No,2025-06-23,4.0,"Excellent quality for the price, would buy groceries again."
ORD008007,Amrita Sami,Kitchenware,No,2023-04-30,3.0,"Average kitchenware, packaging could be better."
ORD008008,George Golla,Electronics,No,,,
ORD008009,Laksh Sani,Toys,No,2024-12-06,5.0,"Fast delivery, toys exceeded my expectations."
ORD008010,Janaki Din,Toys,No,2023-07-28,5.0,"Fast delivery, toys exceeded my expectations."
ORD008011,Pahal Kuruvilla,Books,Yes,2024-06-13,4.0,"Fast delivery, books exceeded my expectations."
ORD008012,Hritik Talwar,Electronics,No,,,
ORD008013,Yashoda Mammen,Electronics,No,2023-07-29,4.0,"Great electronics, exactly as described. Very happy with it."
ORD008014,Balhaar Gade,Sports Equipment,No,,,
ORD008015,Chanchal Sastry,Beauty Products,No,2024-06-20,4.0,"Really satisfied, highly recommend this beauty products."
ORD008016,Nimrat Vasa,Toys,No,2024-02-18,3.0,"The toys is okay, does the job but nothing special."
ORD008017,Imaran Hari,Sports Equipment,No,2024-10-27,5.0,"Excellent quality for the price, would buy sports equipment again."
ORD008018,Mekhala Bawa,Furniture,No,2024-10-22,3.0,"The furniture is okay, does the job but nothing special."
ORD008019,Rushil Dey,Groceries,No,,,
ORD008020,Karan Bhat,Books,No,2025-06-07,4.0,"Excellent quality for the price, would buy books again."
ORD008021,Tejas Mani,Kitchenware,No,,,
ORD008022,Gavin Gade,Kitchenware,No,,,
ORD008023,Eta Chakraborty,Shoes,No,2025-10-03,5.0,"Great shoes, exactly as described. Very happy with it."
ORD008024,Yashvi Bahl,Groceries,No,2023-10-01,5.0,"Great groceries, exactly as described. Very happy with it."
ORD008025,Rehaan Morar,Groceries,Yes,2024-09-03,4.0,"Excellent quality for the price, would buy groceries again."
ORD008026,Hamsini Chandra,Sports Equipment,No,2023-03-20,3.0,"The sports equipment is okay, does the job but nothing special."
ORD008027,Hemangini Chad,Beauty Products,No,2024-01-26,2.0,"Received a damaged beauty products, had to return it."
ORD008028,Elijah Dalal,Beauty Products,No,2023-09-29,5.0,"Excellent quality for the price, would buy beauty products again."
ORD008029,Omya Boase,Groceries,No,2024-01-22,4.0,"Great groceries, exactly as described. Very happy with it."
ORD008030,Imaran Buch,Shoes,No,2023-03-04,4.0,"Excellent quality for the price, would buy shoes again."
ORD008031,Abhiram Mitter,Shoes,No,2024-08-17,3.0,"The shoes is okay, does the job but nothing special."
ORD008032,Janya Kashyap,Kitchenware,Yes,,,
ORD008033,Ubika Bains,Electronics,No,,,
ORD008034,Nicholas Choudhary,Groceries,No,2023-11-13,1.0,"Received a damaged groceries, had to return it."
ORD008035,Baghyawati Mishra,Furniture,No,2024-03-31,3.0,"Average furniture, packaging could be better."
ORD008036,Daksh Chaudhuri,Books,No,2025-12-07,5.0,"Great books, exactly as described. Very happy with it."
ORD008037,Ekalinga Dave,Books,No,2024-04-30,4.0,"Excellent quality for the price, would buy books again."
ORD008038,Noah Sur,Beauty Products,No,,,
ORD008039,Harita Som,Books,No,2025-09-22,5.0,"Fast delivery, books exceeded my expectations."
ORD008040,Dakshesh Goswami,Clothes,No,2025-09-29,2.0,"Received a damaged clothes, had to return it."
ORD008041,Alka Magar,Electronics,Yes,2024-09-11,5.0,"Really satisfied, highly recommend this electronics."
ORD008042,Lipika Lal,Electronics,Yes,2025-01-15,5.0,"Fast delivery, electronics exceeded my expectations."
ORD008043,Rushil Brahmbhatt,Clothes,No,2024-07-05,5.0,"Fast delivery, clothes exceeded my expectations."
ORD008044,Inaya Kalla,Clothes,No,2025-01-28,4.0,"Excellent quality for the price, would buy clothes again."
ORD008045,Lohit Saha,Books,No,2025-05-26,5.0,"Excellent quality for the price, would buy books again."
ORD008046,Wakeeta Raja,Kitchenware,No,2025-11-21,1.0,"Disappointed with this kitchenware, quality is not good."
ORD008047,Zaitra Bora,Books,No,2025-03-04,5.0,"Fast delivery, books exceeded my expectations."
ORD008048,Mason Koshy,Kitchenware,No,2025-02-15,5.0,"Really satisfied, highly recommend this kitchenware."
ORD008049,Ganga Handa,Kitchenware,No,2024-01-26,3.0,"Average kitchenware, packaging could be better."
ORD008050,Ijaya Mander,Furniture,No,2024-10-31,3.0,"Average furniture, packaging could be better."
ORD008051,Yauvani Hora,Toys,No,2025-07-26,4.0,"Excellent quality for the price, would buy toys again."
ORD008052,Zilmil Bail,Books,No,2024-02-08,4.0,"Fast delivery, books exceeded my expectations."
ORD008053,Hemangini Sekhon,Electronics,Yes,2025-02-15,5.0,"Fast delivery, electronics exceeded my expectations."
ORD008054,Yochana Bal,Groceries,No,2023-10-16,5.0,"Really satisfied, highly recommend this groceries."
ORD008055,Finn Dugal,Electronics,No,2025-05-04,2.0,"Received a damaged electronics, had to return it."
ORD008056,Januja Bal,Kitchenware,No,2024-04-21,3.0,"Average kitchenware, packaging could be better."
ORD008057,Fariq Gandhi,Beauty Products,No,2024-01-11,3.0,"Average beauty products, packaging could be better."
ORD008058,Benjamin Devi,Toys,No,2024-04-05,2.0,"Received a damaged toys, had to return it."
ORD008059,Vinaya Shukla,Kitchenware,No,2023-07-29,4.0,"Excellent quality for the price, would buy kitchenware again."
ORD008060,Mekhala Gala,Groceries,No,2025-09-27,5.0,"Fast delivery, groceries exceeded my expectations."
ORD008061,Leela Swaminathan,Kitchenware,No,2026-01-05,5.0,"Great kitchenware, exactly as described. Very happy with it."
ORD008062,Girindra Gola,Books,No,2023-02-28,2.0,"Received a damaged books, had to return it."
ORD008063,Kai Bassi,Kitchenware,Yes,2024-04-09,4.0,"Great kitchenware, exactly as described. Very happy with it."
ORD008064,Xavier Memon,Groceries,No,2024-10-30,5.0,"Excellent quality for the price, would buy groceries again."
ORD008065,Ranbir Kala,Books,No,2024-05-19,4.0,"Excellent quality for the price, would buy books again."
ORD008066,Aarnav Pant,Beauty Products,No,2024-10-24,1.0,"Not worth the price, expected better beauty products."
ORD008067,Udarsh Sachdev,Books,Yes,2023-04-03,5.0,"Excellent quality for the price, would buy books again."
ORD008068,Krisha Ram,Electronics,No,2025-03-25,4.0,"Great electronics, exactly as described. Very happy with it."
ORD008069,Zarna Wali,Toys,No,,,
ORD008070,Pahal Kuruvilla,Beauty Products,No,2023-05-22,5.0,"Fast delivery, beauty products exceeded my expectations."
ORD008071,Ishani Bhalla,Electronics,No,2024-12-24,3.0,"Average electronics, packaging could be better."
ORD008072,Leena Chhabra,Kitchenware,No,2025-05-03,4.0,"Excellent quality for the price, would buy kitchenware again."
ORD008073,Amara Mitra,Books,No,2023-05-31,2.0,"Disappointed with this books, quality is not good."
ORD008074,Widisha Minhas,Beauty Products,No,2024-05-23,4.0,"Excellent quality for the price, would buy beauty products again."
ORD008075,Falak Gulati,Furniture,No,2024-11-06,5.0,"Excellent quality for the price, would buy furniture again."
ORD008076,Akshay Bobal,Shoes,No,2025-05-07,5.0,"Fast delivery, shoes exceeded my expectations."
ORD008077,Akshay Bobal,Shoes,No,2023-07-10,5.0,"Fast delivery, shoes exceeded my expectations."
ORD008078,Reva Kota,Clothes,No,2023-05-08,3.0,"The clothes is okay, does the job but nothing special."
ORD008079,Neel Mall,Groceries,No,2024-05-11,2.0,"Received a damaged groceries, had to return it."
ORD008080,Krisha Ram,Shoes,No,2023-02-13,5.0,"Excellent quality for the price, would buy shoes again."
ORD008081,Joshua Bali,Shoes,No,,,
ORD008082,Vedhika Dhawan,Beauty Products,No,2024-05-19,5.0,"Really satisfied, highly recommend this beauty products."
ORD008083,Qadim Sen,Beauty Products,Yes,2025-07-10,5.0,"Excellent quality for the price, would buy beauty products again."
ORD008084,Banjeet Rege,Books,No,2025-09-02,3.0,"Average books, packaging could be better."
ORD008085,Zarna Wali,Groceries,Yes,,,
ORD008086,Abhiram Mitter,Groceries,No,,,
ORD008087,Nandini Karan,Kitchenware,No,2023-11-20,3.0,"Average kitchenware, packaging could be better."
ORD008088,Yamini Garg,Beauty Products,No,2024-04-08,1.0,"Disappointed with this beauty products, quality is not good."
ORD008089,Dayamai Sangha,Sports Equipment,No,,,
ORD008090,Yatan Tripathi,Beauty Products,No,2023-03-04,4.0,"Really satisfied, highly recommend this beauty products."
ORD008091,Lekha Bains,Furniture,No,2024-02-15,3.0,"The furniture is okay, does the job but nothing special."
ORD008092,Daksh Dhingra,Clothes,No,,,
ORD008093,Riya Thaman,Electronics,Yes,2025-02-18,4.0,"Great electronics, exactly as described. Very happy with it."
ORD008094,Shivani Murthy,Groceries,No,2024-06-20,5.0,"Excellent quality for the price, would buy groceries again."
ORD008095,Gaurang Lad,Toys,No,2023-07-19,5.0,"Fast delivery, toys exceeded my expectations."
ORD008096,Daksha Kaul,Beauty Products,No,2025-12-29,2.0,"Disappointed with this beauty products, quality is not good."
ORD008097,Vasudha Shah,Groceries,No,2025-05-16,3.0,"Average groceries, packaging could be better."
ORD008098,Reva Dada,Electronics,No,2025-09-24,4.0,"Excellent quality for the price, would buy electronics again."
ORD008099,Adya Sangha,Groceries,No,2025-01-01,5.0,"Great groceries, exactly as described. Very happy with it."
ORD008100,Aachal Lad,Kitchenware,No,2024-11-15,4.0,"Great kitchenware, exactly as described. Very happy with it."
ORD008101,Chavvi Rajan,Books,No,2025-09-16,3.0,"Average books, packaging could be better."
ORD008102,Elijah Raman,Shoes,No,2024-02-15,4.0,"Great shoes, exactly as described. Very happy with it."
ORD008103,Ishani Bhalla,Sports Equipment,No,2023-09-08,4.0,"Fast delivery, sports equipment exceeded my expectations."
ORD008104,Dayamai Sankaran,Clothes,No,2025-11-18,5.0,"Great clothes, exactly as described. Very happy with it."
ORD008105,Xavier Sani,Groceries,Yes,,,
ORD008106,Udarsh Dubey,Clothes,No,2026-01-24,5.0,"Really satisfied, highly recommend this clothes."
ORD008107,Darsh Arya,Clothes,No,2023-04-01,4.0,"Great clothes, exactly as described. Very happy with it."
ORD008108,Inaya Sawhney,Clothes,No,2025-06-15,1.0,"Not worth the price, expected better clothes."
ORD008109,Chatura Kala,Groceries,No,2024-11-17,4.0,"Excellent quality for the price, would buy groceries again."
ORD008110,Krisha Mutti,Toys,No,2023-07-16,5.0,"Great toys, exactly as described. Very happy with it."
ORD008111,Gavin Gade,Groceries,No,2025-09-29,5.0,"Fast delivery, groceries exceeded my expectations."
ORD008112,Jyoti Dhingra,Shoes,No,2025-03-21,5.0,"Great shoes, exactly as described. Very happy with it."
ORD008113,Aarnav Pant,Groceries,No,2025-06-25,4.0,"Great groceries, exactly as described. Very happy with it."
ORD008114,Abha Ahuja,Shoes,No,2024-12-25,2.0,"Received a damaged shoes, had to return it."
ORD008115,Triveni Pathak,Books,No,2024-07-27,4.0,"Really satisfied, highly recommend this books."
ORD008116,Tanay Lal,Books,No,,,
ORD008117,Daksha Kaul,Groceries,No,,,
ORD008118,Bimala Shanker,Electronics,No,2025-06-17,5.0,"Great electronics, exactly as described. Very happy with it."
ORD008119,Ijaya Dyal,Furniture,No,2025-03-25,4.0,"Excellent quality for the price, would buy furniture again."
ORD008120,Kashish Sekhon,Beauty Products,No,2023-03-24,3.0,"Average beauty products, packaging could be better."
ORD008121,Aarini Ramakrishnan,Kitchenware,No,2025-04-26,5.0,"Really satisfied, highly recommend this kitchenware."
ORD008122,Vedhika Raj,Toys,No,2023-06-07,4.0,"Great toys, exactly as described. Very happy with it."
ORD008123,Timothy Bhatti,Furniture,No,2023-07-09,5.0,"Really satisfied, highly recommend this furniture."
ORD008124,Kashvi Sangha,Electronics,No,2025-01-21,2.0,"Disappointed with this electronics, quality is not good."
ORD008125,Faras Murthy,Electronics,No,,,
ORD008126,Onkar Sarin,Toys,No,2024-11-23,5.0,"Really satisfied, highly recommend this toys."
ORD008127,Omaja Sharma,Furniture,No,2023-03-08,3.0,"Average furniture, packaging could be better."
ORD008128,Akshay Kohli,Kitchenware,Yes,2024-08-12,5.0,"Fast delivery, kitchenware exceeded my expectations."
ORD008129,Bina Sankaran,Books,No,2023-11-28,5.0,"Really satisfied, highly recommend this books."
ORD008130,Girish Swamy,Beauty Products,No,2023-11-17,2.0,"Received a damaged beauty products, had to return it."
ORD008131,Adweta Parsa,Electronics,No,2024-07-03,5.0,"Really satisfied, highly recommend this electronics."
ORD008132,Yauvani Gokhale,Kitchenware,No,,,
ORD008133,Manthan Lata,Books,Yes,2025-02-17,4.0,"Excellent quality for the price, would buy books again."
ORD008134,Tara Sur,Furniture,No,2023-05-30,3.0,"Average furniture, packaging could be better."
ORD008135,Naveen Nagi,Clothes,No,2023-05-28,4.0,"Fast delivery, clothes exceeded my expectations."
ORD008136,Urvashi Goswami,Furniture,No,2023-10-06,5.0,"Great furniture, exactly as described. Very happy with it."
ORD008137,Vansha Deol,Furniture,No,2024-11-04,5.0,"Fast delivery, furniture exceeded my expectations."
ORD008138,Farhan Mammen,Kitchenware,No,2024-11-09,3.0,"Average kitchenware, packaging could be better."
ORD008139,Maanas Ratta,Beauty Products,No,,,
ORD008140,Akshay Kohli,Shoes,Yes,2024-05-31,5.0,"Fast delivery, shoes exceeded my expectations."
ORD008141,Eta Chakraborty,Groceries,No,,,
ORD008142,Vaishnavi Dutt,Clothes,No,2025-02-24,3.0,"Average clothes, packaging could be better."
ORD008143,Darsh Arya,Sports Equipment,Yes,2025-06-23,3.0,"The sports equipment is okay, does the job but nothing special."
ORD008144,Adya Patla,Toys,Yes,2023-09-13,4.0,"Fast delivery, toys exceeded my expectations."
ORD008145,Falak Gulati,Shoes,No,2023-03-07,5.0,"Great shoes, exactly as described. Very happy with it."
ORD008146,Vivaan Grewal,Beauty Products,No,2023-01-06,5.0,"Excellent quality for the price, would buy beauty products again."
ORD008147,Elijah Dalal,Clothes,No,2024-09-10,2.0,"Not worth the price, expected better clothes."
ORD008148,Manya Rao,Furniture,No,2025-04-19,5.0,"Fast delivery, furniture exceeded my expectations."
ORD008149,Xavier Soman,Groceries,No,,,
ORD008150,Dipta Vaidya,Furniture,No,,,
ORD008151,Tripti Zachariah,Electronics,No,2025-05-02,3.0,"Average electronics, packaging could be better."
ORD008152,Rohan Rajagopalan,Kitchenware,No,2024-09-24,5.0,"Really satisfied, highly recommend this kitchenware."
ORD008153,Darsh Aurora,Furniture,No,2025-12-29,5.0,"Excellent quality for the price, would buy furniture again."
ORD008154,Gautami Sarin,Toys,No,2023-02-24,5.0,"Excellent quality for the price, would buy toys again."
ORD008155,Yahvi Magar,Furniture,No,,,
ORD008156,Manthan Lata,Toys,No,2023-06-12,5.0,"Fast delivery, toys exceeded my expectations."
ORD008157,Anika Palan,Kitchenware,No,,,
ORD008158,Vihaan Sen,Sports Equipment,Yes,,,
ORD008159,Udarsh Dubey,Furniture,No,2023-08-03,4.0,"Excellent quality for the price, would buy furniture again."
ORD008160,Pratyush Bansal,Electronics,No,2023-02-06,5.0,"Really satisfied, highly recommend this electronics."
ORD008161,Maanas Babu,Books,No,2023-11-17,5.0,"Excellent quality for the price, would buy books again."
ORD008162,Vamakshi Vala,Shoes,No,2025-01-13,2.0,"Disappointed with this shoes, quality is not good."
ORD008163,Ishani Kapoor,Clothes,No,2025-07-25,4.0,"Excellent quality for the price, would buy clothes again."
ORD008164,Saanvi Agarwal,Furniture,No,2024-01-13,3.0,"The furniture is okay, does the job but nothing special."
ORD008165,Alka Chopra,Groceries,No,2024-01-13,4.0,"Excellent quality for the price, would buy groceries again."
ORD008166,Tejas Mani,Electronics,No,2024-05-21,3.0,"Average electronics, packaging could be better."
ORD008167,Abha Ravi,Books,No,,,
ORD008168,Vansha Deol,Furniture,No,,,
ORD008169,Maanas Swamy,Shoes,No,2025-08-11,5.0,"Great shoes, exactly as described. Very happy with it."
ORD008170,Siddharth Sood,Shoes,No,2024-06-17,5.0,"Really satisfied, highly recommend this shoes."
ORD008171,Daksha Kaul,Clothes,No,2023-07-30,5.0,"Fast delivery, clothes exceeded my expectations."
ORD008172,Chanchal Sastry,Electronics,No,2024-02-25,5.0,"Really satisfied, highly recommend this electronics."
ORD008173,Omaja Dara,Shoes,No,2024-01-29,5.0,"Really satisfied, highly recommend this shoes."
ORD008174,Hamsini Rao,Shoes,No,2023-02-21,1.0,"Not worth the price, expected better shoes."
ORD008175,Mohammed Pau,Beauty Products,No,2023-04-16,2.0,"Not worth the price, expected better beauty products."
ORD008176,Janya Kashyap,Books,No,2024-05-06,4.0,"Excellent quality for the price, would buy books again."
ORD008177,Radha Hayer,Beauty Products,No,,,
ORD008178,Ubika Bains,Shoes,No,,,
ORD008179,Harinakshi Sama,Books,No,,,
ORD008180,Manan Mahal,Groceries,No,2023-05-18,4.0,"Great groceries, exactly as described. Very happy with it."
ORD008181,Owen Oommen,Shoes,Yes,2023-12-29,3.0,"Average shoes, packaging could be better."
ORD008182,Vincent Tara,Clothes,No,2023-11-17,5.0,"Great clothes, exactly as described. Very happy with it."
ORD008183,Jairaj Setty,Books,No,2024-09-12,4.0,"Great books, exactly as described. Very happy with it."
ORD008184,Lucky Sagar,Books,No,2025-11-28,4.0,"Really satisfied, highly recommend this books."
ORD008185,Zarna Wali,Groceries,No,,,
ORD008186,Bimala Master,Furniture,No,2025-03-27,5.0,"Excellent quality for the price, would buy furniture again."
ORD008187,Elijah Raman,Clothes,No,2023-04-01,3.0,"The clothes is okay, does the job but nothing special."
ORD008188,Arunima Parsa,Beauty Products,No,2025-07-14,4.0,"Great beauty products, exactly as described. Very happy with it."
ORD008189,Nandini Bhatia,Clothes,No,2025-08-23,5.0,"Excellent quality for the price, would buy clothes again."
ORD008190,Neel Sankar,Sports Equipment,No,2025-08-20,5.0,"Really satisfied, highly recommend this sports equipment."
ORD008191,Ishwar Wali,Groceries,No,2024-04-09,2.0,"Received a damaged groceries, had to return it."
ORD008192,Veer Karnik,Furniture,No,2024-09-13,2.0,"Received a damaged furniture, had to return it."
ORD008193,Dhruv Bandi,Furniture,No,2024-09-20,5.0,"Fast delivery, furniture exceeded my expectations."
ORD008194,Bahadurjit Kant,Shoes,No,2025-08-18,5.0,"Great shoes, exactly as described. Very happy with it."
ORD008195,Rajeshri Kapadia,Electronics,Yes,2024-12-15,4.0,"Really satisfied, highly recommend this electronics."
ORD008196,Sachi Chauhan,Toys,No,2025-07-31,3.0,"Average toys, packaging could be better."
ORD008197,Maanas Swamy,Furniture,No,,,
ORD008198,Omaja Dara,Beauty Products,Yes,2023-12-29,1.0,"Not worth the price, expected better beauty products."
ORD008199,Elijah Raman,Books,Yes,2024-06-28,3.0,"Average books, packaging could be better."
ORD008200,Manya Rao,Electronics,No,2025-04-20,2.0,"Not worth the price, expected better electronics."
ORD008201,Harrison Arya,Groceries,No,2024-09-16,4.0,"Really satisfied, highly recommend this groceries."
ORD008202,Shravya Char,Electronics,No,2023-12-17,5.0,"Great electronics, exactly as described. Very happy with it."
ORD008203,Imaran Dara,Groceries,Yes,2024-04-11,5.0,"Excellent quality for the price, would buy groceries again."
ORD008204,Gaurangi Aurora,Furniture,Yes,2023-07-04,5.0,"Excellent quality for the price, would buy furniture again."
ORD008205,Hritik Talwar,Groceries,No,2024-10-15,3.0,"Average groceries, packaging could be better."
ORD008206,Frado Raj,Electronics,No,2025-07-02,5.0,"Excellent quality for the price, would buy electronics again."
ORD008207,Amruta Sehgal,Furniture,No,,,
ORD008208,Charita Vohra,Sports Equipment,No,2023-11-01,5.0,"Excellent quality for the price, would buy sports equipment again."
ORD008209,Oscar Kaur,Books,No,2024-05-13,3.0,"The books is okay, does the job but nothing special."
ORD008210,Wakeeta Raval,Electronics,No,,,
ORD008211,Wakeeta Tella,Groceries,No,2025-02-26,5.0,"Excellent quality for the price, would buy groceries again."
ORD008212,Om Sastry,Books,No,2024-01-09,1.0,"Received a damaged books, had to return it."
ORD008213,Matthew Rana,Groceries,No,2024-04-06,5.0,"Great groceries, exactly as described. Very happy with it."
ORD008214,Thomas Brahmbhatt,Groceries,No,2024-05-21,2.0,"Disappointed with this groceries, quality is not good."
ORD008215,Chaitanya Bhatia,Books,No,2023-12-26,5.0,"Fast delivery, books exceeded my expectations."
ORD008216,Amrita Sami,Clothes,No,2025-05-06,4.0,"Really satisfied, highly recommend this clothes."
ORD008217,Bhanumati Saran,Furniture,No,2026-01-18,3.0,"The furniture is okay, does the job but nothing special."
ORD008218,Warda Doctor,Groceries,No,2023-11-17,4.0,"Really satisfied, highly recommend this groceries."
ORD008219,Henry Bora,Groceries,No,,,
ORD008220,Viraj Arora,Sports Equipment,No,,,
ORD008221,Yatan Tripathi,Books,No,,,
ORD008222,Chatura Kala,Toys,No,,,
ORD008223,Ishwar Wali,Kitchenware,No,2025-08-06,5.0,"Really satisfied, highly recommend this kitchenware."
ORD008224,Gautami Sarin,Beauty Products,No,2025-08-15,5.0,"Great beauty products, exactly as described. Very happy with it."
ORD008225,Janya Buch,Groceries,No,,,
ORD008226,Zaitra Bora,Furniture,No,2025-05-12,4.0,"Really satisfied, highly recommend this furniture."
ORD008227,Gautam Ravi,Books,No,2025-10-29,5.0,"Really satisfied, highly recommend this books."
ORD008228,Girish Swamy,Electronics,No,,,
ORD008229,Janya Buch,Books,No,2023-04-08,3.0,"Average books, packaging could be better."
ORD008230,Yashvi Bahl,Furniture,Yes,2025-12-19,5.0,"Great furniture, exactly as described. Very happy with it."
ORD008231,Andrew Tiwari,Shoes,No,2023-12-27,4.0,"Really satisfied, highly recommend this shoes."
ORD008232,Tanmayi Boase,Groceries,No,2025-09-07,4.0,"Fast delivery, groceries exceeded my expectations."
ORD008233,Yashawini Sengupta,Sports Equipment,No,2025-11-19,5.0,"Really satisfied, highly recommend this sports equipment."
ORD008234,Balhaar Gade,Clothes,No,2024-03-14,4.0,"Fast delivery, clothes exceeded my expectations."
ORD008235,Keya Sarkar,Sports Equipment,No,2025-08-01,4.0,"Great sports equipment, exactly as described. Very happy with it."
ORD008236,Yochana Bal,Electronics,No,2025-05-03,4.0,"Excellent quality for the price, would buy electronics again."
ORD008237,Patrick Dora,Books,No,2024-07-08,4.0,"Excellent quality for the price, would buy books again."
ORD008238,Ronith Nazareth,Clothes,No,2025-01-22,1.0,"Received a damaged clothes, had to return it."
ORD008239,Maanas Ratta,Books,No,2025-07-20,5.0,"Really satisfied, highly recommend this books."
ORD008240,Chasmum Goyal,Furniture,Yes,,,
ORD008241,Udant Sundaram,Furniture,No,2023-04-01,3.0,"The furniture is okay, does the job but nothing special."
ORD008242,Indali Salvi,Furniture,No,2023-03-12,5.0,"Fast delivery, furniture exceeded my expectations."
ORD008243,Lucky Sagar,Furniture,No,2025-01-03,2.0,"Received a damaged furniture, had to return it."
ORD008244,Guneet Tripathi,Clothes,No,2025-09-18,3.0,"Average clothes, packaging could be better."
ORD008245,Chavvi Rattan,Kitchenware,No,2024-07-30,5.0,"Fast delivery, kitchenware exceeded my expectations."
ORD008246,Janaki Mistry,Furniture,No,2024-07-08,3.0,"Average furniture, packaging could be better."
ORD008247,Ucchal Shukla,Groceries,No,,,
ORD008248,Jalsa Sangha,Books,No,2025-02-28,4.0,"Fast delivery, books exceeded my expectations."
ORD008249,Krisha Ram,Electronics,No,2025-08-18,5.0,"Fast delivery, electronics exceeded my expectations."
ORD008250,Eshana Lad,Beauty Products,No,2025-10-14,4.0,"Excellent quality for the price, would buy beauty products again."
ORD008251,Reva Dada,Shoes,No,2024-07-16,5.0,"Great shoes, exactly as described. Very happy with it."
ORD008252,Kiaan Jayaraman,Toys,No,2023-11-28,5.0,"Excellent quality for the price, would buy toys again."
ORD008253,Lopa Narasimhan,Sports Equipment,No,2023-11-24,5.0,"Fast delivery, sports equipment exceeded my expectations."
ORD008254,Damyanti Bhakta,Books,No,2023-05-11,4.0,"Really satisfied, highly recommend this books."
ORD008255,Neelima Chad,Shoes,No,2024-12-05,4.0,"Excellent quality for the price, would buy shoes again."
ORD008256,Rushil Gopal,Sports Equipment,No,2023-06-06,5.0,"Great sports equipment, exactly as described. Very happy with it."
ORD008257,Dev Bhasin,Sports Equipment,No,2025-10-06,2.0,"Received a damaged sports equipment, had to return it."
ORD008258,Tarak Chand,Clothes,No,2025-07-01,5.0,"Really satisfied, highly recommend this clothes."
ORD008259,Yashica Om,Electronics,Yes,2024-02-16,4.0,"Great electronics, exactly as described. Very happy with it."
ORD008260,Banjeet De,Groceries,No,2023-05-18,5.0,"Really satisfied, highly recommend this groceries."
ORD008261,Girish Swamy,Sports Equipment,No,2024-03-29,3.0,"The sports equipment is okay, does the job but nothing special."
ORD008262,Kamala Keer,Groceries,No,2025-04-22,4.0,"Great groceries, exactly as described. Very happy with it."
ORD008263,Bachittar Bala,Electronics,No,2023-12-03,4.0,"Excellent quality for the price, would buy electronics again."
ORD008264,Idika Warrior,Kitchenware,No,,,
ORD008265,Gaurang Kamdar,Electronics,Yes,2024-03-30,4.0,"Great electronics, exactly as described. Very happy with it."
ORD008266,Ronith Nazareth,Furniture,No,,,
ORD008267,Brijesh Mani,Electronics,No,2025-09-23,3.0,"Average electronics, packaging could be better."
ORD008268,Hemal Sen,Beauty Products,No,2025-10-05,2.0,"Not worth the price, expected better beauty products."
ORD008269,Alexander Behl,Clothes,No,2025-03-01,1.0,"Received a damaged clothes, had to return it."
ORD008270,Shaurya Bora,Kitchenware,No,2023-05-16,5.0,"Great kitchenware, exactly as described. Very happy with it."
ORD008271,Sarthak Puri,Electronics,No,,,
ORD008272,Qadim Agrawal,Books,No,,,
ORD008273,Aachal Lad,Electronics,No,,,
ORD008274,Ronith Raman,Groceries,No,2025-05-08,1.0,"Not worth the price, expected better groceries."
ORD008275,Balvan Jani,Furniture,No,2024-11-05,4.0,"Excellent quality for the price, would buy furniture again."
ORD008276,Harsh Gala,Clothes,No,2026-01-07,5.0,"Fast delivery, clothes exceeded my expectations."
ORD008277,Rushil Brahmbhatt,Clothes,No,2025-10-22,3.0,"Average clothes, packaging could be better."
ORD008278,Azad Muni,Groceries,No,2025-06-25,4.0,"Really satisfied, highly recommend this groceries."
ORD008279,Zarna Peri,Sports Equipment,No,2024-04-04,5.0,"Really satisfied, highly recommend this sports equipment."
ORD008280,Zaitra Bajaj,Shoes,No,2024-06-16,5.0,"Fast delivery, shoes exceeded my expectations."
ORD008281,Mason Koshy,Furniture,No,2024-08-08,3.0,"Average furniture, packaging could be better."
ORD008282,Eshana Lad,Furniture,No,,,
ORD008283,Gavin Lalla,Furniture,No,2023-07-04,4.0,"Fast delivery, furniture exceeded my expectations."
ORD008284,Zayan Sani,Toys,No,2023-09-26,5.0,"Fast delivery, toys exceeded my expectations."
ORD008285,Devika Mody,Kitchenware,No,2024-07-06,5.0,"Fast delivery, kitchenware exceeded my expectations."
ORD008286,Christopher Vasa,Electronics,Yes,2024-12-02,5.0,"Great electronics, exactly as described. Very happy with it."
ORD008287,Kamala Keer,Electronics,No,2023-11-15,4.0,"Great electronics, exactly as described. Very happy with it."
ORD008288,Darsh Arya,Clothes,No,2023-05-07,5.0,"Really satisfied, highly recommend this clothes."
ORD008289,Vansha Deol,Groceries,No,,,
ORD008290,Faqid Gole,Furniture,No,,,
ORD008291,Advaith Bhatti,Furniture,Yes,2025-12-22,4.0,"Fast delivery, furniture exceeded my expectations."
ORD008292,Pranav Saraf,Beauty Products,No,2025-05-19,5.0,"Great beauty products, exactly as described. Very happy with it."
ORD008293,Jyoti Dhingra,Electronics,No,2025-01-22,3.0,"The electronics is okay, does the job but nothing special."
ORD008294,Nachiket Kota,Furniture,No,,,
ORD008295,Mitesh Varghese,Sports Equipment,No,2024-01-07,4.0,"Fast delivery, sports equipment exceeded my expectations."
ORD008296,Alka Srinivas,Electronics,No,2024-06-01,5.0,"Excellent quality for the price, would buy electronics again."
ORD008297,Warda Kala,Clothes,Yes,,,
ORD008298,Xavier Soman,Electronics,No,2026-01-15,4.0,"Great electronics, exactly as described. Very happy with it."
ORD008299,Benjamin Deol,Beauty Products,No,2024-08-25,5.0,"Great beauty products, exactly as described. Very happy with it."
ORD008300,Yauvani Bhatt,Furniture,No,2023-12-17,5.0,"Great furniture, exactly as described. Very happy with it."
ORD008301,Qasim Muni,Beauty Products,No,2023-05-22,4.0,"Excellent quality for the price, would buy beauty products again."
ORD008302,Pratyush Madan,Electronics,No,2023-11-11,4.0,"Fast delivery, electronics exceeded my expectations."
ORD008303,Omaja Sharma,Toys,No,2024-09-28,4.0,"Fast delivery, toys exceeded my expectations."
ORD008304,Nicholas Bhandari,Toys,No,,,
ORD008305,Watika Wali,Books,No,2025-04-13,5.0,"Excellent quality for the price, would buy books again."
ORD008306,Gavin Gade,Beauty Products,Yes,2024-06-13,5.0,"Fast delivery, beauty products exceeded my expectations."
ORD008307,Imaran Dara,Groceries,No,2024-12-04,2.0,"Not worth the price, expected better groceries."
ORD008308,Wishi Gala,Sports Equipment,No,2024-02-24,5.0,"Excellent quality for the price, would buy sports equipment again."
ORD008309,Vasudha Agarwal,Clothes,No,2023-09-12,4.0,"Excellent quality for the price, would buy clothes again."
ORD008310,Adya Patla,Clothes,Yes,2025-08-28,2.0,"Not worth the price, expected better clothes."
ORD008311,Shravya Ravi,Groceries,No,2025-01-22,4.0,"Excellent quality for the price, would buy groceries again."
ORD008312,Jasmit Dhar,Clothes,No,2024-12-16,5.0,"Great clothes, exactly as described. Very happy with it."
ORD008313,Abha Ravi,Beauty Products,No,2025-01-15,3.0,"The beauty products is okay, does the job but nothing special."
ORD008314,Zashil Bansal,Electronics,Yes,2024-03-03,5.0,"Great electronics, exactly as described. Very happy with it."
ORD008315,Kashish Sekhon,Beauty Products,No,,,
ORD008316,Tarak Chand,Kitchenware,No,2025-09-25,3.0,"Average kitchenware, packaging could be better."
ORD008317,Keya Sarkar,Toys,No,2025-10-04,1.0,"Not worth the price, expected better toys."
ORD008318,Ganga Chandra,Electronics,No,2025-06-03,4.0,"Excellent quality for the price, would buy electronics again."
ORD008319,Bina Varty,Toys,No,2025-06-05,2.0,"Disappointed with this toys, quality is not good."
ORD008320,Parth Hegde,Electronics,No,,,
ORD008321,Shaurya Bora,Electronics,No,2023-01-28,4.0,"Fast delivery, electronics exceeded my expectations."
ORD008322,Vedhika Dhawan,Shoes,No,2023-12-25,3.0,"The shoes is okay, does the job but nothing special."
ORD008323,Azad Muni,Clothes,No,2025-11-19,4.0,"Fast delivery, clothes exceeded my expectations."
ORD008324,Dhriti Lad,Toys,Yes,2024-02-06,4.0,"Fast delivery, toys exceeded my expectations."
ORD008325,Yash Mittal,Kitchenware,Yes,2025-04-02,5.0,"Fast delivery, kitchenware exceeded my expectations."
ORD008326,Girish Swamy,Kitchenware,No,2025-03-09,2.0,"Received a damaged kitchenware, had to return it."
ORD008327,Hitesh Virk,Electronics,No,2025-01-19,5.0,"Fast delivery, electronics exceeded my expectations."
ORD008328,Chanchal Sastry,Books,Yes,2024-12-21,5.0,"Excellent quality for the price, would buy books again."
ORD008329,Maanas Swamy,Groceries,No,2023-10-09,4.0,"Great groceries, exactly as described. Very happy with it."
ORD008330,Praneel Bajaj,Beauty Products,No,,,
ORD008331,Sarthak Puri,Clothes,No,2023-10-24,4.0,"Great clothes, exactly as described. Very happy with it."
ORD008332,Eta Chakraborty,Kitchenware,No,2025-06-02,2.0,"Not worth the price, expected better kitchenware."
ORD008333,Patrick Dora,Electronics,No,2023-08-29,4.0,"Fast delivery, electronics exceeded my expectations."
ORD008334,Jhalak Sekhon,Electronics,No,2023-03-13,5.0,"Excellent quality for the price, would buy electronics again."
ORD008335,Chakrika Kalla,Toys,No,2025-01-12,4.0,"Great toys, exactly as described. Very happy with it."
ORD008336,Harrison Rana,Groceries,No,2025-03-11,4.0,"Excellent quality for the price, would buy groceries again."
ORD008337,Vanya Yohannan,Books,No,2025-07-12,5.0,"Really satisfied, highly recommend this books."
ORD008338,Upasna Pant,Shoes,No,2024-03-09,4.0,"Great shoes, exactly as described. Very happy with it."
ORD008339,Yashawini Sengupta,Toys,No,2023-11-07,3.0,"Average toys, packaging could be better."
ORD008340,Ryan Venkataraman,Electronics,No,2025-10-15,5.0,"Fast delivery, electronics exceeded my expectations."
ORD008341,Patrick Dora,Clothes,Yes,2025-07-30,5.0,"Great clothes, exactly as described. Very happy with it."
ORD008342,Rajeshri Kapadia,Kitchenware,No,,,
ORD008343,Vrishti Shroff,Toys,No,2023-04-02,2.0,"Not worth the price, expected better toys."
ORD008344,Aayush Pall,Books,No,,,
ORD008345,Kai Sodhi,Shoes,No,2025-07-20,5.0,"Fast delivery, shoes exceeded my expectations."
ORD008346,Daksh Chaudhuri,Kitchenware,No,2024-05-22,5.0,"Excellent quality for the price, would buy kitchenware again."
ORD008347,Urvi Palla,Groceries,No,2024-09-25,5.0,"Really satisfied, highly recommend this groceries."
ORD008348,Varenya Mani,Toys,No,,,
ORD008349,Udarsh Sachdev,Books,No,,,
ORD008350,Vrinda Sama,Furniture,No,,,
ORD008351,Vasudha Shah,Toys,No,2023-03-13,5.0,"Really satisfied, highly recommend this toys."
ORD008352,Samar Ahuja,Clothes,No,2025-09-17,4.0,"Great clothes, exactly as described. Very happy with it."
ORD008353,Saumya Ratti,Groceries,No,2025-10-11,5.0,"Great groceries, exactly as described. Very happy with it."
ORD008354,Jairaj Memon,Shoes,No,2023-03-14,2.0,"Disappointed with this shoes, quality is not good."
ORD008355,Onkar Sarin,Kitchenware,No,2025-03-08,4.0,"Excellent quality for the price, would buy kitchenware again."
ORD008356,Ryan Venkataraman,Electronics,No,2024-07-22,4.0,"Really satisfied, highly recommend this electronics."
ORD008357,Jai Bhatia,Kitchenware,Yes,2024-11-08,4.0,"Excellent quality for the price, would buy kitchenware again."
ORD008358,Ekiya Konda,Groceries,No,,,
ORD008359,Zaitra Bora,Groceries,No,,,
ORD008360,Urmi Wali,Sports Equipment,No,2025-03-10,3.0,"Average sports equipment, packaging could be better."
ORD008361,Lakshmi Chacko,Shoes,No,2023-05-13,4.0,"Fast delivery, shoes exceeded my expectations."
ORD008362,Meera Bajaj,Kitchenware,No,2025-04-18,4.0,"Great kitchenware, exactly as described. Very happy with it."
ORD008363,Turvi Khanna,Sports Equipment,No,2023-04-28,4.0,"Really satisfied, highly recommend this sports equipment."
ORD008364,Chaitanya Bhatia,Books,No,2024-01-20,5.0,"Really satisfied, highly recommend this books."
ORD008365,Charles Balay,Books,No,2025-07-29,4.0,"Excellent quality for the price, would buy books again."
ORD008366,Matthew Rana,Groceries,No,2025-07-26,5.0,"Great groceries, exactly as described. Very happy with it."
ORD008367,Januja Bal,Toys,No,2025-04-26,5.0,"Fast delivery, toys exceeded my expectations."
ORD008368,Nisha Koshy,Kitchenware,No,2023-09-16,5.0,"Great kitchenware, exactly as described. Very happy with it."
ORD008369,Frado Joshi,Kitchenware,No,2024-11-04,1.0,"Not worth the price, expected better kitchenware."
ORD008370,Chaitanya Tak,Electronics,No,2025-09-03,3.0,"Average electronics, packaging could be better."
ORD008371,Rishi Tara,Electronics,No,2025-02-03,5.0,"Really satisfied, highly recommend this electronics."
ORD008372,Gautam Aurora,Shoes,No,2024-07-30,2.0,"Received a damaged shoes, had to return it."
ORD008373,Hardik Kalla,Electronics,No,,,
ORD008374,Ekalinga Dave,Groceries,No,2025-04-04,5.0,"Fast delivery, groceries exceeded my expectations."
ORD008375,Yuvraj Grewal,Groceries,No,2025-07-19,4.0,"Fast delivery, groceries exceeded my expectations."
ORD008376,Ekiya Konda,Groceries,No,,,
ORD008377,Sarthak Rai,Books,No,2025-03-27,3.0,"The books is okay, does the job but nothing special."
ORD008378,Upadhriti Menon,Beauty Products,No,2024-12-11,4.0,"Great beauty products, exactly as described. Very happy with it."
ORD008379,Chanakya Mand,Beauty Products,No,,,
ORD008380,Timothy Lanka,Kitchenware,No,2024-04-08,5.0,"Great kitchenware, exactly as described. Very happy with it."
ORD008381,Anjali Dasgupta,Furniture,No,,,
ORD008382,Abha Keer,Sports Equipment,No,,,
ORD008383,Pranit Vig,Clothes,Yes,2023-10-24,4.0,"Excellent quality for the price, would buy clothes again."
ORD008384,Frederick Nair,Electronics,No,,,
ORD008385,Daksh Chaudhuri,Books,No,2023-07-22,4.0,"Really satisfied, highly recommend this books."
ORD008386,Rajata Venkataraman,Groceries,No,,,
ORD008387,Chanchal Chand,Kitchenware,No,2025-01-30,3.0,"Average kitchenware, packaging could be better."
ORD008388,Shravya Ravi,Electronics,Yes,2024-04-29,3.0,"The electronics is okay, does the job but nothing special."
ORD008389,Sneha Magar,Beauty Products,No,2023-08-11,4.0,"Fast delivery, beauty products exceeded my expectations."
ORD008390,Aarini Ravel,Groceries,No,,,
ORD008391,Omya Boase,Beauty Products,No,2024-09-15,3.0,"The beauty products is okay, does the job but nothing special."
ORD008392,Harinakshi Sahni,Groceries,Yes,,,
ORD008393,Vedhika Raj,Shoes,No,2024-09-13,5.0,"Really satisfied, highly recommend this shoes."
ORD008394,Aarini Ramakrishnan,Shoes,No,2025-08-15,5.0,"Great shoes, exactly as described. Very happy with it."
ORD008395,Darsh Sunder,Groceries,Yes,2025-05-14,5.0,"Great groceries, exactly as described. Very happy with it."
ORD008396,Rajata Venkataraman,Books,No,2025-10-06,4.0,"Really satisfied, highly recommend this books."
ORD008397,Neel Mall,Electronics,No,2024-10-10,3.0,"Average electronics, packaging could be better."
ORD008398,Panini Prabhakar,Books,No,,,
ORD008399,Simon Mitter,Sports Equipment,No,2025-05-05,4.0,"Really satisfied, highly recommend this sports equipment."
ORD008400,Alka Srinivas,Sports Equipment,No,2024-12-05,5.0,"Fast delivery, sports equipment exceeded my expectations."
ORD008401,Ekiya Patla,Books,Yes,2025-12-22,5.0,"Excellent quality for the price, would buy books again."
ORD008402,Bhanumati Saran,Toys,No,2024-11-20,2.0,"Received a damaged toys, had to return it."
ORD008403,Gautami Sarin,Furniture,No,2025-11-21,5.0,"Fast delivery, furniture exceeded my expectations."
ORD008404,Imaran Buch,Sports Equipment,Yes,2024-08-24,5.0,"Really satisfied, highly recommend this sports equipment."
ORD008405,Amaira Sarin,Shoes,No,2024-04-29,5.0,"Really satisfied, highly recommend this shoes."
ORD008406,Nidra Grewal,Electronics,No,2025-06-27,5.0,"Excellent quality for the price, would buy electronics again."
ORD008407,Hredhaan Edwin,Furniture,No,2026-01-18,3.0,"The furniture is okay, does the job but nothing special."
ORD008408,Hamsini Rao,Toys,No,,,
ORD008409,Zayan Kamdar,Clothes,No,2024-11-25,4.0,"Really satisfied, highly recommend this clothes."
ORD008410,Yashica Kota,Sports Equipment,Yes,2024-04-01,5.0,"Excellent quality for the price, would buy sports equipment again."
ORD008411,Jairaj Memon,Sports Equipment,No,2025-01-07,2.0,"Received a damaged sports equipment, had to return it."
ORD008412,Udarsh Sachdev,Beauty Products,No,,,
ORD008413,Jyoti Dhingra,Clothes,No,2025-06-10,4.0,"Great clothes, exactly as described. Very happy with it."
ORD008414,Banjeet Rege,Groceries,No,2024-05-01,5.0,"Excellent quality for the price, would buy groceries again."
ORD008415,Noah Sur,Furniture,No,2024-07-26,5.0,"Great furniture, exactly as described. Very happy with it."
ORD008416,Benjamin Barad,Books,No,2023-04-28,4.0,"Really satisfied, highly recommend this books."
ORD008417,Harita Som,Groceries,No,2024-11-11,5.0,"Excellent quality for the price, would buy groceries again."
ORD008418,Gautami Lall,Electronics,No,2024-07-12,4.0,"Really satisfied, highly recommend this electronics."
ORD008419,Jonathan Wali,Shoes,No,,,
ORD008420,Nandini Karan,Groceries,Yes,2025-04-11,5.0,"Excellent quality for the price, would buy groceries again."
ORD008421,Pratyush Bansal,Clothes,No,,,
ORD008422,Neelima Chad,Clothes,No,2024-09-19,5.0,"Really satisfied, highly recommend this clothes."
ORD008423,Upasna Pant,Electronics,No,2024-02-09,4.0,"Excellent quality for the price, would buy electronics again."
ORD008424,Oni Dhawan,Sports Equipment,No,2024-01-14,1.0,"Disappointed with this sports equipment, quality is not good."
ORD008425,Saksham Mani,Furniture,No,,,
ORD008426,Hamsini Rao,Furniture,No,,,
ORD008427,Devika Parikh,Clothes,No,2024-08-30,4.0,"Really satisfied, highly recommend this clothes."
ORD008428,Idika Singh,Electronics,No,2024-07-24,2.0,"Not worth the price, expected better electronics."
ORD008429,Chaitanya Tak,Electronics,No,2025-08-25,5.0,"Really satisfied, highly recommend this electronics."
ORD008430,Bahadurjit Banerjee,Groceries,No,,,
ORD008431,Krisha Mutti,Toys,No,2024-03-15,4.0,"Great toys, exactly as described. Very happy with it."
ORD008432,Karan Kumar,Clothes,No,2025-04-04,3.0,"The clothes is okay, does the job but nothing special."
ORD008433,Ikbal Ahuja,Sports Equipment,No,2025-09-11,4.0,"Excellent quality for the price, would buy sports equipment again."
ORD008434,Amaira Sarin,Furniture,No,2023-02-13,5.0,"Excellent quality for the price, would buy furniture again."
ORD008435,Faras Murthy,Groceries,Yes,,,
ORD008436,Adweta Nadig,Shoes,No,2023-04-08,5.0,"Great shoes, exactly as described. Very happy with it."
ORD008437,Kiaan Arora,Kitchenware,Yes,2026-01-24,5.0,"Fast delivery, kitchenware exceeded my expectations."
ORD008438,Tristan Bhavsar,Electronics,No,2025-01-24,5.0,"Fast delivery, electronics exceeded my expectations."
ORD008439,Pooja Grewal,Groceries,Yes,2024-08-19,4.0,"Great groceries, exactly as described. Very happy with it."
ORD008440,Wishi Gala,Toys,No,2025-08-02,4.0,"Fast delivery, toys exceeded my expectations."
ORD008441,Jackson Tak,Books,No,2025-05-26,5.0,"Really satisfied, highly recommend this books."
ORD008442,Banjeet De,Kitchenware,No,,,
ORD008443,Frederick Patil,Furniture,No,,,
ORD008444,Jhalak Sekhon,Groceries,No,2023-10-25,5.0,"Fast delivery, groceries exceeded my expectations."
ORD008445,Chandran Datta,Groceries,No,2025-01-05,2.0,"Received a damaged groceries, had to return it."
ORD008446,Onveer Bhavsar,Kitchenware,No,,,
ORD008447,Advik Hegde,Electronics,No,,,
ORD008448,Dalbir Sule,Shoes,No,2024-02-22,5.0,"Fast delivery, shoes exceeded my expectations."
ORD008449,Neel Sankar,Clothes,No,2025-10-07,3.0,"The clothes is okay, does the job but nothing special."
ORD008450,Dipta Vaidya,Furniture,No,2025-08-25,4.0,"Really satisfied, highly recommend this furniture."
ORD008451,Dayita Munshi,Furniture,No,2024-10-21,5.0,"Great furniture, exactly as described. Very happy with it."
ORD008452,Ucchal Shukla,Kitchenware,No,2023-07-11,5.0,"Great kitchenware, exactly as described. Very happy with it."
ORD008453,Aarav Nagy,Shoes,No,2024-05-17,4.0,"Excellent quality for the price, would buy shoes again."
ORD008454,Amrita Sami,Kitchenware,No,2023-09-19,1.0,"Not worth the price, expected better kitchenware."
ORD008455,Vrishti Lalla,Furniture,No,2023-12-02,4.0,"Fast delivery, furniture exceeded my expectations."
ORD008456,Rehaan Morar,Toys,No,2023-05-31,5.0,"Fast delivery, toys exceeded my expectations."
ORD008457,Oviya Tara,Sports Equipment,No,2023-06-07,3.0,"Average sports equipment, packaging could be better."
ORD008458,Jacob Ramakrishnan,Books,No,2024-01-19,5.0,"Really satisfied, highly recommend this books."
ORD008459,Brinda Mammen,Kitchenware,No,2024-10-26,5.0,"Fast delivery, kitchenware exceeded my expectations."
ORD008460,Elijah Dalal,Beauty Products,No,2023-08-08,3.0,"The beauty products is okay, does the job but nothing special."
ORD008461,Yashawini Sengupta,Clothes,No,,,
ORD008462,Charita Vohra,Furniture,No,2025-04-06,5.0,"Excellent quality for the price, would buy furniture again."
ORD008463,Tarak Chand,Books,Yes,2025-02-25,4.0,"Fast delivery, books exceeded my expectations."
ORD008464,Laksh Sani,Electronics,No,,,
ORD008465,Hamsini Bhatia,Sports Equipment,No,2025-07-13,3.0,"The sports equipment is okay, does the job but nothing special."
ORD008466,Yatan Tripathi,Groceries,No,2023-12-06,4.0,"Really satisfied, highly recommend this groceries."
ORD008467,Udarsh Gopal,Electronics,No,2024-06-19,5.0,"Really satisfied, highly recommend this electronics."
ORD008468,Reva Dada,Electronics,No,2023-07-09,5.0,"Excellent quality for the price, would buy electronics again."
ORD008469,Riya Thaman,Electronics,No,,,
ORD008470,Siya Dhillon,Groceries,No,2025-12-06,4.0,"Excellent quality for the price, would buy groceries again."
ORD008471,Ati Loyal,Toys,No,2024-10-25,4.0,"Fast delivery, toys exceeded my expectations."
ORD008472,Kashvi Narula,Electronics,No,,,
ORD008473,Hemani Aurora,Furniture,No,2025-11-04,1.0,"Disappointed with this furniture, quality is not good."
ORD008474,Eesha Ahluwalia,Furniture,No,2023-11-06,2.0,"Received a damaged furniture, had to return it."
ORD008475,Karan Kumar,Kitchenware,No,,,
ORD008476,Samesh Jani,Books,Yes,2023-11-02,3.0,"Average books, packaging could be better."
ORD008477,Udarsh Gopal,Books,No,2025-12-25,3.0,"Average books, packaging could be better."
ORD008478,Gaurav Toor,Clothes,Yes,,,
ORD008479,Aradhana Golla,Beauty Products,No,,,
ORD008480,Azad Muni,Shoes,No,2025-07-15,1.0,"Received a damaged shoes, had to return it."
ORD008481,Zashil Chaudhuri,Electronics,No,2024-12-24,5.0,"Really satisfied, highly recommend this electronics."
ORD008482,Naksh Sampath,Books,No,2024-03-23,4.0,"Great books, exactly as described. Very happy with it."
ORD008483,Kavya Srivastava,Clothes,No,2025-05-13,5.0,"Fast delivery, clothes exceeded my expectations."
ORD008484,Leena Narula,Sports Equipment,No,2024-11-26,4.0,"Fast delivery, sports equipment exceeded my expectations."
ORD008485,Bimala Master,Shoes,No,2024-07-15,3.0,"Average shoes, packaging could be better."
ORD008486,Matthew Shroff,Sports Equipment,No,2025-10-12,5.0,"Excellent quality for the price, would buy sports equipment again."
ORD008487,Fariq Gandhi,Groceries,No,,,
ORD008488,Hamsini Bhatia,Groceries,No,2023-04-18,5.0,"Great groceries, exactly as described. Very happy with it."
ORD008489,Akshay Bobal,Clothes,No,2024-09-20,4.0,"Really satisfied, highly recommend this clothes."
ORD008490,Manya Shere,Groceries,No,2025-10-20,5.0,"Great groceries, exactly as described. Very happy with it."
ORD008491,Luke Arora,Kitchenware,No,2025-04-11,2.0,"Disappointed with this kitchenware, quality is not good."
ORD008492,Qarin Ramanathan,Clothes,No,2025-10-07,3.0,"The clothes is okay, does the job but nothing special."
ORD008493,Pooja Grewal,Sports Equipment,No,2025-02-04,5.0,"Really satisfied, highly recommend this sports equipment."
ORD008494,Ryan Venkataraman,Groceries,No,2024-02-10,3.0,"Average groceries, packaging could be better."
ORD008495,Aarav Anne,Groceries,No,2025-05-15,5.0,"Great groceries, exactly as described. Very happy with it."
ORD008496,Robert Lal,Beauty Products,No,2023-08-28,3.0,"The beauty products is okay, does the job but nothing special."
ORD008497,Maanas Swamy,Sports Equipment,No,2023-08-05,4.0,"Fast delivery, sports equipment exceeded my expectations."
ORD008498,Vihaan Date,Electronics,No,2024-05-23,4.0,"Excellent quality for the price, would buy electronics again."
ORD008499,Zansi Dixit,Books,No,2023-03-30,1.0,"Received a damaged books, had to return it."
ORD008500,Yatan Keer,Kitchenware,No,2024-07-23,5.0,"Really satisfied, highly recommend this kitchenware."
ORD008501,Yatan Tripathi,Sports Equipment,No,2025-02-16,4.0,"Excellent quality for the price, would buy sports equipment again."
ORD008502,Kashvi Narula,Kitchenware,No,2023-10-27,5.0,"Excellent quality for the price, would buy kitchenware again."
ORD008503,Rayaan Goyal,Furniture,No,2024-05-17,5.0,"Excellent quality for the price, would buy furniture again."
ORD008504,Warda Palan,Furniture,No,2024-01-22,4.0,"Really satisfied, highly recommend this furniture."
ORD008505,Arya Thakkar,Books,No,,,
ORD008506,Aarini Nagar,Groceries,No,,,
ORD008507,Charles Chaudry,Clothes,No,2023-05-18,4.0,"Great clothes, exactly as described. Very happy with it."
ORD008508,Ojasvi Parmer,Clothes,No,2024-12-18,5.0,"Great clothes, exactly as described. Very happy with it."
ORD008509,Watika Buch,Electronics,No,,,
ORD008510,Urvashi Suri,Shoes,No,2023-04-05,2.0,"Received a damaged shoes, had to return it."
ORD008511,Anika Palan,Books,No,,,
ORD008512,Harrison Arya,Sports Equipment,No,2025-12-16,4.0,"Excellent quality for the price, would buy sports equipment again."
ORD008513,Jai Bhatia,Groceries,No,2024-07-17,5.0,"Fast delivery, groceries exceeded my expectations."
ORD008514,Kamya Lanka,Toys,No,2024-07-04,5.0,"Fast delivery, toys exceeded my expectations."
ORD008515,Ati Loyal,Groceries,No,2025-08-09,2.0,"Received a damaged groceries, had to return it."
ORD008516,Nandini Karan,Clothes,Yes,2024-08-19,3.0,"The clothes is okay, does the job but nothing special."
ORD008517,Hemal Sen,Toys,No,2024-12-26,1.0,"Disappointed with this toys, quality is not good."
ORD008518,Janani Parmer,Clothes,No,2025-01-12,2.0,"Not worth the price, expected better clothes."
ORD008519,Sachi Chauhan,Groceries,No,2024-10-30,1.0,"Not worth the price, expected better groceries."
ORD008520,Chandran Solanki,Kitchenware,No,2025-10-15,4.0,"Fast delivery, kitchenware exceeded my expectations."
ORD008521,Aarnav Mand,Beauty Products,Yes,2025-10-05,4.0,"Great beauty products, exactly as described. Very happy with it."
ORD008522,Yuvraj Gandhi,Toys,No,2025-01-10,4.0,"Fast delivery, toys exceeded my expectations."
ORD008523,Samar Tailor,Beauty Products,No,,,
ORD008524,Lakshmi Bhat,Shoes,No,2023-09-07,5.0,"Great shoes, exactly as described. Very happy with it."
ORD008525,Anita Nayak,Books,Yes,2023-11-29,4.0,"Really satisfied, highly recommend this books."
ORD008526,Reyansh Singh,Kitchenware,No,2026-01-01,5.0,"Really satisfied, highly recommend this kitchenware."
ORD008527,Charvi Date,Groceries,No,2024-03-20,5.0,"Really satisfied, highly recommend this groceries."
ORD008528,Kamya Lanka,Shoes,No,2024-11-13,3.0,"Average shoes, packaging could be better."
ORD008529,Dipta Vaidya,Groceries,Yes,,,
ORD008530,Adweta Parsa,Beauty Products,No,2025-06-15,4.0,"Really satisfied, highly recommend this beauty products."
ORD008531,Robert Lal,Toys,No,2025-07-18,2.0,"Disappointed with this toys, quality is not good."
ORD008532,Gavin Lalla,Groceries,Yes,2024-07-27,4.0,"Excellent quality for the price, would buy groceries again."
ORD008533,Parth Hegde,Beauty Products,No,2025-08-11,2.0,"Received a damaged beauty products, had to return it."
ORD008534,Yatan Tripathi,Groceries,No,,,
ORD008535,Elijah Dalal,Furniture,No,2025-10-15,4.0,"Really satisfied, highly recommend this furniture."
ORD008536,Samar Tailor,Beauty Products,No,,,
ORD008537,Chanchal Chand,Kitchenware,No,2024-03-13,5.0,"Really satisfied, highly recommend this kitchenware."
ORD008538,Theodore Chandra,Beauty Products,No,2024-07-18,4.0,"Fast delivery, beauty products exceeded my expectations."
ORD008539,Manbir Mittal,Groceries,No,2025-04-15,5.0,"Really satisfied, highly recommend this groceries."
ORD008540,Yamini Bir,Sports Equipment,No,2024-11-08,4.0,"Excellent quality for the price, would buy sports equipment again."
ORD008541,Vivaan Seth,Groceries,No,2024-05-14,2.0,"Disappointed with this groceries, quality is not good."
ORD008542,Ladli Yadav,Shoes,No,2024-12-10,4.0,"Great shoes, exactly as described. Very happy with it."
ORD008543,Bimala Master,Beauty Products,No,2023-02-05,4.0,"Really satisfied, highly recommend this beauty products."
ORD008544,Ojasvi Parmer,Groceries,No,2023-11-22,3.0,"Average groceries, packaging could be better."
ORD008545,Falan Chana,Sports Equipment,No,2025-12-26,4.0,"Fast delivery, sports equipment exceeded my expectations."
ORD008546,Ishani Kapoor,Furniture,No,2023-03-31,5.0,"Excellent quality for the price, would buy furniture again."
ORD008547,Tejas Mani,Electronics,No,,,
ORD008548,Hredhaan Edwin,Groceries,Yes,2023-08-28,5.0,"Excellent quality for the price, would buy groceries again."
ORD008549,Hitesh Bhandari,Furniture,Yes,2024-08-29,4.0,"Excellent quality for the price, would buy furniture again."
ORD008550,Balhaar Gade,Furniture,Yes,,,
ORD008551,Veda Muni,Sports Equipment,Yes,2025-10-08,4.0,"Great sports equipment, exactly as described. Very happy with it."
ORD008552,Bimala Master,Electronics,No,2024-02-20,4.0,"Great electronics, exactly as described. Very happy with it."
ORD008553,Samar Tailor,Shoes,No,2024-04-27,4.0,"Really satisfied, highly recommend this shoes."
ORD008554,Mekhala Chakraborty,Shoes,No,2023-11-21,2.0,"Disappointed with this shoes, quality is not good."
ORD008555,Benjamin Devi,Electronics,No,2023-11-27,5.0,"Great electronics, exactly as described. Very happy with it."
ORD008556,Mitali Verma,Books,No,,,
ORD008557,Ronith Raman,Books,No,2023-07-24,4.0,"Excellent quality for the price, would buy books again."
ORD008558,Vedika Ramesh,Books,No,2023-02-09,5.0,"Fast delivery, books exceeded my expectations."
ORD008559,Elijah Luthra,Furniture,No,2023-02-18,2.0,"Not worth the price, expected better furniture."
ORD008560,Jonathan Wali,Clothes,No,2023-07-02,3.0,"The clothes is okay, does the job but nothing special."
ORD008561,Ijaya Narain,Kitchenware,No,2025-03-17,2.0,"Not worth the price, expected better kitchenware."
ORD008562,Xavier Memon,Beauty Products,No,2024-08-20,3.0,"Average beauty products, packaging could be better."
ORD008563,Charles Balay,Clothes,No,2023-04-12,5.0,"Great clothes, exactly as described. Very happy with it."
ORD008564,Ayaan Krishnamurthy,Electronics,No,2023-09-05,4.0,"Fast delivery, electronics exceeded my expectations."
ORD008565,Jairaj Setty,Groceries,No,2023-11-21,5.0,"Fast delivery, groceries exceeded my expectations."
ORD008566,Yahvi Wadhwa,Clothes,No,2023-08-01,5.0,"Excellent quality for the price, would buy clothes again."
ORD008567,Lopa Mukhopadhyay,Toys,No,,,
ORD008568,Yauvani Gokhale,Furniture,No,2023-07-16,5.0,"Fast delivery, furniture exceeded my expectations."
ORD008569,Nitesh Dayal,Clothes,No,2024-03-07,5.0,"Fast delivery, clothes exceeded my expectations."
ORD008570,Gautami Sarin,Books,No,2024-05-03,2.0,"Disappointed with this books, quality is not good."
ORD008571,Nachiket Kota,Clothes,No,,,
ORD008572,Lopa Mukhopadhyay,Sports Equipment,No,2023-01-22,3.0,"The sports equipment is okay, does the job but nothing special."
ORD008573,Nandini Karan,Books,No,2023-03-08,1.0,"Not worth the price, expected better books."
ORD008574,Indira Bhargava,Shoes,Yes,2023-10-15,5.0,"Excellent quality for the price, would buy shoes again."
ORD008575,Lopa Narasimhan,Electronics,Yes,2025-08-10,1.0,"Not worth the price, expected better electronics."
ORD008576,Yashawini Sengupta,Groceries,No,2023-03-21,5.0,"Great groceries, exactly as described. Very happy with it."
ORD008577,Balveer Dani,Books,No,2024-03-12,5.0,"Great books, exactly as described. Very happy with it."
ORD008578,Ishani Bhalla,Sports Equipment,No,2025-03-19,4.0,"Great sports equipment, exactly as described. Very happy with it."
ORD008579,Dhruv Bandi,Groceries,No,,,
ORD008580,Joshua Bali,Beauty Products,No,2025-11-08,5.0,"Really satisfied, highly recommend this beauty products."
ORD008581,Lipika Iyengar,Sports Equipment,No,2025-02-05,2.0,"Received a damaged sports equipment, had to return it."
ORD008582,Gautam Aurora,Kitchenware,No,,,
ORD008583,Christopher Vasa,Electronics,No,2024-08-24,4.0,"Great electronics, exactly as described. Very happy with it."
ORD008584,Yahvi Soni,Electronics,No,2024-06-22,3.0,"Average electronics, packaging could be better."
ORD008585,Ishani Bhalla,Electronics,No,2025-06-04,5.0,"Excellent quality for the price, would buy electronics again."
ORD008586,Azad Muni,Sports Equipment,No,,,
ORD008587,Raagini Gade,Beauty Products,No,2023-08-26,4.0,"Excellent quality for the price, would buy beauty products again."
ORD008588,Manbir Mittal,Furniture,No,2024-05-12,4.0,"Great furniture, exactly as described. Very happy with it."
ORD008589,Chakradev Bains,Furniture,No,,,
ORD008590,Vansha Deol,Shoes,No,2025-09-08,5.0,"Fast delivery, shoes exceeded my expectations."
ORD008591,Victor Chada,Books,No,2025-05-16,3.0,"The books is okay, does the job but nothing special."
ORD008592,Manya Rao,Sports Equipment,No,2023-06-19,5.0,"Really satisfied, highly recommend this sports equipment."
ORD008593,Lopa Salvi,Electronics,No,,,
ORD008594,Tristan Ravel,Kitchenware,No,2024-04-22,4.0,"Really satisfied, highly recommend this kitchenware."
ORD008595,Oni Dhawan,Furniture,No,2025-01-27,4.0,"Fast delivery, furniture exceeded my expectations."
ORD008596,Zarna Peri,Beauty Products,Yes,2025-08-20,3.0,"The beauty products is okay, does the job but nothing special."
ORD008597,Anvi Shan,Shoes,No,2023-11-20,5.0,"Really satisfied, highly recommend this shoes."
ORD008598,Vivaan More,Electronics,No,2025-11-10,3.0,"The electronics is okay, does the job but nothing special."
ORD008599,Darsh Aurora,Groceries,No,2026-01-04,2.0,"Not worth the price, expected better groceries."
ORD008600,Zarna Tailor,Furniture,No,2025-08-03,2.0,"Received a damaged furniture, had to return it."
ORD008601,Ekansh Batra,Sports Equipment,No,2024-09-26,3.0,"Average sports equipment, packaging could be better."
ORD008602,Sachi Chauhan,Shoes,No,,,
ORD008603,Pratyush Madan,Clothes,No,2024-11-17,4.0,"Really satisfied, highly recommend this clothes."
ORD008604,Elijah Raman,Toys,Yes,2024-09-06,3.0,"Average toys, packaging could be better."
ORD008605,Kevin Suresh,Books,No,2025-03-04,1.0,"Received a damaged books, had to return it."
ORD008606,Karan Kumar,Furniture,No,2024-04-22,4.0,"Excellent quality for the price, would buy furniture again."
ORD008607,Janani Parmer,Clothes,No,,,
ORD008608,Ganga Chandra,Groceries,Yes,2024-12-07,4.0,"Great groceries, exactly as described. Very happy with it."
ORD008609,Kamya Lanka,Sports Equipment,No,2023-05-29,3.0,"Average sports equipment, packaging could be better."
ORD008610,Nicholas Choudhary,Furniture,No,2023-12-26,4.0,"Really satisfied, highly recommend this furniture."
ORD008611,Chasmum Goyal,Books,No,2025-04-06,1.0,"Not worth the price, expected better books."
ORD008612,Kai Bassi,Furniture,No,2024-12-20,5.0,"Fast delivery, furniture exceeded my expectations."
ORD008613,Kala Nagar,Books,No,2023-03-16,4.0,"Great books, exactly as described. Very happy with it."
ORD008614,Omya Boase,Clothes,No,2023-08-16,4.0,"Great clothes, exactly as described. Very happy with it."
ORD008615,Udarsh Dubey,Books,No,2023-03-05,4.0,"Great books, exactly as described. Very happy with it."
ORD008616,Pahal Kuruvilla,Furniture,No,2025-06-02,4.0,"Great furniture, exactly as described. Very happy with it."
ORD008617,Arunima Parsa,Kitchenware,Yes,2025-03-06,5.0,"Fast delivery, kitchenware exceeded my expectations."
ORD008618,Charita Vohra,Books,No,2024-07-08,4.0,"Excellent quality for the price, would buy books again."
ORD008619,Zaid Lata,Groceries,No,,,
ORD008620,Tanmayi Subramanian,Beauty Products,Yes,2024-10-01,5.0,"Fast delivery, beauty products exceeded my expectations."
ORD008621,Hemani Aurora,Books,No,2023-07-31,5.0,"Really satisfied, highly recommend this books."
ORD008622,Sanya Cherian,Electronics,No,2024-10-07,5.0,"Fast delivery, electronics exceeded my expectations."
ORD008623,Zayan Kamdar,Clothes,No,2023-03-13,4.0,"Fast delivery, clothes exceeded my expectations."
ORD008624,Christopher Vasa,Sports Equipment,Yes,2023-05-03,5.0,"Great sports equipment, exactly as described. Very happy with it."
ORD008625,Isaac Chaudhary,Electronics,Yes,2025-03-31,3.0,"The electronics is okay, does the job but nothing special."
ORD008626,Reva Dada,Groceries,No,2023-01-23,5.0,"Excellent quality for the price, would buy groceries again."
ORD008627,Leela Swaminathan,Furniture,Yes,,,
ORD008628,Aayush Andra,Electronics,No,2025-07-11,5.0,"Fast delivery, electronics exceeded my expectations."
ORD008629,Oni Kibe,Kitchenware,No,,,
ORD008630,Urishilla Naik,Toys,No,2024-12-03,4.0,"Great toys, exactly as described. Very happy with it."
ORD008631,Raagini Gade,Beauty Products,No,,,
ORD008632,Samuel Rama,Books,No,2024-04-15,5.0,"Really satisfied, highly recommend this books."
ORD008633,Charan Banerjee,Furniture,No,2024-12-29,5.0,"Great furniture, exactly as described. Very happy with it."
ORD008634,Harita Som,Sports Equipment,No,2024-04-25,5.0,"Really satisfied, highly recommend this sports equipment."
ORD008635,Leena Narula,Clothes,No,2023-12-12,1.0,"Received a damaged clothes, had to return it."
ORD008636,Simon Mitter,Furniture,No,2025-05-21,3.0,"Average furniture, packaging could be better."
ORD008637,Dayita Munshi,Groceries,No,2024-05-09,2.0,"Not worth the price, expected better groceries."
ORD008638,Upadhriti Menon,Groceries,No,2024-09-22,1.0,"Not worth the price, expected better groceries."
ORD008639,Onkar Sarin,Furniture,No,2023-10-08,3.0,"The furniture is okay, does the job but nothing special."
ORD008640,Banjeet De,Beauty Products,No,2025-08-21,5.0,"Great beauty products, exactly as described. Very happy with it."
ORD008641,Dhriti Lad,Books,No,2023-01-22,5.0,"Excellent quality for the price, would buy books again."
ORD008642,Tristan Ravel,Shoes,No,,,
ORD008643,Gaurang Lad,Shoes,No,2025-01-29,5.0,"Great shoes, exactly as described. Very happy with it."
ORD008644,Wakeeta Raval,Clothes,No,2025-11-09,4.0,"Excellent quality for the price, would buy clothes again."
ORD008645,Chakradhar Deol,Shoes,No,,,
ORD008646,Raagini Gade,Books,Yes,2023-06-23,1.0,"Disappointed with this books, quality is not good."
ORD008647,Raagini Gade,Furniture,No,,,
ORD008648,Amara Puri,Shoes,Yes,2024-09-28,1.0,"Not worth the price, expected better shoes."
ORD008649,Rohan Rajagopalan,Beauty Products,Yes,,,
ORD008650,Xavier Soman,Beauty Products,No,,,
ORD008651,Tarak Chand,Electronics,No,,,
ORD008652,Kala Vig,Sports Equipment,No,2025-12-09,2.0,"Disappointed with this sports equipment, quality is not good."
ORD008653,Nicholas Bhandari,Clothes,No,2025-03-08,1.0,"Not worth the price, expected better clothes."
ORD008654,Chatura Kala,Beauty Products,No,2024-02-02,2.0,"Not worth the price, expected better beauty products."
ORD008655,Wakeeta Raval,Groceries,No,,,
ORD008656,Thomas Sethi,Shoes,No,2025-08-24,2.0,"Received a damaged shoes, had to return it."
ORD008657,Raagini Gade,Beauty Products,No,2025-08-22,4.0,"Fast delivery, beauty products exceeded my expectations."
ORD008658,Zayyan Wason,Books,Yes,2025-03-22,4.0,"Excellent quality for the price, would buy books again."
ORD008659,Siya Dhillon,Electronics,No,2023-01-24,1.0,"Received a damaged electronics, had to return it."
ORD008660,Rishi Kashyap,Groceries,No,2025-03-28,4.0,"Great groceries, exactly as described. Very happy with it."
ORD008661,Abha Ravi,Groceries,No,2023-04-04,5.0,"Great groceries, exactly as described. Very happy with it."
ORD008662,William Khanna,Electronics,No,2025-03-06,2.0,"Disappointed with this electronics, quality is not good."
ORD008663,Qushi Pau,Toys,No,2024-08-11,5.0,"Really satisfied, highly recommend this toys."
ORD008664,Harrison Shan,Toys,No,2023-05-31,3.0,"The toys is okay, does the job but nothing special."
ORD008665,Raagini Bhagat,Electronics,No,2023-09-05,5.0,"Excellent quality for the price, would buy electronics again."
ORD008666,Ishani Bhalla,Books,No,2023-06-24,4.0,"Great books, exactly as described. Very happy with it."
ORD008667,Ucchal Shukla,Books,No,2025-01-16,4.0,"Great books, exactly as described. Very happy with it."
ORD008668,Ishani Bhalla,Furniture,No,,,
ORD008669,Falan Johal,Books,Yes,2025-02-02,3.0,"Average books, packaging could be better."
ORD008670,Logan Sekhon,Furniture,No,2025-07-19,5.0,"Fast delivery, furniture exceeded my expectations."
ORD008671,Kamya Jhaveri,Toys,No,2024-12-06,2.0,"Received a damaged toys, had to return it."
ORD008672,Yamini Garg,Books,No,2024-02-28,5.0,"Excellent quality for the price, would buy books again."
ORD008673,Dev Nori,Groceries,No,,,
ORD008674,Dev Bhasin,Toys,No,,,
ORD008675,Chakrika Kalla,Groceries,No,2025-09-12,4.0,"Excellent quality for the price, would buy groceries again."
ORD008676,Timothy Bhatti,Beauty Products,No,2024-10-27,1.0,"Received a damaged beauty products, had to return it."
ORD008677,Victor Chada,Electronics,No,2023-09-30,4.0,"Great electronics, exactly as described. Very happy with it."
ORD008678,Mohammed Pau,Sports Equipment,Yes,2025-03-21,2.0,"Disappointed with this sports equipment, quality is not good."
ORD008679,Liam More,Books,No,2024-01-02,2.0,"Not worth the price, expected better books."
ORD008680,Tanay Lal,Clothes,No,2023-07-01,5.0,"Really satisfied, highly recommend this clothes."
ORD008681,Triveni Mallick,Sports Equipment,Yes,2025-04-12,5.0,"Fast delivery, sports equipment exceeded my expectations."
ORD008682,Vrishti Shroff,Books,No,2024-12-19,4.0,"Great books, exactly as described. Very happy with it."
ORD008683,Bakhshi Nagar,Books,Yes,2023-03-04,2.0,"Received a damaged books, had to return it."
ORD008684,Jeet Setty,Electronics,Yes,2023-04-16,5.0,"Fast delivery, electronics exceeded my expectations."
ORD008685,Eesha Ahluwalia,Groceries,No,2025-07-22,4.0,"Fast delivery, groceries exceeded my expectations."
ORD008686,Falak Anne,Books,No,2025-09-19,5.0,"Fast delivery, books exceeded my expectations."
ORD008687,Zaid Sandal,Toys,No,,,
ORD008688,Imaran Buch,Clothes,No,,,
ORD008689,Jyoti Dhingra,Sports Equipment,No,2025-07-12,5.0,"Fast delivery, sports equipment exceeded my expectations."
ORD008690,Bahadurjit Jayaraman,Kitchenware,No,2023-04-13,4.0,"Great kitchenware, exactly as described. Very happy with it."
ORD008691,Adya Patla,Beauty Products,No,2024-02-06,5.0,"Excellent quality for the price, would buy beauty products again."
ORD008692,Watika Wali,Books,Yes,2025-03-28,5.0,"Great books, exactly as described. Very happy with it."
ORD008693,Adya Sangha,Electronics,No,2025-09-18,5.0,"Really satisfied, highly recommend this electronics."
ORD008694,Harsh Gala,Beauty Products,No,2025-06-19,4.0,"Really satisfied, highly recommend this beauty products."
ORD008695,Jasmit Bahl,Electronics,No,2025-02-17,4.0,"Really satisfied, highly recommend this electronics."
ORD008696,Darika Kala,Electronics,No,2023-04-15,2.0,"Disappointed with this electronics, quality is not good."
ORD008697,Krisha Ram,Shoes,No,2025-09-13,5.0,"Great shoes, exactly as described. Very happy with it."
ORD008698,Widisha Minhas,Clothes,No,,,
ORD008699,Zayan Sani,Kitchenware,No,2023-09-28,3.0,"Average kitchenware, packaging could be better."
ORD008700,Chaitaly Nagar,Electronics,No,2025-10-26,4.0,"Fast delivery, electronics exceeded my expectations."
ORD008701,Udarsh Gopal,Electronics,No,2025-10-29,2.0,"Received a damaged electronics, had to return it."
ORD008702,Rehaan Morar,Shoes,No,2025-08-15,5.0,"Excellent quality for the price, would buy shoes again."
ORD008703,Mekhala Dar,Electronics,No,2024-02-20,5.0,"Really satisfied, highly recommend this electronics."
ORD008704,Zaid Sandal,Shoes,No,2024-08-01,4.0,"Really satisfied, highly recommend this shoes."
ORD008705,Eshana Dyal,Electronics,No,2023-07-11,5.0,"Fast delivery, electronics exceeded my expectations."
ORD008706,Yutika Bhagat,Books,No,2023-08-01,4.0,"Excellent quality for the price, would buy books again."
ORD008707,Triveni Mallick,Sports Equipment,No,,,
ORD008708,Abha Ravi,Furniture,No,2025-11-25,5.0,"Really satisfied, highly recommend this furniture."
ORD008709,Sarthak Puri,Clothes,No,,,
ORD008710,Chandran Solanki,Electronics,No,2025-06-23,4.0,"Really satisfied, highly recommend this electronics."
ORD008711,Onkar Sarin,Electronics,No,2023-03-16,5.0,"Fast delivery, electronics exceeded my expectations."
ORD008712,Yoshita Soman,Sports Equipment,Yes,2025-12-31,3.0,"Average sports equipment, packaging could be better."
ORD008713,Ansh Kohli,Furniture,No,2025-07-12,4.0,"Excellent quality for the price, would buy furniture again."
ORD008714,Aayush Pall,Sports Equipment,No,2023-10-18,5.0,"Fast delivery, sports equipment exceeded my expectations."
ORD008715,Ishanvi Konda,Toys,No,2025-10-16,4.0,"Excellent quality for the price, would buy toys again."
ORD008716,Ganga Bumb,Electronics,No,2025-04-09,4.0,"Great electronics, exactly as described. Very happy with it."
ORD008717,Urvashi Goswami,Groceries,No,,,
ORD008718,Arunima Parsa,Electronics,No,2025-07-04,1.0,"Disappointed with this electronics, quality is not good."
ORD008719,Mitesh Varghese,Clothes,No,,,
ORD008720,Pranav Saraf,Shoes,No,2025-05-13,4.0,"Really satisfied, highly recommend this shoes."
ORD008721,Balvan Jani,Shoes,No,,,
ORD008722,Gautami Manda,Beauty Products,No,2024-12-28,5.0,"Really satisfied, highly recommend this beauty products."
ORD008723,Banjeet Rastogi,Clothes,No,2024-08-31,2.0,"Not worth the price, expected better clothes."
ORD008724,Vasudha Agarwal,Beauty Products,Yes,2024-07-18,5.0,"Excellent quality for the price, would buy beauty products again."
ORD008725,Chatura Thaman,Clothes,No,2025-12-18,2.0,"Disappointed with this clothes, quality is not good."
ORD008726,Aishani Saini,Sports Equipment,No,2024-11-08,3.0,"The sports equipment is okay, does the job but nothing special."
ORD008727,Nitara Rajagopal,Furniture,No,2024-09-20,5.0,"Great furniture, exactly as described. Very happy with it."
ORD008728,Damyanti Sahni,Sports Equipment,Yes,2025-06-07,5.0,"Great sports equipment, exactly as described. Very happy with it."
ORD008729,Yahvi Wadhwa,Clothes,No,2024-09-02,4.0,"Really satisfied, highly recommend this clothes."
ORD008730,Lohit Saha,Furniture,No,2024-03-03,1.0,"Received a damaged furniture, had to return it."
ORD008731,Rachit Bedi,Clothes,No,2025-02-19,4.0,"Fast delivery, clothes exceeded my expectations."
ORD008732,Oni Kibe,Clothes,No,2023-10-02,2.0,"Received a damaged clothes, had to return it."
ORD008733,Yashoda Mammen,Toys,No,2023-09-14,5.0,"Really satisfied, highly recommend this toys."
ORD008734,Shivansh Puri,Books,No,,,
ORD008735,Zaid Sandal,Toys,No,2025-03-09,5.0,"Great toys, exactly as described. Very happy with it."
ORD008736,Ijaya Narain,Toys,Yes,2025-04-28,5.0,"Excellent quality for the price, would buy toys again."
ORD008737,Damyanti Bhakta,Clothes,No,2023-10-05,4.0,"Excellent quality for the price, would buy clothes again."
ORD008738,Girish Rattan,Sports Equipment,No,2023-11-30,5.0,"Great sports equipment, exactly as described. Very happy with it."
ORD008739,Idika Warrior,Groceries,No,2025-11-30,3.0,"The groceries is okay, does the job but nothing special."
ORD008740,Damyanti Sahni,Groceries,No,2025-12-09,3.0,"The groceries is okay, does the job but nothing special."
ORD008741,Bahadurjit Banerjee,Groceries,No,2023-03-13,5.0,"Excellent quality for the price, would buy groceries again."
ORD008742,Jai Bhatia,Books,No,2023-02-04,5.0,"Fast delivery, books exceeded my expectations."
ORD008743,Ladli Yadav,Groceries,No,2025-12-18,5.0,"Fast delivery, groceries exceeded my expectations."
ORD008744,Kamya Jhaveri,Kitchenware,No,2023-02-22,4.0,"Really satisfied, highly recommend this kitchenware."
ORD008745,Lopa Narasimhan,Kitchenware,No,2024-07-16,1.0,"Disappointed with this kitchenware, quality is not good."
ORD008746,Zehaan Pradhan,Beauty Products,No,2024-12-12,3.0,"The beauty products is okay, does the job but nothing special."
ORD008747,Bahadurjit Banerjee,Groceries,No,,,
ORD008748,Dakshesh Goswami,Clothes,No,2024-07-18,3.0,"The clothes is okay, does the job but nothing special."
ORD008749,Hitesh Bhandari,Furniture,No,2023-09-02,5.0,"Excellent quality for the price, would buy furniture again."
ORD008750,Nathaniel Kota,Clothes,Yes,2024-12-07,4.0,"Great clothes, exactly as described. Very happy with it."
ORD008751,Dakshesh Goswami,Sports Equipment,No,,,
ORD008752,Manya Rao,Beauty Products,No,2025-11-14,4.0,"Fast delivery, beauty products exceeded my expectations."
ORD008753,Akshay Kohli,Electronics,No,2025-08-17,5.0,"Really satisfied, highly recommend this electronics."
ORD008754,Anusha Raja,Books,No,2023-12-31,4.0,"Great books, exactly as described. Very happy with it."
ORD008755,Gautami Lall,Beauty Products,No,2023-12-21,5.0,"Really satisfied, highly recommend this beauty products."
ORD008756,Zansi Dixit,Beauty Products,No,2023-11-26,4.0,"Excellent quality for the price, would buy beauty products again."
ORD008757,Harish Shetty,Books,No,2024-10-26,4.0,"Fast delivery, books exceeded my expectations."
ORD008758,Nathaniel Narain,Shoes,No,2025-07-08,5.0,"Great shoes, exactly as described. Very happy with it."
ORD008759,Chanakya Mand,Furniture,No,2024-05-13,2.0,"Received a damaged furniture, had to return it."
ORD008760,Nathaniel Bhardwaj,Books,No,2024-06-25,4.0,"Really satisfied, highly recommend this books."
ORD008761,Banjeet Rastogi,Books,No,,,
ORD008762,Kabir Krishnamurthy,Furniture,No,2023-12-17,5.0,"Fast delivery, furniture exceeded my expectations."
ORD008763,Manya Shere,Sports Equipment,Yes,2023-04-21,4.0,"Really satisfied, highly recommend this sports equipment."
ORD008764,Gaurav Toor,Kitchenware,No,,,
ORD008765,Om Sastry,Groceries,Yes,2024-06-17,5.0,"Really satisfied, highly recommend this groceries."
ORD008766,Akshay Kohli,Furniture,No,,,
ORD008767,Reyansh Singh,Kitchenware,No,2024-07-21,3.0,"The kitchenware is okay, does the job but nothing special."
ORD008768,Vaishnavi Dutt,Furniture,No,2024-09-03,5.0,"Great furniture, exactly as described. Very happy with it."
ORD008769,Rishi Tara,Beauty Products,No,,,
ORD008770,Henry Bora,Shoes,No,2024-11-24,5.0,"Excellent quality for the price, would buy shoes again."
ORD008771,Eiravati Pradhan,Kitchenware,No,2023-01-27,5.0,"Great kitchenware, exactly as described. Very happy with it."
ORD008772,Hamsini Chandra,Groceries,Yes,2024-01-25,3.0,"Average groceries, packaging could be better."
ORD008773,Jagdish Bedi,Books,No,2025-02-15,4.0,"Fast delivery, books exceeded my expectations."
ORD008774,Vivaan Seth,Books,No,2025-11-02,4.0,"Fast delivery, books exceeded my expectations."
ORD008775,Madhav Pandit,Shoes,No,,,
ORD008776,Harshil Vyas,Books,No,2025-08-09,1.0,"Received a damaged books, had to return it."
ORD008777,Chandran Datta,Kitchenware,No,2025-08-01,4.0,"Great kitchenware, exactly as described. Very happy with it."
ORD008778,Tara Sur,Toys,No,2024-08-02,5.0,"Great toys, exactly as described. Very happy with it."
ORD008779,Baghyawati Guha,Toys,No,2024-02-13,5.0,"Great toys, exactly as described. Very happy with it."
ORD008780,Zayan Kamdar,Electronics,No,2023-02-28,3.0,"The electronics is okay, does the job but nothing special."
ORD008781,Anusha Raja,Clothes,No,2024-01-03,5.0,"Great clothes, exactly as described. Very happy with it."
ORD008782,Kamala Keer,Sports Equipment,Yes,2023-11-04,2.0,"Disappointed with this sports equipment, quality is not good."
ORD008783,Lakshmi Chacko,Electronics,No,2024-12-04,5.0,"Really satisfied, highly recommend this electronics."
ORD008784,Nidhi Sekhon,Books,No,2024-11-11,5.0,"Excellent quality for the price, would buy books again."
ORD008785,Harsh Agrawal,Furniture,No,2024-03-08,5.0,"Fast delivery, furniture exceeded my expectations."
ORD008786,Pranit Kohli,Groceries,No,,,
ORD008787,Bahadurjit Kant,Shoes,No,2025-02-23,3.0,"The shoes is okay, does the job but nothing special."
ORD008788,Aarnav Pant,Shoes,No,2025-06-24,4.0,"Really satisfied, highly recommend this shoes."
ORD008789,Urvashi Goswami,Beauty Products,No,,,
ORD008790,Hitesh Bhandari,Groceries,No,,,
ORD008791,Bina Varty,Beauty Products,No,2023-10-20,3.0,"The beauty products is okay, does the job but nothing special."
ORD008792,Kevin Chaudhari,Electronics,No,2023-03-23,4.0,"Great electronics, exactly as described. Very happy with it."
ORD008793,Anita Nayak,Groceries,No,2024-12-18,4.0,"Excellent quality for the price, would buy groceries again."
ORD008794,Abhiram Mitter,Clothes,No,2023-01-07,3.0,"The clothes is okay, does the job but nothing special."
ORD008795,Azad Muni,Shoes,No,2023-09-10,4.0,"Fast delivery, shoes exceeded my expectations."
ORD008796,Dominic Som,Groceries,Yes,2025-01-07,5.0,"Great groceries, exactly as described. Very happy with it."
ORD008797,Gaurangi Aurora,Beauty Products,No,2023-03-17,4.0,"Great beauty products, exactly as described. Very happy with it."
ORD008798,Saanvi Agarwal,Groceries,No,2025-05-30,1.0,"Not worth the price, expected better groceries."
ORD008799,Jonathan Wali,Kitchenware,No,2025-04-18,4.0,"Great kitchenware, exactly as described. Very happy with it."
ORD008800,Laban Bal,Electronics,No,2024-09-01,4.0,"Excellent quality for the price, would buy electronics again."
ORD008801,Leela Parmer,Books,No,2024-04-09,4.0,"Excellent quality for the price, would buy books again."
ORD008802,Jeet Setty,Clothes,Yes,,,
ORD008803,Hemangini Chad,Groceries,No,,,
ORD008804,Ekani Sood,Electronics,No,,,
ORD008805,Isha Bhatnagar,Furniture,No,,,
ORD008806,Idika Singh,Electronics,No,2023-09-09,5.0,"Excellent quality for the price, would buy electronics again."
ORD008807,Urmi Lad,Books,No,2023-07-15,2.0,"Not worth the price, expected better books."
ORD008808,Raagini Bhagat,Shoes,No,2024-08-22,1.0,"Not worth the price, expected better shoes."
ORD008809,Ganga Handa,Groceries,No,2025-09-16,4.0,"Fast delivery, groceries exceeded my expectations."
ORD008810,Nitesh Dayal,Toys,No,2024-06-03,5.0,"Fast delivery, toys exceeded my expectations."
ORD008811,Samaksh Sem,Shoes,No,2024-12-20,2.0,"Not worth the price, expected better shoes."
ORD008812,Tristan Bhavsar,Furniture,No,2024-05-25,3.0,"Average furniture, packaging could be better."
ORD008813,Damyanti Sahni,Toys,No,2025-09-08,5.0,"Excellent quality for the price, would buy toys again."
ORD008814,Ucchal Virk,Electronics,No,,,
ORD008815,Mitesh Varghese,Shoes,No,2023-11-13,5.0,"Fast delivery, shoes exceeded my expectations."
ORD008816,Wishi Sharma,Electronics,No,,,
ORD008817,Udarsh Sachdev,Groceries,No,2023-07-13,5.0,"Fast delivery, groceries exceeded my expectations."
ORD008818,Nitara Rajagopal,Shoes,No,2025-07-16,3.0,"The shoes is okay, does the job but nothing special."
ORD008819,Mason Koshy,Electronics,No,2023-03-21,5.0,"Really satisfied, highly recommend this electronics."
ORD008820,Amaira Sarin,Shoes,No,2023-02-07,5.0,"Fast delivery, shoes exceeded my expectations."
ORD008821,Devika Parikh,Clothes,No,2024-02-24,2.0,"Disappointed with this clothes, quality is not good."
ORD008822,Brijesh Mani,Books,No,2025-11-19,4.0,"Fast delivery, books exceeded my expectations."
ORD008823,Diya Pillai,Clothes,No,,,
ORD008824,Daksh Chaudhuri,Kitchenware,No,2024-05-04,3.0,"Average kitchenware, packaging could be better."
ORD008825,Urvi Das,Electronics,No,2024-08-18,3.0,"Average electronics, packaging could be better."
ORD008826,Rachana Muni,Electronics,No,,,
ORD008827,Guneet Tripathi,Books,Yes,2023-03-12,5.0,"Really satisfied, highly recommend this books."
ORD008828,Bina Varty,Shoes,No,2024-04-19,4.0,"Great shoes, exactly as described. Very happy with it."
ORD008829,Chaitaly Nagar,Furniture,No,2024-01-28,5.0,"Great furniture, exactly as described. Very happy with it."
ORD008830,Balveer Dani,Groceries,No,,,
ORD008831,Darsh Aurora,Electronics,No,2025-03-11,3.0,"The electronics is okay, does the job but nothing special."
ORD008832,Rayaan Malhotra,Sports Equipment,No,2025-08-07,4.0,"Great sports equipment, exactly as described. Very happy with it."
ORD008833,Sachi Chauhan,Sports Equipment,No,2023-09-01,2.0,"Not worth the price, expected better sports equipment."
ORD008834,Wishi Sharma,Kitchenware,No,2023-11-29,5.0,"Excellent quality for the price, would buy kitchenware again."
ORD008835,Guneet Tripathi,Clothes,No,,,
ORD008836,Champak Kuruvilla,Books,No,,,
ORD008837,Diya Pillai,Books,No,2023-12-14,3.0,"The books is okay, does the job but nothing special."
ORD008838,Tanvi Ghosh,Furniture,Yes,2024-12-10,4.0,"Great furniture, exactly as described. Very happy with it."
ORD008839,Benjamin Ratta,Groceries,No,2025-04-30,4.0,"Fast delivery, groceries exceeded my expectations."
ORD008840,Chandresh Golla,Toys,No,2024-08-12,3.0,"Average toys, packaging could be better."
ORD008841,Aarini Ramakrishnan,Groceries,No,2024-08-15,4.0,"Great groceries, exactly as described. Very happy with it."
ORD008842,Azaan Roy,Clothes,No,2024-12-14,5.0,"Excellent quality for the price, would buy clothes again."
ORD008843,Ikbal Shankar,Beauty Products,Yes,2024-06-10,4.0,"Great beauty products, exactly as described. Very happy with it."
ORD008844,Balveer Dani,Electronics,No,2024-02-24,5.0,"Really satisfied, highly recommend this electronics."
ORD008845,Tanvi Ghosh,Shoes,No,2025-05-02,5.0,"Excellent quality for the price, would buy shoes again."
ORD008846,Viraj Arora,Electronics,No,2023-07-19,5.0,"Fast delivery, electronics exceeded my expectations."
ORD008847,Yashica Kota,Clothes,No,,,
ORD008848,Naksh Sampath,Groceries,No,2025-01-08,3.0,"The groceries is okay, does the job but nothing special."
ORD008849,Isha Bhatnagar,Beauty Products,No,2023-10-06,5.0,"Excellent quality for the price, would buy beauty products again."
ORD008850,Yahvi Magar,Shoes,No,2023-02-24,4.0,"Really satisfied, highly recommend this shoes."
ORD008851,Ikbal Chhabra,Shoes,No,2024-05-31,4.0,"Excellent quality for the price, would buy shoes again."
ORD008852,Bimala Master,Books,No,2023-09-17,5.0,"Excellent quality for the price, would buy books again."
ORD008853,Lakshmi Bhat,Beauty Products,No,2024-08-19,5.0,"Really satisfied, highly recommend this beauty products."
ORD008854,Omkaar Chopra,Furniture,Yes,2025-10-31,5.0,"Fast delivery, furniture exceeded my expectations."
ORD008855,Mekhala Chakraborty,Groceries,Yes,2024-09-22,3.0,"The groceries is okay, does the job but nothing special."
ORD008856,Janani Parmer,Clothes,No,2025-03-24,5.0,"Excellent quality for the price, would buy clothes again."
ORD008857,Rushil Brahmbhatt,Books,No,2025-10-15,1.0,"Disappointed with this books, quality is not good."
ORD008858,Isaac Chaudhary,Groceries,No,,,
ORD008859,Xiti Puri,Shoes,No,2025-11-19,1.0,"Received a damaged shoes, had to return it."
ORD008860,Sathvik Lall,Groceries,No,2024-05-14,1.0,"Not worth the price, expected better groceries."
ORD008861,Madhavi Mann,Furniture,No,2024-08-05,4.0,"Really satisfied, highly recommend this furniture."
ORD008862,Gautami Manda,Electronics,No,2024-08-25,5.0,"Fast delivery, electronics exceeded my expectations."
ORD008863,Falan Johal,Groceries,No,,,
ORD008864,Gautami Manda,Books,No,2025-04-17,1.0,"Received a damaged books, had to return it."
ORD008865,Megha Shroff,Books,Yes,2025-05-08,4.0,"Great books, exactly as described. Very happy with it."
ORD008866,Janya Kashyap,Clothes,No,,,
ORD008867,Ganga Chandra,Sports Equipment,No,2024-04-21,5.0,"Great sports equipment, exactly as described. Very happy with it."
ORD008868,Ati Loyal,Kitchenware,Yes,,,
ORD008869,Faras Murthy,Furniture,No,2025-03-01,5.0,"Great furniture, exactly as described. Very happy with it."
ORD008870,Kai Bassi,Groceries,No,,,
ORD008871,Urishilla Naik,Electronics,No,2023-01-12,4.0,"Excellent quality for the price, would buy electronics again."
ORD008872,Indira Bhargava,Sports Equipment,No,2024-02-29,5.0,"Fast delivery, sports equipment exceeded my expectations."
ORD008873,Samesh Jani,Clothes,No,,,
ORD008874,Pratyush Madan,Kitchenware,No,2024-07-14,3.0,"The kitchenware is okay, does the job but nothing special."
ORD008875,Omaja Badami,Electronics,No,2024-11-13,5.0,"Great electronics, exactly as described. Very happy with it."
ORD008876,Nandini Bhatia,Kitchenware,No,2024-06-24,3.0,"The kitchenware is okay, does the job but nothing special."
ORD008877,Veer Karnik,Kitchenware,No,,,
ORD008878,Leela Swaminathan,Groceries,Yes,2025-02-15,2.0,"Not worth the price, expected better groceries."
ORD008879,Azaan Pai,Sports Equipment,No,2023-12-21,4.0,"Fast delivery, sports equipment exceeded my expectations."
ORD008880,Janaki Din,Books,No,,,
ORD008881,Jasmit Bhardwaj,Electronics,No,2024-10-22,5.0,"Fast delivery, electronics exceeded my expectations."
ORD008882,Zarna Wali,Shoes,No,2023-04-29,3.0,"The shoes is okay, does the job but nothing special."
ORD008883,Ekansh Batra,Toys,No,2025-02-20,4.0,"Really satisfied, highly recommend this toys."
ORD008884,Zehaan Pradhan,Sports Equipment,No,2024-06-06,2.0,"Received a damaged sports equipment, had to return it."
ORD008885,Noah Sur,Beauty Products,No,2024-01-27,4.0,"Really satisfied, highly recommend this beauty products."
ORD008886,Kai Bassi,Groceries,No,2025-12-21,5.0,"Fast delivery, groceries exceeded my expectations."
ORD008887,Yauvani Patla,Beauty Products,No,2025-10-06,5.0,"Really satisfied, highly recommend this beauty products."
ORD008888,Devika Parikh,Shoes,No,,,
ORD008889,Lohit Saha,Beauty Products,No,2023-06-07,5.0,"Really satisfied, highly recommend this beauty products."
ORD008890,Vincent Tara,Shoes,No,,,
ORD008891,Yatan Keer,Toys,No,2023-12-13,4.0,"Really satisfied, highly recommend this toys."
ORD008892,Elijah Luthra,Electronics,Yes,2023-07-17,4.0,"Great electronics, exactly as described. Very happy with it."
ORD008893,Yahvi Wadhwa,Furniture,No,2024-05-15,4.0,"Great furniture, exactly as described. Very happy with it."
ORD008894,Nathaniel Narain,Electronics,No,2023-04-04,3.0,"Average electronics, packaging could be better."
ORD008895,Robert Banik,Beauty Products,No,2024-09-28,2.0,"Received a damaged beauty products, had to return it."
ORD008896,Mohammed Ramachandran,Furniture,No,,,
ORD008897,Idika Warrior,Beauty Products,No,2025-06-29,4.0,"Really satisfied, highly recommend this beauty products."
ORD008898,Gagan Tandon,Beauty Products,No,2024-01-01,5.0,"Really satisfied, highly recommend this beauty products."
ORD008899,Ati Loyal,Books,No,,,
ORD008900,Rohan Rajagopalan,Beauty Products,No,2023-08-28,3.0,"Average beauty products, packaging could be better."
ORD008901,Vedhika Dhawan,Groceries,No,2024-07-28,4.0,"Fast delivery, groceries exceeded my expectations."
ORD008902,Bimala Master,Clothes,No,,,
ORD008903,Indali Kunda,Clothes,No,2025-05-18,3.0,"The clothes is okay, does the job but nothing special."
ORD008904,Sarthak Puri,Furniture,No,2025-10-08,5.0,"Really satisfied, highly recommend this furniture."
ORD008905,Kala Nagar,Electronics,No,2025-03-28,5.0,"Really satisfied, highly recommend this electronics."
ORD008906,Abha Keer,Furniture,No,2024-12-18,3.0,"The furniture is okay, does the job but nothing special."
ORD008907,Parth Hegde,Groceries,Yes,,,
ORD008908,Gautami Sarin,Groceries,No,2024-01-09,4.0,"Fast delivery, groceries exceeded my expectations."
ORD008909,Chaitanya Jani,Electronics,Yes,2024-10-19,1.0,"Disappointed with this electronics, quality is not good."
ORD008910,Owen Trivedi,Clothes,No,2025-03-14,4.0,"Great clothes, exactly as described. Very happy with it."
ORD008911,Samesh Jani,Groceries,No,2023-11-13,5.0,"Great groceries, exactly as described. Very happy with it."
ORD008912,Urmi Sachdeva,Kitchenware,No,2024-09-14,3.0,"The kitchenware is okay, does the job but nothing special."
ORD008913,Vritti Chopra,Books,No,2023-07-05,5.0,"Excellent quality for the price, would buy books again."
ORD008914,Garima Kumar,Beauty Products,No,,,
ORD008915,Chandran Solanki,Shoes,No,2023-01-30,4.0,"Really satisfied, highly recommend this shoes."
ORD008916,Arunima Parsa,Shoes,No,2025-05-17,5.0,"Excellent quality for the price, would buy shoes again."
ORD008917,Dipta Vaidya,Furniture,No,2025-12-17,4.0,"Really satisfied, highly recommend this furniture."
ORD008918,Rishi Tara,Electronics,No,2024-11-25,4.0,"Fast delivery, electronics exceeded my expectations."
ORD008919,Ayush Bail,Toys,No,2023-04-04,4.0,"Fast delivery, toys exceeded my expectations."
ORD008920,Raghav Pradhan,Clothes,No,2024-02-28,4.0,"Really satisfied, highly recommend this clothes."
ORD008921,Gaurang Kamdar,Beauty Products,No,,,
ORD008922,Urvi Das,Shoes,No,2025-06-03,4.0,"Great shoes, exactly as described. Very happy with it."
ORD008923,Noah Sur,Electronics,No,,,
ORD008924,Eta Chakraborty,Books,No,,,
ORD008925,Rohan Arora,Clothes,No,2026-01-10,4.0,"Excellent quality for the price, would buy clothes again."
ORD008926,Ansh Kohli,Books,No,2023-11-01,5.0,"Excellent quality for the price, would buy books again."
ORD008927,Meera Bajaj,Groceries,No,2023-10-15,3.0,"The groceries is okay, does the job but nothing special."
ORD008928,Falan Lanka,Groceries,No,2025-12-15,5.0,"Really satisfied, highly recommend this groceries."
ORD008929,Ansh Kohli,Beauty Products,Yes,2025-08-03,5.0,"Really satisfied, highly recommend this beauty products."
ORD008930,Yuvraj Grewal,Beauty Products,Yes,2025-12-28,3.0,"Average beauty products, packaging could be better."
ORD008931,Harsh Agrawal,Furniture,No,2023-11-28,2.0,"Not worth the price, expected better furniture."
ORD008932,Sneha Nori,Toys,No,2023-05-23,4.0,"Really satisfied, highly recommend this toys."
ORD008933,Brinda Thaker,Groceries,No,2025-01-21,2.0,"Disappointed with this groceries, quality is not good."
ORD008934,Chanchal Sastry,Clothes,No,2023-09-17,5.0,"Really satisfied, highly recommend this clothes."
ORD008935,Rehaan Morar,Furniture,Yes,2024-12-12,5.0,"Really satisfied, highly recommend this furniture."
ORD008936,Chaman Varty,Kitchenware,No,2023-01-16,5.0,"Fast delivery, kitchenware exceeded my expectations."
ORD008937,Lakshmi Chacko,Furniture,No,2025-01-07,2.0,"Not worth the price, expected better furniture."
ORD008938,Madhavi Mann,Clothes,No,,,
ORD008939,Bina Varty,Kitchenware,No,2025-04-18,4.0,"Excellent quality for the price, would buy kitchenware again."
ORD008940,Hritik Talwar,Groceries,No,2025-01-02,5.0,"Fast delivery, groceries exceeded my expectations."
ORD008941,Triya Pant,Electronics,No,2023-09-07,4.0,"Excellent quality for the price, would buy electronics again."
ORD008942,Dayita Munshi,Kitchenware,Yes,2026-01-15,5.0,"Really satisfied, highly recommend this kitchenware."
ORD008943,Orinder Dhaliwal,Toys,No,,,
ORD008944,Theodore Chandra,Furniture,Yes,2025-10-29,4.0,"Great furniture, exactly as described. Very happy with it."
ORD008945,Gavin Lalla,Electronics,No,,,
ORD008946,Onveer Bhavsar,Books,No,2023-01-20,4.0,"Great books, exactly as described. Very happy with it."
ORD008947,Kevin Suresh,Beauty Products,No,2025-02-06,5.0,"Excellent quality for the price, would buy beauty products again."
ORD008948,Balhaar Gade,Books,No,2023-09-22,3.0,"The books is okay, does the job but nothing special."
ORD008949,Maanav Madan,Toys,No,2025-01-13,1.0,"Received a damaged toys, had to return it."
ORD008950,Imaran Hari,Sports Equipment,No,2023-05-12,2.0,"Disappointed with this sports equipment, quality is not good."
ORD008951,Januja Bal,Kitchenware,No,2024-10-16,3.0,"Average kitchenware, packaging could be better."
ORD008952,Nidhi Baria,Groceries,No,2023-10-31,5.0,"Really satisfied, highly recommend this groceries."
ORD008953,Bina Varty,Electronics,Yes,2023-11-04,4.0,"Fast delivery, electronics exceeded my expectations."
ORD008954,Harsh Karan,Beauty Products,No,2024-06-10,4.0,"Fast delivery, beauty products exceeded my expectations."
ORD008955,Urvashi Ratta,Kitchenware,No,2023-03-20,5.0,"Great kitchenware, exactly as described. Very happy with it."
ORD008956,Baghyawati Mishra,Sports Equipment,Yes,2023-09-08,5.0,"Great sports equipment, exactly as described. Very happy with it."
ORD008957,Chakradhar Deol,Sports Equipment,No,2024-07-18,4.0,"Really satisfied, highly recommend this sports equipment."
ORD008958,Hemani Aurora,Shoes,Yes,,,
ORD008959,Qadim Sen,Beauty Products,No,2025-01-23,4.0,"Really satisfied, highly recommend this beauty products."
ORD008960,Tarak Chand,Sports Equipment,No,,,
ORD008961,Ubika Sarna,Books,No,2025-03-01,4.0,"Excellent quality for the price, would buy books again."
ORD008962,Mekhala Gala,Clothes,No,2025-09-28,3.0,"The clothes is okay, does the job but nothing special."
ORD008963,Harish Shetty,Furniture,No,2024-04-29,5.0,"Fast delivery, furniture exceeded my expectations."
ORD008964,Zayan Kamdar,Toys,No,,,
ORD008965,Onkar Datta,Clothes,Yes,2023-09-27,5.0,"Really satisfied, highly recommend this clothes."
ORD008966,Advik Hegde,Toys,No,2023-03-24,3.0,"The toys is okay, does the job but nothing special."
ORD008967,Alka Magar,Kitchenware,No,2025-01-04,4.0,"Great kitchenware, exactly as described. Very happy with it."
ORD008968,Nitesh Oommen,Beauty Products,No,2024-04-19,4.0,"Really satisfied, highly recommend this beauty products."
ORD008969,Aachal Lad,Shoes,No,2023-10-15,5.0,"Fast delivery, shoes exceeded my expectations."
ORD008970,Anya Kibe,Furniture,No,2025-12-20,4.0,"Excellent quality for the price, would buy furniture again."
ORD008971,Siddharth Sood,Books,No,,,
ORD008972,Ganga Bumb,Beauty Products,No,2023-12-16,4.0,"Really satisfied, highly recommend this beauty products."
ORD008973,Sachi Chauhan,Books,Yes,2024-08-21,4.0,"Excellent quality for the price, would buy books again."
ORD008974,Hamsini Bhatia,Electronics,Yes,2025-02-02,4.0,"Excellent quality for the price, would buy electronics again."
ORD008975,Leena Chhabra,Shoes,Yes,2024-02-22,3.0,"Average shoes, packaging could be better."
ORD008976,Vasudha Murty,Furniture,No,,,
ORD008977,Aishani Apte,Toys,No,2023-07-11,4.0,"Really satisfied, highly recommend this toys."
ORD008978,Tanmayi Subramanian,Clothes,No,2024-04-04,4.0,"Great clothes, exactly as described. Very happy with it."
ORD008979,Imaran Dara,Clothes,No,2023-05-30,5.0,"Fast delivery, clothes exceeded my expectations."
ORD008980,Chatura Thaman,Sports Equipment,No,,,
ORD008981,Maanas Chaudry,Electronics,No,2023-08-10,5.0,"Excellent quality for the price, would buy electronics again."
ORD008982,Brijesh Mani,Toys,No,,,
ORD008983,Baghyawati Mishra,Toys,No,2024-12-21,4.0,"Excellent quality for the price, would buy toys again."
ORD008984,Ranveer Soman,Clothes,No,2025-03-02,5.0,"Great clothes, exactly as described. Very happy with it."
ORD008985,Aarini Ramakrishnan,Sports Equipment,No,2025-01-24,1.0,"Disappointed with this sports equipment, quality is not good."
ORD008986,Amara Puri,Sports Equipment,No,2025-08-05,5.0,"Great sports equipment, exactly as described. Very happy with it."
ORD008987,Inaya Sawhney,Groceries,No,2023-12-05,4.0,"Great groceries, exactly as described. Very happy with it."
ORD008988,Jyoti Dhingra,Furniture,No,,,
ORD008989,Saksham Mani,Clothes,No,2024-06-09,5.0,"Fast delivery, clothes exceeded my expectations."
ORD008990,Manbir Mittal,Beauty Products,No,2025-11-23,5.0,"Excellent quality for the price, would buy beauty products again."
ORD008991,Dalbir Sule,Groceries,Yes,2024-10-01,4.0,"Excellent quality for the price, would buy groceries again."
ORD008992,Charan Banerjee,Kitchenware,No,2023-06-29,5.0,"Excellent quality for the price, would buy kitchenware again."
ORD008993,Falan Chana,Groceries,No,2024-07-07,2.0,"Not worth the price, expected better groceries."
ORD008994,Ronith Raman,Electronics,No,2023-10-06,4.0,"Great electronics, exactly as described. Very happy with it."
ORD008995,Varenya Mani,Clothes,No,2023-01-19,2.0,"Received a damaged clothes, had to return it."
ORD008996,Nathaniel Kota,Beauty Products,No,,,
ORD008997,Varenya Mani,Books,No,2024-08-24,5.0,"Really satisfied, highly recommend this books."
ORD008998,Libni Palan,Groceries,No,2025-03-21,5.0,"Excellent quality for the price, would buy groceries again."
ORD008999,Guneet Tripathi,Toys,No,2025-07-19,5.0,"Great toys, exactly as described. Very happy with it."
ORD009000,Vrishti Shroff,Beauty Products,No,2025-12-13,5.0,"Excellent quality for the price, would buy beauty products again."
ORD009001,Meera Bajaj,Clothes,No,2025-02-12,5.0,"Fast delivery, clothes exceeded my expectations."
ORD009002,Chaitanya Bhatia,Furniture,Yes,2023-07-18,5.0,"Really satisfied, highly recommend this furniture."
ORD009003,Baghyawati Mishra,Toys,No,2023-08-31,4.0,"Great toys, exactly as described. Very happy with it."
ORD009004,Jai Bhatia,Groceries,No,2025-04-10,3.0,"Average groceries, packaging could be better."
ORD009005,Hemani Aurora,Books,No,2024-08-29,4.0,"Great books, exactly as described. Very happy with it."
ORD009006,Elijah Luthra,Electronics,No,2025-12-07,4.0,"Excellent quality for the price, would buy electronics again."
ORD009007,Lekha Bains,Furniture,No,,,
ORD009008,Atharv Madan,Clothes,Yes,2024-05-30,4.0,"Excellent quality for the price, would buy clothes again."
ORD009009,Anusha Raja,Clothes,No,,,
ORD009010,Devansh Mital,Electronics,No,2025-09-03,2.0,"Disappointed with this electronics, quality is not good."
ORD009011,Raagini Bhagat,Electronics,No,2025-04-03,4.0,"Fast delivery, electronics exceeded my expectations."
ORD009012,Hiral Dua,Kitchenware,No,2024-10-10,2.0,"Disappointed with this kitchenware, quality is not good."
ORD009013,Girish Rattan,Furniture,No,2025-12-26,5.0,"Really satisfied, highly recommend this furniture."
ORD009014,Upma Ganesan,Sports Equipment,No,,,
ORD009015,Hemangini Chad,Kitchenware,No,2024-04-08,1.0,"Not worth the price, expected better kitchenware."
ORD009016,Jyoti Dhingra,Groceries,No,2024-03-30,3.0,"The groceries is okay, does the job but nothing special."
ORD009017,Guneet Tripathi,Books,No,,,
ORD009018,Nandini Bhatia,Books,No,2023-12-22,2.0,"Disappointed with this books, quality is not good."
ORD009019,Hemal Sen,Electronics,No,,,
ORD009020,Yashawini Sengupta,Toys,No,2024-05-04,3.0,"Average toys, packaging could be better."
ORD009021,Dipta Vaidya,Clothes,No,,,
ORD009022,Meera Chawla,Clothes,No,2024-01-05,4.0,"Fast delivery, clothes exceeded my expectations."
ORD009023,Balveer Dani,Clothes,No,,,
ORD009024,Samesh Kashyap,Toys,No,2023-08-11,3.0,"Average toys, packaging could be better."
ORD009025,Eesha Ahluwalia,Groceries,No,2023-09-25,1.0,"Not worth the price, expected better groceries."
ORD009026,Jagvi Sethi,Kitchenware,No,2023-05-27,3.0,"Average kitchenware, packaging could be better."
ORD009027,Banjeet Rege,Furniture,No,2025-06-07,3.0,"The furniture is okay, does the job but nothing special."
ORD009028,Elijah Raman,Electronics,No,,,
ORD009029,Bimala Shanker,Clothes,No,2023-03-09,5.0,"Fast delivery, clothes exceeded my expectations."
ORD009030,Anusha Raja,Groceries,No,,,
ORD009031,Yoshita Soman,Groceries,Yes,2025-06-17,1.0,"Not worth the price, expected better groceries."
ORD009032,Vanya Yohannan,Toys,No,2024-09-08,4.0,"Excellent quality for the price, would buy toys again."
ORD009033,Idika Bhagat,Clothes,No,2024-01-03,4.0,"Excellent quality for the price, would buy clothes again."
ORD009034,Faris Sethi,Books,No,2023-08-12,2.0,"Received a damaged books, had to return it."
ORD009035,Amruta Sehgal,Toys,Yes,2025-02-20,3.0,"The toys is okay, does the job but nothing special."
ORD009036,Qadim Agrawal,Toys,No,2026-01-01,5.0,"Great toys, exactly as described. Very happy with it."
ORD009037,Anvi Shan,Clothes,No,2025-12-20,3.0,"Average clothes, packaging could be better."
ORD009038,Jasmit Bahl,Books,No,2024-12-15,2.0,"Not worth the price, expected better books."
ORD009039,Radha Hayer,Furniture,No,,,
ORD009040,Neel Mall,Books,No,,,
ORD009041,Qadim Agarwal,Clothes,No,2025-05-10,5.0,"Fast delivery, clothes exceeded my expectations."
ORD009042,Yashica Aurora,Clothes,No,2023-06-16,4.0,"Excellent quality for the price, would buy clothes again."
ORD009043,Vedika Ramesh,Groceries,No,2024-07-05,5.0,"Excellent quality for the price, would buy groceries again."
ORD009044,Shivani Sane,Groceries,No,,,
ORD009045,Ayaan Bhatnagar,Groceries,No,2024-10-04,3.0,"The groceries is okay, does the job but nothing special."
ORD009046,Chandran Solanki,Groceries,No,2024-12-09,4.0,"Excellent quality for the price, would buy groceries again."
ORD009047,Gautam Aurora,Clothes,No,,,
ORD009048,Turvi Khanna,Beauty Products,No,2025-10-04,5.0,"Fast delivery, beauty products exceeded my expectations."
ORD009049,Kala Nagar,Kitchenware,No,2025-04-10,5.0,"Excellent quality for the price, would buy kitchenware again."
ORD009050,Abha Ahuja,Clothes,No,2025-01-16,3.0,"Average clothes, packaging could be better."
ORD009051,Faras Murthy,Groceries,No,,,
ORD009052,Garima Kumar,Books,No,2024-10-07,5.0,"Really satisfied, highly recommend this books."
ORD009053,Elijah Dalal,Furniture,No,,,
ORD009054,Henry Bora,Clothes,Yes,2024-04-20,4.0,"Fast delivery, clothes exceeded my expectations."
ORD009055,Triveni Mallick,Electronics,No,,,
ORD009056,Gautam Ravi,Furniture,No,2025-10-08,4.0,"Excellent quality for the price, would buy furniture again."
ORD009057,Luke Arora,Groceries,Yes,2024-11-19,2.0,"Received a damaged groceries, had to return it."
ORD009058,Triveni Mallick,Beauty Products,No,2023-08-29,4.0,"Really satisfied, highly recommend this beauty products."
ORD009059,Banjeet Rege,Beauty Products,No,2024-11-30,5.0,"Excellent quality for the price, would buy beauty products again."
ORD009060,Vincent Tara,Clothes,No,,,
ORD009061,Dhriti Lad,Furniture,No,2026-01-10,4.0,"Excellent quality for the price, would buy furniture again."
ORD009062,Chakrika Kalla,Furniture,No,2023-03-22,4.0,"Really satisfied, highly recommend this furniture."
ORD009063,Girish Rattan,Kitchenware,No,2024-02-25,3.0,"Average kitchenware, packaging could be better."
ORD009064,Nidhi Baria,Books,No,2025-02-09,2.0,"Not worth the price, expected better books."
ORD009065,Rachana Muni,Clothes,No,2025-10-14,5.0,"Fast delivery, clothes exceeded my expectations."
ORD009066,Christopher Vasa,Sports Equipment,No,2023-03-14,5.0,"Fast delivery, sports equipment exceeded my expectations."
ORD009067,Vansha Deol,Clothes,No,,,
ORD009068,Urvi Bhattacharyya,Furniture,No,2023-05-04,1.0,"Not worth the price, expected better furniture."
ORD009069,Harinakshi Sahni,Electronics,No,2024-10-04,5.0,"Fast delivery, electronics exceeded my expectations."
ORD009070,Janaki Mistry,Toys,No,2023-10-31,5.0,"Excellent quality for the price, would buy toys again."
ORD009071,Bhanumati Saran,Sports Equipment,No,,,
ORD009072,Eiravati Khare,Electronics,Yes,2025-12-06,3.0,"The electronics is okay, does the job but nothing special."
ORD009073,Ansh Kohli,Electronics,No,2023-10-20,3.0,"The electronics is okay, does the job but nothing special."
ORD009074,Jonathan Wali,Electronics,No,,,
ORD009075,Tanvi Ghosh,Kitchenware,No,2024-07-19,5.0,"Really satisfied, highly recommend this kitchenware."
ORD009076,Eta Chakraborty,Sports Equipment,No,2025-06-27,2.0,"Not worth the price, expected better sports equipment."
ORD009077,Luke Arora,Furniture,No,2025-10-09,2.0,"Not worth the price, expected better furniture."
ORD009078,Upadhriti Menon,Clothes,Yes,2025-09-26,3.0,"The clothes is okay, does the job but nothing special."
ORD009079,Qadim Sen,Sports Equipment,No,2023-07-03,3.0,"The sports equipment is okay, does the job but nothing special."
ORD009080,Neha Warrior,Groceries,No,,,
ORD009081,Alka Magar,Beauty Products,No,2024-01-08,5.0,"Excellent quality for the price, would buy beauty products again."
ORD009082,Yahvi Wadhwa,Shoes,No,2026-01-01,3.0,"The shoes is okay, does the job but nothing special."
ORD009083,Aachal Thakkar,Groceries,No,,,
ORD009084,Pahal Kuruvilla,Sports Equipment,No,2023-11-20,5.0,"Fast delivery, sports equipment exceeded my expectations."
ORD009085,Wakeeta Raval,Kitchenware,No,,,
ORD009086,Qabil Lall,Toys,No,2025-05-28,2.0,"Not worth the price, expected better toys."
ORD009087,Warda Doctor,Beauty Products,Yes,2024-02-28,5.0,"Really satisfied, highly recommend this beauty products."
ORD009088,Kiaan Arora,Clothes,No,2024-02-16,5.0,"Fast delivery, clothes exceeded my expectations."
ORD009089,Chakradev Bains,Books,No,2024-12-12,4.0,"Fast delivery, books exceeded my expectations."
ORD009090,Chavvi Rajan,Beauty Products,No,2025-08-18,3.0,"Average beauty products, packaging could be better."
ORD009091,Urvashi Goswami,Furniture,Yes,2024-03-10,4.0,"Really satisfied, highly recommend this furniture."
ORD009092,Karan Bhat,Beauty Products,No,,,
ORD009093,Nathan Aggarwal,Beauty Products,No,2023-10-28,1.0,"Not worth the price, expected better beauty products."
ORD009094,Keya Sarkar,Sports Equipment,No,,,
ORD009095,Kiaan Jayaraman,Electronics,No,2024-04-07,5.0,"Excellent quality for the price, would buy electronics again."
ORD009096,Warinder Narang,Shoes,No,2023-03-04,1.0,"Not worth the price, expected better shoes."
ORD009097,Mekhala Bawa,Electronics,No,2024-01-22,5.0,"Really satisfied, highly recommend this electronics."
ORD009098,Nidra Grewal,Clothes,No,,,
ORD009099,Chatura Kala,Groceries,No,,,
ORD009100,Gautam Mishra,Electronics,Yes,2023-07-27,4.0,"Excellent quality for the price, would buy electronics again."
ORD009101,Ishanvi Konda,Electronics,No,2025-06-23,4.0,"Great electronics, exactly as described. Very happy with it."
ORD009102,Anita Nayak,Groceries,No,2024-08-19,3.0,"Average groceries, packaging could be better."
ORD009103,Urvashi Goswami,Electronics,No,2025-05-22,4.0,"Excellent quality for the price, would buy electronics again."
ORD009104,Elijah Wason,Electronics,No,,,
ORD009105,Leela Swaminathan,Clothes,No,2024-06-30,4.0,"Excellent quality for the price, would buy clothes again."
ORD009106,Gavin Gade,Clothes,No,2023-12-27,5.0,"Great clothes, exactly as described. Very happy with it."
ORD009107,Abhiram Mitter,Shoes,No,2023-09-19,4.0,"Great shoes, exactly as described. Very happy with it."
ORD009108,Kavya Srivastava,Toys,Yes,,,
ORD009109,Falan Chana,Kitchenware,No,,,
ORD009110,Anjali Dasgupta,Books,No,2023-05-10,3.0,"Average books, packaging could be better."
ORD009111,Onkar Datta,Clothes,No,2024-10-04,4.0,"Excellent quality for the price, would buy clothes again."
ORD009112,Pranit Kohli,Electronics,No,2023-08-10,3.0,"The electronics is okay, does the job but nothing special."
ORD009113,Nirja Shan,Furniture,No,2025-08-16,4.0,"Really satisfied, highly recommend this furniture."
ORD009114,Harsh Karan,Books,No,2024-03-23,2.0,"Received a damaged books, had to return it."
ORD009115,Abhiram Mitter,Shoes,No,2025-05-03,5.0,"Really satisfied, highly recommend this shoes."
ORD009116,Imaran Buch,Groceries,No,2024-11-14,5.0,"Great groceries, exactly as described. Very happy with it."
ORD009117,Karan Bail,Furniture,No,,,
ORD009118,Ekapad Chander,Sports Equipment,Yes,2025-09-01,2.0,"Disappointed with this sports equipment, quality is not good."
ORD009119,Kavya Sandhu,Shoes,No,2023-11-17,5.0,"Great shoes, exactly as described. Very happy with it."
ORD009120,Aarav Nagy,Groceries,No,2023-03-03,5.0,"Great groceries, exactly as described. Very happy with it."
ORD009121,Hemani Aurora,Clothes,No,2023-10-14,5.0,"Excellent quality for the price, would buy clothes again."
ORD009122,Akshay Kohli,Sports Equipment,Yes,2025-08-23,3.0,"The sports equipment is okay, does the job but nothing special."
ORD009123,Neel Mall,Clothes,No,2024-09-27,4.0,"Really satisfied, highly recommend this clothes."
ORD009124,Onveer Bhavsar,Beauty Products,No,2023-09-11,4.0,"Fast delivery, beauty products exceeded my expectations."
ORD009125,Bimala Shanker,Sports Equipment,Yes,2024-08-07,2.0,"Not worth the price, expected better sports equipment."
ORD009126,Rehaan Morar,Electronics,No,,,
ORD009127,Chandani Datta,Electronics,No,2023-09-06,5.0,"Great electronics, exactly as described. Very happy with it."
ORD009128,Harsh Karan,Clothes,No,2025-08-24,5.0,"Great clothes, exactly as described. Very happy with it."
ORD009129,Oni Kibe,Furniture,No,2023-09-12,1.0,"Disappointed with this furniture, quality is not good."
ORD009130,Chasmum Goyal,Groceries,Yes,2025-09-21,3.0,"Average groceries, packaging could be better."
ORD009131,Gaurangi Aurora,Books,No,2023-03-19,3.0,"The books is okay, does the job but nothing special."
ORD009132,Bimala Shanker,Furniture,No,2026-01-10,4.0,"Great furniture, exactly as described. Very happy with it."
ORD009133,Mekhala Bawa,Beauty Products,No,2024-03-18,5.0,"Really satisfied, highly recommend this beauty products."
ORD009134,Nirja Shan,Kitchenware,No,2025-08-10,4.0,"Great kitchenware, exactly as described. Very happy with it."
ORD009135,Banjeet De,Kitchenware,Yes,,,
ORD009136,Janaki Din,Books,No,2023-04-13,1.0,"Received a damaged books, had to return it."
ORD009137,Udant Hayer,Books,No,,,
ORD009138,Liam More,Books,No,,,
ORD009139,Leela Parmer,Groceries,No,2024-06-01,4.0,"Excellent quality for the price, would buy groceries again."
ORD009140,Neha Warrior,Electronics,No,2024-03-22,5.0,"Great electronics, exactly as described. Very happy with it."
ORD009141,Aarnav Pant,Groceries,No,2024-08-23,4.0,"Excellent quality for the price, would buy groceries again."
ORD009142,Nachiket Kota,Shoes,No,2024-03-10,5.0,"Great shoes, exactly as described. Very happy with it."
ORD009143,Anika Rout,Shoes,No,2025-04-09,2.0,"Disappointed with this shoes, quality is not good."
ORD009144,Vihaan Dora,Clothes,No,2024-04-14,4.0,"Really satisfied, highly recommend this clothes."
ORD009145,Nachiket Kota,Shoes,No,2025-07-18,5.0,"Great shoes, exactly as described. Very happy with it."
ORD009146,Vivaan More,Books,No,2025-03-31,5.0,"Excellent quality for the price, would buy books again."
ORD009147,Lipika Lal,Books,No,,,
ORD009148,Veda Bhatnagar,Groceries,No,2023-08-16,5.0,"Excellent quality for the price, would buy groceries again."
ORD009149,Daksha Kaul,Beauty Products,No,2025-04-11,4.0,"Excellent quality for the price, would buy beauty products again."
ORD009150,Rushil Dey,Clothes,No,2025-02-23,5.0,"Fast delivery, clothes exceeded my expectations."
ORD009151,Gabriel Randhawa,Groceries,No,2024-08-06,5.0,"Fast delivery, groceries exceeded my expectations."
ORD009152,Eshana Tiwari,Books,No,2024-12-02,5.0,"Really satisfied, highly recommend this books."
ORD009153,Riya Mutti,Kitchenware,No,2023-02-18,5.0,"Great kitchenware, exactly as described. Very happy with it."
ORD009154,Yashoda Mammen,Clothes,No,2023-06-14,5.0,"Excellent quality for the price, would buy clothes again."
ORD009155,Champak Kuruvilla,Sports Equipment,No,2023-11-28,5.0,"Great sports equipment, exactly as described. Very happy with it."
ORD009156,Farhan Mammen,Sports Equipment,Yes,2023-11-14,5.0,"Really satisfied, highly recommend this sports equipment."
ORD009157,Thomas Sethi,Books,No,,,
ORD009158,Hemal Sen,Sports Equipment,No,2024-12-16,5.0,"Great sports equipment, exactly as described. Very happy with it."
ORD009159,Theodore Chandra,Electronics,No,2024-08-16,5.0,"Fast delivery, electronics exceeded my expectations."
ORD009160,Nandini Bhatia,Sports Equipment,No,2023-10-28,1.0,"Disappointed with this sports equipment, quality is not good."
ORD009161,Nidhi Sekhon,Furniture,No,2025-07-10,5.0,"Really satisfied, highly recommend this furniture."
ORD009162,Xavier Sani,Toys,No,2025-07-08,3.0,"The toys is okay, does the job but nothing special."
ORD009163,Fitan Kala,Sports Equipment,Yes,,,
ORD009164,Qasim Muni,Toys,No,,,
ORD009165,Vansha Deol,Electronics,No,,,
ORD009166,Urvi Bhattacharyya,Electronics,No,2023-08-16,3.0,"Average electronics, packaging could be better."
ORD009167,Darika Kala,Groceries,No,2025-10-18,4.0,"Fast delivery, groceries exceeded my expectations."
ORD009168,Falak Anne,Electronics,No,2025-07-29,3.0,"Average electronics, packaging could be better."
ORD009169,Devansh Mital,Electronics,Yes,2024-10-19,3.0,"The electronics is okay, does the job but nothing special."
ORD009170,Faras Murthy,Beauty Products,Yes,2024-05-16,3.0,"The beauty products is okay, does the job but nothing special."
ORD009171,Farhan Mammen,Toys,No,,,
ORD009172,Rushil Gopal,Electronics,No,2024-02-10,5.0,"Great electronics, exactly as described. Very happy with it."
ORD009173,Urvi Das,Kitchenware,No,2025-11-02,5.0,"Fast delivery, kitchenware exceeded my expectations."
ORD009174,Owen Oommen,Electronics,No,2024-11-30,3.0,"The electronics is okay, does the job but nothing special."
ORD009175,Omya Boase,Sports Equipment,No,2024-04-14,5.0,"Fast delivery, sports equipment exceeded my expectations."
ORD009176,Vincent Barad,Clothes,No,,,
ORD009177,Chakrika Kalla,Groceries,No,2023-06-10,5.0,"Really satisfied, highly recommend this groceries."
ORD009178,Zaid Lata,Beauty Products,No,2024-07-29,5.0,"Excellent quality for the price, would buy beauty products again."
ORD009179,Osha Patil,Electronics,No,2025-04-17,4.0,"Really satisfied, highly recommend this electronics."
ORD009180,Falan Chana,Kitchenware,No,,,
ORD009181,Dalbir Sule,Electronics,No,2024-06-10,4.0,"Great electronics, exactly as described. Very happy with it."
ORD009182,Radha Hayer,Kitchenware,No,2024-10-26,2.0,"Disappointed with this kitchenware, quality is not good."
ORD009183,Manya Rao,Sports Equipment,No,2023-06-18,4.0,"Great sports equipment, exactly as described. Very happy with it."
ORD009184,Vincent Tara,Books,No,2025-06-20,5.0,"Great books, exactly as described. Very happy with it."
ORD009185,Idika Bhagat,Beauty Products,No,2025-10-28,3.0,"The beauty products is okay, does the job but nothing special."
ORD009186,Aarav Anne,Electronics,Yes,2023-12-19,4.0,"Really satisfied, highly recommend this electronics."
ORD009187,Baljiwan Chadha,Electronics,Yes,2023-12-18,5.0,"Great electronics, exactly as described. Very happy with it."
ORD009188,Gautami Manda,Electronics,No,2024-11-11,3.0,"The electronics is okay, does the job but nothing special."
ORD009189,Oviya Tara,Groceries,No,,,
ORD009190,Amrita Sami,Shoes,No,2023-06-11,5.0,"Excellent quality for the price, would buy shoes again."
ORD009191,Pallavi Lal,Sports Equipment,Yes,2025-07-07,4.0,"Excellent quality for the price, would buy sports equipment again."
ORD009192,Janaki Mistry,Clothes,No,,,
ORD009193,Yauvani Bhatt,Groceries,No,2023-09-07,4.0,"Fast delivery, groceries exceeded my expectations."
ORD009194,Theodore Chandra,Electronics,No,,,
ORD009195,Om Sastry,Electronics,Yes,2023-01-12,2.0,"Received a damaged electronics, had to return it."
ORD009196,Rishi Kashyap,Sports Equipment,No,2024-06-17,4.0,"Fast delivery, sports equipment exceeded my expectations."
ORD009197,Alka Srinivas,Groceries,No,,,
ORD009198,Azad Muni,Groceries,No,2025-08-10,4.0,"Great groceries, exactly as described. Very happy with it."
ORD009199,Wridesh Sangha,Sports Equipment,No,2025-12-11,4.0,"Really satisfied, highly recommend this sports equipment."
ORD009200,Yug Rao,Furniture,No,2023-12-02,4.0,"Really satisfied, highly recommend this furniture."
ORD009201,Falan Johal,Beauty Products,No,2023-07-23,4.0,"Great beauty products, exactly as described. Very happy with it."
ORD009202,Vivaan Sood,Kitchenware,No,2025-05-17,4.0,"Really satisfied, highly recommend this kitchenware."
ORD009203,Vamakshi Vala,Groceries,No,2023-04-03,3.0,"Average groceries, packaging could be better."
ORD009204,Ranveer Soman,Shoes,Yes,2025-09-26,5.0,"Great shoes, exactly as described. Very happy with it."
ORD009205,Maanas Chaudry,Kitchenware,No,2025-07-15,5.0,"Fast delivery, kitchenware exceeded my expectations."
ORD009206,Madhav Pandit,Groceries,No,,,
ORD009207,Tarak Chand,Electronics,No,2025-11-05,4.0,"Excellent quality for the price, would buy electronics again."
ORD009208,Amara Puri,Electronics,No,2023-11-05,4.0,"Fast delivery, electronics exceeded my expectations."
ORD009209,Bimala Shanker,Kitchenware,No,2023-11-10,2.0,"Disappointed with this kitchenware, quality is not good."
ORD009210,Imaran Hari,Electronics,No,,,
ORD009211,Zayan Kamdar,Groceries,Yes,2023-01-31,3.0,"The groceries is okay, does the job but nothing special."
ORD009212,Ronith Raman,Furniture,No,2025-01-12,5.0,"Fast delivery, furniture exceeded my expectations."
ORD009213,Wakeeta Raval,Books,Yes,2024-05-18,4.0,"Fast delivery, books exceeded my expectations."
ORD009214,Imaran Buch,Sports Equipment,No,2025-10-11,5.0,"Really satisfied, highly recommend this sports equipment."
ORD009215,Bina Sankaran,Beauty Products,No,2023-03-08,5.0,"Really satisfied, highly recommend this beauty products."
ORD009216,Urvashi Ratta,Groceries,No,2025-04-17,3.0,"The groceries is okay, does the job but nothing special."
ORD009217,Krisha Ram,Sports Equipment,Yes,2025-12-19,5.0,"Fast delivery, sports equipment exceeded my expectations."
ORD009218,Bakhshi Nagar,Clothes,No,,,
ORD009219,Frado Raj,Electronics,No,2024-11-08,3.0,"Average electronics, packaging could be better."
ORD009220,Vaishnavi Shroff,Furniture,No,,,
ORD009221,Odika Iyengar,Shoes,No,2023-01-16,2.0,"Not worth the price, expected better shoes."
ORD009222,Samar Balay,Kitchenware,No,,,
ORD009223,Zashil Chaudhuri,Beauty Products,No,,,
ORD009224,Riya Thaman,Books,No,2026-01-17,3.0,"The books is okay, does the job but nothing special."
ORD009225,Onveer Bhavsar,Sports Equipment,No,2023-02-27,2.0,"Received a damaged sports equipment, had to return it."
ORD009226,Hemangini Sekhon,Electronics,No,2024-01-28,5.0,"Really satisfied, highly recommend this electronics."
ORD009227,Sarthak Puri,Toys,No,2023-11-08,4.0,"Great toys, exactly as described. Very happy with it."
ORD009228,Yug Rao,Clothes,No,2023-07-05,4.0,"Fast delivery, clothes exceeded my expectations."
ORD009229,Thomas Sethi,Shoes,No,2024-09-18,5.0,"Really satisfied, highly recommend this shoes."
ORD009230,Maanas Ratta,Groceries,No,2025-09-06,4.0,"Excellent quality for the price, would buy groceries again."
ORD009231,Falak Rege,Groceries,No,,,
ORD009232,Wishi Gala,Electronics,No,2025-06-24,5.0,"Fast delivery, electronics exceeded my expectations."
ORD009233,Hamsini Iyer,Clothes,No,,,
ORD009234,Orinder Barad,Toys,No,2023-04-02,5.0,"Excellent quality for the price, would buy toys again."
ORD009235,Onveer Bhavsar,Sports Equipment,No,2023-11-16,5.0,"Fast delivery, sports equipment exceeded my expectations."
ORD009236,Oni Kibe,Shoes,Yes,2025-10-26,5.0,"Really satisfied, highly recommend this shoes."
ORD009237,Jasmit Dhar,Toys,No,,,
ORD009238,Karan Kumar,Electronics,No,,,
ORD009239,Pranit Kohli,Toys,No,,,
ORD009240,Vihaan Sen,Electronics,No,2025-08-29,3.0,"Average electronics, packaging could be better."
ORD009241,Hamsini Chandra,Shoes,No,2023-03-20,4.0,"Great shoes, exactly as described. Very happy with it."
ORD009242,Henry Bora,Electronics,No,2023-11-22,3.0,"The electronics is okay, does the job but nothing special."
ORD009243,Frederick Nair,Books,No,2025-03-24,2.0,"Received a damaged books, had to return it."
ORD009244,Kala Nagar,Electronics,Yes,2024-01-14,4.0,"Great electronics, exactly as described. Very happy with it."
ORD009245,Vedhika Raj,Kitchenware,No,2024-04-19,5.0,"Really satisfied, highly recommend this kitchenware."
ORD009246,Vansha Deol,Books,No,,,
ORD009247,Shaurya Bora,Electronics,No,2024-03-11,5.0,"Really satisfied, highly recommend this electronics."
ORD009248,Januja Bal,Sports Equipment,No,2023-08-22,5.0,"Really satisfied, highly recommend this sports equipment."
ORD009249,Harita Som,Electronics,No,2023-03-09,4.0,"Great electronics, exactly as described. Very happy with it."
ORD009250,Benjamin Barad,Groceries,No,,,
ORD009251,Yamini Bir,Groceries,No,2025-11-24,1.0,"Disappointed with this groceries, quality is not good."
ORD009252,Darika Golla,Beauty Products,No,2023-11-11,3.0,"The beauty products is okay, does the job but nothing special."
ORD009253,Upasna Pant,Beauty Products,No,2024-05-30,5.0,"Excellent quality for the price, would buy beauty products again."
ORD009254,Udarsh Sachdev,Beauty Products,No,2024-11-18,5.0,"Excellent quality for the price, would buy beauty products again."
ORD009255,Daksh Chaudhuri,Groceries,No,2025-07-21,3.0,"The groceries is okay, does the job but nothing special."
ORD009256,Vanya Yohannan,Clothes,No,2025-02-10,5.0,"Fast delivery, clothes exceeded my expectations."
ORD009257,Maanav Chad,Electronics,No,2026-01-04,2.0,"Not worth the price, expected better electronics."
ORD009258,Banjeet De,Furniture,No,2023-11-23,4.0,"Fast delivery, furniture exceeded my expectations."
ORD009259,Janya Sankaran,Electronics,No,2023-12-02,5.0,"Excellent quality for the price, would buy electronics again."
ORD009260,Qasim Muni,Electronics,No,2025-03-04,3.0,"Average electronics, packaging could be better."
ORD009261,Benjamin Deol,Electronics,No,2025-06-24,2.0,"Received a damaged electronics, had to return it."
ORD009262,Chandran Rastogi,Groceries,No,2024-03-22,4.0,"Really satisfied, highly recommend this groceries."
ORD009263,Ansh Kohli,Furniture,No,,,
ORD009264,Matthew Yadav,Clothes,No,2024-04-08,5.0,"Great clothes, exactly as described. Very happy with it."
ORD009265,Ijaya Narain,Groceries,No,,,
ORD009266,Hamsini Bhatia,Toys,No,2023-08-01,2.0,"Received a damaged toys, had to return it."
ORD009267,Kashvi Narula,Sports Equipment,No,2023-05-07,5.0,"Fast delivery, sports equipment exceeded my expectations."
ORD009268,Vaishnavi Sachar,Groceries,Yes,2024-07-19,4.0,"Fast delivery, groceries exceeded my expectations."
ORD009269,Chandani Datta,Beauty Products,No,2024-02-12,4.0,"Fast delivery, beauty products exceeded my expectations."
ORD009270,Laban Bal,Electronics,No,2025-02-01,4.0,"Fast delivery, electronics exceeded my expectations."
ORD009271,Triveni Pathak,Toys,No,2023-12-26,5.0,"Really satisfied, highly recommend this toys."
ORD009272,Robert Lal,Books,No,,,
ORD009273,Vedhika Raj,Books,No,2023-02-27,5.0,"Excellent quality for the price, would buy books again."
ORD009274,Ganga Chandra,Electronics,No,2023-09-27,5.0,"Excellent quality for the price, would buy electronics again."
ORD009275,Chaitanya Tak,Clothes,No,2024-08-21,5.0,"Fast delivery, clothes exceeded my expectations."
ORD009276,Charan Banerjee,Groceries,No,2024-01-18,4.0,"Really satisfied, highly recommend this groceries."
ORD009277,Guneet Tripathi,Clothes,No,,,
ORD009278,Onkar Datta,Shoes,Yes,2023-02-01,5.0,"Great shoes, exactly as described. Very happy with it."
ORD009279,Dayamai Sangha,Groceries,Yes,2025-07-15,5.0,"Excellent quality for the price, would buy groceries again."
ORD009280,Nicholas Bhandari,Toys,No,2025-07-19,5.0,"Really satisfied, highly recommend this toys."
ORD009281,Imaran Hari,Sports Equipment,No,2024-04-02,5.0,"Great sports equipment, exactly as described. Very happy with it."
ORD009282,Nisha Koshy,Kitchenware,No,2023-11-10,5.0,"Really satisfied, highly recommend this kitchenware."
ORD009283,Parth Hegde,Kitchenware,No,,,
ORD009284,Harinakshi Sahni,Toys,Yes,2023-06-30,4.0,"Fast delivery, toys exceeded my expectations."
ORD009285,Laban Bal,Groceries,No,2025-06-15,5.0,"Really satisfied, highly recommend this groceries."
ORD009286,Vrishti Shroff,Groceries,No,2023-07-31,4.0,"Really satisfied, highly recommend this groceries."
ORD009287,Yasti Mutti,Clothes,Yes,2025-06-19,4.0,"Really satisfied, highly recommend this clothes."
ORD009288,Charita Vohra,Toys,No,2024-06-13,5.0,"Excellent quality for the price, would buy toys again."
ORD009289,Chameli Aggarwal,Books,Yes,2023-01-07,5.0,"Really satisfied, highly recommend this books."
ORD009290,Maanav Chad,Books,No,2023-07-03,4.0,"Great books, exactly as described. Very happy with it."
ORD009291,Pahal Krishnamurthy,Sports Equipment,No,2024-05-22,3.0,"Average sports equipment, packaging could be better."
ORD009292,Sneha Nori,Sports Equipment,Yes,2025-11-26,5.0,"Excellent quality for the price, would buy sports equipment again."
ORD009293,Mohammed Pau,Beauty Products,No,2024-08-14,4.0,"Fast delivery, beauty products exceeded my expectations."
ORD009294,Ekansh Batra,Clothes,No,2024-03-27,3.0,"Average clothes, packaging could be better."
ORD009295,Anika Palan,Kitchenware,No,2025-11-23,5.0,"Great kitchenware, exactly as described. Very happy with it."
ORD009296,Noah Sur,Shoes,No,2024-12-15,5.0,"Excellent quality for the price, would buy shoes again."
ORD009297,Wishi Gala,Electronics,No,2025-03-28,5.0,"Excellent quality for the price, would buy electronics again."
ORD009298,Jagat Iyengar,Furniture,No,,,
ORD009299,Samesh Jani,Kitchenware,No,2024-08-17,1.0,"Not worth the price, expected better kitchenware."
ORD009300,Devika Mody,Clothes,No,2024-11-08,3.0,"The clothes is okay, does the job but nothing special."
ORD009301,Yahvi Magar,Groceries,Yes,2025-08-12,3.0,"Average groceries, packaging could be better."
ORD009302,Ucchal Virk,Books,No,,,
ORD009303,Jasmit Bahl,Clothes,No,,,
ORD009304,Yahvi Wadhwa,Groceries,Yes,2023-09-15,4.0,"Fast delivery, groceries exceeded my expectations."
ORD009305,Falan Lanka,Electronics,No,2025-06-25,4.0,"Great electronics, exactly as described. Very happy with it."
ORD009306,Vihaan Date,Beauty Products,Yes,2023-09-28,5.0,"Great beauty products, exactly as described. Very happy with it."
ORD009307,Andrew Tiwari,Clothes,No,2023-01-07,4.0,"Excellent quality for the price, would buy clothes again."
ORD009308,Ishanvi Konda,Electronics,Yes,2024-02-29,5.0,"Great electronics, exactly as described. Very happy with it."
ORD009309,Warda Doctor,Furniture,No,2023-12-20,3.0,"Average furniture, packaging could be better."
ORD009310,Yamini Bir,Kitchenware,No,2024-05-25,5.0,"Great kitchenware, exactly as described. Very happy with it."
ORD009311,William Khanna,Sports Equipment,No,2023-06-29,5.0,"Great sports equipment, exactly as described. Very happy with it."
ORD009312,Tristan Bhavsar,Sports Equipment,No,2025-07-13,5.0,"Really satisfied, highly recommend this sports equipment."
ORD009313,Keya Sarkar,Furniture,No,2023-05-26,5.0,"Fast delivery, furniture exceeded my expectations."
ORD009314,Bakhshi Shetty,Shoes,No,2023-12-10,5.0,"Really satisfied, highly recommend this shoes."
ORD009315,Karan Kumar,Groceries,No,2024-09-26,4.0,"Great groceries, exactly as described. Very happy with it."
ORD009316,Veer Cheema,Electronics,No,2023-08-22,1.0,"Disappointed with this electronics, quality is not good."
ORD009317,Shaurya Bora,Clothes,No,2023-02-22,5.0,"Really satisfied, highly recommend this clothes."
ORD009318,Aarnav Mand,Clothes,No,2024-08-10,5.0,"Fast delivery, clothes exceeded my expectations."
ORD009319,Atharv Madan,Electronics,No,2024-07-08,5.0,"Excellent quality for the price, would buy electronics again."
ORD009320,Lohit Saha,Books,Yes,2025-05-06,5.0,"Great books, exactly as described. Very happy with it."
ORD009321,Urvashi Ratta,Kitchenware,No,2023-03-14,3.0,"The kitchenware is okay, does the job but nothing special."
ORD009322,Turvi Khanna,Shoes,Yes,2025-08-09,5.0,"Fast delivery, shoes exceeded my expectations."
ORD009323,Owen Oommen,Electronics,No,,,
ORD009324,Abhiram Mitter,Books,No,,,
ORD009325,Yamini Garg,Clothes,No,,,
ORD009326,Jalsa Sangha,Kitchenware,No,2025-03-29,1.0,"Not worth the price, expected better kitchenware."
ORD009327,Ishanvi Konda,Beauty Products,No,2024-06-25,2.0,"Not worth the price, expected better beauty products."
ORD009328,Manthan Yadav,Electronics,No,2025-05-18,4.0,"Excellent quality for the price, would buy electronics again."
ORD009329,Hiral Dua,Books,No,2024-03-03,4.0,"Really satisfied, highly recommend this books."
ORD009330,Yasti Mutti,Groceries,No,2023-07-06,3.0,"The groceries is okay, does the job but nothing special."
ORD009331,Rudra Ahuja,Electronics,Yes,2023-12-13,4.0,"Excellent quality for the price, would buy electronics again."
ORD009332,Bhanumati Saran,Electronics,Yes,2024-10-25,4.0,"Fast delivery, electronics exceeded my expectations."
ORD009333,Omya Boase,Furniture,No,2024-08-28,3.0,"The furniture is okay, does the job but nothing special."
ORD009334,Kai Bassi,Sports Equipment,No,2024-11-11,5.0,"Fast delivery, sports equipment exceeded my expectations."
ORD009335,Chanakya Mand,Books,No,2025-12-02,4.0,"Really satisfied, highly recommend this books."
ORD009336,Kavya Srivastava,Electronics,No,2025-06-23,4.0,"Excellent quality for the price, would buy electronics again."
ORD009337,Parth Jha,Sports Equipment,No,2023-09-15,4.0,"Excellent quality for the price, would buy sports equipment again."
ORD009338,Vrinda Sama,Clothes,No,2023-11-08,3.0,"The clothes is okay, does the job but nothing special."
ORD009339,Vihaan Sen,Books,Yes,,,
ORD009340,Oviya Tara,Sports Equipment,No,2023-07-20,4.0,"Excellent quality for the price, would buy sports equipment again."
ORD009341,Kevin Chaudhari,Books,No,,,
ORD009342,Libni Palan,Books,Yes,2024-02-06,5.0,"Really satisfied, highly recommend this books."
ORD009343,Vinaya Shukla,Groceries,No,2024-07-19,4.0,"Excellent quality for the price, would buy groceries again."
ORD009344,Mitali Verma,Groceries,No,2024-04-15,2.0,"Received a damaged groceries, had to return it."
ORD009345,Raagini Gade,Kitchenware,No,,,
ORD009346,Rishi Borde,Electronics,No,2023-06-06,5.0,"Fast delivery, electronics exceeded my expectations."
ORD009347,Rayaan Malhotra,Groceries,No,2023-04-15,5.0,"Excellent quality for the price, would buy groceries again."
ORD009348,Harsh Agrawal,Electronics,No,,,
ORD009349,Ganga Handa,Furniture,No,2024-03-22,3.0,"Average furniture, packaging could be better."
ORD009350,Chanchal Sastry,Clothes,No,,,
ORD009351,Urmi Sachdeva,Shoes,No,2023-11-06,2.0,"Not worth the price, expected better shoes."
ORD009352,Ikbal Ahuja,Clothes,Yes,2024-04-20,3.0,"Average clothes, packaging could be better."
ORD009353,Praneel Bajaj,Sports Equipment,No,2025-07-16,4.0,"Really satisfied, highly recommend this sports equipment."
ORD009354,Jasmit Bahl,Furniture,No,2023-02-06,4.0,"Really satisfied, highly recommend this furniture."
ORD009355,Parth Jha,Electronics,No,,,
ORD009356,Ekalinga Dave,Sports Equipment,No,2024-07-02,4.0,"Fast delivery, sports equipment exceeded my expectations."
ORD009357,Harshil Vyas,Clothes,No,2025-07-05,5.0,"Great clothes, exactly as described. Very happy with it."
ORD009358,Gautam Samra,Kitchenware,Yes,2025-08-12,3.0,"Average kitchenware, packaging could be better."
ORD009359,Lekha Bains,Kitchenware,No,2024-02-07,2.0,"Received a damaged kitchenware, had to return it."
ORD009360,Ikbal Ahuja,Electronics,No,2024-05-04,5.0,"Great electronics, exactly as described. Very happy with it."
ORD009361,Saksham Mani,Kitchenware,No,2023-06-24,4.0,"Great kitchenware, exactly as described. Very happy with it."
ORD009362,Bimala Shanker,Shoes,No,2024-07-31,5.0,"Really satisfied, highly recommend this shoes."
ORD009363,Darsh Sunder,Clothes,Yes,2025-09-15,5.0,"Really satisfied, highly recommend this clothes."
ORD009364,Vihaan Dora,Furniture,No,2024-09-24,3.0,"Average furniture, packaging could be better."
ORD009365,Eshana Lad,Electronics,Yes,,,
ORD009366,Meghana Ben,Groceries,Yes,2024-07-26,5.0,"Really satisfied, highly recommend this groceries."
ORD009367,Owen Oommen,Electronics,No,,,
ORD009368,Hritik Talwar,Books,No,2024-04-09,1.0,"Not worth the price, expected better books."
ORD009369,Lopa Narasimhan,Furniture,No,2023-12-03,3.0,"The furniture is okay, does the job but nothing special."
ORD009370,Varenya Mani,Toys,Yes,2024-02-13,4.0,"Really satisfied, highly recommend this toys."
ORD009371,Dhruv Bandi,Beauty Products,No,,,
ORD009372,Sarthak Puri,Kitchenware,No,2023-09-01,5.0,"Really satisfied, highly recommend this kitchenware."
ORD009373,Samar Balay,Beauty Products,No,2025-08-27,3.0,"Average beauty products, packaging could be better."
ORD009374,Omaja Sharma,Books,No,2024-01-01,5.0,"Excellent quality for the price, would buy books again."
ORD009375,Ojasvi Parmer,Groceries,Yes,2023-03-17,5.0,"Excellent quality for the price, would buy groceries again."
ORD009376,Wridesh Sangha,Toys,No,2024-02-04,3.0,"Average toys, packaging could be better."
ORD009377,Anika Palan,Groceries,No,2024-12-08,1.0,"Received a damaged groceries, had to return it."
ORD009378,Urmi Wali,Sports Equipment,No,2023-10-07,3.0,"The sports equipment is okay, does the job but nothing special."
ORD009379,Lipika Lal,Furniture,No,2023-06-23,4.0,"Really satisfied, highly recommend this furniture."
ORD009380,Mekhala Gala,Groceries,No,2023-09-25,3.0,"The groceries is okay, does the job but nothing special."
ORD009381,Dipta Vaidya,Electronics,No,2023-12-01,3.0,"The electronics is okay, does the job but nothing special."
ORD009382,Ranveer Soman,Electronics,No,,,
ORD009383,Vivaan Grewal,Sports Equipment,No,2025-06-23,3.0,"Average sports equipment, packaging could be better."
ORD009384,Yuvraj Gandhi,Electronics,No,2025-07-10,3.0,"The electronics is okay, does the job but nothing special."
ORD009385,Radhika Mahal,Groceries,No,,,
ORD009386,Mohammed Pau,Groceries,No,,,
ORD009387,Indali Kunda,Furniture,No,2023-09-03,4.0,"Great furniture, exactly as described. Very happy with it."
ORD009388,Laban Bal,Groceries,No,2023-12-31,4.0,"Great groceries, exactly as described. Very happy with it."
ORD009389,Falak Gulati,Toys,No,2025-09-01,2.0,"Not worth the price, expected better toys."
ORD009390,Kevin Chaudhari,Furniture,No,2025-09-23,4.0,"Fast delivery, furniture exceeded my expectations."
ORD009391,William Khanna,Beauty Products,No,2023-10-19,5.0,"Fast delivery, beauty products exceeded my expectations."
ORD009392,Kavya Srivastava,Groceries,No,2025-01-06,4.0,"Really satisfied, highly recommend this groceries."
ORD009393,Tristan Ravel,Beauty Products,No,2023-11-23,5.0,"Really satisfied, highly recommend this beauty products."
ORD009394,Vihaan Date,Electronics,No,2023-09-11,4.0,"Really satisfied, highly recommend this electronics."
ORD009395,Janaki Mistry,Sports Equipment,No,2024-10-24,3.0,"The sports equipment is okay, does the job but nothing special."
ORD009396,Zansi Dixit,Electronics,No,,,
ORD009397,Vincent Tara,Books,No,2023-06-18,4.0,"Excellent quality for the price, would buy books again."
ORD009398,Maanav Chad,Furniture,No,2023-01-10,5.0,"Great furniture, exactly as described. Very happy with it."
ORD009399,Benjamin Deol,Books,Yes,2023-10-22,5.0,"Fast delivery, books exceeded my expectations."
ORD009400,Reyansh Kohli,Clothes,No,,,
ORD009401,Gautam Samra,Toys,No,,,
ORD009402,Darsh Arya,Clothes,No,2023-05-12,1.0,"Disappointed with this clothes, quality is not good."
ORD009403,Fitan Kala,Groceries,No,,,
ORD009404,Vrishti Lalla,Groceries,No,2025-11-16,4.0,"Excellent quality for the price, would buy groceries again."
ORD009405,Yahvi Soni,Electronics,No,2024-12-31,4.0,"Fast delivery, electronics exceeded my expectations."
ORD009406,Liam More,Clothes,No,2023-08-21,3.0,"Average clothes, packaging could be better."
ORD009407,Sathvik Lall,Electronics,No,2023-01-23,4.0,"Excellent quality for the price, would buy electronics again."
ORD009408,Gautam Samra,Groceries,No,2023-10-17,5.0,"Great groceries, exactly as described. Very happy with it."
ORD009409,Zaid Lata,Groceries,No,,,
ORD009410,Aayush Parekh,Shoes,No,2023-07-22,5.0,"Fast delivery, shoes exceeded my expectations."
ORD009411,Dominic Som,Kitchenware,No,2024-03-06,5.0,"Really satisfied, highly recommend this kitchenware."
ORD009412,Radhika Mahal,Clothes,No,2023-02-04,4.0,"Excellent quality for the price, would buy clothes again."
ORD009413,Yutika Bhagat,Toys,No,2025-06-05,2.0,"Not worth the price, expected better toys."
ORD009414,Lopa Salvi,Books,No,2024-11-09,5.0,"Great books, exactly as described. Very happy with it."
ORD009415,Chasmum Goyal,Furniture,No,2023-06-30,3.0,"The furniture is okay, does the job but nothing special."
ORD009416,Alka Srinivas,Groceries,No,2025-04-26,3.0,"The groceries is okay, does the job but nothing special."
ORD009417,Saanvi Agarwal,Clothes,No,2025-11-10,4.0,"Really satisfied, highly recommend this clothes."
ORD009418,Nitesh Oommen,Beauty Products,No,,,
ORD009419,Lopa Salvi,Clothes,No,2023-03-09,5.0,"Great clothes, exactly as described. Very happy with it."
ORD009420,Aarini Ramakrishnan,Groceries,No,,,
ORD009421,Yashica Om,Groceries,No,2024-04-25,5.0,"Great groceries, exactly as described. Very happy with it."
ORD009422,Tanmayi Subramanian,Shoes,No,2023-07-03,2.0,"Received a damaged shoes, had to return it."
ORD009423,Yuvraj Grewal,Groceries,No,2023-02-05,5.0,"Great groceries, exactly as described. Very happy with it."
ORD009424,Abha Keer,Beauty Products,No,2024-09-01,3.0,"The beauty products is okay, does the job but nothing special."
ORD009425,Rudra Ahuja,Shoes,No,,,
ORD009426,Gautam Samra,Books,No,2024-02-07,5.0,"Excellent quality for the price, would buy books again."
ORD009427,Abha Keer,Groceries,No,2025-02-19,5.0,"Excellent quality for the price, would buy groceries again."
ORD009428,Damyanti Bhakta,Beauty Products,No,,,
ORD009429,Ishwar Wali,Shoes,No,2023-06-04,1.0,"Not worth the price, expected better shoes."
ORD009430,Karan Bhat,Electronics,No,2023-02-21,1.0,"Disappointed with this electronics, quality is not good."
ORD009431,Benjamin Ratta,Furniture,No,2024-10-22,5.0,"Excellent quality for the price, would buy furniture again."
ORD009432,Shravya Char,Books,No,2025-10-31,4.0,"Really satisfied, highly recommend this books."
ORD009433,Rajeshri Kapadia,Clothes,No,2025-10-25,5.0,"Excellent quality for the price, would buy clothes again."
ORD009434,Luke Arora,Books,No,2025-08-14,2.0,"Received a damaged books, had to return it."
ORD009435,Shaurya Bora,Shoes,No,2023-09-12,5.0,"Fast delivery, shoes exceeded my expectations."
ORD009436,Ekani Sood,Groceries,Yes,2023-04-29,5.0,"Fast delivery, groceries exceeded my expectations."
ORD009437,Rishi Borde,Shoes,No,2025-03-14,5.0,"Excellent quality for the price, would buy shoes again."
ORD009438,Urvashi Suri,Furniture,No,2025-10-08,5.0,"Great furniture, exactly as described. Very happy with it."
ORD009439,Advaith Bhatti,Sports Equipment,No,2024-11-12,3.0,"Average sports equipment, packaging could be better."
ORD009440,Keya Sarkar,Clothes,No,,,
ORD009441,Jairaj Memon,Books,No,2023-05-02,4.0,"Fast delivery, books exceeded my expectations."
ORD009442,Janya Sankaran,Groceries,No,2023-12-03,3.0,"Average groceries, packaging could be better."
ORD009443,Vrishti Lalla,Clothes,No,2023-07-22,2.0,"Received a damaged clothes, had to return it."
ORD009444,Indira Bhargava,Furniture,No,2024-12-30,3.0,"The furniture is okay, does the job but nothing special."
ORD009445,Chaitanya Bhatia,Books,No,,,
ORD009446,Ronith Nazareth,Books,No,2024-11-23,5.0,"Great books, exactly as described. Very happy with it."
ORD009447,Odika Iyengar,Clothes,No,2023-09-29,1.0,"Disappointed with this clothes, quality is not good."
ORD009448,Yauvani Patla,Sports Equipment,No,2024-06-07,3.0,"Average sports equipment, packaging could be better."
ORD009449,Hitesh Bhandari,Books,No,2025-08-25,3.0,"The books is okay, does the job but nothing special."
ORD009450,Zayan Sani,Kitchenware,No,2024-08-21,5.0,"Really satisfied, highly recommend this kitchenware."
ORD009451,Harita Som,Beauty Products,Yes,,,
ORD009452,Hritik Talwar,Toys,Yes,,,
ORD009453,Baljiwan Chadha,Groceries,Yes,2024-05-18,4.0,"Excellent quality for the price, would buy groceries again."
ORD009454,Zaid Sandal,Clothes,No,2025-06-01,4.0,"Great clothes, exactly as described. Very happy with it."
ORD009455,Mitesh Varghese,Sports Equipment,No,,,
ORD009456,Upasna Pant,Clothes,No,2023-05-23,4.0,"Really satisfied, highly recommend this clothes."
ORD009457,Kiaan Jayaraman,Electronics,No,2024-02-19,5.0,"Fast delivery, electronics exceeded my expectations."
ORD009458,Watika Buch,Furniture,No,2024-09-08,5.0,"Excellent quality for the price, would buy furniture again."
ORD009459,Dhruv Randhawa,Electronics,No,2025-12-10,4.0,"Excellent quality for the price, would buy electronics again."
ORD009460,Kiaan Jayaraman,Books,No,2024-07-09,5.0,"Excellent quality for the price, would buy books again."
ORD009461,Advik Hegde,Books,No,2024-09-30,5.0,"Really satisfied, highly recommend this books."
ORD009462,Nidra Grewal,Groceries,No,2025-05-27,4.0,"Great groceries, exactly as described. Very happy with it."
ORD009463,Kavya Sandhu,Furniture,No,2025-07-08,5.0,"Excellent quality for the price, would buy furniture again."
ORD009464,Elijah Raman,Furniture,No,2023-02-10,4.0,"Great furniture, exactly as described. Very happy with it."
ORD009465,Saumya Ratti,Books,Yes,2023-03-16,3.0,"The books is okay, does the job but nothing special."
ORD009466,Watika Buch,Beauty Products,No,2024-07-22,2.0,"Not worth the price, expected better beauty products."
ORD009467,Krisha Mutti,Groceries,No,2024-10-31,3.0,"The groceries is okay, does the job but nothing special."
ORD009468,Shivani Sane,Kitchenware,No,2024-12-03,5.0,"Excellent quality for the price, would buy kitchenware again."
ORD009469,Darpan Gour,Sports Equipment,No,2024-05-30,5.0,"Excellent quality for the price, would buy sports equipment again."
ORD009470,Gautami Lall,Sports Equipment,Yes,2023-10-16,4.0,"Really satisfied, highly recommend this sports equipment."
ORD009471,Wakeeta Raval,Furniture,No,2024-07-24,4.0,"Excellent quality for the price, would buy furniture again."
ORD009472,Maanas Babu,Shoes,No,,,
ORD009473,Chakradev Bains,Electronics,No,2023-10-23,1.0,"Disappointed with this electronics, quality is not good."
ORD009474,Tara Sur,Shoes,Yes,2025-06-09,5.0,"Excellent quality for the price, would buy shoes again."
ORD009475,Warda Kala,Books,No,2025-09-05,1.0,"Not worth the price, expected better books."
ORD009476,Charan Banerjee,Electronics,No,,,
ORD009477,Hamsini Bhatia,Clothes,No,2025-10-03,3.0,"Average clothes, packaging could be better."
ORD009478,Ayushman Bahl,Books,Yes,2025-12-29,4.0,"Excellent quality for the price, would buy books again."
ORD009479,Aayush Andra,Books,No,2024-05-10,5.0,"Excellent quality for the price, would buy books again."
ORD009480,Faras Garg,Kitchenware,No,2024-10-30,4.0,"Great kitchenware, exactly as described. Very happy with it."
ORD009481,Ikbal Ahuja,Books,Yes,2024-01-23,5.0,"Fast delivery, books exceeded my expectations."
ORD009482,Kevin Suresh,Groceries,Yes,2024-03-06,5.0,"Fast delivery, groceries exceeded my expectations."
ORD009483,Wakeeta Tella,Groceries,No,2025-06-14,3.0,"Average groceries, packaging could be better."
ORD009484,Bina Varty,Clothes,No,2024-09-24,4.0,"Fast delivery, clothes exceeded my expectations."
ORD009485,Yauvani Gokhale,Books,No,,,
ORD009486,Inaya Sawhney,Clothes,No,2025-03-18,4.0,"Great clothes, exactly as described. Very happy with it."
ORD009487,Eiravati Khare,Groceries,No,2023-12-22,4.0,"Excellent quality for the price, would buy groceries again."
ORD009488,Devika Mody,Sports Equipment,No,2023-08-05,5.0,"Really satisfied, highly recommend this sports equipment."
ORD009489,Vihaan Date,Groceries,No,2023-06-04,4.0,"Great groceries, exactly as described. Very happy with it."
ORD009490,Dakshesh Goswami,Furniture,No,2025-01-14,5.0,"Fast delivery, furniture exceeded my expectations."
ORD009491,Imaran Hari,Clothes,No,2024-08-29,3.0,"Average clothes, packaging could be better."
ORD009492,Charvi Subramanian,Groceries,No,2024-05-07,3.0,"Average groceries, packaging could be better."
ORD009493,Ucchal Virk,Groceries,No,,,
ORD009494,Abha Ravi,Clothes,No,2025-09-17,5.0,"Fast delivery, clothes exceeded my expectations."
ORD009495,Nathaniel Kota,Sports Equipment,No,2025-08-16,3.0,"The sports equipment is okay, does the job but nothing special."
ORD009496,Charan Banerjee,Furniture,No,2024-01-23,2.0,"Disappointed with this furniture, quality is not good."
ORD009497,Imaran Dara,Electronics,No,2025-02-19,4.0,"Fast delivery, electronics exceeded my expectations."
ORD009498,Dhriti Lad,Kitchenware,No,2024-08-28,3.0,"Average kitchenware, packaging could be better."
ORD009499,Kritika Chacko,Shoes,No,2025-05-10,4.0,"Great shoes, exactly as described. Very happy with it."
ORD009500,Vivaan Sood,Toys,No,2025-05-07,2.0,"Not worth the price, expected better toys."
ORD009501,Yauvani Gokhale,Groceries,No,,,
ORD009502,Zarna Peri,Beauty Products,No,2023-04-03,3.0,"The beauty products is okay, does the job but nothing special."
ORD009503,Vrinda Sama,Clothes,No,2023-08-17,4.0,"Excellent quality for the price, would buy clothes again."
ORD009504,Kritika Chacko,Furniture,No,,,
ORD009505,Mekhala Dar,Kitchenware,No,2025-10-04,5.0,"Really satisfied, highly recommend this kitchenware."
ORD009506,Yutika Bhagat,Groceries,No,2025-07-02,5.0,"Really satisfied, highly recommend this groceries."
ORD009507,Hamsini Chandra,Clothes,No,2024-11-14,2.0,"Not worth the price, expected better clothes."
ORD009508,Harrison Arya,Beauty Products,No,2023-07-23,5.0,"Fast delivery, beauty products exceeded my expectations."
ORD009509,Nidra Devan,Books,No,2025-06-09,3.0,"Average books, packaging could be better."
ORD009510,Pahal Krishnamurthy,Kitchenware,No,2025-03-27,4.0,"Fast delivery, kitchenware exceeded my expectations."
ORD009511,Ishani Kapoor,Books,No,2023-03-22,3.0,"The books is okay, does the job but nothing special."
ORD009512,Ikbal Chhabra,Electronics,Yes,2025-09-25,4.0,"Fast delivery, electronics exceeded my expectations."
ORD009513,Mitesh Varghese,Beauty Products,No,2025-03-13,4.0,"Really satisfied, highly recommend this beauty products."
ORD009514,Falak Gulati,Furniture,No,2025-09-28,5.0,"Great furniture, exactly as described. Very happy with it."
ORD009515,Imaran Edwin,Sports Equipment,No,2025-03-16,4.0,"Really satisfied, highly recommend this sports equipment."
ORD009516,Jagdish Bedi,Shoes,No,2025-07-17,5.0,"Fast delivery, shoes exceeded my expectations."
ORD009517,Varenya Mani,Books,No,,,
ORD009518,Amaira Sarin,Toys,No,2025-05-19,5.0,"Really satisfied, highly recommend this toys."
ORD009519,Hiral Dua,Kitchenware,No,2023-09-02,5.0,"Excellent quality for the price, would buy kitchenware again."
ORD009520,Hitesh Prabhu,Groceries,No,,,
ORD009521,Gagan Tandon,Shoes,No,,,
ORD009522,Raagini Bhagat,Toys,No,2024-07-22,4.0,"Excellent quality for the price, would buy toys again."
ORD009523,Christopher Vasa,Electronics,No,2024-10-27,5.0,"Excellent quality for the price, would buy electronics again."
ORD009524,Raghav Pradhan,Beauty Products,No,,,
ORD009525,Chandani Datta,Sports Equipment,No,2024-05-30,4.0,"Excellent quality for the price, would buy sports equipment again."
ORD009526,Chakrika Kalla,Groceries,No,2025-11-21,4.0,"Fast delivery, groceries exceeded my expectations."
ORD009527,Lipika Chadha,Beauty Products,No,2025-05-27,5.0,"Excellent quality for the price, would buy beauty products again."
ORD009528,Omaja Badami,Electronics,No,,,
ORD009529,Rohan Arora,Books,No,2026-01-03,5.0,"Great books, exactly as described. Very happy with it."
ORD009530,Siya Dhillon,Toys,Yes,2024-12-02,4.0,"Fast delivery, toys exceeded my expectations."
ORD009531,Triya Pant,Shoes,No,2024-10-08,3.0,"Average shoes, packaging could be better."
ORD009532,Elijah Luthra,Electronics,No,2024-11-21,5.0,"Excellent quality for the price, would buy electronics again."
ORD009533,Elijah Raman,Sports Equipment,No,2023-01-28,4.0,"Excellent quality for the price, would buy sports equipment again."
ORD009534,Dev Bhasin,Electronics,No,2025-04-21,5.0,"Fast delivery, electronics exceeded my expectations."
ORD009535,Yauvani Bhatt,Clothes,No,2023-06-21,5.0,"Fast delivery, clothes exceeded my expectations."
ORD009536,Aarna Jaggi,Electronics,No,2023-04-10,3.0,"Average electronics, packaging could be better."
ORD009537,Chakradhar Deol,Clothes,Yes,2024-11-08,2.0,"Received a damaged clothes, had to return it."
ORD009538,Oviya Tara,Toys,No,,,
ORD009539,Ekalinga Dave,Clothes,No,2024-11-10,4.0,"Fast delivery, clothes exceeded my expectations."
ORD009540,Zashil Chaudhuri,Clothes,No,2025-12-29,5.0,"Excellent quality for the price, would buy clothes again."
ORD009541,Urvashi Ratta,Kitchenware,No,,,
ORD009542,Manbir Mittal,Kitchenware,Yes,2023-11-22,4.0,"Really satisfied, highly recommend this kitchenware."
ORD009543,Reyansh Kohli,Beauty Products,No,2025-02-17,4.0,"Really satisfied, highly recommend this beauty products."
ORD009544,Kavya Srivastava,Clothes,Yes,,,
ORD009545,Bhavna Sood,Shoes,No,2024-09-07,3.0,"Average shoes, packaging could be better."
ORD009546,George Madan,Furniture,No,2024-10-19,5.0,"Fast delivery, furniture exceeded my expectations."
ORD009547,Zarna Wali,Toys,No,2023-06-19,2.0,"Received a damaged toys, had to return it."
ORD009548,Inaya Kalla,Clothes,No,2023-10-10,4.0,"Fast delivery, clothes exceeded my expectations."
ORD009549,Neel Sankar,Shoes,Yes,2025-03-11,4.0,"Excellent quality for the price, would buy shoes again."
ORD009550,Watika Buch,Sports Equipment,No,2024-03-03,2.0,"Disappointed with this sports equipment, quality is not good."
ORD009551,Lipika Lal,Clothes,No,2025-05-16,4.0,"Excellent quality for the price, would buy clothes again."
ORD009552,Ansh Kohli,Groceries,No,2025-04-16,4.0,"Excellent quality for the price, would buy groceries again."
ORD009553,Dayita Munshi,Electronics,No,,,
ORD009554,Qadim Agrawal,Kitchenware,No,,,
ORD009555,Aarnav Mand,Sports Equipment,No,,,
ORD009556,Yahvi Soni,Toys,No,2025-02-26,5.0,"Great toys, exactly as described. Very happy with it."
ORD009557,Devika Parikh,Books,No,,,
ORD009558,Karan Bail,Beauty Products,No,2024-08-04,3.0,"The beauty products is okay, does the job but nothing special."
ORD009559,Isha Bhatnagar,Electronics,No,2024-03-18,5.0,"Fast delivery, electronics exceeded my expectations."
ORD009560,Frederick Nair,Toys,No,2024-01-28,2.0,"Not worth the price, expected better toys."
ORD009561,Damyanti Sahni,Beauty Products,No,2023-08-04,5.0,"Great beauty products, exactly as described. Very happy with it."
ORD009562,Kevin Chaudhari,Clothes,Yes,,,
ORD009563,Vaishnavi Dutt,Shoes,No,2025-03-12,4.0,"Fast delivery, shoes exceeded my expectations."
ORD009564,Yahvi Wadhwa,Electronics,No,2023-11-25,5.0,"Really satisfied, highly recommend this electronics."
ORD009565,Aayush Pall,Kitchenware,No,2023-05-26,5.0,"Great kitchenware, exactly as described. Very happy with it."
ORD009566,Sachi Chauhan,Groceries,No,2025-01-28,5.0,"Really satisfied, highly recommend this groceries."
ORD009567,Lohit Saha,Kitchenware,No,,,
ORD009568,Laban Bal,Furniture,No,2024-03-01,4.0,"Great furniture, exactly as described. Very happy with it."
ORD009569,Kashish Sekhon,Groceries,No,2023-12-28,2.0,"Received a damaged groceries, had to return it."
ORD009570,Upadhriti Menon,Groceries,Yes,2025-06-09,5.0,"Fast delivery, groceries exceeded my expectations."
ORD009571,Watika Buch,Toys,No,2024-12-21,5.0,"Really satisfied, highly recommend this toys."
ORD009572,Zashil Chaudhuri,Furniture,No,2025-12-24,5.0,"Great furniture, exactly as described. Very happy with it."
ORD009573,Veer Cheema,Kitchenware,No,,,
ORD009574,Akshay Bobal,Beauty Products,No,2023-10-24,4.0,"Fast delivery, beauty products exceeded my expectations."
ORD009575,Ijaya Narain,Beauty Products,No,2024-05-02,5.0,"Great beauty products, exactly as described. Very happy with it."
ORD009576,Raagini Gade,Books,No,2024-02-24,3.0,"Average books, packaging could be better."
ORD009577,Diya Pillai,Shoes,Yes,2023-10-31,3.0,"The shoes is okay, does the job but nothing special."
ORD009578,Nathaniel Kota,Sports Equipment,No,2024-12-15,4.0,"Great sports equipment, exactly as described. Very happy with it."
ORD009579,Triveni Gaba,Groceries,No,2025-04-02,1.0,"Disappointed with this groceries, quality is not good."
ORD009580,Tarak Chand,Electronics,No,2024-11-03,4.0,"Really satisfied, highly recommend this electronics."
ORD009581,Matthew Rana,Toys,No,,,
ORD009582,Vedika Ramesh,Kitchenware,No,2025-09-11,4.0,"Really satisfied, highly recommend this kitchenware."
ORD009583,Yatan Keer,Beauty Products,No,2024-10-22,4.0,"Excellent quality for the price, would buy beauty products again."
ORD009584,Kritika Chacko,Books,No,2024-06-14,4.0,"Great books, exactly as described. Very happy with it."
ORD009585,Yasti Mutti,Beauty Products,Yes,2023-04-30,4.0,"Great beauty products, exactly as described. Very happy with it."
ORD009586,Idika Bhagat,Groceries,No,2023-06-07,2.0,"Not worth the price, expected better groceries."
ORD009587,Aradhana Golla,Shoes,Yes,2025-02-13,3.0,"The shoes is okay, does the job but nothing special."
ORD009588,Hamsini Rao,Furniture,No,,,
ORD009589,Lipika Lal,Clothes,Yes,2025-08-07,5.0,"Really satisfied, highly recommend this clothes."
ORD009590,Oni Kibe,Kitchenware,No,2023-02-13,4.0,"Excellent quality for the price, would buy kitchenware again."
ORD009591,Amrita Sami,Clothes,Yes,2024-11-26,3.0,"Average clothes, packaging could be better."
ORD009592,Robert Banik,Toys,No,,,
ORD009593,Ronith Nazareth,Kitchenware,No,2024-12-21,5.0,"Excellent quality for the price, would buy kitchenware again."
ORD009594,Bachittar Bala,Furniture,No,,,
ORD009595,Kashvi Narula,Shoes,No,2024-10-24,5.0,"Excellent quality for the price, would buy shoes again."
ORD009596,Gautami Sarin,Books,Yes,2023-08-05,4.0,"Great books, exactly as described. Very happy with it."
ORD009597,Fitan Sodhi,Electronics,No,2024-11-15,3.0,"The electronics is okay, does the job but nothing special."
ORD009598,Amruta Sehgal,Furniture,No,,,
ORD009599,Lopa Narasimhan,Groceries,No,2025-03-03,1.0,"Received a damaged groceries, had to return it."
ORD009600,Dayita Munshi,Shoes,No,2023-12-24,5.0,"Fast delivery, shoes exceeded my expectations."
ORD009601,Sathvik Lall,Kitchenware,No,,,
ORD009602,Yash Mittal,Clothes,Yes,2026-01-01,2.0,"Not worth the price, expected better clothes."
ORD009603,Meghana Ben,Shoes,No,2024-01-21,5.0,"Really satisfied, highly recommend this shoes."
ORD009604,Shravya Naik,Groceries,No,2025-05-07,4.0,"Fast delivery, groceries exceeded my expectations."
ORD009605,Charita Vohra,Electronics,No,2025-01-12,1.0,"Not worth the price, expected better electronics."
ORD009606,Vinaya Shukla,Kitchenware,No,2023-06-08,2.0,"Disappointed with this kitchenware, quality is not good."
ORD009607,Samaksh Sem,Sports Equipment,No,,,
ORD009608,Pahal Kuruvilla,Groceries,Yes,,,
ORD009609,Chanakya Mand,Sports Equipment,No,2023-03-11,5.0,"Great sports equipment, exactly as described. Very happy with it."
ORD009610,Gaurang Lad,Furniture,No,,,
ORD009611,Yauvani Gokhale,Furniture,No,2025-11-17,4.0,"Really satisfied, highly recommend this furniture."
ORD009612,Nitesh Dayal,Furniture,No,,,
ORD009613,Pranit Kohli,Shoes,Yes,2024-04-26,4.0,"Really satisfied, highly recommend this shoes."
ORD009614,Yahvi Wadhwa,Furniture,No,2023-05-23,4.0,"Great furniture, exactly as described. Very happy with it."
ORD009615,Chaitanya Tak,Shoes,No,2023-12-01,3.0,"Average shoes, packaging could be better."
ORD009616,Liam Solanki,Shoes,No,2025-08-03,4.0,"Excellent quality for the price, would buy shoes again."
ORD009617,Avi Sarkar,Sports Equipment,No,2023-03-17,1.0,"Not worth the price, expected better sports equipment."
ORD009618,Ayush Bail,Furniture,No,2024-05-09,4.0,"Great furniture, exactly as described. Very happy with it."
ORD009619,Lila Kadakia,Furniture,No,2025-06-12,5.0,"Fast delivery, furniture exceeded my expectations."
ORD009620,Gautam Aurora,Clothes,No,2023-11-23,4.0,"Fast delivery, clothes exceeded my expectations."
ORD009621,Madhavi Mann,Books,No,2023-11-05,5.0,"Fast delivery, books exceeded my expectations."
ORD009622,Jhalak Sekhon,Shoes,No,2024-02-18,5.0,"Really satisfied, highly recommend this shoes."
ORD009623,Gaurav Toor,Beauty Products,No,2023-11-15,2.0,"Not worth the price, expected better beauty products."
ORD009624,Imaran Edwin,Sports Equipment,No,2024-11-09,5.0,"Excellent quality for the price, would buy sports equipment again."
ORD009625,Bina Sankaran,Toys,No,2025-11-29,4.0,"Fast delivery, toys exceeded my expectations."
ORD009626,Dhriti Lad,Shoes,No,2023-10-06,5.0,"Great shoes, exactly as described. Very happy with it."
ORD009627,Ijaya Narain,Books,No,2023-12-19,4.0,"Excellent quality for the price, would buy books again."
ORD009628,Samesh Kashyap,Sports Equipment,No,2025-06-28,3.0,"Average sports equipment, packaging could be better."
ORD009629,Urmi Wali,Clothes,No,2024-08-28,3.0,"Average clothes, packaging could be better."
ORD009630,Abha Ravi,Groceries,Yes,2024-08-16,3.0,"Average groceries, packaging could be better."
ORD009631,Watika Buch,Beauty Products,No,2025-01-05,5.0,"Excellent quality for the price, would buy beauty products again."
ORD009632,Tara Sastry,Electronics,No,2023-08-18,4.0,"Excellent quality for the price, would buy electronics again."
ORD009633,Ishwar Wali,Kitchenware,No,,,
ORD009634,Aarav Nagy,Electronics,No,2023-04-12,5.0,"Excellent quality for the price, would buy electronics again."
ORD009635,Vamakshi Vala,Toys,No,2023-10-26,4.0,"Excellent quality for the price, would buy toys again."
ORD009636,Nidra Devan,Sports Equipment,No,2025-01-26,4.0,"Excellent quality for the price, would buy sports equipment again."
ORD009637,Ranbir Kala,Clothes,No,,,
ORD009638,Madhavi Mann,Electronics,No,2024-04-14,5.0,"Fast delivery, electronics exceeded my expectations."
ORD009639,Chaman Varty,Kitchenware,No,2023-01-22,5.0,"Excellent quality for the price, would buy kitchenware again."
ORD009640,Tara Sur,Sports Equipment,No,2024-06-27,3.0,"The sports equipment is okay, does the job but nothing special."
ORD009641,Tristan Ravel,Electronics,No,2025-07-05,5.0,"Excellent quality for the price, would buy electronics again."
ORD009642,Ladli Yadav,Clothes,No,,,
ORD009643,Udarsh Gopal,Groceries,No,2023-09-15,3.0,"The groceries is okay, does the job but nothing special."
ORD009644,Kala Nagar,Electronics,No,,,
ORD009645,Baljiwan Chadha,Sports Equipment,No,2024-05-13,4.0,"Really satisfied, highly recommend this sports equipment."
ORD009646,Shaurya Bora,Electronics,Yes,2026-01-21,5.0,"Really satisfied, highly recommend this electronics."
ORD009647,Falak Gulati,Groceries,No,2025-07-31,5.0,"Fast delivery, groceries exceeded my expectations."
ORD009648,Akshay Bobal,Books,Yes,2024-10-27,4.0,"Really satisfied, highly recommend this books."
ORD009649,Oviya Tara,Kitchenware,Yes,2023-10-11,5.0,"Really satisfied, highly recommend this kitchenware."
ORD009650,Imaran Hari,Kitchenware,No,2025-05-25,2.0,"Not worth the price, expected better kitchenware."
ORD009651,Wridesh Sangha,Clothes,No,2024-02-26,4.0,"Fast delivery, clothes exceeded my expectations."
ORD009652,Zashil Chaudhuri,Books,No,2023-03-25,5.0,"Fast delivery, books exceeded my expectations."
ORD009653,Samuel Rama,Clothes,No,2024-03-11,5.0,"Fast delivery, clothes exceeded my expectations."
ORD009654,Nidhi Sekhon,Toys,No,2024-07-01,4.0,"Fast delivery, toys exceeded my expectations."
ORD009655,Akshay Bobal,Clothes,Yes,,,
ORD009656,Lucky Balakrishnan,Beauty Products,No,2024-10-02,5.0,"Great beauty products, exactly as described. Very happy with it."
ORD009657,Eshana Lad,Electronics,No,2023-08-02,3.0,"The electronics is okay, does the job but nothing special."
ORD009658,Brinda Mammen,Shoes,No,2025-10-20,4.0,"Excellent quality for the price, would buy shoes again."
ORD009659,Siddharth Sood,Groceries,No,2023-10-22,5.0,"Excellent quality for the price, would buy groceries again."
ORD009660,Victor Goda,Beauty Products,Yes,,,
ORD009661,Tanmayi Subramanian,Clothes,No,2024-08-24,4.0,"Great clothes, exactly as described. Very happy with it."
ORD009662,Hitesh Bhandari,Clothes,No,2023-04-27,5.0,"Fast delivery, clothes exceeded my expectations."
ORD009663,Chatura Thaman,Books,No,2024-03-16,2.0,"Not worth the price, expected better books."
ORD009664,Maanav Chad,Furniture,No,2025-12-09,5.0,"Excellent quality for the price, would buy furniture again."
ORD009665,Janaki Din,Toys,No,2024-07-19,5.0,"Fast delivery, toys exceeded my expectations."
ORD009666,Arunima Parsa,Shoes,No,2025-01-11,5.0,"Fast delivery, shoes exceeded my expectations."
ORD009667,Omya Boase,Shoes,No,2024-04-07,4.0,"Really satisfied, highly recommend this shoes."
ORD009668,Om Sastry,Groceries,No,2025-12-05,5.0,"Excellent quality for the price, would buy groceries again."
ORD009669,Adweta Nadig,Furniture,No,2024-03-01,3.0,"Average furniture, packaging could be better."
ORD009670,Arya Thakkar,Shoes,No,2024-05-07,5.0,"Fast delivery, shoes exceeded my expectations."
ORD009671,Eshana Tiwari,Electronics,No,2024-04-19,3.0,"The electronics is okay, does the job but nothing special."
ORD009672,Ojasvi Parmer,Sports Equipment,No,,,
ORD009673,Sachi Chauhan,Shoes,No,2025-03-18,5.0,"Great shoes, exactly as described. Very happy with it."
ORD009674,Naksh Sampath,Clothes,No,2024-06-21,3.0,"The clothes is okay, does the job but nothing special."
ORD009675,Charita Vohra,Sports Equipment,No,2023-07-08,3.0,"The sports equipment is okay, does the job but nothing special."
ORD009676,Dipta Vaidya,Kitchenware,No,,,
ORD009677,Yashvi Bahl,Electronics,No,2024-12-04,3.0,"Average electronics, packaging could be better."
ORD009678,Reyansh Singh,Furniture,No,2025-01-31,4.0,"Really satisfied, highly recommend this furniture."
ORD009679,Vinaya Shukla,Furniture,No,2025-11-04,3.0,"The furniture is okay, does the job but nothing special."
ORD009680,Dayamai Sankaran,Shoes,No,2025-06-12,1.0,"Disappointed with this shoes, quality is not good."
ORD009681,Chanakya Mand,Shoes,No,2023-05-13,5.0,"Great shoes, exactly as described. Very happy with it."
ORD009682,Lakshmi Bhat,Electronics,No,,,
ORD009683,Maanav Madan,Clothes,No,2024-10-10,5.0,"Excellent quality for the price, would buy clothes again."
ORD009684,Lekha Bains,Sports Equipment,No,,,
ORD009685,Luke Arora,Electronics,No,2024-11-24,3.0,"Average electronics, packaging could be better."
ORD009686,Omaja Badami,Clothes,No,2023-08-09,5.0,"Really satisfied, highly recommend this clothes."
ORD009687,Ishani Kapoor,Clothes,No,2023-05-17,4.0,"Really satisfied, highly recommend this clothes."
ORD009688,Vyanjana Mani,Books,No,2025-03-13,3.0,"The books is okay, does the job but nothing special."
ORD009689,Faris Sethi,Toys,No,2023-04-01,3.0,"The toys is okay, does the job but nothing special."
ORD009690,Radhika Mahal,Furniture,No,2024-07-23,4.0,"Really satisfied, highly recommend this furniture."
ORD009691,Alka Srinivas,Beauty Products,No,2024-12-14,5.0,"Really satisfied, highly recommend this beauty products."
ORD009692,Amara Mitra,Furniture,No,2025-01-02,3.0,"The furniture is okay, does the job but nothing special."
ORD009693,Yahvi Soni,Kitchenware,No,,,
ORD009694,Neha Warrior,Kitchenware,Yes,2025-05-08,4.0,"Fast delivery, kitchenware exceeded my expectations."
ORD009695,Falan Lanka,Clothes,Yes,2024-11-01,3.0,"Average clothes, packaging could be better."
ORD009696,Triveni Pathak,Furniture,No,2023-02-04,4.0,"Excellent quality for the price, would buy furniture again."
ORD009697,Alka Srinivas,Electronics,Yes,2024-03-14,4.0,"Fast delivery, electronics exceeded my expectations."
ORD009698,Avi Sarkar,Groceries,No,2024-05-12,3.0,"The groceries is okay, does the job but nothing special."
ORD009699,Vanya Yohannan,Electronics,No,2024-12-31,4.0,"Great electronics, exactly as described. Very happy with it."
ORD009700,Urmi Lad,Beauty Products,No,2024-03-08,3.0,"Average beauty products, packaging could be better."
ORD009701,Chanchal Sastry,Shoes,Yes,2023-05-09,4.0,"Excellent quality for the price, would buy shoes again."
ORD009702,Elijah Wason,Groceries,No,2023-04-25,3.0,"Average groceries, packaging could be better."
ORD009703,Finn Kurian,Shoes,No,2023-06-24,5.0,"Fast delivery, shoes exceeded my expectations."
ORD009704,Gaurangi Aurora,Beauty Products,No,2023-02-22,4.0,"Great beauty products, exactly as described. Very happy with it."
ORD009705,Ayaan Bhatnagar,Sports Equipment,No,2025-11-06,5.0,"Fast delivery, sports equipment exceeded my expectations."
ORD009706,Vasudha Agarwal,Sports Equipment,Yes,,,
ORD009707,Sanya Shanker,Beauty Products,No,2023-03-22,5.0,"Great beauty products, exactly as described. Very happy with it."
ORD009708,Karan Kumar,Groceries,No,,,
ORD009709,Dayita Munshi,Beauty Products,No,2025-09-26,3.0,"The beauty products is okay, does the job but nothing special."
ORD009710,Lakshmi Chacko,Electronics,No,2023-09-16,4.0,"Really satisfied, highly recommend this electronics."
ORD009711,Harrison Rana,Groceries,No,,,
ORD009712,William Khanna,Electronics,Yes,2023-12-22,3.0,"Average electronics, packaging could be better."
ORD009713,Ayush Bala,Shoes,No,2025-10-27,2.0,"Disappointed with this shoes, quality is not good."
ORD009714,Urvi Bhattacharyya,Kitchenware,No,2025-06-22,5.0,"Excellent quality for the price, would buy kitchenware again."
ORD009715,Ayush Bala,Clothes,No,2023-08-13,3.0,"The clothes is okay, does the job but nothing special."
ORD009716,Nitesh Oommen,Furniture,No,2025-01-23,4.0,"Fast delivery, furniture exceeded my expectations."
ORD009717,Ishanvi Nagar,Toys,No,2023-12-21,4.0,"Great toys, exactly as described. Very happy with it."
ORD009718,Nimrat Vasa,Electronics,No,2024-10-24,5.0,"Fast delivery, electronics exceeded my expectations."
ORD009719,Leena Chhabra,Shoes,Yes,2025-08-08,4.0,"Really satisfied, highly recommend this shoes."
ORD009720,Charita Vohra,Furniture,No,2023-02-17,5.0,"Excellent quality for the price, would buy furniture again."
ORD009721,Arjun Kaur,Furniture,No,2025-06-30,5.0,"Excellent quality for the price, would buy furniture again."
ORD009722,Gautam Samra,Toys,No,2023-02-27,5.0,"Great toys, exactly as described. Very happy with it."
ORD009723,Qarin Ramanathan,Clothes,No,2024-09-17,5.0,"Really satisfied, highly recommend this clothes."
ORD009724,Abha Keer,Electronics,No,2025-12-07,5.0,"Fast delivery, electronics exceeded my expectations."
ORD009725,Mason Koshy,Beauty Products,No,2024-07-04,3.0,"Average beauty products, packaging could be better."
ORD009726,Kiaan Jayaraman,Beauty Products,No,2024-11-14,4.0,"Really satisfied, highly recommend this beauty products."
ORD009727,Falak Anne,Electronics,No,2023-04-03,3.0,"The electronics is okay, does the job but nothing special."
ORD009728,Veer Karnik,Electronics,No,2023-08-10,4.0,"Excellent quality for the price, would buy electronics again."
ORD009729,Parth Hegde,Clothes,No,2024-11-22,5.0,"Great clothes, exactly as described. Very happy with it."
ORD009730,Manya Shere,Shoes,Yes,,,
ORD009731,Nicholas Bhandari,Furniture,No,2024-07-13,5.0,"Excellent quality for the price, would buy furniture again."
ORD009732,Bina Varty,Sports Equipment,No,2025-08-07,4.0,"Great sports equipment, exactly as described. Very happy with it."
ORD009733,Tejas Mani,Clothes,No,2025-01-05,5.0,"Fast delivery, clothes exceeded my expectations."
ORD009734,Radhika Mahal,Groceries,No,2024-12-15,4.0,"Really satisfied, highly recommend this groceries."
ORD009735,Chakradev Bains,Books,No,2023-04-09,4.0,"Really satisfied, highly recommend this books."
ORD009736,Shivani Murthy,Sports Equipment,No,2025-02-01,1.0,"Disappointed with this sports equipment, quality is not good."
ORD009737,Tripti Goyal,Kitchenware,No,2023-12-06,4.0,"Excellent quality for the price, would buy kitchenware again."
ORD009738,Chaitanya Tak,Clothes,No,2023-01-27,4.0,"Fast delivery, clothes exceeded my expectations."
ORD009739,Ganga Bumb,Beauty Products,No,2025-04-18,5.0,"Excellent quality for the price, would buy beauty products again."
ORD009740,Sanya Cherian,Toys,No,,,
ORD009741,Panini Prabhakar,Kitchenware,No,,,
ORD009742,Dalbir Sule,Electronics,No,2023-01-15,4.0,"Great electronics, exactly as described. Very happy with it."
ORD009743,Vrishti Lalla,Kitchenware,No,2024-05-26,4.0,"Excellent quality for the price, would buy kitchenware again."
ORD009744,Utkarsh Din,Kitchenware,No,,,
ORD009745,Yoshita Soman,Electronics,No,,,
ORD009746,Mekhala Dar,Electronics,No,,,
ORD009747,Gaurang Kamdar,Groceries,No,2023-04-11,1.0,"Disappointed with this groceries, quality is not good."
ORD009748,Riya Thaman,Clothes,No,2024-07-27,4.0,"Great clothes, exactly as described. Very happy with it."
ORD009749,Vrishti Lalla,Sports Equipment,No,,,
ORD009750,Ganga Bumb,Kitchenware,No,,,
ORD009751,Laban Bal,Electronics,No,,,
ORD009752,Harsh Karan,Beauty Products,No,,,
ORD009753,Frederick Nair,Clothes,No,2025-01-07,5.0,"Great clothes, exactly as described. Very happy with it."
ORD009754,Xiti Puri,Books,No,2025-11-22,4.0,"Fast delivery, books exceeded my expectations."
ORD009755,Vedhika Dhawan,Sports Equipment,Yes,2023-12-01,4.0,"Fast delivery, sports equipment exceeded my expectations."
ORD009756,Maanas Swamy,Clothes,Yes,,,
ORD009757,Tristan Bhavsar,Books,Yes,,,
ORD009758,Ronith Raman,Beauty Products,No,2026-01-03,3.0,"The beauty products is okay, does the job but nothing special."
ORD009759,Darpan Gour,Electronics,Yes,2023-07-17,4.0,"Really satisfied, highly recommend this electronics."
ORD009760,Hamsini Rao,Electronics,No,2024-07-30,5.0,"Great electronics, exactly as described. Very happy with it."
ORD009761,Akshay Bobal,Shoes,No,2024-10-31,3.0,"The shoes is okay, does the job but nothing special."
ORD009762,Osha Patil,Toys,No,2023-04-23,4.0,"Excellent quality for the price, would buy toys again."
ORD009763,Vritti Chopra,Clothes,No,2023-05-03,3.0,"Average clothes, packaging could be better."
ORD009764,Mekhala Bawa,Sports Equipment,No,2024-09-10,4.0,"Excellent quality for the price, would buy sports equipment again."
ORD009765,Ubika Bains,Toys,No,2023-10-14,4.0,"Really satisfied, highly recommend this toys."
ORD009766,Charles Chaudry,Beauty Products,No,2024-02-29,4.0,"Excellent quality for the price, would buy beauty products again."
ORD009767,Nidhi Sekhon,Kitchenware,No,2025-12-15,5.0,"Fast delivery, kitchenware exceeded my expectations."
ORD009768,Mekhala Chakraborty,Clothes,No,,,
ORD009769,Fitan Sodhi,Shoes,Yes,2024-01-31,5.0,"Great shoes, exactly as described. Very happy with it."
ORD009770,Darpan Gour,Books,Yes,2023-07-23,5.0,"Great books, exactly as described. Very happy with it."
ORD009771,Meera Bajaj,Electronics,No,2024-04-02,4.0,"Really satisfied, highly recommend this electronics."
ORD009772,Vihaan Dora,Clothes,No,,,
ORD009773,Pranit Kohli,Beauty Products,No,2023-11-05,5.0,"Great beauty products, exactly as described. Very happy with it."
ORD009774,Nitesh Oommen,Furniture,Yes,2023-11-02,4.0,"Really satisfied, highly recommend this furniture."
ORD009775,Manya Shere,Groceries,No,,,
ORD009776,Aachal Lad,Beauty Products,No,2023-02-03,2.0,"Not worth the price, expected better beauty products."
ORD009777,Maanav Bassi,Kitchenware,No,,,
ORD009778,Omisha Sood,Shoes,Yes,2023-07-17,4.0,"Great shoes, exactly as described. Very happy with it."
ORD009779,Yatan Keer,Kitchenware,No,,,
ORD009780,Manthan Lata,Furniture,No,,,
ORD009781,Vasudha Shah,Electronics,No,2025-10-20,5.0,"Great electronics, exactly as described. Very happy with it."
ORD009782,Bahadurjit Arora,Groceries,No,2025-05-24,1.0,"Disappointed with this groceries, quality is not good."
ORD009783,Elijah Raman,Toys,No,2024-04-04,1.0,"Received a damaged toys, had to return it."
ORD009784,Chaman Varty,Kitchenware,No,2024-01-29,5.0,"Really satisfied, highly recommend this kitchenware."
ORD009785,Dayamai Sangha,Sports Equipment,No,2024-11-06,4.0,"Excellent quality for the price, would buy sports equipment again."
ORD009786,Pranav Saraf,Electronics,No,2023-04-09,5.0,"Great electronics, exactly as described. Very happy with it."
ORD009787,Eiravati Pradhan,Electronics,No,,,
ORD009788,Warinder Narang,Books,No,2024-08-21,3.0,"The books is okay, does the job but nothing special."
ORD009789,Ayushman Bahl,Electronics,Yes,2024-01-28,5.0,"Excellent quality for the price, would buy electronics again."
ORD009790,Kamya Jhaveri,Sports Equipment,No,2024-01-22,2.0,"Received a damaged sports equipment, had to return it."
ORD009791,Zashil Bansal,Beauty Products,Yes,2023-11-27,1.0,"Received a damaged beauty products, had to return it."
ORD009792,Ansh Kohli,Clothes,No,,,
ORD009793,Rushil Dey,Kitchenware,No,2025-09-12,2.0,"Received a damaged kitchenware, had to return it."
ORD009794,Janaki Din,Clothes,No,2023-08-23,3.0,"The clothes is okay, does the job but nothing special."
ORD009795,Banjeet Rege,Furniture,No,2025-08-03,4.0,"Great furniture, exactly as described. Very happy with it."
ORD009796,Atharv Madan,Books,No,,,
ORD009797,Qadim Sen,Toys,No,,,
ORD009798,Urvi Bhattacharyya,Shoes,No,2025-05-27,3.0,"Average shoes, packaging could be better."
ORD009799,Sachi Chauhan,Clothes,No,2024-12-27,5.0,"Excellent quality for the price, would buy clothes again."
ORD009800,Chandani Datta,Kitchenware,Yes,2025-02-26,4.0,"Great kitchenware, exactly as described. Very happy with it."
ORD009801,Harsh Agrawal,Clothes,No,2023-07-10,4.0,"Great clothes, exactly as described. Very happy with it."
ORD009802,Rohan Arora,Clothes,No,2023-05-30,5.0,"Great clothes, exactly as described. Very happy with it."
ORD009803,Jackson Patil,Kitchenware,No,,,
ORD009804,Ijaya Dyal,Groceries,No,2023-11-18,4.0,"Great groceries, exactly as described. Very happy with it."
ORD009805,Watika Wali,Sports Equipment,No,2024-07-30,5.0,"Really satisfied, highly recommend this sports equipment."
ORD009806,Alka Srinivas,Groceries,No,2023-11-22,5.0,"Excellent quality for the price, would buy groceries again."
ORD009807,Ladli Yadav,Groceries,No,2023-10-29,5.0,"Fast delivery, groceries exceeded my expectations."
ORD009808,Manthan Yadav,Groceries,Yes,2025-01-02,4.0,"Excellent quality for the price, would buy groceries again."
ORD009809,Gautami Sarin,Electronics,No,2023-07-29,3.0,"The electronics is okay, does the job but nothing special."
ORD009810,Avi Sarkar,Kitchenware,No,2025-05-19,5.0,"Great kitchenware, exactly as described. Very happy with it."
ORD009811,Mohammed Ramachandran,Beauty Products,No,2023-07-22,3.0,"Average beauty products, packaging could be better."
ORD009812,Nitara Rajagopal,Groceries,No,2025-11-30,3.0,"The groceries is okay, does the job but nothing special."
ORD009813,Akshay Kohli,Clothes,No,2024-06-17,4.0,"Excellent quality for the price, would buy clothes again."
ORD009814,Brinda Mammen,Toys,Yes,2024-05-10,5.0,"Fast delivery, toys exceeded my expectations."
ORD009815,Elijah Dalal,Electronics,No,2025-12-31,5.0,"Great electronics, exactly as described. Very happy with it."
ORD009816,Chandran Datta,Toys,Yes,2025-11-04,4.0,"Fast delivery, toys exceeded my expectations."
ORD009817,Harinakshi Sahni,Groceries,No,2023-01-17,4.0,"Fast delivery, groceries exceeded my expectations."
ORD009818,Meera Chawla,Shoes,No,2023-10-21,5.0,"Fast delivery, shoes exceeded my expectations."
ORD009819,Upadhriti Menon,Electronics,Yes,2023-02-06,1.0,"Disappointed with this electronics, quality is not good."
ORD009820,Warda Kala,Electronics,Yes,2023-07-01,3.0,"Average electronics, packaging could be better."
ORD009821,Inaya Taneja,Groceries,Yes,2024-08-21,5.0,"Really satisfied, highly recommend this groceries."
ORD009822,Bhavna Sood,Beauty Products,Yes,,,
ORD009823,Eshana Tiwari,Furniture,No,2025-10-28,4.0,"Great furniture, exactly as described. Very happy with it."
ORD009824,Brijesh Mani,Kitchenware,No,2023-11-30,4.0,"Fast delivery, kitchenware exceeded my expectations."
ORD009825,Bina Varty,Electronics,No,,,
ORD009826,Ansh Kohli,Groceries,Yes,2024-11-29,2.0,"Received a damaged groceries, had to return it."
ORD009827,Wridesh Sangha,Electronics,No,2023-05-27,4.0,"Great electronics, exactly as described. Very happy with it."
ORD009828,Zayyan Palan,Kitchenware,No,2024-05-31,2.0,"Received a damaged kitchenware, had to return it."
ORD009829,Mohammed Pau,Clothes,No,2025-06-07,5.0,"Fast delivery, clothes exceeded my expectations."
ORD009830,Arya Thakkar,Groceries,No,2025-08-17,5.0,"Really satisfied, highly recommend this groceries."
ORD009831,Ganga Chandra,Furniture,No,2023-09-05,4.0,"Great furniture, exactly as described. Very happy with it."
ORD009832,Vihaan Dora,Groceries,No,2024-01-23,4.0,"Great groceries, exactly as described. Very happy with it."
ORD009833,Logan Sekhon,Groceries,No,2025-04-07,3.0,"Average groceries, packaging could be better."
ORD009834,Yuvraj Gandhi,Electronics,No,2023-09-29,4.0,"Really satisfied, highly recommend this electronics."
ORD009835,Kamya Lanka,Furniture,No,2023-12-11,2.0,"Not worth the price, expected better furniture."
ORD009836,Urvashi Suri,Kitchenware,No,2023-05-05,1.0,"Received a damaged kitchenware, had to return it."
ORD009837,Kevin Taneja,Toys,No,2025-09-01,4.0,"Really satisfied, highly recommend this toys."
ORD009838,Harrison Shan,Groceries,Yes,,,
ORD009839,Ishanvi Konda,Shoes,No,2023-08-22,3.0,"The shoes is okay, does the job but nothing special."
ORD009840,Hemangini Chad,Beauty Products,No,2025-03-05,4.0,"Excellent quality for the price, would buy beauty products again."
ORD009841,Chaitanya Tak,Books,No,2024-04-06,5.0,"Really satisfied, highly recommend this books."
ORD009842,Benjamin Ratta,Groceries,No,2024-01-02,5.0,"Excellent quality for the price, would buy groceries again."
ORD009843,Rohan Rajagopalan,Clothes,Yes,2024-08-08,5.0,"Excellent quality for the price, would buy clothes again."
ORD009844,Tanay Sagar,Sports Equipment,No,2024-11-14,5.0,"Fast delivery, sports equipment exceeded my expectations."
ORD009845,Banjeet De,Furniture,No,2023-10-26,5.0,"Excellent quality for the price, would buy furniture again."
ORD009846,Akshay Ram,Beauty Products,No,2024-01-31,4.0,"Really satisfied, highly recommend this beauty products."
ORD009847,Varenya Mani,Shoes,No,2023-04-27,3.0,"Average shoes, packaging could be better."
ORD009848,Yahvi Soni,Toys,No,2024-05-27,5.0,"Great toys, exactly as described. Very happy with it."
ORD009849,Ikbal Shankar,Furniture,Yes,2024-09-17,5.0,"Fast delivery, furniture exceeded my expectations."
ORD009850,Alka Chopra,Shoes,No,2025-04-09,5.0,"Fast delivery, shoes exceeded my expectations."
ORD009851,Dayita Sehgal,Furniture,No,2024-10-28,1.0,"Disappointed with this furniture, quality is not good."
ORD009852,Tristan Ravel,Clothes,No,2023-12-09,5.0,"Excellent quality for the price, would buy clothes again."
ORD009853,Wakeeta Tella,Sports Equipment,No,2023-02-20,4.0,"Great sports equipment, exactly as described. Very happy with it."
ORD009854,Rushil Brahmbhatt,Toys,No,2023-04-26,5.0,"Great toys, exactly as described. Very happy with it."
ORD009855,Madhavi Mann,Toys,No,2024-02-23,4.0,"Excellent quality for the price, would buy toys again."
ORD009856,Gautami Manda,Kitchenware,No,2023-05-23,4.0,"Excellent quality for the price, would buy kitchenware again."
ORD009857,Osha Patil,Books,No,,,
ORD009858,Siya Dhillon,Beauty Products,Yes,2023-09-26,4.0,"Excellent quality for the price, would buy beauty products again."
ORD009859,Saksham Mani,Kitchenware,No,2024-01-10,2.0,"Not worth the price, expected better kitchenware."
ORD009860,Nirja Shan,Kitchenware,No,2023-07-14,4.0,"Great kitchenware, exactly as described. Very happy with it."
ORD009861,Yuvraj Grewal,Sports Equipment,No,2024-05-08,5.0,"Really satisfied, highly recommend this sports equipment."
ORD009862,Zayan Sani,Groceries,No,,,
ORD009863,Adweta Parsa,Toys,No,2024-08-17,4.0,"Great toys, exactly as described. Very happy with it."
ORD009864,Abha Ravi,Groceries,No,,,
ORD009865,Nathan Aggarwal,Groceries,No,2023-12-21,5.0,"Really satisfied, highly recommend this groceries."
ORD009866,Yauvani Hora,Electronics,No,2023-02-06,4.0,"Really satisfied, highly recommend this electronics."
ORD009867,Anya Kibe,Toys,No,2025-09-13,1.0,"Received a damaged toys, had to return it."
ORD009868,Yamini Garg,Furniture,No,2024-07-30,4.0,"Fast delivery, furniture exceeded my expectations."
ORD009869,Warda Ramaswamy,Toys,No,2025-01-12,2.0,"Received a damaged toys, had to return it."
ORD009870,Dipta Shroff,Books,No,2023-02-13,4.0,"Great books, exactly as described. Very happy with it."
ORD009871,Balveer Agarwal,Toys,No,2023-06-08,4.0,"Really satisfied, highly recommend this toys."
ORD009872,Janya Kashyap,Groceries,No,2023-09-04,4.0,"Great groceries, exactly as described. Very happy with it."
ORD009873,Zaitra Bora,Groceries,No,,,
ORD009874,Darpan Gour,Groceries,Yes,2025-01-28,5.0,"Really satisfied, highly recommend this groceries."
ORD009875,Falak Gulati,Kitchenware,No,2023-10-29,2.0,"Disappointed with this kitchenware, quality is not good."
ORD009876,Lila Kadakia,Toys,No,,,
ORD009877,Nidhi Sekhon,Clothes,No,2025-06-27,2.0,"Not worth the price, expected better clothes."
ORD009878,Warhi Iyer,Clothes,No,2023-12-30,4.0,"Great clothes, exactly as described. Very happy with it."
ORD009879,Zansi Dixit,Electronics,No,,,
ORD009880,Dominic Som,Shoes,No,2023-07-10,4.0,"Really satisfied, highly recommend this shoes."
ORD009881,Qabil Lall,Toys,No,,,
ORD009882,Veda Muni,Electronics,No,2025-07-15,5.0,"Really satisfied, highly recommend this electronics."
ORD009883,Mekhala Bawa,Sports Equipment,No,2024-10-22,1.0,"Disappointed with this sports equipment, quality is not good."
ORD009884,Falan Chana,Kitchenware,No,2024-02-20,4.0,"Fast delivery, kitchenware exceeded my expectations."
ORD009885,Harish Shetty,Clothes,Yes,2024-02-03,1.0,"Not worth the price, expected better clothes."
ORD009886,Yauvani Hora,Electronics,No,,,
ORD009887,Harrison Rana,Furniture,No,2025-02-20,3.0,"Average furniture, packaging could be better."
ORD009888,Zaitra Bora,Kitchenware,No,2025-10-22,4.0,"Really satisfied, highly recommend this kitchenware."
ORD009889,Vaishnavi Dutt,Toys,No,2025-05-30,1.0,"Not worth the price, expected better toys."
ORD009890,Bimala Sehgal,Toys,No,2026-01-06,4.0,"Fast delivery, toys exceeded my expectations."
ORD009891,Laban Bal,Kitchenware,Yes,2023-12-10,3.0,"The kitchenware is okay, does the job but nothing special."
ORD009892,Devansh Mital,Clothes,Yes,2023-02-23,5.0,"Great clothes, exactly as described. Very happy with it."
ORD009893,Victor Chada,Sports Equipment,No,2024-09-30,2.0,"Not worth the price, expected better sports equipment."
ORD009894,Hitesh Prabhu,Clothes,No,2025-05-08,1.0,"Received a damaged clothes, had to return it."
ORD009895,Wakeeta Raja,Kitchenware,No,2023-12-27,5.0,"Really satisfied, highly recommend this kitchenware."
ORD009896,Alexander Behl,Clothes,Yes,,,
ORD009897,Ucchal Shukla,Sports Equipment,No,,,
ORD009898,Dhruv Bandi,Shoes,No,2024-02-13,4.0,"Excellent quality for the price, would buy shoes again."
ORD009899,Anya Kibe,Sports Equipment,No,2025-07-17,4.0,"Great sports equipment, exactly as described. Very happy with it."
ORD009900,Bahadurjit Banerjee,Sports Equipment,No,2023-07-05,4.0,"Really satisfied, highly recommend this sports equipment."
ORD009901,Ekapad Chander,Furniture,No,,,
ORD009902,Riya Thaman,Groceries,No,2025-04-06,5.0,"Great groceries, exactly as described. Very happy with it."
ORD009903,Aarini Ravel,Electronics,Yes,2023-03-04,2.0,"Disappointed with this electronics, quality is not good."
ORD009904,Gautami Sarin,Books,No,2024-02-25,4.0,"Fast delivery, books exceeded my expectations."
ORD009905,Zayan Kamdar,Furniture,No,,,
ORD009906,Chaitanya Jani,Books,No,,,
ORD009907,Rushil Dey,Beauty Products,No,2025-07-15,4.0,"Excellent quality for the price, would buy beauty products again."
ORD009908,Zarna Wali,Furniture,No,,,
ORD009909,Vanya Yohannan,Shoes,No,2025-01-01,5.0,"Excellent quality for the price, would buy shoes again."
ORD009910,Noah Sur,Beauty Products,No,,,
ORD009911,Arunima Parsa,Groceries,No,2025-05-12,5.0,"Fast delivery, groceries exceeded my expectations."
ORD009912,Ikbal Shankar,Beauty Products,No,2025-09-13,4.0,"Great beauty products, exactly as described. Very happy with it."
ORD009913,Yahvi Wadhwa,Books,No,2025-06-13,5.0,"Excellent quality for the price, would buy books again."
ORD009914,Hamsini Rattan,Beauty Products,No,,,
ORD009915,Faqid Gole,Electronics,No,2024-06-11,4.0,"Great electronics, exactly as described. Very happy with it."
ORD009916,Varenya Mani,Shoes,No,,,
ORD009917,Charvi Date,Books,Yes,2024-03-11,4.0,"Excellent quality for the price, would buy books again."
ORD009918,Harinakshi Sahni,Books,No,2025-02-05,5.0,"Really satisfied, highly recommend this books."
ORD009919,Viraj Barad,Furniture,Yes,2025-11-20,4.0,"Great furniture, exactly as described. Very happy with it."
ORD009920,Yuvraj Thaman,Toys,No,2023-11-30,3.0,"Average toys, packaging could be better."
ORD009921,Ansh Kohli,Electronics,No,2025-10-12,5.0,"Really satisfied, highly recommend this electronics."
ORD009922,Aachal Thakkar,Toys,No,,,
ORD009923,Kashvi Narula,Electronics,No,2023-09-04,4.0,"Fast delivery, electronics exceeded my expectations."
ORD009924,Manya Shere,Sports Equipment,No,2024-04-28,4.0,"Really satisfied, highly recommend this sports equipment."
ORD009925,Harsh Karan,Sports Equipment,No,2025-12-17,4.0,"Excellent quality for the price, would buy sports equipment again."
ORD009926,Chanakya Mand,Furniture,No,2023-09-22,4.0,"Fast delivery, furniture exceeded my expectations."
ORD009927,Tanay Sagar,Furniture,Yes,2023-10-06,3.0,"The furniture is okay, does the job but nothing special."
ORD009928,Janani Parmer,Toys,No,2023-07-06,5.0,"Excellent quality for the price, would buy toys again."
ORD009929,Eshana Tiwari,Furniture,Yes,2025-05-15,1.0,"Not worth the price, expected better furniture."
ORD009930,Guneet Tripathi,Sports Equipment,No,2024-12-12,3.0,"The sports equipment is okay, does the job but nothing special."
ORD009931,Vyanjana Mani,Beauty Products,No,2024-10-14,4.0,"Great beauty products, exactly as described. Very happy with it."
ORD009932,Janya Sankaran,Shoes,No,2025-12-08,1.0,"Received a damaged shoes, had to return it."
ORD009933,Mitesh Varghese,Clothes,No,2025-04-26,4.0,"Excellent quality for the price, would buy clothes again."
ORD009934,Janya Kashyap,Electronics,No,2024-08-11,2.0,"Disappointed with this electronics, quality is not good."
ORD009935,Pooja Grewal,Books,No,2023-08-13,2.0,"Received a damaged books, had to return it."
ORD009936,Radhika Mahal,Groceries,No,,,
ORD009937,Siya Dhillon,Clothes,Yes,2025-09-29,5.0,"Great clothes, exactly as described. Very happy with it."
ORD009938,Chaitanya Tak,Toys,Yes,,,
ORD009939,Neel Mall,Electronics,Yes,2023-08-04,5.0,"Great electronics, exactly as described. Very happy with it."
ORD009940,Riya Thaman,Clothes,No,2024-03-07,5.0,"Really satisfied, highly recommend this clothes."
ORD009941,Girish Rattan,Electronics,No,2023-03-04,4.0,"Excellent quality for the price, would buy electronics again."
ORD009942,Falak Gulati,Groceries,No,2025-09-25,3.0,"The groceries is okay, does the job but nothing special."
ORD009943,Nathaniel Bhardwaj,Kitchenware,Yes,2025-01-03,5.0,"Really satisfied, highly recommend this kitchenware."
ORD009944,Gaurang Lad,Furniture,No,2023-01-27,5.0,"Great furniture, exactly as described. Very happy with it."
ORD009945,Garima Kumar,Groceries,Yes,2025-06-01,5.0,"Really satisfied, highly recommend this groceries."
ORD009946,Chanchal Chand,Clothes,No,2025-09-09,4.0,"Really satisfied, highly recommend this clothes."
ORD009947,Rachana Muni,Clothes,No,2023-11-09,4.0,"Excellent quality for the price, would buy clothes again."
ORD009948,Saanvi Agarwal,Electronics,No,,,
ORD009949,Krisha Mutti,Furniture,No,2025-02-22,4.0,"Really satisfied, highly recommend this furniture."
ORD009950,Samar Balay,Groceries,No,,,
ORD009951,Vasudha Agarwal,Shoes,No,2025-03-15,5.0,"Fast delivery, shoes exceeded my expectations."
ORD009952,Frado Joshi,Electronics,No,,,
ORD009953,Jatin Kapoor,Electronics,No,2024-05-11,5.0,"Great electronics, exactly as described. Very happy with it."
ORD009954,Pranit Vig,Groceries,No,2024-06-23,5.0,"Really satisfied, highly recommend this groceries."
ORD009955,Mohammed Ramachandran,Books,No,2024-08-17,3.0,"Average books, packaging could be better."
ORD009956,Jasmit Bhardwaj,Shoes,No,2023-02-13,4.0,"Really satisfied, highly recommend this shoes."
ORD009957,Janya Sankaran,Groceries,Yes,2024-03-16,4.0,"Fast delivery, groceries exceeded my expectations."
ORD009958,Zilmil Bail,Kitchenware,No,2025-08-29,5.0,"Fast delivery, kitchenware exceeded my expectations."
ORD009959,Manthan Yadav,Electronics,No,2024-12-07,4.0,"Really satisfied, highly recommend this electronics."
ORD009960,Rohan Arora,Books,No,2025-09-07,4.0,"Really satisfied, highly recommend this books."
ORD009961,Yashica Om,Sports Equipment,No,2025-08-22,4.0,"Really satisfied, highly recommend this sports equipment."
ORD009962,Hitesh Prabhu,Kitchenware,No,2024-03-07,3.0,"The kitchenware is okay, does the job but nothing special."
ORD009963,David Kurian,Furniture,No,2024-07-13,4.0,"Fast delivery, furniture exceeded my expectations."
ORD009964,Arya Thakkar,Groceries,No,2024-01-01,1.0,"Disappointed with this groceries, quality is not good."
ORD009965,Oni Kibe,Beauty Products,No,2025-11-30,4.0,"Really satisfied, highly recommend this beauty products."
ORD009966,Saksham Mani,Kitchenware,No,2024-08-07,5.0,"Fast delivery, kitchenware exceeded my expectations."
ORD009967,Dhruv Randhawa,Clothes,No,2024-11-21,4.0,"Excellent quality for the price, would buy clothes again."
ORD009968,Yatan Tripathi,Sports Equipment,No,2023-08-24,2.0,"Disappointed with this sports equipment, quality is not good."
ORD009969,Eshana Lad,Groceries,No,2025-02-18,2.0,"Received a damaged groceries, had to return it."
ORD009970,Tarak Chand,Furniture,No,,,
ORD009971,Liam More,Books,No,2025-12-04,5.0,"Excellent quality for the price, would buy books again."
ORD009972,Jonathan Wali,Clothes,No,2023-06-01,2.0,"Not worth the price, expected better clothes."
ORD009973,Chaitanya Tak,Shoes,No,,,
ORD009974,Harsh Gala,Groceries,No,2023-11-02,4.0,"Fast delivery, groceries exceeded my expectations."
ORD009975,Jairaj Setty,Sports Equipment,No,,,
ORD009976,Azaan Sachar,Groceries,No,2024-03-15,3.0,"The groceries is okay, does the job but nothing special."
ORD009977,Charita Vohra,Sports Equipment,No,2024-12-12,2.0,"Disappointed with this sports equipment, quality is not good."
ORD009978,Hamsini Chandra,Furniture,No,,,
ORD009979,Dayita Sehgal,Kitchenware,Yes,2025-08-01,5.0,"Great kitchenware, exactly as described. Very happy with it."
ORD009980,Udarsh Dubey,Books,No,2023-02-25,3.0,"Average books, packaging could be better."
ORD009981,Saksham Mani,Electronics,No,2025-03-24,4.0,"Great electronics, exactly as described. Very happy with it."
ORD009982,Oviya Tara,Kitchenware,No,2024-06-09,5.0,"Really satisfied, highly recommend this kitchenware."
ORD009983,Amaira Sarin,Beauty Products,No,,,
ORD009984,Nidra Devan,Books,No,2023-02-16,1.0,"Received a damaged books, had to return it."
ORD009985,Tara Sastry,Electronics,No,2024-06-11,4.0,"Fast delivery, electronics exceeded my expectations."
ORD009986,Laban Bal,Furniture,No,2025-11-30,5.0,"Great furniture, exactly as described. Very happy with it."
ORD009987,Manan Mahal,Electronics,No,2025-04-02,4.0,"Fast delivery, electronics exceeded my expectations."
ORD009988,Maanav Bassi,Electronics,No,2025-03-13,3.0,"Average electronics, packaging could be better."
ORD009989,Imaran Buch,Shoes,No,2025-03-19,5.0,"Really satisfied, highly recommend this shoes."
ORD009990,Fariq Gandhi,Toys,No,2025-11-16,4.0,"Really satisfied, highly recommend this toys."
ORD009991,Matthew Yadav,Shoes,No,2024-10-06,3.0,"Average shoes, packaging could be better."
ORD009992,Yauvani Gokhale,Clothes,Yes,2024-08-05,2.0,"Not worth the price, expected better clothes."
ORD009993,Samar Ahuja,Electronics,No,2024-08-04,3.0,"The electronics is okay, does the job but nothing special."
ORD009994,Harsh Karan,Books,No,,,
ORD009995,Baljiwan Chadha,Clothes,No,,,
ORD009996,Sarthak Puri,Shoes,No,2023-07-12,3.0,"The shoes is okay, does the job but nothing special."
ORD009997,Kamala Keer,Books,Yes,2023-12-20,4.0,"Excellent quality for the price, would buy books again."
ORD009998,Anjali Dasgupta,Beauty Products,Yes,2024-08-17,4.0,"Fast delivery, beauty products exceeded my expectations."
ORD009999,Falak Gulati,Groceries,No,2024-08-20,3.0,"The groceries is okay, does the job but nothing special."
ORD010000,Lucky Balakrishnan,Electronics,No,2025-06-30,5.0,"Excellent quality for the price, would buy electronics again."
