order_id_pk,customer_name,product_name,returns,review_date,rating,review_text,price
ORD000001,Omaja Badami,Kitchenware,Yes,11-04-2025,4,"Great kitchenware, exactly as described. Very happy with it.",1110.00
ORD000003,Eiravati Pradhan,Groceries,No,14-11-2025,2,"Disappointed with this groceries, quality is not good.",100.00
ORD000004,Tara Varughese,Electronics,No,03-06-2023,5,"Great electronics, exactly as described. Very happy with it.",49600.00
ORD000005,Nidhi Sekhon,Electronics,No,21-09-2023,2,"Received a damaged electronics, had to return it.",19020.00
ORD000007,Aarav Nagy,Groceries,No,22-04-2023,5,"Great groceries, exactly as described. Very happy with it.",550.00
ORD000008,Gaurang Kamdar,Furniture,Yes,01-09-2024,5,"Excellent quality for the price, would buy furniture again.",16130.00
ORD000009,Ranveer Soman,Clothes,No,13-10-2024,5,"Excellent quality for the price, would buy clothes again.",870.00
ORD000010,Wridesh Sangha,Groceries,No,03-02-2024,5,"Great groceries, exactly as described. Very happy with it.",1560.00
ORD000011,Chasmum Goyal,Beauty Products,No,25-05-2023,3,"The beauty products is okay, does the job but nothing special.",570.00
ORD000012,Upadhriti Menon,Beauty Products,No,07-06-2025,4,"Really satisfied, highly recommend this beauty products.",2920.00
ORD000014,Yatan Keer,Books,No,29-01-2024,4,"Excellent quality for the price, would buy books again.",1270.00
ORD000015,Radha Hayer,Groceries,No,29-12-2025,4,"Fast delivery, groceries exceeded my expectations.",230.00
ORD000016,Adya Sangha,Books,No,05-06-2023,4,"Really satisfied, highly recommend this books.",1360.00
ORD000017,Chandresh Bahl,Sports Equipment,No,26-11-2023,5,"Really satisfied, highly recommend this sports equipment.",7210.00
ORD000018,Aayush Dhingra,Kitchenware,No,28-06-2023,4,"Fast delivery, kitchenware exceeded my expectations.",460.00
ORD000019,Benjamin Ratta,Beauty Products,No,04-11-2025,4,"Really satisfied, highly recommend this beauty products.",270.00
ORD000020,Harsh Karan,Furniture,No,24-07-2024,2,"Received a damaged furniture, had to return it.",7640.00
ORD000021,Hritik Talwar,Clothes,No,19-10-2024,5,"Really satisfied, highly recommend this clothes.",1190.00
ORD000022,Warinder Narang,Beauty Products,No,14-12-2024,2,"Not worth the price, expected better beauty products.",1100.00
ORD000023,Banjeet De,Shoes,No,15-09-2023,3,"The shoes is okay, does the job but nothing special.",4640.00
ORD000025,Osha Patil,Electronics,No,18-10-2025,5,"Excellent quality for the price, would buy electronics again.",40450.00
ORD000026,Adya Sangha,Electronics,No,30-07-2024,4,"Really satisfied, highly recommend this electronics.",2740.00
ORD000027,Balveer Dani,Books,No,14-05-2025,3,"Average books, packaging could be better.",1300.00
ORD000028,Udarsh Dubey,Shoes,No,03-01-2024,4,"Excellent quality for the price, would buy shoes again.",2130.00
ORD000029,Yuvraj Grewal,Books,No,11-10-2025,4,"Excellent quality for the price, would buy books again.",1480.00
ORD000030,Kashvi Narula,Books,No,11-11-2023,4,"Fast delivery, books exceeded my expectations.",1270.00
ORD000031,Kamala Keer,Groceries,No,10-10-2023,5,"Great groceries, exactly as described. Very happy with it.",910.00
ORD000033,Odika Iyengar,Electronics,No,19-08-2023,5,"Really satisfied, highly recommend this electronics.",15440.00
ORD000034,Udant Hayer,Shoes,No,20-03-2024,5,"Excellent quality for the price, would buy shoes again.",4180.00
ORD000035,Harinakshi Sama,Electronics,No,24-04-2023,5,"Great electronics, exactly as described. Very happy with it.",39620.00
ORD000036,Diya Pillai,Shoes,Yes,10-08-2023,5,"Great shoes, exactly as described. Very happy with it.",2780.00
ORD000037,Vasudha Agarwal,Furniture,No,16-02-2025,5,"Fast delivery, furniture exceeded my expectations.",1920.00
ORD000038,Jhalak Sekhon,Toys,No,04-09-2025,1,"Disappointed with this toys, quality is not good.",800.00
ORD000039,Anusha Raja,Kitchenware,No,30-08-2025,2,"Not worth the price, expected better kitchenware.",3660.00
ORD000040,Jyoti Oak,Clothes,No,11-08-2023,5,"Fast delivery, clothes exceeded my expectations.",1690.00
ORD000041,Vrishti Cherian,Sports Equipment,No,16-12-2023,3,"The sports equipment is okay, does the job but nothing special.",4850.00
ORD000042,Lakshit Mangat,Kitchenware,No,31-12-2025,3,"The kitchenware is okay, does the job but nothing special.",1470.00
ORD000043,Tanvi Ghosh,Furniture,No,29-12-2025,5,"Great furniture, exactly as described. Very happy with it.",15610.00
ORD000044,Rayaan Goyal,Groceries,No,23-12-2023,4,"Excellent quality for the price, would buy groceries again.",1610.00
ORD000046,Alexander Behl,Toys,No,14-02-2024,5,"Really satisfied, highly recommend this toys.",1530.00
ORD000047,Joshua Bali,Shoes,No,20-10-2025,4,"Great shoes, exactly as described. Very happy with it.",1340.00
ORD000049,Shivani Murthy,Shoes,No,23-12-2024,5,"Fast delivery, shoes exceeded my expectations.",1260.00
ORD000050,Sathvik Lall,Clothes,No,08-08-2023,1,"Not worth the price, expected better clothes.",1860.00
ORD000052,Lekha Bains,Kitchenware,Yes,22-01-2023,4,"Fast delivery, kitchenware exceeded my expectations.",990.00
ORD000053,Maanas Babu,Clothes,Yes,18-09-2023,1,"Received a damaged clothes, had to return it.",1770.00
ORD000054,Charan Mangal,Groceries,No,17-01-2024,4,"Fast delivery, groceries exceeded my expectations.",1780.00
ORD000055,Tara Varughese,Sports Equipment,No,07-04-2025,4,"Really satisfied, highly recommend this sports equipment.",5940.00
ORD000057,Kai Bassi,Clothes,No,03-09-2025,5,"Excellent quality for the price, would buy clothes again.",2770.00
ORD000058,Indira Bhargava,Sports Equipment,No,22-09-2025,5,"Fast delivery, sports equipment exceeded my expectations.",4630.00
ORD000059,Meera Bajaj,Groceries,No,29-09-2023,5,"Great groceries, exactly as described. Very happy with it.",1700.00
ORD000060,Parth Hegde,Clothes,Yes,29-10-2023,3,"The clothes is okay, does the job but nothing special.",480.00
ORD000062,Oviya Tara,Groceries,Yes,09-11-2024,2,"Received a damaged groceries, had to return it.",1540.00
ORD000063,Lucky Balakrishnan,Furniture,No,19-05-2023,3,"Average furniture, packaging could be better.",31610.00
ORD000064,Ishanvi Konda,Groceries,No,10-12-2025,4,"Excellent quality for the price, would buy groceries again.",1150.00
ORD000065,Bimala Master,Shoes,No,14-11-2025,3,"Average shoes, packaging could be better.",1520.00
ORD000066,Lila Kadakia,Toys,No,11-11-2023,3,"The toys is okay, does the job but nothing special.",1700.00
ORD000068,Aayush Andra,Clothes,Yes,16-12-2025,3,"Average clothes, packaging could be better.",620.00
ORD000069,Zehaan Devan,Furniture,No,07-05-2023,4,"Excellent quality for the price, would buy furniture again.",37680.00
ORD000070,Anita Nayak,Clothes,No,08-08-2023,5,"Really satisfied, highly recommend this clothes.",1500.00
ORD000071,Wishi Sharma,Clothes,No,27-05-2023,2,"Not worth the price, expected better clothes.",2870.00
ORD000073,Charan Mangal,Beauty Products,No,03-08-2025,5,"Really satisfied, highly recommend this beauty products.",2680.00
ORD000074,Shaurya Bora,Kitchenware,No,18-12-2025,3,"The kitchenware is okay, does the job but nothing special.",3160.00
ORD000076,Inaya Sawhney,Electronics,No,22-06-2023,1,"Disappointed with this electronics, quality is not good.",38840.00
ORD000078,Elijah Luthra,Furniture,No,08-12-2023,3,"Average furniture, packaging could be better.",14100.00
ORD000079,Frado Raj,Books,No,26-10-2023,4,"Excellent quality for the price, would buy books again.",290.00
ORD000081,Benjamin Deol,Kitchenware,No,11-04-2024,2,"Received a damaged kitchenware, had to return it.",580.00
ORD000083,Urvashi Goswami,Electronics,No,13-01-2025,5,"Great electronics, exactly as described. Very happy with it.",44340.00
ORD000085,Warda Palan,Beauty Products,No,11-03-2025,4,"Fast delivery, beauty products exceeded my expectations.",1080.00
ORD000086,Gautam Mishra,Kitchenware,No,30-08-2023,5,"Great kitchenware, exactly as described. Very happy with it.",2570.00
ORD000088,Bimala Shanker,Books,No,09-10-2023,5,"Fast delivery, books exceeded my expectations.",310.00
ORD000089,Gautami Lall,Shoes,No,11-12-2025,4,"Really satisfied, highly recommend this shoes.",7500.00
ORD000091,Lila Kadakia,Electronics,Yes,09-06-2023,4,"Great electronics, exactly as described. Very happy with it.",16260.00
ORD000092,Vritti Chopra,Clothes,Yes,22-06-2024,4,"Excellent quality for the price, would buy clothes again.",710.00
ORD000093,Hemangini Sekhon,Books,No,24-09-2023,4,"Great books, exactly as described. Very happy with it.",930.00
ORD000094,Urvashi Goswami,Kitchenware,No,16-05-2025,2,"Received a damaged kitchenware, had to return it.",2480.00
ORD000095,Chandresh Golla,Clothes,No,09-05-2024,4,"Excellent quality for the price, would buy clothes again.",2160.00
ORD000096,Azad Muni,Clothes,No,01-03-2024,5,"Fast delivery, clothes exceeded my expectations.",2900.00
ORD000097,Pahal Krishnamurthy,Sports Equipment,No,02-09-2024,2,"Received a damaged sports equipment, had to return it.",13970.00
ORD000099,Hemal Sen,Kitchenware,No,20-03-2023,3,"The kitchenware is okay, does the job but nothing special.",3190.00
ORD000100,Frederick Nair,Groceries,No,12-02-2024,5,"Really satisfied, highly recommend this groceries.",380.00
ORD000102,Yuvraj Grewal,Sports Equipment,No,28-06-2025,5,"Really satisfied, highly recommend this sports equipment.",6360.00
ORD000103,Liam More,Furniture,No,04-04-2025,4,"Fast delivery, furniture exceeded my expectations.",24780.00
ORD000104,Reyansh Kohli,Kitchenware,Yes,11-12-2024,3,"The kitchenware is okay, does the job but nothing special.",1920.00
ORD000105,Vincent Barad,Kitchenware,No,29-04-2023,1,"Disappointed with this kitchenware, quality is not good.",2390.00
ORD000106,Vasudha Agarwal,Toys,No,23-06-2024,4,"Excellent quality for the price, would buy toys again.",2950.00
ORD000107,Maanas Chaudry,Clothes,Yes,10-03-2025,5,"Fast delivery, clothes exceeded my expectations.",2950.00
ORD000108,Tanay Lal,Books,No,27-08-2024,1,"Not worth the price, expected better books.",300.00
ORD000109,Adweta Parsa,Shoes,No,05-07-2025,4,"Fast delivery, shoes exceeded my expectations.",5490.00
ORD000111,Finn Kurian,Clothes,No,04-10-2024,4,"Fast delivery, clothes exceeded my expectations.",2900.00
ORD000113,Brinda Thaker,Groceries,No,18-11-2025,2,"Disappointed with this groceries, quality is not good.",400.00
ORD000114,Rudra Ahuja,Groceries,No,16-01-2023,4,"Fast delivery, groceries exceeded my expectations.",1140.00
ORD000115,Qadim Agrawal,Shoes,No,11-04-2023,5,"Great shoes, exactly as described. Very happy with it.",6470.00
ORD000116,Yatan Keer,Electronics,No,26-04-2024,3,"The electronics is okay, does the job but nothing special.",17040.00
ORD000117,Vansha Deol,Furniture,No,21-03-2025,3,"Average furniture, packaging could be better.",12210.00
ORD000118,Qadim Agarwal,Books,No,28-10-2023,5,"Really satisfied, highly recommend this books.",1100.00
ORD000119,Frederick Nair,Shoes,No,27-12-2025,5,"Great shoes, exactly as described. Very happy with it.",3610.00
ORD000121,Karan Bhat,Clothes,Yes,23-10-2023,3,"Average clothes, packaging could be better.",1400.00
ORD000123,Kai Sodhi,Clothes,No,03-03-2023,5,"Excellent quality for the price, would buy clothes again.",2920.00
ORD000125,Ronith Nazareth,Beauty Products,No,16-11-2025,4,"Great beauty products, exactly as described. Very happy with it.",2970.00
ORD000126,Balhaar Gade,Groceries,No,08-09-2025,1,"Disappointed with this groceries, quality is not good.",1190.00
ORD000127,Farhan Mammen,Books,No,06-03-2024,5,"Really satisfied, highly recommend this books.",600.00
ORD000130,Nicholas Choudhary,Toys,No,16-02-2024,5,"Excellent quality for the price, would buy toys again.",2950.00
ORD000131,Yamini Garg,Books,No,07-10-2024,5,"Excellent quality for the price, would buy books again.",810.00
ORD000132,Dev Bhasin,Groceries,No,02-10-2025,3,"The groceries is okay, does the job but nothing special.",1780.00
ORD000133,Eiravati Khare,Beauty Products,No,12-09-2024,4,"Fast delivery, beauty products exceeded my expectations.",380.00
ORD000134,Ikbal Chhabra,Groceries,No,20-09-2023,1,"Disappointed with this groceries, quality is not good.",520.00
ORD000135,Jyoti Oak,Kitchenware,No,29-08-2025,4,"Fast delivery, kitchenware exceeded my expectations.",460.00
ORD000136,Ijaya Dyal,Clothes,No,20-11-2025,5,"Fast delivery, clothes exceeded my expectations.",1590.00
ORD000137,Vaishnavi Dutt,Books,No,12-03-2024,4,"Great books, exactly as described. Very happy with it.",970.00
ORD000138,Raagini Gade,Beauty Products,No,04-07-2024,5,"Excellent quality for the price, would buy beauty products again.",1250.00
ORD000139,Kritika Chacko,Sports Equipment,No,18-11-2025,5,"Great sports equipment, exactly as described. Very happy with it.",1380.00
ORD000140,Sathvik Lall,Books,No,07-10-2025,5,"Great books, exactly as described. Very happy with it.",580.00
ORD000141,Warda Doctor,Clothes,No,27-10-2025,3,"Average clothes, packaging could be better.",2620.00
ORD000142,Gautami Lall,Electronics,No,01-11-2023,3,"Average electronics, packaging could be better.",58430.00
ORD000144,Elijah Wason,Electronics,No,08-12-2024,4,"Great electronics, exactly as described. Very happy with it.",48050.00
ORD000147,Maanav Madan,Kitchenware,No,20-06-2023,4,"Really satisfied, highly recommend this kitchenware.",2780.00
ORD000150,Tanmayi Subramanian,Kitchenware,No,05-06-2024,4,"Really satisfied, highly recommend this kitchenware.",1940.00
ORD000151,Neha Warrior,Electronics,No,19-02-2025,2,"Disappointed with this electronics, quality is not good.",43950.00
ORD000156,Januja Bal,Furniture,No,26-09-2023,4,"Really satisfied, highly recommend this furniture.",34220.00
ORD000157,Avi Sarkar,Electronics,No,12-09-2024,4,"Fast delivery, electronics exceeded my expectations.",26930.00
ORD000159,Vamakshi Vala,Groceries,No,24-03-2025,3,"The groceries is okay, does the job but nothing special.",1860.00
ORD000160,Maanas Babu,Shoes,No,20-03-2024,4,"Really satisfied, highly recommend this shoes.",7990.00
ORD000161,Balveer Dani,Books,No,29-11-2024,5,"Really satisfied, highly recommend this books.",1470.00
ORD000162,Rushil Dey,Groceries,No,19-05-2024,3,"The groceries is okay, does the job but nothing special.",990.00
ORD000163,Mason Koshy,Groceries,No,25-10-2024,4,"Fast delivery, groceries exceeded my expectations.",340.00
ORD000164,Darpan Gour,Sports Equipment,No,21-02-2024,3,"Average sports equipment, packaging could be better.",4640.00
ORD000165,Aarnav Pant,Electronics,No,18-12-2025,4,"Really satisfied, highly recommend this electronics.",10150.00
ORD000166,Kashish Sekhon,Electronics,No,26-05-2023,4,"Fast delivery, electronics exceeded my expectations.",17160.00
ORD000167,Krisha Ram,Kitchenware,No,09-10-2023,5,"Excellent quality for the price, would buy kitchenware again.",4800.00
ORD000169,Hitesh Virk,Electronics,No,18-07-2025,4,"Fast delivery, electronics exceeded my expectations.",36320.00
ORD000170,Faras Murthy,Shoes,Yes,14-06-2025,2,"Not worth the price, expected better shoes.",2650.00
ORD000171,Mitali Verma,Groceries,No,14-06-2023,5,"Really satisfied, highly recommend this groceries.",1580.00
ORD000172,Adya Sangha,Books,No,22-08-2023,3,"The books is okay, does the job but nothing special.",1350.00
ORD000173,Arya Thakkar,Groceries,Yes,06-09-2023,2,"Received a damaged groceries, had to return it.",930.00
ORD000175,Elijah Wason,Sports Equipment,No,12-05-2024,5,"Great sports equipment, exactly as described. Very happy with it.",9860.00
ORD000176,Saanvi Agarwal,Beauty Products,No,13-10-2023,4,"Fast delivery, beauty products exceeded my expectations.",1780.00
ORD000177,Hamsini Chandra,Toys,No,24-08-2023,5,"Great toys, exactly as described. Very happy with it.",1630.00
ORD000179,Akshay Kohli,Books,Yes,06-01-2023,5,"Fast delivery, books exceeded my expectations.",600.00
ORD000180,Harsh Gala,Books,No,01-11-2024,5,"Excellent quality for the price, would buy books again.",430.00
ORD000182,Jackson Tak,Kitchenware,No,25-09-2024,5,"Great kitchenware, exactly as described. Very happy with it.",4370.00
ORD000184,Radha Hayer,Books,No,02-06-2025,4,"Excellent quality for the price, would buy books again.",1160.00
ORD000185,Manya Shere,Clothes,No,18-12-2024,4,"Really satisfied, highly recommend this clothes.",670.00
ORD000187,Jatin Kapoor,Sports Equipment,No,04-11-2025,5,"Excellent quality for the price, would buy sports equipment again.",12680.00
ORD000188,Madhav Pandit,Kitchenware,No,09-10-2024,2,"Disappointed with this kitchenware, quality is not good.",580.00
ORD000189,Samuel Rama,Books,No,02-09-2024,1,"Received a damaged books, had to return it.",370.00
ORD000191,Nirja Shan,Electronics,No,18-05-2023,5,"Excellent quality for the price, would buy electronics again.",11020.00
ORD000192,Yuvraj Gandhi,Clothes,No,12-03-2023,4,"Excellent quality for the price, would buy clothes again.",2870.00
ORD000193,Darika Kala,Clothes,No,12-05-2023,4,"Really satisfied, highly recommend this clothes.",950.00
ORD000194,Ladli Kaur,Furniture,No,11-10-2024,4,"Great furniture, exactly as described. Very happy with it.",46100.00
ORD000195,Vrishti Lalla,Electronics,No,07-02-2024,5,"Really satisfied, highly recommend this electronics.",28660.00
ORD000196,Watika Buch,Electronics,No,28-02-2025,5,"Fast delivery, electronics exceeded my expectations.",40080.00
ORD000197,Vincent Tara,Shoes,Yes,11-01-2023,5,"Fast delivery, shoes exceeded my expectations.",1020.00
ORD000198,Harshil Vyas,Electronics,No,01-10-2023,5,"Excellent quality for the price, would buy electronics again.",26220.00
ORD000199,Yauvani Patla,Electronics,Yes,10-10-2024,2,"Disappointed with this electronics, quality is not good.",26010.00
ORD000200,Januja Bal,Beauty Products,No,19-02-2024,5,"Really satisfied, highly recommend this beauty products.",2590.00
ORD000201,Garima Agarwal,Electronics,No,01-09-2025,3,"Average electronics, packaging could be better.",31670.00
ORD000202,Osha Patil,Sports Equipment,Yes,12-04-2025,4,"Really satisfied, highly recommend this sports equipment.",8970.00
ORD000203,Ojasvi Parmer,Groceries,No,18-05-2023,4,"Excellent quality for the price, would buy groceries again.",560.00
ORD000204,Nandini Karan,Furniture,Yes,09-12-2024,4,"Fast delivery, furniture exceeded my expectations.",37760.00
ORD000205,Charvi Date,Kitchenware,No,11-04-2023,3,"Average kitchenware, packaging could be better.",290.00
ORD000206,Dev Nori,Books,No,17-05-2023,5,"Excellent quality for the price, would buy books again.",380.00
ORD000208,Kiaan Jayaraman,Sports Equipment,No,17-06-2025,5,"Excellent quality for the price, would buy sports equipment again.",11470.00
ORD000210,Lakshmi Chacko,Toys,No,15-11-2024,5,"Really satisfied, highly recommend this toys.",2350.00
ORD000211,Zayyan Dutt,Sports Equipment,No,30-06-2023,4,"Excellent quality for the price, would buy sports equipment again.",12600.00
ORD000214,Harrison Shan,Groceries,No,06-11-2024,3,"Average groceries, packaging could be better.",600.00
ORD000215,Mohammed Pau,Kitchenware,No,18-07-2024,5,"Great kitchenware, exactly as described. Very happy with it.",2990.00
ORD000216,Baghyawati Mishra,Clothes,No,11-11-2025,2,"Not worth the price, expected better clothes.",760.00
ORD000217,Garima Kumar,Books,No,20-05-2025,3,"The books is okay, does the job but nothing special.",750.00
ORD000218,Chandran Rastogi,Furniture,No,18-09-2023,5,"Fast delivery, furniture exceeded my expectations.",29990.00
ORD000219,Arjun Kaur,Groceries,No,13-02-2025,4,"Fast delivery, groceries exceeded my expectations.",370.00
ORD000220,Chanakya Mand,Electronics,No,26-01-2024,5,"Excellent quality for the price, would buy electronics again.",30730.00
ORD000221,Gavin Lalla,Books,No,03-02-2024,4,"Great books, exactly as described. Very happy with it.",160.00
ORD000224,Advaith Bhatti,Groceries,Yes,23-03-2023,4,"Great groceries, exactly as described. Very happy with it.",1530.00
ORD000225,Naksh Krishna,Furniture,No,05-05-2024,2,"Not worth the price, expected better furniture.",48660.00
ORD000226,Kala Nagar,Furniture,No,27-04-2024,5,"Great furniture, exactly as described. Very happy with it.",18760.00
ORD000227,Shravya Ravi,Toys,Yes,07-02-2024,5,"Fast delivery, toys exceeded my expectations.",2200.00
ORD000228,Gautam Mishra,Furniture,No,30-07-2025,5,"Fast delivery, furniture exceeded my expectations.",13210.00
ORD000230,Siddharth Sood,Toys,No,26-12-2024,3,"The toys is okay, does the job but nothing special.",2230.00
ORD000231,Krisha Ganguly,Electronics,No,10-04-2023,5,"Fast delivery, electronics exceeded my expectations.",7970.00
ORD000232,Qabil Lall,Toys,Yes,24-02-2024,5,"Fast delivery, toys exceeded my expectations.",2710.00
ORD000233,Yashica Aurora,Beauty Products,No,06-02-2024,4,"Fast delivery, beauty products exceeded my expectations.",1370.00
ORD000234,Matthew Shroff,Books,No,01-11-2025,3,"Average books, packaging could be better.",1460.00
ORD000237,Jai Bhatia,Toys,No,19-04-2025,5,"Fast delivery, toys exceeded my expectations.",2230.00
ORD000238,Abha Keer,Kitchenware,Yes,07-10-2024,4,"Great kitchenware, exactly as described. Very happy with it.",1830.00
ORD000240,Avi Sarkar,Electronics,No,07-02-2025,3,"The electronics is okay, does the job but nothing special.",11020.00
ORD000241,Aishani Apte,Beauty Products,Yes,25-02-2024,3,"Average beauty products, packaging could be better.",1680.00
ORD000243,Gautami Lall,Groceries,No,02-02-2025,4,"Excellent quality for the price, would buy groceries again.",1610.00
ORD000244,Devika Mody,Clothes,No,11-11-2023,4,"Really satisfied, highly recommend this clothes.",960.00
ORD000245,Qadim Agrawal,Groceries,No,17-02-2025,4,"Excellent quality for the price, would buy groceries again.",1150.00
ORD000246,Amruta Sehgal,Electronics,No,17-12-2023,3,"The electronics is okay, does the job but nothing special.",52030.00
ORD000247,Hemangini Sekhon,Clothes,No,10-10-2025,5,"Fast delivery, clothes exceeded my expectations.",2470.00
ORD000248,Harinakshi Sahni,Furniture,No,18-04-2023,3,"Average furniture, packaging could be better.",1540.00
ORD000249,Vinaya Shukla,Toys,No,10-03-2025,1,"Received a damaged toys, had to return it.",2600.00
ORD000250,Luke Arora,Beauty Products,No,18-12-2023,5,"Excellent quality for the price, would buy beauty products again.",1480.00
ORD000253,Yutika Bhagat,Electronics,No,04-12-2025,2,"Not worth the price, expected better electronics.",33020.00
ORD000254,Imaran Hari,Shoes,No,29-05-2024,4,"Great shoes, exactly as described. Very happy with it.",660.00
ORD000256,Udarsh Gopal,Furniture,No,14-09-2023,4,"Really satisfied, highly recommend this furniture.",8830.00
ORD000257,Balveer Dani,Furniture,Yes,12-10-2024,5,"Really satisfied, highly recommend this furniture.",25290.00
ORD000259,Shravya Char,Toys,No,23-07-2025,5,"Really satisfied, highly recommend this toys.",1410.00
ORD000260,Jagat Iyengar,Clothes,No,16-10-2025,5,"Excellent quality for the price, would buy clothes again.",1280.00
ORD000261,Gabriel Sami,Sports Equipment,No,04-08-2025,2,"Not worth the price, expected better sports equipment.",1250.00
ORD000262,Devansh Mital,Clothes,No,05-10-2023,3,"Average clothes, packaging could be better.",1280.00
ORD000263,Eiravati Pradhan,Clothes,No,13-07-2025,4,"Great clothes, exactly as described. Very happy with it.",2620.00
ORD000264,Kala Nagar,Toys,No,01-07-2023,5,"Great toys, exactly as described. Very happy with it.",470.00
ORD000265,Veda Muni,Sports Equipment,No,07-03-2025,3,"The sports equipment is okay, does the job but nothing special.",1700.00
ORD000266,Dayita Sehgal,Furniture,No,22-08-2023,4,"Excellent quality for the price, would buy furniture again.",49470.00
ORD000267,Chavvi Rattan,Books,No,29-12-2023,5,"Excellent quality for the price, would buy books again.",1140.00
ORD000270,Amara Mitra,Shoes,No,12-11-2025,3,"The shoes is okay, does the job but nothing special.",7180.00
ORD000271,Zansi Dixit,Books,No,12-11-2025,2,"Not worth the price, expected better books.",290.00
ORD000272,Kamya Lanka,Clothes,No,23-01-2024,4,"Excellent quality for the price, would buy clothes again.",2480.00
ORD000273,Mitesh Varghese,Kitchenware,No,17-11-2024,3,"The kitchenware is okay, does the job but nothing special.",1230.00
ORD000274,Omkaar Chopra,Clothes,Yes,26-12-2025,5,"Fast delivery, clothes exceeded my expectations.",820.00
ORD000275,Shravya Naik,Groceries,No,14-08-2023,4,"Really satisfied, highly recommend this groceries.",1400.00
ORD000278,Radha Hayer,Electronics,No,19-01-2024,3,"The electronics is okay, does the job but nothing special.",32150.00
ORD000280,Abha Ahuja,Toys,No,05-10-2024,3,"The toys is okay, does the job but nothing special.",2400.00
ORD000281,Hamsini Bhatia,Shoes,No,20-06-2025,4,"Fast delivery, shoes exceeded my expectations.",1850.00
ORD000282,Charles Chaudry,Shoes,No,02-05-2024,5,"Great shoes, exactly as described. Very happy with it.",2670.00
ORD000283,Faras Murthy,Clothes,No,08-01-2025,4,"Great clothes, exactly as described. Very happy with it.",2460.00
ORD000284,Faqid Gole,Electronics,No,20-04-2024,5,"Fast delivery, electronics exceeded my expectations.",58170.00
ORD000285,Ranbir Kala,Shoes,No,11-02-2025,3,"Average shoes, packaging could be better.",5470.00
ORD000287,Dayamai Kamdar,Groceries,No,03-06-2023,4,"Excellent quality for the price, would buy groceries again.",920.00
ORD000288,Yochana Bal,Sports Equipment,No,14-04-2025,5,"Great sports equipment, exactly as described. Very happy with it.",3770.00
ORD000289,Alka Srinivas,Toys,No,09-01-2025,3,"Average toys, packaging could be better.",2360.00
ORD000290,Hamsini Iyer,Kitchenware,Yes,16-10-2025,5,"Excellent quality for the price, would buy kitchenware again.",1850.00
ORD000291,Matthew Rana,Clothes,No,27-12-2025,5,"Really satisfied, highly recommend this clothes.",1580.00
ORD000292,Yashoda Mammen,Books,No,06-05-2023,2,"Disappointed with this books, quality is not good.",970.00
ORD000293,Champak Kuruvilla,Groceries,Yes,15-02-2024,5,"Really satisfied, highly recommend this groceries.",1420.00
ORD000294,Charan Mangal,Groceries,No,27-11-2025,1,"Received a damaged groceries, had to return it.",1380.00
ORD000298,Chandran Rastogi,Clothes,No,30-06-2025,3,"The clothes is okay, does the job but nothing special.",1830.00
ORD000301,Gaurang Lad,Electronics,No,18-07-2024,3,"The electronics is okay, does the job but nothing special.",29710.00
ORD000302,Indali Salvi,Toys,Yes,06-07-2025,5,"Fast delivery, toys exceeded my expectations.",2270.00
ORD000303,Jairaj Memon,Toys,No,25-03-2024,5,"Great toys, exactly as described. Very happy with it.",2000.00
ORD000305,Kashvi Sangha,Kitchenware,No,09-11-2024,5,"Really satisfied, highly recommend this kitchenware.",1190.00
ORD000306,Triveni Gaba,Toys,Yes,11-03-2025,5,"Really satisfied, highly recommend this toys.",1160.00
ORD000307,Jeet Setty,Furniture,No,17-01-2023,1,"Not worth the price, expected better furniture.",16220.00
ORD000308,Viraj Barad,Groceries,No,01-10-2024,5,"Really satisfied, highly recommend this groceries.",180.00
ORD000309,Thomas Brahmbhatt,Groceries,No,25-12-2023,4,"Great groceries, exactly as described. Very happy with it.",740.00
ORD000310,Libni Palan,Clothes,No,12-12-2023,5,"Excellent quality for the price, would buy clothes again.",380.00
ORD000311,Jackson Tak,Clothes,No,05-11-2023,5,"Great clothes, exactly as described. Very happy with it.",2710.00
ORD000312,Janya Buch,Beauty Products,No,05-06-2023,4,"Fast delivery, beauty products exceeded my expectations.",2420.00
ORD000313,Charan Mangal,Sports Equipment,No,22-01-2026,4,"Great sports equipment, exactly as described. Very happy with it.",4070.00
ORD000314,Hitesh Virk,Clothes,No,06-03-2024,4,"Great clothes, exactly as described. Very happy with it.",2710.00
ORD000315,Laksh Sani,Clothes,Yes,22-07-2023,5,"Fast delivery, clothes exceeded my expectations.",1200.00
ORD000316,Nimrat Vasa,Clothes,No,12-08-2023,4,"Excellent quality for the price, would buy clothes again.",330.00
ORD000318,Rayaan Goyal,Clothes,No,21-06-2024,5,"Great clothes, exactly as described. Very happy with it.",590.00
ORD000320,Vasudha Shah,Furniture,No,21-03-2023,5,"Great furniture, exactly as described. Very happy with it.",47890.00
ORD000321,Tarak Chand,Groceries,No,04-08-2023,3,"Average groceries, packaging could be better.",1340.00
ORD000322,Matthew Yadav,Groceries,No,13-04-2024,4,"Great groceries, exactly as described. Very happy with it.",170.00
ORD000323,Krisha Ram,Sports Equipment,No,31-12-2023,3,"The sports equipment is okay, does the job but nothing special.",4050.00
ORD000325,Omya Boase,Electronics,No,02-08-2023,4,"Excellent quality for the price, would buy electronics again.",5420.00
ORD000326,Reyansh Singh,Toys,No,02-12-2025,5,"Excellent quality for the price, would buy toys again.",280.00
ORD000327,Abhiram Mitter,Sports Equipment,No,07-05-2024,4,"Excellent quality for the price, would buy sports equipment again.",14380.00
ORD000328,Harinakshi Sama,Kitchenware,No,03-07-2023,3,"The kitchenware is okay, does the job but nothing special.",2910.00
ORD000329,Timothy Bhandari,Electronics,No,29-07-2023,4,"Really satisfied, highly recommend this electronics.",5640.00
ORD000330,Tara Varughese,Electronics,No,07-03-2023,3,"The electronics is okay, does the job but nothing special.",34690.00
ORD000331,Harish Shetty,Books,No,31-10-2025,4,"Really satisfied, highly recommend this books.",640.00
ORD000333,Harinakshi Sahni,Groceries,No,25-03-2023,4,"Fast delivery, groceries exceeded my expectations.",620.00
ORD000334,Kavya Sandhu,Shoes,No,04-08-2025,5,"Fast delivery, shoes exceeded my expectations.",5980.00
ORD000335,Samesh Kashyap,Groceries,No,01-07-2024,3,"The groceries is okay, does the job but nothing special.",1040.00
ORD000336,Harinakshi Sahni,Electronics,No,21-05-2024,4,"Excellent quality for the price, would buy electronics again.",15040.00
ORD000337,Sarthak Rai,Electronics,No,20-11-2023,3,"The electronics is okay, does the job but nothing special.",36340.00
ORD000338,Naksh Sampath,Toys,Yes,22-12-2024,5,"Excellent quality for the price, would buy toys again.",690.00
ORD000339,Gautam Ravi,Kitchenware,No,19-06-2024,4,"Excellent quality for the price, would buy kitchenware again.",4880.00
ORD000340,Vansha Deol,Clothes,No,04-03-2025,4,"Excellent quality for the price, would buy clothes again.",2660.00
ORD000341,Yatan Tripathi,Beauty Products,No,20-06-2025,4,"Excellent quality for the price, would buy beauty products again.",2090.00
ORD000342,Neel Sankar,Toys,No,18-08-2023,4,"Excellent quality for the price, would buy toys again.",1140.00
ORD000343,Akshay Kohli,Groceries,No,10-02-2023,5,"Really satisfied, highly recommend this groceries.",1660.00
ORD000344,Arunima Parsa,Groceries,No,15-09-2024,5,"Great groceries, exactly as described. Very happy with it.",1020.00
ORD000345,Raagini Gade,Books,No,11-04-2025,5,"Excellent quality for the price, would buy books again.",980.00
ORD000347,Elijah Raman,Beauty Products,No,07-05-2024,4,"Excellent quality for the price, would buy beauty products again.",930.00
ORD000348,Madhavi Mann,Shoes,Yes,17-06-2025,5,"Fast delivery, shoes exceeded my expectations.",1270.00
ORD000351,Warhi Iyer,Furniture,No,02-10-2025,3,"The furniture is okay, does the job but nothing special.",7850.00
ORD000352,Robert Banik,Furniture,No,21-12-2025,2,"Received a damaged furniture, had to return it.",44690.00
ORD000353,Lila Kadakia,Furniture,No,05-11-2024,5,"Really satisfied, highly recommend this furniture.",29750.00
ORD000354,Omya Salvi,Furniture,No,10-08-2023,5,"Fast delivery, furniture exceeded my expectations.",24720.00
ORD000355,Tanvi Ghosh,Books,No,04-03-2024,5,"Fast delivery, books exceeded my expectations.",1020.00
ORD000356,Omaja Dara,Furniture,No,13-08-2025,4,"Excellent quality for the price, would buy furniture again.",28440.00
ORD000357,Vasudha Shah,Groceries,No,15-02-2025,5,"Fast delivery, groceries exceeded my expectations.",1010.00
ORD000358,Nathaniel Narain,Beauty Products,No,02-08-2025,5,"Excellent quality for the price, would buy beauty products again.",370.00
ORD000360,Daksh Chaudhuri,Electronics,No,07-05-2023,1,"Not worth the price, expected better electronics.",45130.00
ORD000361,Chakradev Bains,Electronics,Yes,02-02-2023,4,"Really satisfied, highly recommend this electronics.",43820.00
ORD000362,Benjamin Devi,Toys,No,12-01-2025,4,"Fast delivery, toys exceeded my expectations.",2800.00
ORD000363,Neel Sankar,Books,Yes,19-04-2025,5,"Excellent quality for the price, would buy books again.",350.00
ORD000364,Inaya Sawhney,Groceries,No,10-12-2023,3,"The groceries is okay, does the job but nothing special.",170.00
ORD000365,Vritti Chopra,Shoes,No,14-04-2024,2,"Not worth the price, expected better shoes.",3800.00
ORD000367,Ubika Bains,Kitchenware,No,02-10-2023,3,"Average kitchenware, packaging could be better.",2980.00
ORD000369,Ikbal Tandon,Kitchenware,No,03-02-2024,1,"Disappointed with this kitchenware, quality is not good.",1100.00
ORD000370,Vaishnavi Shroff,Electronics,No,23-09-2024,3,"Average electronics, packaging could be better.",17290.00
ORD000372,Balhaar Gade,Furniture,No,21-11-2023,5,"Really satisfied, highly recommend this furniture.",14060.00
ORD000373,Zaitra Bajaj,Clothes,No,02-11-2024,3,"Average clothes, packaging could be better.",1080.00
ORD000374,Gaurika Ganesh,Groceries,No,02-02-2023,2,"Disappointed with this groceries, quality is not good.",1150.00
ORD000375,Gautami Manda,Books,No,17-08-2023,5,"Excellent quality for the price, would buy books again.",1070.00
ORD000377,Zaid Sandal,Sports Equipment,No,18-03-2024,4,"Excellent quality for the price, would buy sports equipment again.",2600.00
ORD000378,Kamala Keer,Furniture,No,29-07-2023,3,"Average furniture, packaging could be better.",29150.00
ORD000379,Jalsa Sangha,Groceries,No,31-03-2024,4,"Great groceries, exactly as described. Very happy with it.",420.00
ORD000380,Aayush Pall,Beauty Products,No,17-09-2023,4,"Great beauty products, exactly as described. Very happy with it.",1290.00
ORD000381,Omkaar Chopra,Electronics,No,31-10-2023,1,"Not worth the price, expected better electronics.",31320.00
ORD000382,Gaurang Kamdar,Clothes,No,21-08-2025,2,"Received a damaged clothes, had to return it.",1320.00
ORD000383,Chavvi Rattan,Books,No,24-12-2023,5,"Great books, exactly as described. Very happy with it.",300.00
ORD000384,Yashasvi Dewan,Furniture,No,10-09-2025,5,"Really satisfied, highly recommend this furniture.",30540.00
ORD000385,Yochana Bal,Books,No,25-08-2025,3,"Average books, packaging could be better.",1280.00
ORD000386,Hredhaan Edwin,Kitchenware,No,12-06-2023,4,"Fast delivery, kitchenware exceeded my expectations.",1000.00
ORD000387,Mitesh Varghese,Toys,No,06-03-2023,5,"Great toys, exactly as described. Very happy with it.",360.00
ORD000388,Hamsini Rattan,Beauty Products,No,13-11-2024,2,"Received a damaged beauty products, had to return it.",2820.00
ORD000389,Kala Vig,Groceries,No,27-10-2023,4,"Excellent quality for the price, would buy groceries again.",1160.00
ORD000390,Darika Kala,Toys,No,30-11-2024,4,"Fast delivery, toys exceeded my expectations.",210.00
ORD000391,Leela Parmer,Groceries,No,01-01-2026,4,"Excellent quality for the price, would buy groceries again.",240.00
ORD000394,Oviya Tara,Electronics,No,23-10-2025,4,"Fast delivery, electronics exceeded my expectations.",50380.00
ORD000396,Damini Salvi,Kitchenware,No,11-10-2025,5,"Fast delivery, kitchenware exceeded my expectations.",2140.00
ORD000397,Krisha Mutti,Electronics,Yes,11-09-2024,4,"Great electronics, exactly as described. Very happy with it.",11900.00
ORD000398,Kala Nagar,Electronics,No,01-05-2025,3,"The electronics is okay, does the job but nothing special.",27630.00
ORD000399,Owen Trivedi,Electronics,Yes,17-01-2023,3,"The electronics is okay, does the job but nothing special.",32820.00
ORD000400,Naksh Krishna,Toys,No,23-05-2023,4,"Really satisfied, highly recommend this toys.",2120.00
ORD000401,Urishilla Naik,Shoes,No,28-06-2023,4,"Great shoes, exactly as described. Very happy with it.",2250.00
ORD000402,Udarsh Gopal,Toys,Yes,29-12-2023,5,"Excellent quality for the price, would buy toys again.",1790.00
ORD000403,Patrick Dora,Electronics,No,18-08-2023,5,"Great electronics, exactly as described. Very happy with it.",4840.00
ORD000405,Yauvani Gokhale,Groceries,No,24-06-2024,4,"Excellent quality for the price, would buy groceries again.",390.00
ORD000406,Ekansh Batra,Clothes,No,27-02-2023,5,"Great clothes, exactly as described. Very happy with it.",1850.00
ORD000407,Upasna Pant,Groceries,No,28-03-2023,2,"Not worth the price, expected better groceries.",50.00
ORD000408,Vivaan Seth,Beauty Products,No,25-04-2025,3,"The beauty products is okay, does the job but nothing special.",1750.00
ORD000409,Dipta Shroff,Beauty Products,Yes,03-12-2023,4,"Really satisfied, highly recommend this beauty products.",1240.00
ORD000410,Bakhshi Nagar,Clothes,No,03-09-2025,4,"Excellent quality for the price, would buy clothes again.",2160.00
ORD000412,Oni Dhawan,Beauty Products,No,12-09-2023,4,"Excellent quality for the price, would buy beauty products again.",1320.00
ORD000413,Dakshesh Goswami,Shoes,Yes,17-02-2023,5,"Excellent quality for the price, would buy shoes again.",3960.00
ORD000415,Sarthak Puri,Electronics,No,29-10-2023,5,"Fast delivery, electronics exceeded my expectations.",46650.00
ORD000416,Timothy Bhandari,Groceries,No,03-11-2025,5,"Fast delivery, groceries exceeded my expectations.",1550.00
ORD000417,Urvi Das,Beauty Products,No,28-01-2023,4,"Great beauty products, exactly as described. Very happy with it.",2430.00
ORD000418,Gagan Tandon,Beauty Products,Yes,28-06-2023,3,"Average beauty products, packaging could be better.",2860.00
ORD000420,Ishani Bhalla,Toys,Yes,23-10-2024,5,"Really satisfied, highly recommend this toys.",2140.00
ORD000421,Xavier Sani,Beauty Products,No,30-10-2023,5,"Fast delivery, beauty products exceeded my expectations.",780.00
ORD000422,Saanvi Agarwal,Shoes,No,23-05-2025,4,"Really satisfied, highly recommend this shoes.",2050.00
ORD000423,Shravya Naik,Kitchenware,Yes,26-11-2024,5,"Fast delivery, kitchenware exceeded my expectations.",2630.00
ORD000425,Mekhala Dar,Beauty Products,Yes,08-02-2023,5,"Fast delivery, beauty products exceeded my expectations.",1040.00
ORD000426,Aachal Andra,Electronics,No,03-06-2024,5,"Really satisfied, highly recommend this electronics.",4830.00
ORD000427,Chaman Varty,Toys,No,11-05-2024,2,"Not worth the price, expected better toys.",2520.00
ORD000428,Elijah Wason,Electronics,No,18-07-2024,5,"Excellent quality for the price, would buy electronics again.",49220.00
ORD000429,Isha Bhatnagar,Kitchenware,Yes,09-04-2023,4,"Excellent quality for the price, would buy kitchenware again.",4640.00
ORD000430,Brinda Mammen,Shoes,Yes,03-11-2025,5,"Great shoes, exactly as described. Very happy with it.",1000.00
ORD000431,Ikbal Ahuja,Groceries,No,01-03-2025,5,"Excellent quality for the price, would buy groceries again.",1580.00
ORD000432,Yauvani Gokhale,Toys,No,06-04-2025,5,"Excellent quality for the price, would buy toys again.",1430.00
ORD000433,Udant Sundaram,Groceries,No,04-02-2023,5,"Really satisfied, highly recommend this groceries.",170.00
ORD000434,Ranveer Soman,Clothes,No,02-01-2025,5,"Excellent quality for the price, would buy clothes again.",500.00
ORD000435,Odika Iyengar,Groceries,No,04-07-2024,1,"Not worth the price, expected better groceries.",1250.00
ORD000436,Nimrat Vasa,Groceries,No,27-02-2024,5,"Excellent quality for the price, would buy groceries again.",1030.00
ORD000439,Faris Sethi,Sports Equipment,No,12-11-2023,4,"Great sports equipment, exactly as described. Very happy with it.",8540.00
ORD000440,Nitesh Dayal,Electronics,No,20-08-2023,5,"Really satisfied, highly recommend this electronics.",56880.00
ORD000441,Radha Hayer,Shoes,No,18-03-2023,2,"Not worth the price, expected better shoes.",4850.00
ORD000443,Laksh Sani,Books,No,13-10-2025,4,"Excellent quality for the price, would buy books again.",470.00
ORD000445,Bhavna Sood,Clothes,No,25-07-2025,3,"The clothes is okay, does the job but nothing special.",530.00
ORD000446,Udant Sundaram,Furniture,Yes,03-12-2024,2,"Disappointed with this furniture, quality is not good.",34780.00
ORD000447,Bahadurjit Kant,Clothes,No,19-04-2023,4,"Fast delivery, clothes exceeded my expectations.",630.00
ORD000448,Ijaya Dyal,Groceries,No,03-06-2023,3,"Average groceries, packaging could be better.",1790.00
ORD000449,Manthan Yadav,Beauty Products,No,15-07-2023,2,"Not worth the price, expected better beauty products.",910.00
ORD000450,Lopa Mukhopadhyay,Books,No,27-07-2023,4,"Really satisfied, highly recommend this books.",290.00
ORD000451,Lila Kadakia,Electronics,No,08-12-2023,2,"Disappointed with this electronics, quality is not good.",40000.00
ORD000452,Arunima Parsa,Shoes,No,22-06-2024,4,"Great shoes, exactly as described. Very happy with it.",1060.00
ORD000453,Vaishnavi Sachar,Furniture,No,18-04-2023,4,"Really satisfied, highly recommend this furniture.",45750.00
ORD000455,Gautam Samra,Kitchenware,No,24-09-2024,2,"Received a damaged kitchenware, had to return it.",2130.00
ORD000457,Veer Karnik,Electronics,No,25-06-2024,3,"The electronics is okay, does the job but nothing special.",27460.00
ORD000458,Ganga Bumb,Groceries,No,29-12-2023,5,"Excellent quality for the price, would buy groceries again.",300.00
ORD000459,Frado Raj,Furniture,Yes,12-02-2023,5,"Excellent quality for the price, would buy furniture again.",38830.00
ORD000460,Vihaan Dora,Shoes,Yes,01-04-2024,4,"Fast delivery, shoes exceeded my expectations.",2520.00
ORD000461,Idika Bhagat,Sports Equipment,No,02-08-2023,5,"Great sports equipment, exactly as described. Very happy with it.",9780.00
ORD000463,Devika Parikh,Sports Equipment,Yes,10-09-2025,5,"Fast delivery, sports equipment exceeded my expectations.",10040.00
ORD000465,Frederick Solanki,Beauty Products,No,10-11-2023,3,"The beauty products is okay, does the job but nothing special.",310.00
ORD000467,Meera Bajaj,Clothes,No,12-09-2024,4,"Excellent quality for the price, would buy clothes again.",2840.00
ORD000468,Fariq Gandhi,Groceries,No,30-10-2024,4,"Really satisfied, highly recommend this groceries.",220.00
ORD000470,Zaitra Bajaj,Toys,No,28-03-2024,5,"Really satisfied, highly recommend this toys.",1870.00
ORD000472,Sathvik Lall,Electronics,No,29-06-2024,5,"Excellent quality for the price, would buy electronics again.",44080.00
ORD000474,Benjamin Deol,Clothes,No,31-08-2024,4,"Great clothes, exactly as described. Very happy with it.",2690.00
ORD000476,Neha Warrior,Shoes,No,23-01-2023,3,"Average shoes, packaging could be better.",5130.00
ORD000477,Yashoda Mammen,Electronics,No,10-04-2023,5,"Excellent quality for the price, would buy electronics again.",35260.00
ORD000478,Anita Nayak,Groceries,Yes,18-10-2023,3,"The groceries is okay, does the job but nothing special.",700.00
ORD000480,Yachana De,Furniture,Yes,22-10-2025,1,"Disappointed with this furniture, quality is not good.",18590.00
ORD000481,Lakshit Mangat,Shoes,No,19-02-2024,3,"Average shoes, packaging could be better.",2170.00
ORD000482,Kashvi Sangha,Clothes,No,16-12-2025,3,"The clothes is okay, does the job but nothing special.",1580.00
ORD000483,Maanas Swamy,Sports Equipment,No,29-11-2024,5,"Really satisfied, highly recommend this sports equipment.",4210.00
ORD000486,Rudra Ahuja,Shoes,Yes,25-01-2025,2,"Disappointed with this shoes, quality is not good.",2670.00
ORD000487,Zayyan Wason,Groceries,No,24-01-2023,3,"Average groceries, packaging could be better.",860.00
ORD000488,Liam Solanki,Clothes,No,25-01-2025,4,"Excellent quality for the price, would buy clothes again.",840.00
ORD000489,Anika Rout,Sports Equipment,No,13-03-2025,5,"Great sports equipment, exactly as described. Very happy with it.",11300.00
ORD000490,Frado Joshi,Furniture,No,27-10-2025,5,"Great furniture, exactly as described. Very happy with it.",43800.00
ORD000491,Pahal Krishnamurthy,Sports Equipment,No,06-10-2023,2,"Disappointed with this sports equipment, quality is not good.",5220.00
ORD000492,Yashvi Bahl,Books,No,17-01-2024,4,"Great books, exactly as described. Very happy with it.",1090.00
ORD000494,Elijah Dalal,Clothes,No,15-02-2024,4,"Great clothes, exactly as described. Very happy with it.",1590.00
ORD000495,Tanay Lal,Toys,Yes,27-08-2025,5,"Excellent quality for the price, would buy toys again.",450.00
ORD000496,Imaran Buch,Clothes,No,06-08-2023,1,"Disappointed with this clothes, quality is not good.",340.00
ORD000497,Ekalinga Joshi,Books,No,28-08-2025,4,"Fast delivery, books exceeded my expectations.",1090.00
ORD000498,Harinakshi Sama,Shoes,No,17-04-2025,4,"Excellent quality for the price, would buy shoes again.",5590.00
ORD000499,Joshua Bali,Shoes,No,19-08-2025,1,"Disappointed with this shoes, quality is not good.",5110.00
ORD000500,Hemal Sen,Kitchenware,No,01-04-2025,5,"Really satisfied, highly recommend this kitchenware.",1020.00
ORD000501,Zilmil Bail,Furniture,No,16-12-2025,5,"Really satisfied, highly recommend this furniture.",6300.00
ORD000502,Urvi Das,Sports Equipment,No,09-12-2024,4,"Excellent quality for the price, would buy sports equipment again.",9110.00
ORD000503,Charvi Date,Beauty Products,No,02-11-2024,3,"The beauty products is okay, does the job but nothing special.",1020.00
ORD000504,Ronith Raman,Groceries,Yes,03-01-2025,4,"Really satisfied, highly recommend this groceries.",1090.00
ORD000505,Lakshmi Bhat,Toys,No,22-01-2025,5,"Excellent quality for the price, would buy toys again.",1240.00
ORD000506,Harsh Karan,Electronics,No,06-03-2024,2,"Received a damaged electronics, had to return it.",9680.00
ORD000507,Vrinda Sama,Books,No,26-05-2025,3,"Average books, packaging could be better.",860.00
ORD000508,Gaurika Ganesh,Clothes,No,28-03-2023,4,"Fast delivery, clothes exceeded my expectations.",580.00
ORD000509,Utkarsh Din,Toys,No,06-04-2023,5,"Great toys, exactly as described. Very happy with it.",1150.00
ORD000512,Nathaniel Kota,Clothes,No,04-01-2025,3,"The clothes is okay, does the job but nothing special.",1810.00
ORD000513,Eta Chakraborty,Clothes,No,29-11-2025,5,"Great clothes, exactly as described. Very happy with it.",1470.00
ORD000514,Bahadurjit Arora,Toys,No,17-11-2023,1,"Disappointed with this toys, quality is not good.",800.00
ORD000515,Neha Warrior,Shoes,No,09-09-2024,5,"Fast delivery, shoes exceeded my expectations.",4090.00
ORD000516,Bakhshi Shetty,Books,Yes,19-07-2023,5,"Fast delivery, books exceeded my expectations.",1260.00
ORD000517,Vihaan Date,Toys,No,21-04-2024,3,"Average toys, packaging could be better.",1390.00
ORD000518,Yasti Mutti,Groceries,No,07-02-2025,5,"Fast delivery, groceries exceeded my expectations.",1300.00
ORD000520,Yug Rao,Books,No,07-04-2024,2,"Received a damaged books, had to return it.",1490.00
ORD000521,Liam More,Electronics,No,25-03-2025,1,"Not worth the price, expected better electronics.",35660.00
ORD000522,Benjamin Deol,Furniture,No,16-05-2024,5,"Fast delivery, furniture exceeded my expectations.",2010.00
ORD000523,Chavvi Rattan,Books,No,30-03-2024,5,"Great books, exactly as described. Very happy with it.",1280.00
ORD000524,Faras Murthy,Shoes,No,08-06-2023,5,"Fast delivery, shoes exceeded my expectations.",2950.00
ORD000525,Girish Swamy,Toys,No,09-12-2025,5,"Really satisfied, highly recommend this toys.",2870.00
ORD000526,Riya Thaman,Beauty Products,Yes,31-08-2023,5,"Excellent quality for the price, would buy beauty products again.",570.00
ORD000527,Nidra Devan,Beauty Products,No,29-11-2023,5,"Fast delivery, beauty products exceeded my expectations.",700.00
ORD000528,Harshil Muni,Electronics,No,12-03-2024,5,"Fast delivery, electronics exceeded my expectations.",18330.00
ORD000529,Maanas Swamy,Clothes,No,11-09-2025,5,"Excellent quality for the price, would buy clothes again.",770.00
ORD000530,Ladli Yadav,Furniture,No,25-01-2023,5,"Great furniture, exactly as described. Very happy with it.",8510.00
ORD000531,Upasna Pant,Electronics,No,19-11-2023,5,"Fast delivery, electronics exceeded my expectations.",49650.00
ORD000533,Shravya Naik,Beauty Products,No,26-08-2024,4,"Fast delivery, beauty products exceeded my expectations.",2420.00
ORD000534,Qushi Pau,Electronics,No,21-03-2025,2,"Not worth the price, expected better electronics.",11190.00
ORD000535,Jatin Kapoor,Sports Equipment,Yes,04-11-2025,4,"Really satisfied, highly recommend this sports equipment.",4760.00
ORD000537,Tripti Goyal,Electronics,Yes,04-03-2025,5,"Excellent quality for the price, would buy electronics again.",19460.00
ORD000538,Yashvi Bahl,Sports Equipment,No,20-11-2024,5,"Excellent quality for the price, would buy sports equipment again.",10210.00
ORD000540,Darika Golla,Clothes,No,30-06-2024,4,"Really satisfied, highly recommend this clothes.",1160.00
ORD000541,Baghyawati Guha,Kitchenware,No,21-10-2024,4,"Really satisfied, highly recommend this kitchenware.",3010.00
ORD000542,Dalbir Sule,Sports Equipment,No,14-06-2025,4,"Really satisfied, highly recommend this sports equipment.",3640.00
ORD000543,Laban Bal,Clothes,No,06-01-2025,5,"Great clothes, exactly as described. Very happy with it.",2900.00
ORD000544,Imaran Dara,Clothes,No,20-04-2024,4,"Really satisfied, highly recommend this clothes.",1380.00
ORD000545,Ganga Bumb,Groceries,No,21-11-2023,4,"Really satisfied, highly recommend this groceries.",1080.00
ORD000546,Ishani Bhalla,Electronics,No,29-12-2024,3,"The electronics is okay, does the job but nothing special.",33020.00
ORD000548,Gabriel Randhawa,Sports Equipment,No,23-11-2025,3,"The sports equipment is okay, does the job but nothing special.",4410.00
ORD000549,Gautami Manda,Furniture,Yes,23-12-2024,4,"Really satisfied, highly recommend this furniture.",4830.00
ORD000550,Nisha Koshy,Shoes,No,04-09-2024,5,"Excellent quality for the price, would buy shoes again.",1260.00
ORD000551,Frederick Nair,Furniture,No,02-05-2025,4,"Great furniture, exactly as described. Very happy with it.",43070.00
ORD000552,Manthan Lata,Groceries,No,21-08-2023,3,"The groceries is okay, does the job but nothing special.",920.00
ORD000553,Lopa Narasimhan,Clothes,No,18-01-2023,5,"Great clothes, exactly as described. Very happy with it.",1430.00
ORD000554,Harsh Agrawal,Electronics,No,11-08-2023,4,"Great electronics, exactly as described. Very happy with it.",3890.00
ORD000555,Harshil Muni,Clothes,No,12-01-2024,3,"Average clothes, packaging could be better.",310.00
ORD000556,Banjeet Rege,Furniture,Yes,26-11-2025,1,"Received a damaged furniture, had to return it.",23360.00
ORD000557,Chanakya Mand,Electronics,No,13-09-2023,4,"Excellent quality for the price, would buy electronics again.",51540.00
ORD000558,Maanas Swamy,Sports Equipment,No,10-08-2023,4,"Great sports equipment, exactly as described. Very happy with it.",2440.00
ORD000559,Neelima Chad,Shoes,No,24-12-2025,5,"Really satisfied, highly recommend this shoes.",5720.00
ORD000560,Champak Kuruvilla,Electronics,No,31-05-2023,4,"Great electronics, exactly as described. Very happy with it.",18170.00
ORD000563,Sarthak Rai,Toys,No,24-05-2023,4,"Excellent quality for the price, would buy toys again.",810.00
ORD000564,Ladli Kaur,Toys,No,14-02-2023,5,"Excellent quality for the price, would buy toys again.",1960.00
ORD000565,Nathaniel Bhardwaj,Groceries,No,17-04-2023,3,"The groceries is okay, does the job but nothing special.",1180.00
ORD000566,Luke Arora,Books,No,05-04-2024,5,"Excellent quality for the price, would buy books again.",1020.00
ORD000567,Mitali Verma,Furniture,Yes,09-10-2024,4,"Really satisfied, highly recommend this furniture.",38260.00
ORD000568,Harish Shetty,Electronics,No,18-06-2024,5,"Great electronics, exactly as described. Very happy with it.",1630.00
ORD000569,Damyanti Bhakta,Beauty Products,No,14-04-2024,5,"Fast delivery, beauty products exceeded my expectations.",610.00
ORD000570,Owen Trivedi,Furniture,No,22-09-2025,3,"The furniture is okay, does the job but nothing special.",6430.00
ORD000571,Yachana De,Shoes,No,18-01-2025,5,"Excellent quality for the price, would buy shoes again.",7730.00
ORD000572,Mekhala Bawa,Kitchenware,No,02-09-2024,5,"Fast delivery, kitchenware exceeded my expectations.",1420.00
ORD000573,Yauvani Bhatt,Electronics,No,13-03-2025,4,"Really satisfied, highly recommend this electronics.",36750.00
ORD000574,Gagan Tandon,Clothes,No,26-09-2023,5,"Fast delivery, clothes exceeded my expectations.",450.00
ORD000575,Fitan Sodhi,Books,No,13-02-2024,1,"Not worth the price, expected better books.",910.00
ORD000576,Jacob Ramakrishnan,Books,No,24-03-2023,5,"Great books, exactly as described. Very happy with it.",1340.00
ORD000577,Leela Parmer,Sports Equipment,No,04-06-2024,5,"Excellent quality for the price, would buy sports equipment again.",9350.00
ORD000578,Zarna Wali,Shoes,No,09-10-2023,3,"Average shoes, packaging could be better.",1710.00
ORD000579,Rajeshri Kapadia,Furniture,No,14-05-2024,5,"Fast delivery, furniture exceeded my expectations.",29670.00
ORD000580,Qushi Pau,Books,No,24-04-2025,3,"The books is okay, does the job but nothing special.",410.00
ORD000581,Aachal Lad,Kitchenware,No,08-11-2025,5,"Excellent quality for the price, would buy kitchenware again.",540.00
ORD000582,Shravya Naik,Beauty Products,No,10-07-2024,1,"Not worth the price, expected better beauty products.",1410.00
ORD000583,Mitali Verma,Kitchenware,No,09-01-2026,5,"Really satisfied, highly recommend this kitchenware.",3190.00
ORD000585,Elijah Luthra,Beauty Products,No,27-07-2023,5,"Fast delivery, beauty products exceeded my expectations.",310.00
ORD000587,Inaya Kalla,Clothes,No,21-07-2023,5,"Excellent quality for the price, would buy clothes again.",1760.00
ORD000588,Ikbal Shankar,Electronics,No,17-08-2023,4,"Fast delivery, electronics exceeded my expectations.",14770.00
ORD000589,Aarnav Mand,Sports Equipment,No,04-02-2024,4,"Fast delivery, sports equipment exceeded my expectations.",11470.00
ORD000590,Yashvi Bahl,Books,No,11-10-2023,4,"Really satisfied, highly recommend this books.",660.00
ORD000591,Kevin Taneja,Electronics,No,01-09-2025,4,"Excellent quality for the price, would buy electronics again.",44710.00
ORD000592,Anita Nayak,Shoes,No,13-02-2025,4,"Fast delivery, shoes exceeded my expectations.",1340.00
ORD000593,Ladli Yadav,Clothes,No,15-08-2025,4,"Really satisfied, highly recommend this clothes.",1750.00
ORD000594,Ekalinga Dave,Furniture,No,28-07-2023,5,"Fast delivery, furniture exceeded my expectations.",38190.00
ORD000595,Yauvani Bhatt,Books,No,18-04-2024,4,"Great books, exactly as described. Very happy with it.",980.00
ORD000596,Vincent Barad,Clothes,No,14-12-2023,2,"Disappointed with this clothes, quality is not good.",2840.00
ORD000600,Widisha Minhas,Books,Yes,03-07-2025,5,"Fast delivery, books exceeded my expectations.",470.00
ORD000602,Manya Rao,Furniture,No,17-04-2023,1,"Received a damaged furniture, had to return it.",17010.00
ORD000603,Ishanvi Nagar,Clothes,No,23-10-2024,4,"Fast delivery, clothes exceeded my expectations.",960.00
ORD000604,Tara Varughese,Electronics,No,08-04-2025,2,"Disappointed with this electronics, quality is not good.",53420.00
ORD000605,Vaishnavi Shroff,Groceries,No,31-12-2024,3,"Average groceries, packaging could be better.",1710.00
ORD000606,Benjamin Ratta,Beauty Products,No,04-08-2025,4,"Great beauty products, exactly as described. Very happy with it.",880.00
ORD000607,Imaran Dara,Beauty Products,No,20-06-2025,4,"Excellent quality for the price, would buy beauty products again.",1840.00
ORD000609,Anya Kibe,Books,No,25-12-2023,5,"Excellent quality for the price, would buy books again.",200.00
ORD000610,Tanvi Ghosh,Books,No,10-05-2023,5,"Fast delivery, books exceeded my expectations.",520.00
ORD000611,Jhalak Sekhon,Electronics,No,11-03-2024,2,"Not worth the price, expected better electronics.",49270.00
ORD000613,Robert Lal,Groceries,No,13-05-2024,5,"Really satisfied, highly recommend this groceries.",1940.00
ORD000615,Yatan Keer,Shoes,No,08-11-2023,5,"Excellent quality for the price, would buy shoes again.",3220.00
ORD000616,Onveer Bhavsar,Toys,Yes,19-09-2023,5,"Really satisfied, highly recommend this toys.",1840.00
ORD000617,Samesh Kashyap,Beauty Products,No,06-12-2023,4,"Really satisfied, highly recommend this beauty products.",2890.00
ORD000618,Gautami Lall,Furniture,No,17-09-2023,5,"Fast delivery, furniture exceeded my expectations.",49670.00
ORD000619,Dev Bhasin,Electronics,No,02-03-2024,3,"The electronics is okay, does the job but nothing special.",54130.00
ORD000620,Vaishnavi Shroff,Electronics,No,09-09-2023,5,"Fast delivery, electronics exceeded my expectations.",17260.00
ORD000622,Ronith Raman,Electronics,No,25-01-2025,4,"Excellent quality for the price, would buy electronics again.",18480.00
ORD000623,Gaurang Kamdar,Clothes,No,09-02-2023,5,"Really satisfied, highly recommend this clothes.",950.00
ORD000624,Brinda Thaker,Beauty Products,No,01-12-2024,3,"Average beauty products, packaging could be better.",590.00
ORD000626,Darsh Arya,Shoes,No,24-10-2024,4,"Fast delivery, shoes exceeded my expectations.",3630.00
ORD000627,Jai Bhatia,Toys,Yes,21-06-2024,4,"Excellent quality for the price, would buy toys again.",310.00
ORD000628,Urvi Palla,Shoes,Yes,01-03-2023,2,"Not worth the price, expected better shoes.",7530.00
ORD000629,Tripti Goyal,Books,Yes,08-02-2024,3,"The books is okay, does the job but nothing special.",1110.00
ORD000630,Riya Mutti,Sports Equipment,No,19-10-2024,3,"Average sports equipment, packaging could be better.",3940.00
ORD000631,Bina Sankaran,Shoes,No,12-01-2025,5,"Excellent quality for the price, would buy shoes again.",2130.00
ORD000632,Krisha Ganguly,Shoes,No,06-02-2025,5,"Excellent quality for the price, would buy shoes again.",7190.00
ORD000633,Janaki Din,Clothes,No,09-04-2025,5,"Excellent quality for the price, would buy clothes again.",2180.00
ORD000634,Reyansh Singh,Electronics,No,01-12-2023,4,"Great electronics, exactly as described. Very happy with it.",23910.00
ORD000636,Tanveer Karpe,Electronics,No,07-04-2025,1,"Disappointed with this electronics, quality is not good.",21000.00
ORD000637,Girish Swamy,Groceries,No,06-04-2024,2,"Disappointed with this groceries, quality is not good.",1730.00
ORD000639,Bahadurjit Banerjee,Shoes,No,21-06-2023,5,"Great shoes, exactly as described. Very happy with it.",7010.00
ORD000640,Reva Dada,Beauty Products,No,29-11-2024,5,"Really satisfied, highly recommend this beauty products.",1080.00
ORD000641,Oni Dhawan,Beauty Products,No,05-01-2024,5,"Really satisfied, highly recommend this beauty products.",1060.00
ORD000642,Jairaj Memon,Clothes,No,03-01-2025,4,"Excellent quality for the price, would buy clothes again.",400.00
ORD000643,Aarini Ravel,Clothes,No,12-11-2024,5,"Really satisfied, highly recommend this clothes.",1090.00
ORD000644,Chaitaly Nagar,Kitchenware,No,28-11-2023,4,"Great kitchenware, exactly as described. Very happy with it.",3460.00
ORD000645,Zarna Peri,Beauty Products,Yes,01-12-2024,4,"Fast delivery, beauty products exceeded my expectations.",1490.00
ORD000648,Yatan Keer,Furniture,No,14-01-2026,5,"Great furniture, exactly as described. Very happy with it.",19760.00
ORD000649,Nathan Aggarwal,Books,No,30-07-2025,4,"Great books, exactly as described. Very happy with it.",290.00
ORD000651,Max Aurora,Groceries,No,16-05-2025,4,"Excellent quality for the price, would buy groceries again.",1630.00
ORD000652,Lopa Mukhopadhyay,Electronics,No,24-06-2024,5,"Excellent quality for the price, would buy electronics again.",19290.00
ORD000653,Frederick Solanki,Kitchenware,No,11-03-2024,4,"Great kitchenware, exactly as described. Very happy with it.",3080.00
ORD000654,Hamsini Bhatia,Furniture,No,26-06-2024,3,"The furniture is okay, does the job but nothing special.",43540.00
ORD000655,Vedika Ramesh,Groceries,No,24-06-2024,5,"Really satisfied, highly recommend this groceries.",1090.00
ORD000657,Xiti Puri,Groceries,No,08-09-2023,3,"The groceries is okay, does the job but nothing special.",870.00
ORD000659,Andrew Tiwari,Furniture,No,29-11-2025,5,"Great furniture, exactly as described. Very happy with it.",46030.00
ORD000660,Vivaan Sood,Kitchenware,No,27-11-2025,5,"Really satisfied, highly recommend this kitchenware.",4590.00
ORD000661,Inaya Sawhney,Groceries,No,18-02-2024,5,"Really satisfied, highly recommend this groceries.",730.00
ORD000662,Hitesh Bhandari,Shoes,No,13-05-2023,4,"Excellent quality for the price, would buy shoes again.",720.00
ORD000663,Charles Chaudry,Electronics,No,26-02-2023,4,"Excellent quality for the price, would buy electronics again.",8560.00
ORD000664,Falak Gulati,Books,No,21-10-2023,4,"Great books, exactly as described. Very happy with it.",680.00
ORD000665,Robert Banik,Kitchenware,Yes,09-03-2024,3,"The kitchenware is okay, does the job but nothing special.",1660.00
ORD000666,Banjeet De,Shoes,No,24-12-2024,4,"Great shoes, exactly as described. Very happy with it.",5260.00
ORD000667,Daksh Dhingra,Shoes,No,21-02-2025,3,"Average shoes, packaging could be better.",2670.00
ORD000669,Samaksh Sem,Electronics,No,23-11-2024,2,"Disappointed with this electronics, quality is not good.",3510.00
ORD000673,Leena Narula,Sports Equipment,No,02-10-2025,4,"Great sports equipment, exactly as described. Very happy with it.",2080.00
ORD000675,Ayushman Bahl,Electronics,No,13-11-2023,5,"Fast delivery, electronics exceeded my expectations.",40100.00
ORD000676,Chandran Rastogi,Kitchenware,No,21-07-2024,3,"The kitchenware is okay, does the job but nothing special.",3760.00
ORD000677,Urvi Bhattacharyya,Electronics,No,24-11-2023,5,"Really satisfied, highly recommend this electronics.",23650.00
ORD000679,Gabriel Randhawa,Shoes,No,01-04-2025,3,"The shoes is okay, does the job but nothing special.",6470.00
ORD000681,Neelima Chad,Electronics,No,26-12-2025,4,"Fast delivery, electronics exceeded my expectations.",52540.00
ORD000684,Rajeshri Kapadia,Electronics,No,01-09-2025,2,"Not worth the price, expected better electronics.",21560.00
ORD000685,Balvan Jani,Clothes,No,30-09-2025,3,"The clothes is okay, does the job but nothing special.",2090.00
ORD000686,Vrinda Sama,Books,No,26-04-2023,3,"The books is okay, does the job but nothing special.",1390.00
ORD000687,Ucchal Virk,Shoes,No,09-03-2025,5,"Great shoes, exactly as described. Very happy with it.",4690.00
ORD000688,Aarnav Mand,Kitchenware,No,21-01-2025,3,"The kitchenware is okay, does the job but nothing special.",1150.00
ORD000689,Laksh Sani,Furniture,No,24-07-2023,4,"Really satisfied, highly recommend this furniture.",26740.00
ORD000690,Gaurika Ganesh,Groceries,No,05-08-2023,4,"Fast delivery, groceries exceeded my expectations.",1890.00
ORD000691,Lipika Lal,Furniture,No,10-11-2023,4,"Great furniture, exactly as described. Very happy with it.",39290.00
ORD000692,Harsh Agrawal,Kitchenware,No,14-12-2024,4,"Excellent quality for the price, would buy kitchenware again.",1760.00
ORD000693,Sanya Shanker,Furniture,No,24-04-2025,2,"Disappointed with this furniture, quality is not good.",18190.00
ORD000694,Lipika Chadha,Beauty Products,No,02-10-2025,5,"Fast delivery, beauty products exceeded my expectations.",330.00
ORD000695,Rishi Tara,Sports Equipment,No,23-12-2024,4,"Excellent quality for the price, would buy sports equipment again.",11910.00
ORD000696,Lakshit Mangat,Clothes,No,01-08-2025,4,"Really satisfied, highly recommend this clothes.",2080.00
ORD000697,Nathaniel Bhardwaj,Groceries,Yes,19-09-2024,2,"Received a damaged groceries, had to return it.",50.00
ORD000698,Urmi Lad,Shoes,No,04-10-2024,5,"Fast delivery, shoes exceeded my expectations.",4760.00
ORD000699,Pranav Saraf,Kitchenware,No,04-07-2023,1,"Disappointed with this kitchenware, quality is not good.",4610.00
ORD000700,Harsh Agrawal,Groceries,No,30-08-2025,3,"Average groceries, packaging could be better.",1460.00
ORD000701,Janya Buch,Furniture,No,23-10-2024,4,"Fast delivery, furniture exceeded my expectations.",48650.00
ORD000703,Vivaan Sood,Books,No,20-02-2023,5,"Great books, exactly as described. Very happy with it.",550.00
ORD000704,Devansh Mital,Electronics,Yes,20-08-2024,5,"Great electronics, exactly as described. Very happy with it.",24870.00
ORD000705,Maya Ramakrishnan,Books,No,04-05-2023,5,"Great books, exactly as described. Very happy with it.",1030.00
ORD000707,Sanya Cherian,Clothes,No,28-07-2024,2,"Received a damaged clothes, had to return it.",580.00
ORD000708,Janaki Mistry,Toys,No,07-03-2023,4,"Fast delivery, toys exceeded my expectations.",2870.00
ORD000709,Naksh Sampath,Furniture,Yes,20-03-2023,4,"Really satisfied, highly recommend this furniture.",23140.00
ORD000710,Gautami Lall,Toys,Yes,30-11-2024,5,"Great toys, exactly as described. Very happy with it.",2700.00
ORD000711,Avi Sarkar,Sports Equipment,No,21-07-2023,4,"Fast delivery, sports equipment exceeded my expectations.",5440.00
ORD000713,Lucky Sagar,Kitchenware,No,31-01-2023,4,"Fast delivery, kitchenware exceeded my expectations.",1220.00
ORD000714,Darsh Aurora,Toys,Yes,07-10-2024,5,"Really satisfied, highly recommend this toys.",1380.00
ORD000715,Daksh Chaudhuri,Beauty Products,No,13-11-2024,3,"The beauty products is okay, does the job but nothing special.",2230.00
ORD000716,Elijah Dalal,Shoes,No,08-11-2023,5,"Great shoes, exactly as described. Very happy with it.",3030.00
ORD000717,Laban Bal,Sports Equipment,No,30-05-2025,5,"Excellent quality for the price, would buy sports equipment again.",11230.00
ORD000718,Vansha Deol,Kitchenware,No,18-11-2024,4,"Fast delivery, kitchenware exceeded my expectations.",3540.00
ORD000719,Falak Anne,Sports Equipment,No,18-10-2024,3,"Average sports equipment, packaging could be better.",5640.00
ORD000721,Bhanumati Saran,Kitchenware,No,09-10-2023,5,"Great kitchenware, exactly as described. Very happy with it.",3500.00
ORD000722,Kai Sodhi,Groceries,No,19-01-2025,4,"Excellent quality for the price, would buy groceries again.",1480.00
ORD000723,Vanya Yohannan,Sports Equipment,No,07-07-2023,3,"The sports equipment is okay, does the job but nothing special.",5140.00
ORD000725,Chandran Roy,Groceries,No,19-01-2024,4,"Fast delivery, groceries exceeded my expectations.",1180.00
ORD000726,Dayamai Kamdar,Furniture,Yes,17-12-2023,2,"Disappointed with this furniture, quality is not good.",9840.00
ORD000727,Urvashi Ratta,Sports Equipment,No,28-05-2024,5,"Really satisfied, highly recommend this sports equipment.",3440.00
ORD000728,Thomas Sethi,Toys,No,20-12-2024,1,"Not worth the price, expected better toys.",1870.00
ORD000729,Falan Johal,Electronics,No,02-03-2023,5,"Great electronics, exactly as described. Very happy with it.",44580.00
ORD000730,Urmi Lad,Sports Equipment,No,26-04-2025,4,"Fast delivery, sports equipment exceeded my expectations.",6510.00
ORD000731,Zarna Peri,Books,No,25-02-2025,3,"Average books, packaging could be better.",510.00
ORD000735,Mugdha Jani,Electronics,No,13-06-2025,1,"Not worth the price, expected better electronics.",41340.00
ORD000736,Reva Kota,Furniture,No,27-10-2025,5,"Excellent quality for the price, would buy furniture again.",38800.00
ORD000737,Nimrat Vasa,Furniture,No,08-07-2024,2,"Not worth the price, expected better furniture.",21220.00
ORD000739,Qarin Ramanathan,Furniture,No,03-06-2024,2,"Not worth the price, expected better furniture.",28110.00
ORD000740,Gautami Sarin,Toys,Yes,25-07-2025,5,"Great toys, exactly as described. Very happy with it.",2390.00
ORD000741,Abha Ravi,Furniture,No,12-01-2025,5,"Really satisfied, highly recommend this furniture.",1530.00
ORD000742,Yashawini Sengupta,Electronics,No,26-10-2023,4,"Great electronics, exactly as described. Very happy with it.",20910.00
ORD000743,Jasmit Bahl,Shoes,No,27-01-2023,4,"Fast delivery, shoes exceeded my expectations.",2850.00
ORD000744,Lakshmi Chacko,Groceries,Yes,27-12-2024,4,"Excellent quality for the price, would buy groceries again.",480.00
ORD000747,Charvi Date,Kitchenware,No,30-03-2023,3,"The kitchenware is okay, does the job but nothing special.",3720.00
ORD000748,Yasti Mutti,Sports Equipment,No,05-02-2023,5,"Excellent quality for the price, would buy sports equipment again.",13170.00
ORD000749,Chavvi Rajan,Toys,No,25-06-2025,4,"Great toys, exactly as described. Very happy with it.",2520.00
ORD000750,Nitesh Oommen,Clothes,No,15-10-2024,1,"Disappointed with this clothes, quality is not good.",2780.00
ORD000751,Eta Chakraborty,Kitchenware,No,25-10-2023,5,"Really satisfied, highly recommend this kitchenware.",2840.00
ORD000752,Jasmit Bhardwaj,Shoes,No,22-11-2023,3,"The shoes is okay, does the job but nothing special.",4310.00
ORD000753,Bhanumati Saran,Electronics,No,18-10-2025,3,"Average electronics, packaging could be better.",29950.00
ORD000754,Reyansh Kohli,Furniture,No,08-04-2024,3,"Average furniture, packaging could be better.",30480.00
ORD000755,Bina Varty,Clothes,No,09-07-2024,5,"Great clothes, exactly as described. Very happy with it.",1170.00
ORD000756,Maya Ramakrishnan,Groceries,No,05-05-2025,5,"Fast delivery, groceries exceeded my expectations.",1100.00
ORD000757,Sarthak Rai,Clothes,No,18-04-2023,4,"Really satisfied, highly recommend this clothes.",2240.00
ORD000758,Pratyush Bansal,Books,No,03-12-2024,3,"Average books, packaging could be better.",500.00
ORD000760,Ikbal Ahuja,Electronics,Yes,21-11-2023,4,"Really satisfied, highly recommend this electronics.",44180.00
ORD000761,Abha Keer,Sports Equipment,No,21-01-2023,4,"Fast delivery, sports equipment exceeded my expectations.",1690.00
ORD000764,Luke Arora,Sports Equipment,No,27-04-2023,5,"Fast delivery, sports equipment exceeded my expectations.",4950.00
ORD000765,Quincy Parsa,Electronics,No,25-10-2024,5,"Great electronics, exactly as described. Very happy with it.",34780.00
ORD000766,Dhriti Lad,Beauty Products,No,09-09-2025,5,"Fast delivery, beauty products exceeded my expectations.",2870.00
ORD000767,Zansi Dixit,Groceries,No,27-02-2025,1,"Received a damaged groceries, had to return it.",1350.00
ORD000768,Bahadurjit Kant,Electronics,No,27-05-2023,5,"Fast delivery, electronics exceeded my expectations.",41580.00
ORD000769,Champak Kuruvilla,Toys,No,26-10-2024,2,"Received a damaged toys, had to return it.",1520.00
ORD000770,Tanvi Ghosh,Beauty Products,No,07-07-2024,4,"Really satisfied, highly recommend this beauty products.",530.00
ORD000771,Praneel Bajaj,Groceries,No,24-09-2025,2,"Disappointed with this groceries, quality is not good.",1730.00
ORD000772,Raagini Gade,Clothes,Yes,01-01-2026,4,"Excellent quality for the price, would buy clothes again.",1260.00
ORD000773,Hamsini Chandra,Shoes,No,29-01-2025,5,"Excellent quality for the price, would buy shoes again.",6010.00
ORD000774,Yuvraj Thaman,Sports Equipment,No,08-08-2025,5,"Great sports equipment, exactly as described. Very happy with it.",5380.00
ORD000777,Victor Goda,Clothes,Yes,24-01-2025,3,"Average clothes, packaging could be better.",1220.00
ORD000778,Shravya Naik,Beauty Products,No,01-08-2024,4,"Fast delivery, beauty products exceeded my expectations.",960.00
ORD000779,Girish Rattan,Beauty Products,No,01-08-2025,3,"Average beauty products, packaging could be better.",750.00
ORD000780,Kiaan Arora,Sports Equipment,No,06-11-2023,3,"The sports equipment is okay, does the job but nothing special.",700.00
ORD000781,Rushil Gopal,Groceries,No,23-05-2024,5,"Fast delivery, groceries exceeded my expectations.",140.00
ORD000783,Timothy Lanka,Clothes,Yes,19-02-2024,3,"Average clothes, packaging could be better.",1300.00
ORD000784,Janaki Din,Toys,No,14-10-2024,4,"Fast delivery, toys exceeded my expectations.",2100.00
ORD000785,Omaja Badami,Books,No,14-07-2024,3,"The books is okay, does the job but nothing special.",1400.00
ORD000786,Ganga Chandra,Toys,No,10-07-2023,3,"The toys is okay, does the job but nothing special.",450.00
ORD000789,Vincent Tara,Electronics,Yes,21-04-2023,2,"Not worth the price, expected better electronics.",30840.00
ORD000792,Kavya Srivastava,Shoes,No,06-02-2025,4,"Excellent quality for the price, would buy shoes again.",3890.00
ORD000793,Alexander Behl,Furniture,No,30-06-2023,4,"Really satisfied, highly recommend this furniture.",42770.00
ORD000794,Yuvraj Gandhi,Groceries,No,06-11-2025,2,"Disappointed with this groceries, quality is not good.",1230.00
ORD000795,Vidhi Gaba,Toys,No,22-08-2025,3,"Average toys, packaging could be better.",950.00
ORD000796,Avi Sarkar,Kitchenware,Yes,01-01-2024,5,"Really satisfied, highly recommend this kitchenware.",3340.00
ORD000797,Odika Iyengar,Groceries,No,17-11-2025,4,"Excellent quality for the price, would buy groceries again.",1060.00
ORD000798,Zaid Lata,Electronics,Yes,18-04-2023,4,"Fast delivery, electronics exceeded my expectations.",27190.00
ORD000800,Falak Gulati,Clothes,No,02-04-2024,2,"Received a damaged clothes, had to return it.",1300.00
ORD000801,Janaki Mistry,Clothes,No,09-07-2023,4,"Really satisfied, highly recommend this clothes.",900.00
ORD000802,Maanas Chaudry,Sports Equipment,Yes,10-03-2024,3,"Average sports equipment, packaging could be better.",11050.00
ORD000803,Vamakshi Vala,Furniture,No,26-05-2025,4,"Excellent quality for the price, would buy furniture again.",46560.00
ORD000804,Amaira Sarin,Sports Equipment,No,08-11-2023,5,"Fast delivery, sports equipment exceeded my expectations.",390.00
ORD000805,Shravya Ravi,Groceries,Yes,21-01-2023,5,"Fast delivery, groceries exceeded my expectations.",1880.00
ORD000806,Naveen Nagi,Books,No,18-10-2024,2,"Not worth the price, expected better books.",370.00
ORD000807,Lakshmi Bhat,Furniture,Yes,07-04-2025,4,"Really satisfied, highly recommend this furniture.",29360.00
ORD000808,Meghana Ben,Clothes,No,25-09-2024,5,"Really satisfied, highly recommend this clothes.",1200.00
ORD000810,Vihaan Sen,Books,No,26-04-2023,3,"Average books, packaging could be better.",510.00
ORD000811,Ikbal Chhabra,Toys,Yes,31-10-2023,5,"Fast delivery, toys exceeded my expectations.",3000.00
ORD000812,Zaid Lata,Groceries,No,28-04-2023,4,"Great groceries, exactly as described. Very happy with it.",1110.00
ORD000813,Wakeeta Raval,Clothes,No,28-10-2024,5,"Fast delivery, clothes exceeded my expectations.",2200.00
ORD000814,Nitara Rajagopal,Sports Equipment,No,29-08-2024,4,"Excellent quality for the price, would buy sports equipment again.",1120.00
ORD000816,Henry Narain,Books,No,25-02-2024,5,"Excellent quality for the price, would buy books again.",1290.00
ORD000817,Rajata Venkataraman,Furniture,No,16-09-2023,4,"Excellent quality for the price, would buy furniture again.",17830.00
ORD000819,Frederick Solanki,Clothes,No,21-12-2023,5,"Excellent quality for the price, would buy clothes again.",800.00
ORD000820,Anjali Dasgupta,Beauty Products,No,04-09-2024,5,"Excellent quality for the price, would buy beauty products again.",2020.00
ORD000822,Liam Solanki,Clothes,No,24-07-2023,5,"Great clothes, exactly as described. Very happy with it.",840.00
ORD000824,Vincent Tara,Beauty Products,No,18-11-2023,4,"Excellent quality for the price, would buy beauty products again.",2050.00
ORD000825,Yutika Bhagat,Shoes,No,15-07-2025,2,"Disappointed with this shoes, quality is not good.",5970.00
ORD000826,Vivaan More,Sports Equipment,No,24-11-2023,5,"Fast delivery, sports equipment exceeded my expectations.",9000.00
ORD000828,Arya Thakkar,Kitchenware,Yes,02-05-2024,5,"Great kitchenware, exactly as described. Very happy with it.",4780.00
ORD000829,Gautam Ravi,Electronics,No,29-08-2024,5,"Great electronics, exactly as described. Very happy with it.",40020.00
ORD000830,Jalsa Sangha,Groceries,No,28-01-2024,5,"Fast delivery, groceries exceeded my expectations.",700.00
ORD000831,Mekhala Gala,Electronics,No,04-04-2023,3,"The electronics is okay, does the job but nothing special.",50500.00
ORD000832,Vansha Deol,Kitchenware,No,28-12-2025,1,"Disappointed with this kitchenware, quality is not good.",3820.00
ORD000833,Henry Bora,Groceries,No,24-02-2023,3,"The groceries is okay, does the job but nothing special.",1300.00
ORD000834,Zaid Lata,Groceries,No,04-10-2024,5,"Great groceries, exactly as described. Very happy with it.",1720.00
ORD000835,Yasti Mutti,Shoes,Yes,19-07-2024,4,"Fast delivery, shoes exceeded my expectations.",6390.00
ORD000836,Saumya Ratti,Groceries,No,29-07-2023,5,"Fast delivery, groceries exceeded my expectations.",1880.00
ORD000837,Rohan Arora,Kitchenware,No,10-09-2024,3,"The kitchenware is okay, does the job but nothing special.",4340.00
ORD000838,Onveer Bhavsar,Electronics,No,22-09-2025,1,"Not worth the price, expected better electronics.",28960.00
ORD000839,Aachal Thakkar,Shoes,No,07-09-2024,5,"Really satisfied, highly recommend this shoes.",7300.00
ORD000840,Guneet Tripathi,Beauty Products,No,28-08-2023,4,"Really satisfied, highly recommend this beauty products.",2390.00
ORD000841,Rohan Rajagopalan,Clothes,Yes,11-04-2023,4,"Great clothes, exactly as described. Very happy with it.",2120.00
ORD000842,Ladli Yadav,Toys,No,14-10-2023,5,"Fast delivery, toys exceeded my expectations.",800.00
ORD000844,Vyanjana Mani,Shoes,Yes,17-07-2023,1,"Disappointed with this shoes, quality is not good.",6590.00
ORD000846,Harish Shetty,Shoes,No,18-07-2023,4,"Excellent quality for the price, would buy shoes again.",7560.00
ORD000848,Ganga Handa,Groceries,No,12-11-2024,5,"Excellent quality for the price, would buy groceries again.",1020.00
ORD000849,Henry Puri,Groceries,No,16-04-2023,4,"Fast delivery, groceries exceeded my expectations.",970.00
ORD000850,Rushil Gopal,Kitchenware,No,18-08-2024,3,"The kitchenware is okay, does the job but nothing special.",2320.00
ORD000851,Kai Bassi,Furniture,No,19-01-2026,4,"Excellent quality for the price, would buy furniture again.",17700.00
ORD000854,Elijah Raman,Clothes,No,24-12-2023,5,"Fast delivery, clothes exceeded my expectations.",2910.00
ORD000855,Yug Rao,Electronics,No,03-12-2025,5,"Fast delivery, electronics exceeded my expectations.",19170.00
ORD000856,Omisha Sood,Furniture,No,16-07-2023,5,"Excellent quality for the price, would buy furniture again.",35660.00
ORD000857,Viraj Barad,Books,No,11-12-2025,3,"The books is okay, does the job but nothing special.",1140.00
ORD000858,Panini Prabhakar,Clothes,No,27-11-2024,4,"Great clothes, exactly as described. Very happy with it.",2870.00
ORD000859,Reyansh Kohli,Toys,No,05-01-2024,3,"Average toys, packaging could be better.",1130.00
ORD000860,Eshana Lad,Sports Equipment,No,24-08-2025,4,"Excellent quality for the price, would buy sports equipment again.",4800.00
ORD000861,Raghav Pradhan,Electronics,No,09-05-2025,4,"Great electronics, exactly as described. Very happy with it.",29830.00
ORD000864,Jacob Ramakrishnan,Sports Equipment,No,02-03-2024,5,"Excellent quality for the price, would buy sports equipment again.",1570.00
ORD000865,Yamini Garg,Beauty Products,No,20-05-2023,5,"Really satisfied, highly recommend this beauty products.",1320.00
ORD000866,Viraj Arora,Groceries,No,11-11-2024,2,"Received a damaged groceries, had to return it.",530.00
ORD000867,Mitesh Varghese,Clothes,Yes,28-04-2023,4,"Really satisfied, highly recommend this clothes.",1410.00
ORD000868,Zarna Wali,Toys,No,06-01-2025,3,"The toys is okay, does the job but nothing special.",1520.00
ORD000869,Manya Shere,Beauty Products,No,20-10-2025,5,"Fast delivery, beauty products exceeded my expectations.",1460.00
ORD000870,Harish Shetty,Furniture,No,05-09-2025,2,"Received a damaged furniture, had to return it.",36900.00
ORD000871,Chandresh Bahl,Electronics,No,28-11-2025,1,"Received a damaged electronics, had to return it.",6280.00
ORD000872,Chaitanya Tak,Groceries,No,31-08-2023,4,"Fast delivery, groceries exceeded my expectations.",330.00
ORD000873,Ikbal Shankar,Books,No,15-08-2025,4,"Excellent quality for the price, would buy books again.",460.00
ORD000874,Manya Shere,Groceries,No,28-04-2023,3,"Average groceries, packaging could be better.",520.00
ORD000875,Vivaan Sood,Beauty Products,No,17-12-2024,4,"Really satisfied, highly recommend this beauty products.",1720.00
ORD000877,Lakshmi Bhat,Toys,No,04-06-2025,4,"Great toys, exactly as described. Very happy with it.",2990.00
ORD000878,Baghyawati Guha,Groceries,No,09-02-2023,2,"Not worth the price, expected better groceries.",360.00
ORD000879,Hredhaan Edwin,Electronics,Yes,22-09-2024,4,"Excellent quality for the price, would buy electronics again.",47290.00
ORD000880,Charvi Date,Groceries,No,04-07-2023,4,"Really satisfied, highly recommend this groceries.",490.00
ORD000881,Bahadurjit Arora,Toys,No,03-09-2024,5,"Great toys, exactly as described. Very happy with it.",410.00
ORD000882,Ekiya Patla,Shoes,No,10-07-2025,5,"Excellent quality for the price, would buy shoes again.",3900.00
ORD000883,Eta Chakraborty,Books,Yes,11-04-2023,2,"Disappointed with this books, quality is not good.",980.00
ORD000884,Maanav Madan,Books,No,20-11-2023,5,"Excellent quality for the price, would buy books again.",830.00
ORD000885,George Madan,Electronics,No,30-03-2025,4,"Really satisfied, highly recommend this electronics.",36560.00
ORD000886,Harrison Rana,Kitchenware,No,25-11-2025,4,"Excellent quality for the price, would buy kitchenware again.",4020.00
ORD000887,Benjamin Deol,Electronics,No,22-01-2023,3,"The electronics is okay, does the job but nothing special.",28250.00
ORD000888,Simon Mitter,Kitchenware,No,09-08-2025,5,"Fast delivery, kitchenware exceeded my expectations.",710.00
ORD000890,Ansh Kohli,Electronics,No,26-06-2024,5,"Really satisfied, highly recommend this electronics.",14550.00
ORD000891,Neelima Chad,Groceries,Yes,26-11-2024,1,"Not worth the price, expected better groceries.",1760.00
ORD000892,Jairaj Memon,Electronics,No,27-02-2025,5,"Great electronics, exactly as described. Very happy with it.",28530.00
ORD000893,Christopher Vasa,Groceries,No,08-02-2025,5,"Great groceries, exactly as described. Very happy with it.",850.00
ORD000894,Zaitra Bajaj,Furniture,Yes,21-09-2023,3,"Average furniture, packaging could be better.",39780.00
ORD000895,Kamya Jhaveri,Electronics,No,22-11-2025,5,"Really satisfied, highly recommend this electronics.",46580.00
ORD000896,Ojasvi Parmer,Kitchenware,No,22-09-2025,5,"Great kitchenware, exactly as described. Very happy with it.",360.00
ORD000897,Ekiya Patla,Shoes,No,10-11-2025,5,"Really satisfied, highly recommend this shoes.",7520.00
ORD000898,Garima Kumar,Beauty Products,No,21-08-2024,5,"Excellent quality for the price, would buy beauty products again.",2510.00
ORD000899,Frado Joshi,Sports Equipment,No,10-03-2023,4,"Really satisfied, highly recommend this sports equipment.",6530.00
ORD000900,Pranit Vig,Clothes,No,08-03-2025,4,"Fast delivery, clothes exceeded my expectations.",2250.00
ORD000902,Matthew Yadav,Sports Equipment,Yes,19-12-2024,3,"The sports equipment is okay, does the job but nothing special.",400.00
ORD000903,Liam Solanki,Sports Equipment,No,15-05-2023,3,"Average sports equipment, packaging could be better.",6060.00
ORD000904,Widisha Minhas,Shoes,No,04-10-2024,5,"Fast delivery, shoes exceeded my expectations.",2940.00
ORD000908,Faris Sethi,Clothes,No,30-06-2024,4,"Really satisfied, highly recommend this clothes.",1900.00
ORD000909,Gavin Gade,Electronics,No,05-09-2025,4,"Great electronics, exactly as described. Very happy with it.",56930.00
ORD000911,Yash Mittal,Furniture,No,07-12-2023,5,"Great furniture, exactly as described. Very happy with it.",28960.00
ORD000912,Arya Thakkar,Books,No,14-09-2025,3,"Average books, packaging could be better.",1250.00
ORD000914,Nathaniel Bhardwaj,Groceries,No,05-09-2024,3,"The groceries is okay, does the job but nothing special.",1580.00
ORD000915,Shivani Murthy,Electronics,No,29-01-2023,5,"Fast delivery, electronics exceeded my expectations.",49140.00
ORD000917,Farhan Mammen,Kitchenware,No,13-06-2023,4,"Great kitchenware, exactly as described. Very happy with it.",4670.00
ORD000918,Kritika Chacko,Beauty Products,No,20-05-2025,1,"Disappointed with this beauty products, quality is not good.",2620.00
ORD000919,Jagdish Bedi,Shoes,No,20-01-2024,3,"The shoes is okay, does the job but nothing special.",7850.00
ORD000920,Upkaar Cheema,Electronics,No,15-12-2024,3,"Average electronics, packaging could be better.",15450.00
ORD000921,Pooja Grewal,Sports Equipment,No,25-12-2024,4,"Excellent quality for the price, would buy sports equipment again.",8300.00
ORD000922,Bimala Master,Beauty Products,No,21-05-2025,5,"Fast delivery, beauty products exceeded my expectations.",1050.00
ORD000923,Zashil Bansal,Books,No,01-06-2023,3,"The books is okay, does the job but nothing special.",710.00
ORD000924,Varsha Sundaram,Clothes,No,18-05-2024,4,"Really satisfied, highly recommend this clothes.",2080.00
ORD000925,Upkaar Cheema,Books,No,07-08-2024,4,"Excellent quality for the price, would buy books again.",1140.00
ORD000926,Lakshmi Chacko,Books,No,22-05-2024,5,"Great books, exactly as described. Very happy with it.",210.00
ORD000927,Kevin Taneja,Furniture,No,03-03-2025,5,"Excellent quality for the price, would buy furniture again.",26980.00
ORD000929,Champak Kuruvilla,Furniture,No,09-06-2023,3,"Average furniture, packaging could be better.",23530.00
ORD000930,Gaurav Toor,Books,Yes,15-04-2024,4,"Great books, exactly as described. Very happy with it.",980.00
ORD000931,Vyanjana Mani,Beauty Products,No,25-06-2023,4,"Great beauty products, exactly as described. Very happy with it.",830.00
ORD000932,Dalbir Sule,Clothes,No,05-11-2024,3,"The clothes is okay, does the job but nothing special.",2210.00
ORD000933,Nachiket Kota,Toys,No,29-10-2023,4,"Fast delivery, toys exceeded my expectations.",670.00
ORD000934,Frederick Patil,Clothes,No,22-07-2025,3,"The clothes is okay, does the job but nothing special.",2850.00
ORD000935,Aayush Dhingra,Groceries,Yes,21-08-2025,4,"Really satisfied, highly recommend this groceries.",1140.00
ORD000936,George Madan,Books,No,10-12-2024,5,"Excellent quality for the price, would buy books again.",200.00
ORD000939,Yahvi Wadhwa,Sports Equipment,No,19-03-2023,5,"Fast delivery, sports equipment exceeded my expectations.",6760.00
ORD000940,Samesh Jani,Electronics,No,19-07-2024,1,"Received a damaged electronics, had to return it.",39790.00
ORD000941,Tara Sastry,Electronics,Yes,05-12-2025,4,"Really satisfied, highly recommend this electronics.",37990.00
ORD000942,Rachana Muni,Beauty Products,No,07-05-2023,4,"Fast delivery, beauty products exceeded my expectations.",2860.00
ORD000943,Vansha Deol,Kitchenware,No,19-06-2023,5,"Really satisfied, highly recommend this kitchenware.",420.00
ORD000944,Vivaan Seth,Shoes,No,11-08-2025,5,"Really satisfied, highly recommend this shoes.",1190.00
ORD000947,Hamsini Rao,Clothes,Yes,26-11-2025,3,"Average clothes, packaging could be better.",2930.00
ORD000948,Jalsa Sangha,Sports Equipment,No,18-02-2024,4,"Excellent quality for the price, would buy sports equipment again.",7320.00
ORD000949,Rachit Bedi,Sports Equipment,No,01-09-2024,4,"Great sports equipment, exactly as described. Very happy with it.",2520.00
ORD000951,Watika Wali,Furniture,No,14-07-2024,5,"Fast delivery, furniture exceeded my expectations.",31760.00
ORD000952,Jasmit Dhar,Shoes,No,22-10-2024,4,"Fast delivery, shoes exceeded my expectations.",1990.00
ORD000953,Mohammed Pau,Clothes,No,19-01-2024,5,"Fast delivery, clothes exceeded my expectations.",500.00
ORD000954,Ekansh Batra,Furniture,No,26-07-2025,5,"Fast delivery, furniture exceeded my expectations.",18550.00
ORD000955,Theodore Chandra,Furniture,Yes,02-02-2025,4,"Really satisfied, highly recommend this furniture.",26340.00
ORD000956,Ayaan Krishnamurthy,Furniture,No,01-11-2024,5,"Excellent quality for the price, would buy furniture again.",22950.00
ORD000957,Neel Sankar,Groceries,No,17-06-2024,3,"Average groceries, packaging could be better.",480.00
ORD000958,Abha Ravi,Electronics,No,22-02-2023,2,"Received a damaged electronics, had to return it.",30800.00
ORD000959,Adweta Nadig,Kitchenware,No,14-12-2025,5,"Really satisfied, highly recommend this kitchenware.",2880.00
ORD000961,Andrew Tiwari,Shoes,No,25-08-2023,5,"Really satisfied, highly recommend this shoes.",3260.00
ORD000962,Triya Pant,Clothes,Yes,13-07-2023,5,"Great clothes, exactly as described. Very happy with it.",1850.00
ORD000963,Mugdha Jani,Furniture,No,04-01-2026,4,"Fast delivery, furniture exceeded my expectations.",19740.00
ORD000964,Tristan Ravel,Toys,No,21-08-2025,4,"Excellent quality for the price, would buy toys again.",1880.00
ORD000965,Mekhala Bawa,Books,No,11-01-2025,2,"Disappointed with this books, quality is not good.",670.00
ORD000966,Aradhana Sethi,Toys,Yes,25-09-2023,4,"Really satisfied, highly recommend this toys.",480.00
ORD000967,Amara Mitra,Groceries,No,24-06-2025,4,"Great groceries, exactly as described. Very happy with it.",1010.00
ORD000968,Xavier Sani,Shoes,No,31-05-2024,5,"Really satisfied, highly recommend this shoes.",660.00
ORD000970,Upasna Pant,Toys,Yes,03-06-2023,5,"Excellent quality for the price, would buy toys again.",2360.00
ORD000971,Elijah Raman,Clothes,No,27-04-2024,3,"The clothes is okay, does the job but nothing special.",510.00
ORD000972,Damyanti Bhakta,Clothes,Yes,17-02-2024,4,"Great clothes, exactly as described. Very happy with it.",1730.00
ORD000973,Bahadurjit Arora,Clothes,No,17-05-2024,5,"Great clothes, exactly as described. Very happy with it.",1220.00
ORD000975,Kashvi Narula,Clothes,No,19-08-2025,5,"Really satisfied, highly recommend this clothes.",2960.00
ORD000976,Simon Mitter,Sports Equipment,No,25-07-2023,5,"Excellent quality for the price, would buy sports equipment again.",1420.00
ORD000977,Harita Som,Shoes,No,27-11-2025,5,"Great shoes, exactly as described. Very happy with it.",6900.00
ORD000978,Hiral Dua,Sports Equipment,No,23-02-2025,5,"Great sports equipment, exactly as described. Very happy with it.",10980.00
ORD000979,Tejas Mani,Groceries,No,14-07-2023,4,"Great groceries, exactly as described. Very happy with it.",130.00
ORD000980,Veda Muni,Beauty Products,No,04-09-2024,4,"Really satisfied, highly recommend this beauty products.",280.00
ORD000981,Robert Lal,Clothes,No,06-03-2024,4,"Excellent quality for the price, would buy clothes again.",1310.00
ORD000982,Shaurya Bora,Sports Equipment,No,04-08-2025,5,"Great sports equipment, exactly as described. Very happy with it.",3570.00
ORD000983,Parth Hegde,Beauty Products,No,03-06-2025,3,"The beauty products is okay, does the job but nothing special.",230.00
ORD000985,Yachana De,Beauty Products,No,01-08-2023,5,"Fast delivery, beauty products exceeded my expectations.",2690.00
ORD000988,Krisha Mutti,Clothes,No,07-06-2023,5,"Great clothes, exactly as described. Very happy with it.",920.00
ORD000989,Gautami Sarin,Beauty Products,No,02-04-2024,4,"Really satisfied, highly recommend this beauty products.",1130.00
ORD000990,Turvi Khanna,Kitchenware,No,12-03-2024,5,"Great kitchenware, exactly as described. Very happy with it.",1230.00
ORD000991,Chanchal Chand,Beauty Products,No,28-03-2023,5,"Excellent quality for the price, would buy beauty products again.",2090.00
ORD000992,Chanakya Pillai,Sports Equipment,Yes,01-05-2023,4,"Fast delivery, sports equipment exceeded my expectations.",11270.00
ORD000994,Timothy Lanka,Sports Equipment,No,17-12-2024,5,"Fast delivery, sports equipment exceeded my expectations.",2170.00
ORD000996,Benjamin Deol,Kitchenware,No,18-09-2025,5,"Fast delivery, kitchenware exceeded my expectations.",4820.00
ORD000997,Bakhshi Shetty,Sports Equipment,No,12-02-2023,4,"Great sports equipment, exactly as described. Very happy with it.",3870.00
ORD000998,Benjamin Ratta,Books,No,13-01-2025,3,"The books is okay, does the job but nothing special.",1100.00
ORD000999,Aarav Anne,Furniture,No,02-07-2023,5,"Excellent quality for the price, would buy furniture again.",47340.00
ORD001000,Mohammed Pau,Clothes,No,20-10-2024,4,"Fast delivery, clothes exceeded my expectations.",1350.00
ORD001001,Rushil Gopal,Clothes,No,24-09-2023,4,"Excellent quality for the price, would buy clothes again.",1810.00
ORD001003,Chakrika Kalla,Kitchenware,No,23-12-2025,3,"The kitchenware is okay, does the job but nothing special.",1570.00
ORD001004,Aradhana Golla,Books,Yes,14-08-2024,4,"Fast delivery, books exceeded my expectations.",1390.00
ORD001005,Chanakya Pillai,Beauty Products,No,19-01-2024,4,"Really satisfied, highly recommend this beauty products.",2640.00
ORD001009,Madhavi Mann,Books,No,10-11-2023,2,"Disappointed with this books, quality is not good.",380.00
ORD001010,Bahadurjit Jayaraman,Clothes,No,24-03-2025,5,"Great clothes, exactly as described. Very happy with it.",970.00
ORD001011,Zarna Tailor,Beauty Products,No,04-02-2023,5,"Fast delivery, beauty products exceeded my expectations.",1420.00
ORD001012,Gabriel Randhawa,Shoes,No,07-09-2023,4,"Fast delivery, shoes exceeded my expectations.",1380.00
ORD001013,Ladli Kaur,Shoes,No,04-08-2023,4,"Fast delivery, shoes exceeded my expectations.",5240.00
ORD001014,Nidra Grewal,Electronics,Yes,07-01-2024,4,"Great electronics, exactly as described. Very happy with it.",2680.00
ORD001015,Harsh Gala,Electronics,No,29-02-2024,2,"Not worth the price, expected better electronics.",21440.00
ORD001017,Urvashi Ratta,Beauty Products,No,13-08-2024,2,"Disappointed with this beauty products, quality is not good.",2510.00
ORD001018,Shravya Ravi,Clothes,No,11-07-2023,5,"Fast delivery, clothes exceeded my expectations.",1840.00
ORD001020,Xavier Memon,Groceries,No,13-05-2023,3,"Average groceries, packaging could be better.",860.00
ORD001021,Parth Jha,Clothes,No,06-04-2024,4,"Great clothes, exactly as described. Very happy with it.",1110.00
ORD001023,Banjeet De,Electronics,No,04-01-2024,4,"Fast delivery, electronics exceeded my expectations.",5980.00
ORD001024,Rishi Kashyap,Electronics,No,26-12-2023,5,"Great electronics, exactly as described. Very happy with it.",39800.00
ORD001025,Rudra Ahuja,Furniture,No,18-12-2023,3,"Average furniture, packaging could be better.",46760.00
ORD001026,Tejas Mani,Books,No,12-02-2024,5,"Really satisfied, highly recommend this books.",1430.00
ORD001028,Kashvi Narula,Furniture,No,20-04-2023,5,"Really satisfied, highly recommend this furniture.",17420.00
ORD001029,Ishwar Wali,Books,No,20-03-2023,1,"Not worth the price, expected better books.",360.00
ORD001031,Max Aurora,Beauty Products,Yes,26-07-2023,3,"The beauty products is okay, does the job but nothing special.",1380.00
ORD001032,Nirja Shan,Groceries,No,01-01-2024,3,"Average groceries, packaging could be better.",1790.00
ORD001033,Girish Swamy,Clothes,No,31-01-2024,3,"Average clothes, packaging could be better.",2760.00
ORD001034,Timothy Bhatti,Electronics,No,17-05-2024,3,"The electronics is okay, does the job but nothing special.",53790.00
ORD001035,Hemangini Chad,Groceries,No,27-09-2025,5,"Really satisfied, highly recommend this groceries.",300.00
ORD001036,Harinakshi Sama,Clothes,Yes,22-06-2025,5,"Great clothes, exactly as described. Very happy with it.",2620.00
ORD001037,Triveni Mallick,Groceries,No,24-11-2025,5,"Excellent quality for the price, would buy groceries again.",1650.00
ORD001038,Omaja Dara,Clothes,No,14-07-2024,4,"Really satisfied, highly recommend this clothes.",470.00
ORD001039,Bimala Sehgal,Clothes,No,08-08-2025,3,"Average clothes, packaging could be better.",1720.00
ORD001041,Janya Buch,Clothes,No,17-09-2025,4,"Fast delivery, clothes exceeded my expectations.",2480.00
ORD001042,Frederick Solanki,Groceries,No,23-11-2025,3,"Average groceries, packaging could be better.",930.00
ORD001044,Amara Puri,Beauty Products,No,05-11-2023,5,"Fast delivery, beauty products exceeded my expectations.",2860.00
ORD001045,Tripti Goyal,Electronics,No,25-10-2024,4,"Fast delivery, electronics exceeded my expectations.",25280.00
ORD001046,Gautam Aurora,Furniture,No,02-02-2024,4,"Excellent quality for the price, would buy furniture again.",6020.00
ORD001047,Pranit Kohli,Toys,No,04-07-2023,5,"Excellent quality for the price, would buy toys again.",2220.00
ORD001048,Vihaan Dora,Books,No,24-10-2023,2,"Not worth the price, expected better books.",1480.00
ORD001051,Dev Bhasin,Electronics,Yes,28-09-2025,5,"Great electronics, exactly as described. Very happy with it.",23360.00
ORD001052,Nimrat Vasa,Electronics,No,28-10-2025,4,"Excellent quality for the price, would buy electronics again.",1830.00
ORD001054,Xavier Sani,Books,No,04-08-2025,4,"Excellent quality for the price, would buy books again.",1010.00
ORD001055,Damyanti Sahni,Clothes,No,12-01-2024,3,"Average clothes, packaging could be better.",2310.00
ORD001056,Harshil Muni,Beauty Products,No,12-02-2025,5,"Excellent quality for the price, would buy beauty products again.",580.00
ORD001059,Warda Ramaswamy,Books,Yes,15-09-2023,4,"Really satisfied, highly recommend this books.",1040.00
ORD001060,Dayamai Kamdar,Furniture,No,12-12-2025,5,"Fast delivery, furniture exceeded my expectations.",25240.00
ORD001061,Zaitra Bajaj,Shoes,No,23-05-2025,5,"Great shoes, exactly as described. Very happy with it.",5700.00
ORD001062,Tripti Zachariah,Sports Equipment,No,28-04-2025,4,"Excellent quality for the price, would buy sports equipment again.",14910.00
ORD001063,Lakshmi Chacko,Kitchenware,No,29-07-2024,4,"Really satisfied, highly recommend this kitchenware.",3970.00
ORD001064,Guneet Tripathi,Clothes,No,05-08-2023,4,"Fast delivery, clothes exceeded my expectations.",920.00
ORD001065,Vasudha Agarwal,Books,No,01-01-2024,4,"Really satisfied, highly recommend this books.",1040.00
ORD001066,Pranav Saraf,Groceries,No,30-09-2024,5,"Great groceries, exactly as described. Very happy with it.",410.00
ORD001067,Girish Rattan,Books,No,12-01-2026,5,"Fast delivery, books exceeded my expectations.",1220.00
ORD001069,Tarak Chand,Clothes,No,23-06-2024,5,"Really satisfied, highly recommend this clothes.",2960.00
ORD001071,Maanas Babu,Books,Yes,08-02-2025,4,"Fast delivery, books exceeded my expectations.",700.00
ORD001072,Nidra Devan,Sports Equipment,No,19-05-2023,4,"Really satisfied, highly recommend this sports equipment.",10390.00
ORD001073,Falan Johal,Beauty Products,No,06-02-2023,4,"Really satisfied, highly recommend this beauty products.",2350.00
ORD001074,Benjamin Ratta,Beauty Products,No,22-01-2024,5,"Fast delivery, beauty products exceeded my expectations.",2130.00
ORD001076,Urmi Sachdeva,Groceries,No,08-04-2025,3,"The groceries is okay, does the job but nothing special.",1000.00
ORD001078,Yauvani Patla,Beauty Products,No,24-01-2025,5,"Excellent quality for the price, would buy beauty products again.",1930.00
ORD001079,William Khanna,Books,No,04-07-2024,4,"Great books, exactly as described. Very happy with it.",1360.00
ORD001080,Hiral Dua,Shoes,No,03-05-2025,4,"Really satisfied, highly recommend this shoes.",2700.00
ORD001082,Ijaya Mander,Groceries,No,12-01-2025,4,"Really satisfied, highly recommend this groceries.",710.00
ORD001084,Hemal Sen,Beauty Products,No,11-12-2023,2,"Not worth the price, expected better beauty products.",1160.00
ORD001085,Alka Magar,Kitchenware,No,10-09-2024,2,"Received a damaged kitchenware, had to return it.",910.00
ORD001087,Ishwar Wali,Sports Equipment,No,01-10-2024,1,"Not worth the price, expected better sports equipment.",4870.00
ORD001089,Yochana Bal,Furniture,No,13-04-2023,5,"Great furniture, exactly as described. Very happy with it.",31040.00
ORD001090,Finn Dugal,Groceries,No,14-07-2024,2,"Disappointed with this groceries, quality is not good.",550.00
ORD001091,Omya Boase,Furniture,No,20-07-2023,5,"Excellent quality for the price, would buy furniture again.",31960.00
ORD001092,Omya Boase,Shoes,No,04-01-2024,4,"Excellent quality for the price, would buy shoes again.",5170.00
ORD001093,Elijah Dalal,Clothes,No,23-06-2023,5,"Excellent quality for the price, would buy clothes again.",2800.00
ORD001094,Dayamai Kamdar,Groceries,No,19-06-2023,4,"Fast delivery, groceries exceeded my expectations.",1420.00
ORD001095,Gavin Gade,Books,No,18-09-2025,4,"Fast delivery, books exceeded my expectations.",930.00
ORD001096,Maanas Chaudry,Kitchenware,No,02-07-2024,5,"Fast delivery, kitchenware exceeded my expectations.",2960.00
ORD001097,Jai Bhatia,Clothes,No,13-05-2023,4,"Fast delivery, clothes exceeded my expectations.",420.00
ORD001100,Vedika Ramesh,Toys,Yes,22-04-2023,4,"Really satisfied, highly recommend this toys.",2170.00
ORD001102,Elijah Raman,Electronics,Yes,15-06-2023,4,"Great electronics, exactly as described. Very happy with it.",56770.00
ORD001104,Shravya Naik,Sports Equipment,No,10-05-2024,4,"Great sports equipment, exactly as described. Very happy with it.",5620.00
ORD001106,Tanveer Karpe,Clothes,No,23-03-2024,5,"Really satisfied, highly recommend this clothes.",1040.00
ORD001107,Xavier Soman,Sports Equipment,No,08-11-2025,5,"Fast delivery, sports equipment exceeded my expectations.",8290.00
ORD001108,Zaitra Bajaj,Clothes,No,28-02-2023,3,"Average clothes, packaging could be better.",1170.00
ORD001109,Jagdish Ganesh,Toys,Yes,10-08-2025,4,"Excellent quality for the price, would buy toys again.",1600.00
ORD001110,Falan Chana,Books,No,23-10-2024,5,"Fast delivery, books exceeded my expectations.",680.00
ORD001111,Bimala Sehgal,Shoes,No,25-04-2024,4,"Fast delivery, shoes exceeded my expectations.",3290.00
ORD001112,Meghana Ben,Kitchenware,No,11-10-2024,5,"Fast delivery, kitchenware exceeded my expectations.",2490.00
ORD001114,Qadim Sen,Electronics,No,28-08-2024,5,"Fast delivery, electronics exceeded my expectations.",58690.00
ORD001116,Siya Dhillon,Furniture,No,06-08-2025,5,"Excellent quality for the price, would buy furniture again.",40570.00
ORD001117,Anika Rout,Clothes,No,28-11-2025,5,"Fast delivery, clothes exceeded my expectations.",1430.00
ORD001118,Vasudha Shah,Groceries,No,09-06-2023,5,"Great groceries, exactly as described. Very happy with it.",1190.00
ORD001119,Logan Sekhon,Electronics,No,22-09-2025,5,"Fast delivery, electronics exceeded my expectations.",1660.00
ORD001120,Harshil Muni,Groceries,No,22-07-2025,5,"Really satisfied, highly recommend this groceries.",1110.00
ORD001121,Hredhaan Edwin,Sports Equipment,No,20-02-2025,4,"Really satisfied, highly recommend this sports equipment.",3430.00
ORD001122,Falak Rege,Toys,No,20-08-2023,4,"Great toys, exactly as described. Very happy with it.",500.00
ORD001123,Siddharth Sood,Kitchenware,No,04-10-2023,3,"The kitchenware is okay, does the job but nothing special.",2180.00
ORD001124,Nandini Karan,Groceries,No,25-03-2023,4,"Great groceries, exactly as described. Very happy with it.",1520.00
ORD001125,Aayush Parekh,Sports Equipment,No,03-07-2025,4,"Great sports equipment, exactly as described. Very happy with it.",6960.00
ORD001126,Tripti Goyal,Electronics,No,06-08-2023,3,"The electronics is okay, does the job but nothing special.",33020.00
ORD001127,Watika Buch,Books,No,23-10-2023,4,"Great books, exactly as described. Very happy with it.",1290.00
ORD001128,Vasudha Agarwal,Electronics,No,16-01-2026,4,"Really satisfied, highly recommend this electronics.",50690.00
ORD001129,Samesh Kashyap,Books,No,19-03-2025,4,"Fast delivery, books exceeded my expectations.",640.00
ORD001130,Anvi Shan,Shoes,No,29-05-2024,3,"The shoes is okay, does the job but nothing special.",6160.00
ORD001132,Dhriti Lad,Books,No,05-02-2024,5,"Fast delivery, books exceeded my expectations.",1120.00
ORD001133,Samuel Rama,Electronics,No,25-02-2024,3,"The electronics is okay, does the job but nothing special.",43330.00
ORD001135,Tristan Ravel,Sports Equipment,No,09-03-2023,5,"Really satisfied, highly recommend this sports equipment.",11960.00
ORD001136,Dayamai Kamdar,Kitchenware,Yes,01-11-2024,4,"Excellent quality for the price, would buy kitchenware again.",4220.00
ORD001138,Alka Srinivas,Sports Equipment,No,10-05-2024,5,"Fast delivery, sports equipment exceeded my expectations.",7640.00
ORD001139,Darika Golla,Sports Equipment,No,26-06-2024,4,"Great sports equipment, exactly as described. Very happy with it.",13290.00
ORD001141,Urvashi Suri,Furniture,No,12-07-2024,5,"Fast delivery, furniture exceeded my expectations.",2630.00
ORD001142,Ganga Bumb,Toys,Yes,02-04-2025,3,"Average toys, packaging could be better.",530.00
ORD001144,Imaran Dara,Electronics,No,07-06-2024,3,"The electronics is okay, does the job but nothing special.",20280.00
ORD001145,Varenya Mani,Sports Equipment,No,01-10-2024,5,"Fast delivery, sports equipment exceeded my expectations.",3930.00
ORD001146,Yauvani Patla,Electronics,No,27-09-2024,5,"Excellent quality for the price, would buy electronics again.",27500.00
ORD001147,Ikbal Ahuja,Beauty Products,No,07-05-2023,5,"Excellent quality for the price, would buy beauty products again.",2980.00
ORD001148,Gavin Gade,Furniture,No,05-11-2023,1,"Received a damaged furniture, had to return it.",17440.00
ORD001149,Rehaan Morar,Furniture,No,04-08-2025,5,"Really satisfied, highly recommend this furniture.",21570.00
ORD001150,Rohan Rajagopalan,Sports Equipment,No,27-03-2024,1,"Not worth the price, expected better sports equipment.",11180.00
ORD001151,Yamini Bir,Clothes,Yes,13-09-2023,5,"Great clothes, exactly as described. Very happy with it.",2680.00
ORD001152,Dayita Sehgal,Books,No,16-06-2023,4,"Great books, exactly as described. Very happy with it.",900.00
ORD001153,Upasna Pant,Beauty Products,No,28-02-2024,4,"Really satisfied, highly recommend this beauty products.",2090.00
ORD001154,Inaya Kalla,Sports Equipment,No,25-02-2025,5,"Really satisfied, highly recommend this sports equipment.",9370.00
ORD001156,Ekalinga Dave,Groceries,No,27-08-2023,3,"The groceries is okay, does the job but nothing special.",1140.00
ORD001157,Kala Vig,Electronics,No,18-02-2023,4,"Excellent quality for the price, would buy electronics again.",23530.00
ORD001158,Urmi Sachdeva,Books,No,06-02-2025,5,"Great books, exactly as described. Very happy with it.",1020.00
ORD001160,Rohan Rajagopalan,Toys,No,07-06-2025,5,"Excellent quality for the price, would buy toys again.",2400.00
ORD001161,Pallavi Lal,Kitchenware,No,31-01-2024,5,"Fast delivery, kitchenware exceeded my expectations.",2910.00
ORD001162,Aishani Saini,Sports Equipment,No,06-01-2025,5,"Excellent quality for the price, would buy sports equipment again.",6060.00
ORD001163,Charan Banerjee,Sports Equipment,No,07-04-2024,5,"Really satisfied, highly recommend this sports equipment.",11820.00
ORD001164,Mohammed Ramachandran,Electronics,No,23-06-2023,5,"Excellent quality for the price, would buy electronics again.",30740.00
ORD001167,Chavvi Rattan,Groceries,No,24-10-2025,4,"Excellent quality for the price, would buy groceries again.",600.00
ORD001169,Lila Kadakia,Clothes,No,10-09-2023,3,"Average clothes, packaging could be better.",1550.00
ORD001170,Vinaya Shukla,Kitchenware,Yes,19-03-2024,4,"Great kitchenware, exactly as described. Very happy with it.",2260.00
ORD001171,Varsha Sundaram,Furniture,No,04-04-2024,4,"Really satisfied, highly recommend this furniture.",16610.00
ORD001172,Maanas Ratta,Groceries,No,29-10-2023,3,"Average groceries, packaging could be better.",300.00
ORD001173,Yug Rao,Electronics,No,06-07-2024,5,"Fast delivery, electronics exceeded my expectations.",48270.00
ORD001174,Viraj Barad,Electronics,No,10-12-2025,5,"Really satisfied, highly recommend this electronics.",13620.00
ORD001175,Veda Muni,Clothes,No,25-01-2023,5,"Excellent quality for the price, would buy clothes again.",1590.00
ORD001176,Charita Vohra,Groceries,No,09-05-2024,3,"The groceries is okay, does the job but nothing special.",290.00
ORD001177,Ikbal Shankar,Toys,No,10-03-2024,3,"The toys is okay, does the job but nothing special.",2340.00
ORD001178,Manbir Mittal,Beauty Products,No,29-03-2024,2,"Not worth the price, expected better beauty products.",2980.00
ORD001179,Neha Warrior,Clothes,No,21-01-2023,4,"Great clothes, exactly as described. Very happy with it.",1060.00
ORD001180,Ronith Nazareth,Furniture,No,07-05-2025,2,"Not worth the price, expected better furniture.",14050.00
ORD001181,Harsh Gala,Shoes,No,08-04-2024,5,"Fast delivery, shoes exceeded my expectations.",2270.00
ORD001182,Yashica Aurora,Sports Equipment,No,26-05-2024,5,"Excellent quality for the price, would buy sports equipment again.",12400.00
ORD001184,Kavya Srivastava,Electronics,No,04-10-2024,4,"Excellent quality for the price, would buy electronics again.",32730.00
ORD001186,Ranbir Kala,Electronics,No,11-11-2025,5,"Excellent quality for the price, would buy electronics again.",19120.00
ORD001187,Bachittar Bala,Groceries,Yes,10-07-2025,5,"Really satisfied, highly recommend this groceries.",1530.00
ORD001188,Dhriti Lad,Kitchenware,No,11-09-2025,4,"Excellent quality for the price, would buy kitchenware again.",4500.00
ORD001190,Aarnav Mand,Shoes,No,14-06-2023,3,"Average shoes, packaging could be better.",5390.00
ORD001191,Ronith Nazareth,Electronics,No,11-01-2025,5,"Fast delivery, electronics exceeded my expectations.",19540.00
ORD001192,Ekalinga Dave,Beauty Products,No,05-04-2025,1,"Disappointed with this beauty products, quality is not good.",560.00
ORD001193,Samuel Rama,Furniture,No,18-01-2023,3,"Average furniture, packaging could be better.",14220.00
ORD001194,Riya Thaman,Groceries,No,18-04-2025,4,"Fast delivery, groceries exceeded my expectations.",660.00
ORD001195,Daksha Kaul,Groceries,No,02-02-2023,1,"Disappointed with this groceries, quality is not good.",520.00
ORD001196,Vivaan Sood,Electronics,No,09-04-2025,3,"The electronics is okay, does the job but nothing special.",24650.00
ORD001197,Benjamin Ratta,Sports Equipment,No,07-12-2023,2,"Received a damaged sports equipment, had to return it.",3240.00
ORD001198,Faris Sethi,Toys,No,14-08-2024,5,"Excellent quality for the price, would buy toys again.",1390.00
ORD001199,Libni Palan,Toys,No,26-09-2025,4,"Really satisfied, highly recommend this toys.",210.00
ORD001200,David Kurian,Electronics,No,24-02-2023,5,"Fast delivery, electronics exceeded my expectations.",47400.00
ORD001201,Janya Sankaran,Kitchenware,Yes,09-09-2023,5,"Fast delivery, kitchenware exceeded my expectations.",4580.00
ORD001202,Vaishnavi Dutt,Toys,No,20-06-2024,5,"Fast delivery, toys exceeded my expectations.",670.00
ORD001203,Akshay Kohli,Clothes,No,05-02-2023,4,"Fast delivery, clothes exceeded my expectations.",1420.00
ORD001204,Nathaniel Kota,Sports Equipment,No,20-12-2023,5,"Really satisfied, highly recommend this sports equipment.",1040.00
ORD001206,Chanchal Chand,Beauty Products,No,22-10-2023,4,"Fast delivery, beauty products exceeded my expectations.",370.00
ORD001208,Omkaar Chopra,Shoes,No,15-08-2023,5,"Great shoes, exactly as described. Very happy with it.",5030.00
ORD001209,Dayamai Kamdar,Electronics,No,04-02-2024,5,"Really satisfied, highly recommend this electronics.",20140.00
ORD001210,Kiaan Jayaraman,Electronics,No,25-01-2024,4,"Excellent quality for the price, would buy electronics again.",46700.00
ORD001211,Dhruv Randhawa,Clothes,No,03-05-2023,3,"The clothes is okay, does the job but nothing special.",820.00
ORD001212,Qabil Lall,Clothes,No,18-12-2023,4,"Really satisfied, highly recommend this clothes.",2910.00
ORD001213,Victor Chada,Clothes,No,02-03-2024,5,"Fast delivery, clothes exceeded my expectations.",2310.00
ORD001214,Sachi Chauhan,Kitchenware,No,24-02-2024,5,"Great kitchenware, exactly as described. Very happy with it.",1040.00
ORD001215,Rajata Venkataraman,Electronics,No,28-04-2025,4,"Really satisfied, highly recommend this electronics.",58190.00
ORD001216,Balveer Agarwal,Groceries,No,16-03-2023,2,"Received a damaged groceries, had to return it.",80.00
ORD001218,Urvashi Ratta,Toys,No,18-05-2023,5,"Great toys, exactly as described. Very happy with it.",2500.00
ORD001219,Girish Swamy,Groceries,No,15-02-2023,4,"Really satisfied, highly recommend this groceries.",630.00
ORD001220,Inaya Taneja,Toys,No,15-12-2024,5,"Really satisfied, highly recommend this toys.",2070.00
ORD001221,Neha Warrior,Kitchenware,No,29-04-2023,4,"Excellent quality for the price, would buy kitchenware again.",4120.00
ORD001223,Daksha Kaul,Beauty Products,No,29-01-2023,4,"Great beauty products, exactly as described. Very happy with it.",1950.00
ORD001224,Zayyan Dutt,Electronics,No,13-02-2024,5,"Really satisfied, highly recommend this electronics.",23330.00
ORD001225,Ishanvi Konda,Electronics,No,30-09-2025,4,"Excellent quality for the price, would buy electronics again.",13080.00
ORD001226,Qasim Muni,Furniture,No,06-02-2024,4,"Excellent quality for the price, would buy furniture again.",4870.00
ORD001227,Hritik Talwar,Sports Equipment,Yes,30-01-2023,5,"Fast delivery, sports equipment exceeded my expectations.",4440.00
ORD001228,Veda Bhatnagar,Toys,No,13-07-2024,3,"Average toys, packaging could be better.",2110.00
ORD001231,Chavvi Rattan,Kitchenware,No,13-04-2023,4,"Really satisfied, highly recommend this kitchenware.",1130.00
ORD001232,Ayaan Krishnamurthy,Groceries,No,15-09-2024,4,"Really satisfied, highly recommend this groceries.",1730.00
ORD001233,Omya Boase,Clothes,No,07-10-2023,3,"Average clothes, packaging could be better.",570.00
ORD001235,Nathan Mander,Furniture,No,14-06-2024,3,"Average furniture, packaging could be better.",27760.00
ORD001236,Pranit Vig,Electronics,No,02-04-2023,5,"Fast delivery, electronics exceeded my expectations.",33230.00
ORD001237,Shivani Sane,Clothes,Yes,23-06-2024,4,"Fast delivery, clothes exceeded my expectations.",600.00
ORD001238,Lakshit Mangat,Furniture,No,10-11-2025,5,"Really satisfied, highly recommend this furniture.",39320.00
ORD001239,Brinda Mammen,Beauty Products,No,08-08-2024,1,"Received a damaged beauty products, had to return it.",2730.00
ORD001241,Pahal Kuruvilla,Clothes,No,17-11-2023,4,"Fast delivery, clothes exceeded my expectations.",520.00
ORD001242,Vinaya Shukla,Toys,No,10-10-2023,4,"Really satisfied, highly recommend this toys.",770.00
ORD001243,Yamini Bir,Books,No,07-11-2025,5,"Really satisfied, highly recommend this books.",460.00
ORD001244,Falak Anne,Clothes,No,21-06-2023,2,"Disappointed with this clothes, quality is not good.",2600.00
ORD001246,Henry Bora,Electronics,No,22-01-2024,4,"Great electronics, exactly as described. Very happy with it.",20910.00
ORD001247,Saanvi Agarwal,Shoes,No,01-11-2025,5,"Fast delivery, shoes exceeded my expectations.",1200.00
ORD001248,Chandresh Bahl,Shoes,No,19-04-2024,4,"Excellent quality for the price, would buy shoes again.",2530.00
ORD001249,Warhi Iyer,Books,No,15-05-2023,3,"The books is okay, does the job but nothing special.",390.00
ORD001251,Manthan Lata,Electronics,No,06-07-2025,5,"Great electronics, exactly as described. Very happy with it.",37570.00
ORD001252,Faras Garg,Furniture,No,26-10-2024,5,"Great furniture, exactly as described. Very happy with it.",28770.00
ORD001253,Aarnav Pant,Books,Yes,24-08-2025,5,"Excellent quality for the price, would buy books again.",1390.00
ORD001254,Shivani Murthy,Shoes,No,23-09-2023,5,"Fast delivery, shoes exceeded my expectations.",5380.00
ORD001255,Vincent Barad,Furniture,No,26-10-2023,4,"Really satisfied, highly recommend this furniture.",42030.00
ORD001256,Manya Shere,Kitchenware,No,28-01-2025,5,"Really satisfied, highly recommend this kitchenware.",2050.00
ORD001257,Ranbir Kala,Electronics,No,09-12-2024,5,"Fast delivery, electronics exceeded my expectations.",51830.00
ORD001258,Bina Sankaran,Kitchenware,Yes,02-11-2023,3,"Average kitchenware, packaging could be better.",4480.00
ORD001259,Mekhala Chakraborty,Electronics,No,13-01-2024,4,"Great electronics, exactly as described. Very happy with it.",25930.00
ORD001260,Veda Bhatnagar,Books,No,23-09-2023,5,"Really satisfied, highly recommend this books.",1070.00
ORD001261,Siya Dhillon,Electronics,No,30-01-2025,3,"The electronics is okay, does the job but nothing special.",30010.00
ORD001262,Tanvi Ghosh,Kitchenware,No,08-01-2024,5,"Excellent quality for the price, would buy kitchenware again.",2640.00
ORD001263,Tara Sur,Shoes,No,17-09-2024,2,"Disappointed with this shoes, quality is not good.",7540.00
ORD001264,Isha Bhatnagar,Clothes,No,30-01-2023,4,"Great clothes, exactly as described. Very happy with it.",2710.00
ORD001266,Charita Vohra,Beauty Products,No,16-08-2024,5,"Excellent quality for the price, would buy beauty products again.",1910.00
ORD001267,Utkarsh Din,Groceries,No,15-01-2023,5,"Great groceries, exactly as described. Very happy with it.",680.00
ORD001268,Bhavna Sood,Clothes,No,10-08-2024,4,"Great clothes, exactly as described. Very happy with it.",2630.00
ORD001269,Aishani Saini,Electronics,No,04-01-2026,5,"Great electronics, exactly as described. Very happy with it.",41700.00
ORD001270,Gaurangi Aurora,Books,No,13-01-2024,5,"Great books, exactly as described. Very happy with it.",270.00
ORD001271,Charvi Subramanian,Kitchenware,Yes,22-07-2024,5,"Fast delivery, kitchenware exceeded my expectations.",1010.00
ORD001272,Wakeeta Tella,Kitchenware,No,04-05-2025,1,"Disappointed with this kitchenware, quality is not good.",1900.00
ORD001273,Hemangini Sekhon,Toys,No,25-05-2025,5,"Fast delivery, toys exceeded my expectations.",2710.00
ORD001274,Reva Dada,Shoes,Yes,08-02-2025,5,"Great shoes, exactly as described. Very happy with it.",2230.00
ORD001275,Libni Palan,Kitchenware,No,16-06-2025,2,"Received a damaged kitchenware, had to return it.",2370.00
ORD001276,Advaith Bhatti,Electronics,No,14-02-2025,4,"Excellent quality for the price, would buy electronics again.",44280.00
ORD001277,Imaran Hari,Furniture,No,07-02-2025,4,"Excellent quality for the price, would buy furniture again.",6820.00
ORD001279,Ishanvi Nagar,Groceries,No,21-09-2023,4,"Fast delivery, groceries exceeded my expectations.",370.00
ORD001280,Varsha Sundaram,Groceries,No,05-08-2023,5,"Really satisfied, highly recommend this groceries.",540.00
ORD001281,Ladli Yadav,Groceries,No,04-02-2023,5,"Excellent quality for the price, would buy groceries again.",400.00
ORD001282,Januja Iyengar,Shoes,No,22-01-2023,5,"Fast delivery, shoes exceeded my expectations.",5020.00
ORD001283,Yatin Balakrishnan,Sports Equipment,Yes,25-09-2025,5,"Really satisfied, highly recommend this sports equipment.",1530.00
ORD001284,Pallavi Lal,Electronics,No,06-04-2023,4,"Great electronics, exactly as described. Very happy with it.",11260.00
ORD001286,Viraj Arora,Toys,No,15-01-2024,5,"Great toys, exactly as described. Very happy with it.",160.00
ORD001288,Yashvi Bahl,Electronics,No,27-06-2023,3,"Average electronics, packaging could be better.",27770.00
ORD001289,Pranav Saraf,Groceries,No,14-07-2025,3,"The groceries is okay, does the job but nothing special.",970.00
ORD001291,Zehaan Devan,Beauty Products,No,05-06-2025,1,"Received a damaged beauty products, had to return it.",2970.00
ORD001292,Ekalinga Joshi,Groceries,No,10-12-2023,3,"The groceries is okay, does the job but nothing special.",1270.00
ORD001293,Warinder Narang,Groceries,No,21-11-2024,4,"Great groceries, exactly as described. Very happy with it.",1010.00
ORD001294,Widisha Minhas,Beauty Products,Yes,15-02-2024,5,"Really satisfied, highly recommend this beauty products.",1340.00
ORD001296,Azaan Sachar,Books,No,23-07-2025,3,"The books is okay, does the job but nothing special.",220.00
ORD001298,Zaitra Bora,Electronics,No,27-02-2024,5,"Great electronics, exactly as described. Very happy with it.",16170.00
ORD001299,Chandani Datta,Beauty Products,No,29-01-2025,3,"The beauty products is okay, does the job but nothing special.",1330.00
ORD001301,Arunima Parsa,Clothes,No,28-05-2025,3,"Average clothes, packaging could be better.",1460.00
ORD001302,Harsh Karan,Shoes,No,29-05-2023,4,"Excellent quality for the price, would buy shoes again.",6260.00
ORD001304,Chakradev Bains,Groceries,No,08-10-2025,4,"Excellent quality for the price, would buy groceries again.",1810.00
ORD001305,Yashica Kota,Beauty Products,No,02-11-2025,2,"Not worth the price, expected better beauty products.",2010.00
ORD001306,Frado Joshi,Clothes,No,03-09-2025,5,"Excellent quality for the price, would buy clothes again.",590.00
ORD001308,Balhaar Gade,Beauty Products,No,04-02-2024,5,"Great beauty products, exactly as described. Very happy with it.",2960.00
ORD001309,Gabriel Randhawa,Clothes,No,31-10-2024,5,"Great clothes, exactly as described. Very happy with it.",1260.00
ORD001311,Praneel Bajaj,Shoes,No,06-02-2025,4,"Fast delivery, shoes exceeded my expectations.",2670.00
ORD001312,Victor Chada,Kitchenware,No,23-06-2025,4,"Great kitchenware, exactly as described. Very happy with it.",1820.00
ORD001314,Kabir Krishnamurthy,Toys,No,09-12-2023,4,"Fast delivery, toys exceeded my expectations.",1890.00
ORD001315,Alka Magar,Clothes,No,23-02-2025,3,"The clothes is okay, does the job but nothing special.",770.00
ORD001316,Baljiwan Chadha,Shoes,No,30-12-2024,4,"Fast delivery, shoes exceeded my expectations.",4960.00
ORD001317,George Golla,Electronics,No,17-07-2025,1,"Received a damaged electronics, had to return it.",15730.00
ORD001318,Wakeeta Raval,Shoes,No,07-12-2025,2,"Not worth the price, expected better shoes.",5800.00
ORD001319,Lipika Chadha,Shoes,No,15-01-2025,5,"Excellent quality for the price, would buy shoes again.",1720.00
ORD001320,Om Sastry,Books,No,02-11-2025,4,"Great books, exactly as described. Very happy with it.",690.00
ORD001322,Meera Chawla,Groceries,No,24-07-2024,4,"Really satisfied, highly recommend this groceries.",1740.00
ORD001323,Ganga Bumb,Groceries,No,18-06-2024,4,"Really satisfied, highly recommend this groceries.",340.00
ORD001324,Pratyush Bansal,Books,Yes,28-04-2025,5,"Great books, exactly as described. Very happy with it.",300.00
ORD001325,Chatura Kala,Groceries,No,29-03-2024,5,"Fast delivery, groceries exceeded my expectations.",170.00
ORD001326,Banjeet Memon,Groceries,No,10-07-2023,4,"Excellent quality for the price, would buy groceries again.",390.00
ORD001327,Viraj Barad,Kitchenware,No,27-06-2025,2,"Received a damaged kitchenware, had to return it.",2720.00
ORD001328,Imaran Dara,Books,No,14-02-2025,3,"The books is okay, does the job but nothing special.",1370.00
ORD001329,Nidhi Baria,Groceries,No,14-12-2024,1,"Not worth the price, expected better groceries.",1580.00
ORD001330,Saumya Ratti,Electronics,No,03-01-2026,3,"Average electronics, packaging could be better.",55020.00
ORD001331,Elijah Raman,Electronics,No,31-08-2025,3,"The electronics is okay, does the job but nothing special.",38300.00
ORD001332,Anusha Raja,Clothes,No,19-02-2024,5,"Really satisfied, highly recommend this clothes.",1480.00
ORD001333,Meera Chawla,Beauty Products,No,11-12-2024,3,"Average beauty products, packaging could be better.",1950.00
ORD001334,Dhruv Bandi,Electronics,No,12-10-2024,4,"Excellent quality for the price, would buy electronics again.",9150.00
ORD001335,Mohammed Ramachandran,Electronics,No,29-05-2023,5,"Excellent quality for the price, would buy electronics again.",31720.00
ORD001337,Veda Muni,Electronics,No,05-02-2024,5,"Fast delivery, electronics exceeded my expectations.",46130.00
ORD001338,Vivaan Grewal,Clothes,No,27-07-2024,1,"Received a damaged clothes, had to return it.",1540.00
ORD001339,Odika Iyengar,Kitchenware,No,09-06-2024,3,"Average kitchenware, packaging could be better.",3500.00
ORD001340,Maanav Madan,Shoes,No,06-02-2023,5,"Great shoes, exactly as described. Very happy with it.",2730.00
ORD001341,Anika Rout,Electronics,No,04-04-2023,2,"Received a damaged electronics, had to return it.",33800.00
ORD001342,Vedika Ramesh,Books,Yes,01-05-2024,3,"The books is okay, does the job but nothing special.",1260.00
ORD001343,Charan Mangal,Beauty Products,No,17-05-2024,5,"Really satisfied, highly recommend this beauty products.",2170.00
ORD001344,Isha Bhatnagar,Sports Equipment,No,27-10-2024,5,"Great sports equipment, exactly as described. Very happy with it.",7470.00
ORD001345,Brinda Mammen,Electronics,No,23-07-2023,4,"Really satisfied, highly recommend this electronics.",6270.00
ORD001346,Elijah Luthra,Books,No,03-07-2025,4,"Really satisfied, highly recommend this books.",1370.00
ORD001347,Anvi Shan,Clothes,No,18-04-2024,3,"Average clothes, packaging could be better.",460.00
ORD001348,Devansh Mital,Books,No,25-05-2025,4,"Fast delivery, books exceeded my expectations.",1030.00
ORD001349,Mitali Verma,Books,No,07-04-2023,4,"Fast delivery, books exceeded my expectations.",810.00
ORD001350,Chandran Solanki,Groceries,No,25-09-2025,3,"The groceries is okay, does the job but nothing special.",1290.00
ORD001351,Veda Muni,Beauty Products,No,14-08-2025,5,"Excellent quality for the price, would buy beauty products again.",1180.00
ORD001352,Tanay Lal,Furniture,No,12-03-2025,4,"Great furniture, exactly as described. Very happy with it.",3200.00
ORD001353,Fariq Gandhi,Sports Equipment,No,25-06-2025,5,"Fast delivery, sports equipment exceeded my expectations.",1800.00
ORD001354,Rohan Rajagopalan,Furniture,No,10-01-2023,1,"Disappointed with this furniture, quality is not good.",16500.00
ORD001355,Jai Bhatia,Shoes,No,26-01-2023,3,"Average shoes, packaging could be better.",6020.00
ORD001356,Shaurya Bora,Groceries,No,01-01-2025,4,"Fast delivery, groceries exceeded my expectations.",1760.00
ORD001358,Nitesh Dayal,Clothes,No,06-09-2024,4,"Excellent quality for the price, would buy clothes again.",2660.00
ORD001359,Shivansh Puri,Furniture,No,15-01-2025,4,"Fast delivery, furniture exceeded my expectations.",39980.00
ORD001360,Abhiram Mitter,Sports Equipment,No,01-02-2025,4,"Fast delivery, sports equipment exceeded my expectations.",640.00
ORD001361,Gautam Aurora,Kitchenware,No,08-11-2024,4,"Fast delivery, kitchenware exceeded my expectations.",2410.00
ORD001363,Victor Chada,Electronics,No,19-01-2025,3,"Average electronics, packaging could be better.",38760.00
ORD001366,Gautami Lall,Books,No,13-01-2024,3,"Average books, packaging could be better.",230.00
ORD001368,Janaki Din,Clothes,No,07-04-2024,3,"Average clothes, packaging could be better.",1020.00
ORD001369,Wakeeta Tella,Clothes,No,03-09-2025,5,"Excellent quality for the price, would buy clothes again.",2230.00
ORD001370,Janya Buch,Toys,No,28-01-2024,4,"Excellent quality for the price, would buy toys again.",2280.00
ORD001372,Balvan Jani,Books,No,06-01-2026,4,"Really satisfied, highly recommend this books.",1480.00
ORD001373,Urishilla Naik,Clothes,No,26-07-2024,4,"Fast delivery, clothes exceeded my expectations.",2110.00
ORD001374,Utkarsh Din,Books,No,24-04-2024,1,"Not worth the price, expected better books.",720.00
ORD001375,Gavin Gade,Groceries,No,02-02-2025,4,"Really satisfied, highly recommend this groceries.",420.00
ORD001376,Balveer Dani,Kitchenware,No,25-05-2023,4,"Great kitchenware, exactly as described. Very happy with it.",5000.00
ORD001378,Zansi Dixit,Kitchenware,No,21-11-2025,5,"Fast delivery, kitchenware exceeded my expectations.",3770.00
ORD001379,Ronith Nazareth,Shoes,No,05-12-2025,4,"Great shoes, exactly as described. Very happy with it.",5700.00
ORD001380,Kavya Srivastava,Furniture,No,25-06-2025,4,"Really satisfied, highly recommend this furniture.",33720.00
ORD001381,Wakeeta Raval,Books,No,18-01-2024,5,"Fast delivery, books exceeded my expectations.",340.00
ORD001382,Vritti Chopra,Electronics,No,02-03-2023,3,"Average electronics, packaging could be better.",31800.00
ORD001383,Kamya Lanka,Clothes,No,31-05-2023,4,"Great clothes, exactly as described. Very happy with it.",1720.00
ORD001384,Sarthak Puri,Shoes,No,15-09-2024,5,"Fast delivery, shoes exceeded my expectations.",3840.00
ORD001387,Kritika Chacko,Sports Equipment,No,18-08-2024,3,"The sports equipment is okay, does the job but nothing special.",5760.00
ORD001388,Chanchal Chand,Beauty Products,No,23-04-2024,4,"Great beauty products, exactly as described. Very happy with it.",1460.00
ORD001389,Zaitra Bora,Groceries,No,05-11-2023,5,"Really satisfied, highly recommend this groceries.",1420.00
ORD001390,Chaman Varty,Sports Equipment,No,31-07-2025,5,"Excellent quality for the price, would buy sports equipment again.",2010.00
ORD001391,Vaishnavi Shroff,Books,No,21-11-2025,3,"The books is okay, does the job but nothing special.",480.00
ORD001393,Guneet Tripathi,Books,Yes,10-02-2025,2,"Received a damaged books, had to return it.",820.00
ORD001394,Praneel Bajaj,Groceries,No,18-03-2023,4,"Fast delivery, groceries exceeded my expectations.",890.00
ORD001397,Daksha Kaul,Groceries,Yes,28-11-2023,4,"Excellent quality for the price, would buy groceries again.",1470.00
ORD001400,Qushi Pau,Groceries,No,24-07-2023,1,"Not worth the price, expected better groceries.",1060.00
ORD001405,Akshay Ram,Groceries,No,09-10-2023,4,"Excellent quality for the price, would buy groceries again.",640.00
ORD001406,Oviya Tara,Beauty Products,No,08-08-2023,5,"Really satisfied, highly recommend this beauty products.",2860.00
ORD001407,Rajeshri Kapadia,Electronics,No,22-06-2025,3,"The electronics is okay, does the job but nothing special.",27240.00
ORD001408,Meera Bajaj,Electronics,No,16-11-2025,4,"Fast delivery, electronics exceeded my expectations.",54320.00
ORD001409,Hamsini Bhatia,Toys,No,22-06-2025,2,"Not worth the price, expected better toys.",2400.00
ORD001410,Dayamai Kamdar,Clothes,No,02-02-2024,4,"Really satisfied, highly recommend this clothes.",450.00
ORD001411,Isha Bhatnagar,Groceries,No,12-07-2025,3,"Average groceries, packaging could be better.",980.00
ORD001412,Yashica Kota,Clothes,No,01-03-2024,5,"Great clothes, exactly as described. Very happy with it.",660.00
ORD001413,Quincy Parsa,Groceries,No,19-06-2025,3,"Average groceries, packaging could be better.",690.00
ORD001414,Manthan Lata,Beauty Products,No,03-05-2024,4,"Excellent quality for the price, would buy beauty products again.",1180.00
ORD001415,Aradhana Golla,Electronics,No,20-08-2023,4,"Great electronics, exactly as described. Very happy with it.",22180.00
ORD001417,Gavin Lalla,Books,No,31-07-2023,2,"Received a damaged books, had to return it.",390.00
ORD001419,Eshana Lad,Books,No,07-07-2023,2,"Not worth the price, expected better books.",980.00
ORD001421,Rohan Rajagopalan,Books,No,27-05-2024,5,"Great books, exactly as described. Very happy with it.",1200.00
ORD001422,Yahvi Wadhwa,Furniture,No,05-09-2023,4,"Great furniture, exactly as described. Very happy with it.",1580.00
ORD001424,Leena Ratta,Books,No,30-03-2023,5,"Really satisfied, highly recommend this books.",1500.00
ORD001425,Lopa Narasimhan,Toys,No,12-01-2026,2,"Disappointed with this toys, quality is not good.",2370.00
ORD001426,Jyoti Oak,Electronics,No,01-12-2025,4,"Really satisfied, highly recommend this electronics.",31280.00
ORD001427,Aachal Andra,Sports Equipment,No,12-09-2025,2,"Disappointed with this sports equipment, quality is not good.",7070.00
ORD001428,Amaira Sarin,Furniture,Yes,23-04-2025,5,"Great furniture, exactly as described. Very happy with it.",5050.00
ORD001429,Rachit Bedi,Books,No,05-06-2024,4,"Great books, exactly as described. Very happy with it.",530.00
ORD001430,Karan Bail,Beauty Products,Yes,04-06-2025,5,"Great beauty products, exactly as described. Very happy with it.",2270.00
ORD001432,Garima Agarwal,Groceries,No,08-10-2023,5,"Really satisfied, highly recommend this groceries.",790.00
ORD001434,Frado Raj,Toys,No,30-01-2023,5,"Fast delivery, toys exceeded my expectations.",2700.00
ORD001438,Yauvani Hora,Clothes,Yes,08-09-2024,4,"Excellent quality for the price, would buy clothes again.",2340.00
ORD001440,Yatan Keer,Clothes,No,19-02-2025,5,"Excellent quality for the price, would buy clothes again.",2860.00
ORD001441,Chanchal Sastry,Electronics,No,08-11-2025,4,"Great electronics, exactly as described. Very happy with it.",29970.00
ORD001442,Pratyush Madan,Groceries,No,24-09-2024,5,"Really satisfied, highly recommend this groceries.",1610.00
ORD001443,Aarnav Pant,Clothes,No,27-04-2024,4,"Excellent quality for the price, would buy clothes again.",510.00
ORD001444,Damyanti Sahni,Groceries,No,01-03-2025,5,"Fast delivery, groceries exceeded my expectations.",470.00
ORD001445,Harinakshi Sama,Groceries,No,19-07-2025,3,"The groceries is okay, does the job but nothing special.",600.00
ORD001446,Gavin Lalla,Electronics,No,02-08-2024,5,"Excellent quality for the price, would buy electronics again.",36990.00
ORD001447,Kritika Chacko,Groceries,No,28-05-2025,5,"Fast delivery, groceries exceeded my expectations.",320.00
ORD001448,Lipika Lal,Shoes,No,20-02-2023,2,"Disappointed with this shoes, quality is not good.",2860.00
ORD001449,Laksh Sani,Toys,No,03-10-2024,3,"Average toys, packaging could be better.",1940.00
ORD001450,Nandini Karan,Clothes,No,27-08-2023,5,"Fast delivery, clothes exceeded my expectations.",2280.00
ORD001452,Victor Goda,Electronics,No,01-09-2025,3,"The electronics is okay, does the job but nothing special.",8960.00
ORD001453,Libni Palan,Shoes,No,23-04-2024,4,"Great shoes, exactly as described. Very happy with it.",740.00
ORD001454,Orinder Dhaliwal,Groceries,No,01-12-2025,3,"The groceries is okay, does the job but nothing special.",1340.00
ORD001455,Eshana Dyal,Sports Equipment,No,20-05-2025,1,"Not worth the price, expected better sports equipment.",10280.00
ORD001456,Isha Bhatnagar,Books,No,28-04-2023,3,"The books is okay, does the job but nothing special.",640.00
ORD001457,Tanvi Ghosh,Kitchenware,No,28-04-2025,2,"Received a damaged kitchenware, had to return it.",1500.00
ORD001458,Janaki Din,Furniture,No,10-08-2023,4,"Great furniture, exactly as described. Very happy with it.",21860.00
ORD001459,Brinda Mammen,Beauty Products,No,15-08-2024,5,"Really satisfied, highly recommend this beauty products.",2410.00
ORD001460,Eshana Dyal,Shoes,Yes,17-06-2025,5,"Fast delivery, shoes exceeded my expectations.",610.00
ORD001461,Amara Mitra,Groceries,No,24-09-2024,3,"Average groceries, packaging could be better.",1180.00
ORD001463,Rayaan Malhotra,Sports Equipment,No,25-10-2025,4,"Excellent quality for the price, would buy sports equipment again.",6980.00
ORD001464,Krisha Ganguly,Clothes,No,26-11-2025,4,"Fast delivery, clothes exceeded my expectations.",680.00
ORD001465,Rishi Borde,Electronics,No,13-05-2025,2,"Not worth the price, expected better electronics.",15720.00
ORD001467,Rajata Venkataraman,Kitchenware,No,02-07-2024,5,"Excellent quality for the price, would buy kitchenware again.",1130.00
ORD001468,Yoshita Soman,Kitchenware,No,10-10-2023,3,"The kitchenware is okay, does the job but nothing special.",3980.00
ORD001471,Owen Trivedi,Groceries,No,28-07-2023,3,"The groceries is okay, does the job but nothing special.",1990.00
ORD001472,Falan Chana,Groceries,No,11-01-2026,5,"Really satisfied, highly recommend this groceries.",290.00
ORD001473,Meera Chawla,Furniture,No,28-03-2025,4,"Really satisfied, highly recommend this furniture.",43950.00
ORD001475,Faris Sethi,Toys,No,17-04-2025,1,"Not worth the price, expected better toys.",780.00
ORD001476,Vedika Ramesh,Electronics,No,04-11-2023,4,"Fast delivery, electronics exceeded my expectations.",33660.00
ORD001478,Xavier Soman,Beauty Products,No,30-06-2023,5,"Excellent quality for the price, would buy beauty products again.",1340.00
ORD001480,Falak Gulati,Groceries,Yes,23-10-2024,4,"Fast delivery, groceries exceeded my expectations.",1090.00
ORD001481,Falan Chana,Furniture,No,06-01-2024,3,"The furniture is okay, does the job but nothing special.",47730.00
ORD001483,Falan Johal,Groceries,No,17-08-2023,4,"Excellent quality for the price, would buy groceries again.",610.00
ORD001484,Frado Raj,Beauty Products,No,16-04-2024,4,"Fast delivery, beauty products exceeded my expectations.",1850.00
ORD001486,Nidra Grewal,Furniture,No,20-06-2025,5,"Really satisfied, highly recommend this furniture.",33120.00
ORD001487,Bahadurjit Arora,Clothes,No,10-02-2025,5,"Great clothes, exactly as described. Very happy with it.",2230.00
ORD001488,Urvashi Suri,Electronics,No,10-05-2024,2,"Received a damaged electronics, had to return it.",16970.00
ORD001489,Yashica Kota,Groceries,No,30-05-2025,5,"Great groceries, exactly as described. Very happy with it.",980.00
ORD001490,Waida Bandi,Electronics,No,16-03-2024,2,"Not worth the price, expected better electronics.",37130.00
ORD001491,Dayamai Sangha,Kitchenware,No,04-10-2023,5,"Great kitchenware, exactly as described. Very happy with it.",1380.00
ORD001492,Timothy Bhandari,Beauty Products,No,10-10-2025,5,"Excellent quality for the price, would buy beauty products again.",1720.00
ORD001493,Owen Trivedi,Shoes,No,16-08-2025,5,"Fast delivery, shoes exceeded my expectations.",2060.00
ORD001494,Owen Trivedi,Shoes,No,29-07-2023,4,"Fast delivery, shoes exceeded my expectations.",5410.00
ORD001495,Tanay Lal,Electronics,No,13-02-2024,2,"Received a damaged electronics, had to return it.",34310.00
ORD001496,Gautami Sarin,Electronics,No,05-11-2025,4,"Great electronics, exactly as described. Very happy with it.",49910.00
ORD001497,Qabil Lall,Electronics,No,10-07-2024,4,"Fast delivery, electronics exceeded my expectations.",58630.00
ORD001498,Indali Kunda,Sports Equipment,No,18-07-2025,4,"Really satisfied, highly recommend this sports equipment.",2540.00
ORD001500,Harinakshi Sama,Beauty Products,No,31-12-2023,5,"Excellent quality for the price, would buy beauty products again.",440.00
ORD001501,Nidra Devan,Furniture,No,28-09-2023,5,"Excellent quality for the price, would buy furniture again.",19600.00
ORD001502,Abha Ravi,Groceries,No,24-11-2024,4,"Fast delivery, groceries exceeded my expectations.",1630.00
ORD001503,Girish Rattan,Groceries,No,29-04-2023,4,"Excellent quality for the price, would buy groceries again.",1670.00
ORD001506,Ryan Venkataraman,Beauty Products,No,03-11-2025,3,"Average beauty products, packaging could be better.",1850.00
ORD001507,Ikbal Shankar,Furniture,Yes,04-05-2023,5,"Really satisfied, highly recommend this furniture.",23770.00
ORD001508,Lipika Lal,Electronics,No,19-10-2025,2,"Not worth the price, expected better electronics.",52620.00
ORD001510,Oni Dhawan,Electronics,Yes,11-06-2025,5,"Excellent quality for the price, would buy electronics again.",34270.00
ORD001511,Charvi Date,Kitchenware,No,02-03-2023,5,"Great kitchenware, exactly as described. Very happy with it.",2390.00
ORD001513,Manya Shere,Kitchenware,No,12-08-2023,2,"Not worth the price, expected better kitchenware.",220.00
ORD001515,Timothy Bhandari,Books,No,02-06-2023,5,"Really satisfied, highly recommend this books.",730.00
ORD001516,Simon Mitter,Groceries,Yes,02-05-2025,4,"Great groceries, exactly as described. Very happy with it.",1540.00
ORD001517,Upasna Pant,Beauty Products,No,21-11-2025,5,"Great beauty products, exactly as described. Very happy with it.",1370.00
ORD001519,Harsh Agrawal,Clothes,No,05-06-2025,3,"Average clothes, packaging could be better.",2700.00
ORD001520,Harshil Muni,Kitchenware,No,08-09-2025,2,"Not worth the price, expected better kitchenware.",4950.00
ORD001521,Aarav Nagy,Groceries,No,12-08-2023,4,"Great groceries, exactly as described. Very happy with it.",1400.00
ORD001522,Yamini Garg,Electronics,No,16-05-2024,4,"Really satisfied, highly recommend this electronics.",33090.00
ORD001523,Noah Sur,Sports Equipment,No,17-03-2023,5,"Really satisfied, highly recommend this sports equipment.",14480.00
ORD001524,Akshay Ram,Toys,No,18-11-2023,1,"Received a damaged toys, had to return it.",760.00
ORD001525,Falak Anne,Electronics,No,01-01-2026,5,"Fast delivery, electronics exceeded my expectations.",30260.00
ORD001528,Yug Rao,Furniture,No,15-12-2023,1,"Disappointed with this furniture, quality is not good.",36800.00
ORD001529,Kevin Suresh,Furniture,No,09-01-2026,2,"Not worth the price, expected better furniture.",33240.00
ORD001531,Osha Patil,Electronics,No,14-03-2025,3,"The electronics is okay, does the job but nothing special.",23620.00
ORD001532,Adya Sangha,Shoes,No,28-08-2024,5,"Great shoes, exactly as described. Very happy with it.",3220.00
ORD001533,Hamsini Chandra,Books,No,10-10-2025,5,"Great books, exactly as described. Very happy with it.",1280.00
ORD001535,Advik Hegde,Furniture,No,25-05-2023,5,"Fast delivery, furniture exceeded my expectations.",37110.00
ORD001537,Harish Shetty,Groceries,No,14-04-2023,5,"Great groceries, exactly as described. Very happy with it.",820.00
ORD001538,Falak Gulati,Groceries,No,08-11-2023,4,"Great groceries, exactly as described. Very happy with it.",980.00
ORD001539,Owen Oommen,Furniture,No,24-11-2023,5,"Excellent quality for the price, would buy furniture again.",22590.00
ORD001540,Elijah Wason,Clothes,No,18-06-2024,5,"Excellent quality for the price, would buy clothes again.",1070.00
ORD001541,Saksham Mani,Toys,No,09-11-2024,4,"Excellent quality for the price, would buy toys again.",1130.00
ORD001542,Balvan Jani,Beauty Products,No,08-04-2025,3,"The beauty products is okay, does the job but nothing special.",2490.00
ORD001543,Imaran Dara,Groceries,No,29-07-2024,4,"Excellent quality for the price, would buy groceries again.",830.00
ORD001545,Arya Thakkar,Books,No,07-03-2023,4,"Great books, exactly as described. Very happy with it.",630.00
ORD001546,Yasti Mutti,Sports Equipment,No,25-01-2023,5,"Fast delivery, sports equipment exceeded my expectations.",14320.00
ORD001547,Aradhana Sethi,Beauty Products,No,02-09-2025,4,"Excellent quality for the price, would buy beauty products again.",1830.00
ORD001548,Vincent Tara,Clothes,No,30-12-2024,5,"Excellent quality for the price, would buy clothes again.",480.00
ORD001550,Jai Bhatia,Furniture,No,06-04-2025,5,"Excellent quality for the price, would buy furniture again.",22350.00
ORD001552,Abha Keer,Toys,No,31-08-2023,5,"Really satisfied, highly recommend this toys.",2090.00
ORD001553,Benjamin Ratta,Books,Yes,06-07-2025,4,"Fast delivery, books exceeded my expectations.",930.00
ORD001554,Ubika Sarna,Groceries,No,03-10-2023,1,"Disappointed with this groceries, quality is not good.",840.00
ORD001555,Oviya Tara,Electronics,No,26-08-2024,5,"Excellent quality for the price, would buy electronics again.",44490.00
ORD001556,Onkar Sarin,Electronics,No,10-08-2024,5,"Really satisfied, highly recommend this electronics.",52930.00
ORD001557,Harish Shetty,Electronics,No,09-07-2023,2,"Not worth the price, expected better electronics.",54790.00
ORD001558,Nandini Karan,Groceries,No,05-06-2025,4,"Really satisfied, highly recommend this groceries.",1380.00
ORD001559,Darpan Gour,Electronics,No,08-05-2024,5,"Excellent quality for the price, would buy electronics again.",10970.00
ORD001560,Neha Warrior,Electronics,No,31-01-2023,5,"Really satisfied, highly recommend this electronics.",33460.00
ORD001561,Benjamin Barad,Electronics,No,30-09-2023,4,"Great electronics, exactly as described. Very happy with it.",3420.00
ORD001563,Nathaniel Narain,Groceries,No,25-08-2024,3,"Average groceries, packaging could be better.",310.00
ORD001564,Ubika Bains,Books,No,27-09-2025,4,"Excellent quality for the price, would buy books again.",1180.00
ORD001566,Pranit Kohli,Electronics,No,04-03-2023,4,"Really satisfied, highly recommend this electronics.",39680.00
ORD001567,Ganga Bumb,Furniture,No,29-03-2024,5,"Great furniture, exactly as described. Very happy with it.",23260.00
ORD001568,Ubika Bains,Kitchenware,No,03-03-2024,3,"The kitchenware is okay, does the job but nothing special.",1020.00
ORD001569,Qadim Agrawal,Toys,No,10-04-2024,4,"Really satisfied, highly recommend this toys.",1950.00
ORD001571,Gaurika Ganesh,Electronics,No,13-03-2025,4,"Excellent quality for the price, would buy electronics again.",7530.00
ORD001572,Harsh Karan,Electronics,No,14-09-2023,4,"Really satisfied, highly recommend this electronics.",35470.00
ORD001573,Urmi Wali,Beauty Products,No,29-05-2025,4,"Excellent quality for the price, would buy beauty products again.",2020.00
ORD001574,Triveni Mallick,Kitchenware,No,24-11-2025,3,"Average kitchenware, packaging could be better.",320.00
ORD001576,Nitesh Dayal,Beauty Products,No,05-04-2023,2,"Received a damaged beauty products, had to return it.",740.00
ORD001577,Neha Warrior,Books,Yes,28-04-2023,5,"Great books, exactly as described. Very happy with it.",990.00
ORD001578,Zaid Sandal,Books,Yes,20-06-2023,5,"Excellent quality for the price, would buy books again.",1490.00
ORD001580,Banjeet Rastogi,Electronics,No,11-06-2023,4,"Great electronics, exactly as described. Very happy with it.",11120.00
ORD001581,Rushil Brahmbhatt,Beauty Products,No,24-07-2023,1,"Disappointed with this beauty products, quality is not good.",460.00
ORD001583,Zayyan Dutt,Clothes,No,18-11-2024,5,"Really satisfied, highly recommend this clothes.",2220.00
ORD001584,George Madan,Shoes,No,29-06-2023,1,"Not worth the price, expected better shoes.",6900.00
ORD001586,Sneha Nori,Beauty Products,No,16-02-2025,4,"Excellent quality for the price, would buy beauty products again.",1240.00
ORD001587,Sarthak Rai,Shoes,No,15-01-2024,3,"Average shoes, packaging could be better.",3270.00
ORD001588,Jhalak Sekhon,Sports Equipment,No,24-10-2023,2,"Received a damaged sports equipment, had to return it.",10510.00
ORD001589,Advaith Bhatti,Sports Equipment,No,23-05-2023,3,"Average sports equipment, packaging could be better.",11650.00
ORD001590,Anvi Shan,Beauty Products,Yes,05-01-2026,5,"Great beauty products, exactly as described. Very happy with it.",1780.00
ORD001591,Max Aurora,Electronics,No,09-05-2024,5,"Fast delivery, electronics exceeded my expectations.",43590.00
ORD001592,Watika Wali,Clothes,No,24-06-2025,5,"Fast delivery, clothes exceeded my expectations.",630.00
ORD001593,Dhruv Randhawa,Groceries,No,08-04-2024,4,"Excellent quality for the price, would buy groceries again.",1790.00
ORD001594,Gaurika Ganesh,Electronics,Yes,26-09-2025,2,"Not worth the price, expected better electronics.",22530.00
ORD001596,Vivaan Seth,Furniture,No,23-03-2023,3,"Average furniture, packaging could be better.",45690.00
ORD001597,Manthan Lata,Sports Equipment,No,25-10-2024,4,"Excellent quality for the price, would buy sports equipment again.",14380.00
ORD001598,Idika Singh,Sports Equipment,No,22-03-2024,5,"Great sports equipment, exactly as described. Very happy with it.",9040.00
ORD001599,Aarini Ravel,Sports Equipment,No,04-04-2024,3,"Average sports equipment, packaging could be better.",6530.00
ORD001600,Matthew Rana,Beauty Products,No,14-09-2024,4,"Excellent quality for the price, would buy beauty products again.",1450.00
ORD001601,Mitesh Varghese,Sports Equipment,No,09-03-2024,1,"Received a damaged sports equipment, had to return it.",10570.00
ORD001602,Chavvi Rattan,Toys,Yes,21-02-2024,5,"Really satisfied, highly recommend this toys.",2150.00
ORD001603,Benjamin Barad,Clothes,No,13-09-2024,5,"Excellent quality for the price, would buy clothes again.",2520.00
ORD001604,Amrita Sami,Shoes,No,09-05-2025,4,"Great shoes, exactly as described. Very happy with it.",790.00
ORD001606,Ayaan Bhatnagar,Electronics,No,06-12-2025,3,"Average electronics, packaging could be better.",41460.00
ORD001608,Utkarsh Din,Beauty Products,Yes,15-12-2024,5,"Great beauty products, exactly as described. Very happy with it.",430.00
ORD001609,Arunima Parsa,Electronics,No,28-10-2024,3,"Average electronics, packaging could be better.",16380.00
ORD001610,Kashvi Narula,Furniture,No,13-03-2023,3,"Average furniture, packaging could be better.",42860.00
ORD001611,Zayan Sani,Clothes,No,18-07-2024,4,"Excellent quality for the price, would buy clothes again.",1480.00
ORD001612,Eiravati Pradhan,Clothes,No,04-02-2025,4,"Great clothes, exactly as described. Very happy with it.",1230.00
ORD001613,Zashil Chaudhuri,Shoes,No,01-06-2024,5,"Really satisfied, highly recommend this shoes.",6620.00
ORD001616,Benjamin Barad,Electronics,No,10-07-2024,3,"The electronics is okay, does the job but nothing special.",6920.00
ORD001617,Naksh Krishna,Groceries,No,12-10-2023,3,"Average groceries, packaging could be better.",940.00
ORD001619,Osha Patil,Furniture,No,19-03-2023,5,"Excellent quality for the price, would buy furniture again.",7950.00
ORD001620,Devika Mody,Groceries,No,23-10-2025,3,"Average groceries, packaging could be better.",1610.00
ORD001623,Maanas Swamy,Kitchenware,No,24-01-2024,4,"Fast delivery, kitchenware exceeded my expectations.",1020.00
ORD001624,Yutika Bhagat,Clothes,Yes,22-12-2024,5,"Really satisfied, highly recommend this clothes.",2120.00
ORD001625,Dayamai Kamdar,Groceries,No,16-01-2024,4,"Great groceries, exactly as described. Very happy with it.",390.00
ORD001626,Dalbir Sule,Toys,No,16-02-2025,5,"Fast delivery, toys exceeded my expectations.",2990.00
ORD001627,Eiravati Khare,Groceries,No,03-12-2024,3,"The groceries is okay, does the job but nothing special.",660.00
ORD001628,Vrishti Cherian,Electronics,No,04-04-2025,5,"Fast delivery, electronics exceeded my expectations.",2900.00
ORD001629,Nitesh Oommen,Kitchenware,No,06-10-2025,4,"Excellent quality for the price, would buy kitchenware again.",580.00
ORD001630,Harrison Arya,Groceries,No,23-09-2023,3,"Average groceries, packaging could be better.",710.00
ORD001631,George Madan,Toys,No,06-08-2023,2,"Disappointed with this toys, quality is not good.",380.00
ORD001632,Riya Mutti,Shoes,No,26-10-2024,5,"Great shoes, exactly as described. Very happy with it.",2900.00
ORD001633,Nathaniel Narain,Clothes,Yes,11-04-2023,2,"Received a damaged clothes, had to return it.",1770.00
ORD001634,Hitesh Virk,Sports Equipment,No,23-08-2025,4,"Fast delivery, sports equipment exceeded my expectations.",6440.00
ORD001635,Mason Koshy,Electronics,No,02-03-2023,5,"Really satisfied, highly recommend this electronics.",29220.00
ORD001636,Bina Varty,Clothes,No,30-12-2024,4,"Really satisfied, highly recommend this clothes.",900.00
ORD001638,Ayushman Bahl,Clothes,No,22-04-2023,4,"Excellent quality for the price, would buy clothes again.",1300.00
ORD001639,Pranit Kohli,Groceries,No,13-10-2025,1,"Received a damaged groceries, had to return it.",1140.00
ORD001640,Aayush Parekh,Sports Equipment,No,20-07-2024,5,"Really satisfied, highly recommend this sports equipment.",7050.00
ORD001641,Noah Sur,Books,No,06-04-2023,5,"Excellent quality for the price, would buy books again.",1310.00
ORD001642,Rohan Rajagopalan,Kitchenware,No,15-03-2024,4,"Excellent quality for the price, would buy kitchenware again.",1680.00
ORD001643,Triya Pant,Furniture,No,13-07-2024,5,"Really satisfied, highly recommend this furniture.",12640.00
ORD001645,Idika Singh,Electronics,No,16-05-2023,5,"Great electronics, exactly as described. Very happy with it.",12470.00
ORD001646,Amara Puri,Kitchenware,No,12-04-2023,5,"Excellent quality for the price, would buy kitchenware again.",850.00
ORD001647,Manya Shere,Sports Equipment,No,01-01-2024,5,"Really satisfied, highly recommend this sports equipment.",10280.00
ORD001648,Bimala Sehgal,Groceries,No,21-05-2025,5,"Fast delivery, groceries exceeded my expectations.",1830.00
ORD001649,Karan Bhat,Books,No,22-08-2025,3,"Average books, packaging could be better.",930.00
ORD001650,Omisha Sood,Clothes,No,03-12-2025,4,"Excellent quality for the price, would buy clothes again.",2840.00
ORD001651,Maanas Swamy,Books,No,08-02-2023,4,"Fast delivery, books exceeded my expectations.",640.00
ORD001652,Udarsh Dubey,Electronics,No,15-09-2023,3,"Average electronics, packaging could be better.",33610.00
ORD001653,Bimala Shanker,Clothes,No,23-09-2025,5,"Excellent quality for the price, would buy clothes again.",2690.00
ORD001654,Chakrika Kalla,Electronics,Yes,05-03-2024,5,"Really satisfied, highly recommend this electronics.",10380.00
ORD001655,Xavier Sani,Shoes,Yes,25-12-2024,5,"Excellent quality for the price, would buy shoes again.",2400.00
ORD001656,Leela Swaminathan,Kitchenware,Yes,09-09-2023,3,"Average kitchenware, packaging could be better.",3980.00
ORD001657,Theodore Chandra,Clothes,No,08-12-2024,5,"Excellent quality for the price, would buy clothes again.",2910.00
ORD001658,Aradhana Golla,Clothes,Yes,25-07-2024,5,"Great clothes, exactly as described. Very happy with it.",1340.00
ORD001659,Nitesh Dayal,Groceries,No,02-06-2025,2,"Disappointed with this groceries, quality is not good.",990.00
ORD001660,Chandresh Golla,Electronics,No,17-05-2025,3,"Average electronics, packaging could be better.",17730.00
ORD001661,Triveni Mallick,Groceries,No,29-01-2025,4,"Really satisfied, highly recommend this groceries.",1420.00
ORD001662,Adya Patla,Electronics,No,11-02-2025,4,"Great electronics, exactly as described. Very happy with it.",1610.00
ORD001663,Warda Palan,Clothes,No,06-09-2023,4,"Really satisfied, highly recommend this clothes.",2200.00
ORD001664,Adya Sangha,Shoes,No,17-09-2023,4,"Great shoes, exactly as described. Very happy with it.",7880.00
ORD001665,Aarav Anne,Groceries,No,10-11-2023,3,"Average groceries, packaging could be better.",640.00
ORD001666,Samuel Rama,Beauty Products,No,10-05-2023,2,"Received a damaged beauty products, had to return it.",2920.00
ORD001668,Imaran Buch,Electronics,No,01-05-2024,5,"Fast delivery, electronics exceeded my expectations.",36820.00
ORD001669,Yauvani Bhatt,Electronics,Yes,05-08-2025,5,"Great electronics, exactly as described. Very happy with it.",11350.00
ORD001670,Samesh Jani,Beauty Products,No,07-06-2023,4,"Really satisfied, highly recommend this beauty products.",450.00
ORD001671,Urishilla Naik,Shoes,No,02-02-2023,3,"Average shoes, packaging could be better.",4120.00
ORD001672,Yamini Bir,Groceries,Yes,28-09-2023,5,"Excellent quality for the price, would buy groceries again.",1980.00
ORD001673,Girish Swamy,Electronics,No,01-11-2024,3,"Average electronics, packaging could be better.",23640.00
ORD001674,Indira Bhargava,Sports Equipment,No,27-01-2024,2,"Not worth the price, expected better sports equipment.",9930.00
ORD001676,Ishanvi Nagar,Books,No,17-01-2024,5,"Fast delivery, books exceeded my expectations.",760.00
ORD001677,Laksh Sani,Electronics,No,10-11-2024,5,"Excellent quality for the price, would buy electronics again.",42870.00
ORD001678,Varenya Mani,Furniture,No,20-11-2023,4,"Fast delivery, furniture exceeded my expectations.",29310.00
ORD001679,Udant Sundaram,Furniture,No,04-08-2024,5,"Excellent quality for the price, would buy furniture again.",46740.00
ORD001680,Oscar Kaur,Books,No,26-06-2025,4,"Excellent quality for the price, would buy books again.",660.00
ORD001683,Nidra Grewal,Sports Equipment,No,01-10-2024,5,"Really satisfied, highly recommend this sports equipment.",7780.00
ORD001684,Nathaniel Bhardwaj,Shoes,No,21-01-2025,5,"Really satisfied, highly recommend this shoes.",7420.00
ORD001685,Saanvi Agarwal,Books,No,24-12-2025,5,"Excellent quality for the price, would buy books again.",770.00
ORD001686,Kevin Suresh,Kitchenware,Yes,11-10-2023,3,"Average kitchenware, packaging could be better.",1830.00
ORD001689,Meghana Ben,Sports Equipment,Yes,30-06-2024,4,"Really satisfied, highly recommend this sports equipment.",6600.00
ORD001690,Yashoda Mammen,Clothes,No,21-06-2024,2,"Disappointed with this clothes, quality is not good.",2280.00
ORD001691,Neel Sankar,Sports Equipment,No,01-11-2025,3,"The sports equipment is okay, does the job but nothing special.",2050.00
ORD001692,Frado Joshi,Sports Equipment,No,03-01-2025,5,"Great sports equipment, exactly as described. Very happy with it.",4190.00
ORD001693,Noah Sur,Toys,No,11-09-2023,5,"Great toys, exactly as described. Very happy with it.",1710.00
ORD001694,Inaya Taneja,Shoes,No,01-07-2024,2,"Disappointed with this shoes, quality is not good.",5180.00
ORD001695,Siya Dhillon,Groceries,No,08-06-2025,4,"Excellent quality for the price, would buy groceries again.",780.00
ORD001697,Vihaan Date,Clothes,No,28-09-2024,5,"Great clothes, exactly as described. Very happy with it.",2650.00
ORD001698,Odika Iyengar,Toys,No,19-01-2025,2,"Not worth the price, expected better toys.",1360.00
ORD001700,Zayan Sani,Books,No,07-07-2023,3,"The books is okay, does the job but nothing special.",750.00
ORD001702,Krisha Ram,Shoes,No,24-06-2025,5,"Fast delivery, shoes exceeded my expectations.",680.00
ORD001703,Osha Patil,Toys,No,12-12-2025,1,"Not worth the price, expected better toys.",2850.00
ORD001704,Jagat Iyengar,Groceries,No,05-09-2023,2,"Disappointed with this groceries, quality is not good.",860.00
ORD001705,Yug Rao,Books,No,07-12-2025,4,"Really satisfied, highly recommend this books.",710.00
ORD001706,Sanya Cherian,Groceries,No,29-05-2025,5,"Really satisfied, highly recommend this groceries.",70.00
ORD001707,Vrishti Lalla,Clothes,Yes,29-06-2023,4,"Fast delivery, clothes exceeded my expectations.",2620.00
ORD001708,Frado Raj,Clothes,No,11-05-2023,4,"Excellent quality for the price, would buy clothes again.",500.00
ORD001709,Harsh Agrawal,Books,No,30-08-2023,1,"Received a damaged books, had to return it.",1390.00
ORD001710,Mohammed Ramachandran,Sports Equipment,No,09-05-2025,4,"Excellent quality for the price, would buy sports equipment again.",12510.00
ORD001712,Darsh Sunder,Shoes,No,21-12-2023,3,"Average shoes, packaging could be better.",4570.00
ORD001713,Frederick Solanki,Shoes,No,06-03-2025,5,"Fast delivery, shoes exceeded my expectations.",7320.00
ORD001714,Akshay Ram,Books,No,01-02-2025,5,"Fast delivery, books exceeded my expectations.",740.00
ORD001716,Ganga Handa,Groceries,No,19-09-2023,5,"Fast delivery, groceries exceeded my expectations.",1640.00
ORD001717,Kamala Keer,Clothes,No,16-11-2024,3,"Average clothes, packaging could be better.",1240.00
ORD001718,Elijah Dalal,Groceries,No,03-08-2023,4,"Really satisfied, highly recommend this groceries.",1290.00
ORD001719,Fariq Gandhi,Electronics,No,05-11-2023,5,"Great electronics, exactly as described. Very happy with it.",53550.00
ORD001720,Zayyan Wason,Electronics,No,28-11-2023,3,"Average electronics, packaging could be better.",24090.00
ORD001721,Rehaan Morar,Sports Equipment,Yes,08-12-2024,3,"Average sports equipment, packaging could be better.",3890.00
ORD001723,Maanas Chaudry,Electronics,No,06-01-2026,3,"Average electronics, packaging could be better.",42720.00
ORD001724,Fitan Sodhi,Groceries,No,29-01-2025,3,"Average groceries, packaging could be better.",440.00
ORD001725,Tanveer Karpe,Furniture,No,09-10-2024,1,"Disappointed with this furniture, quality is not good.",42190.00
ORD001726,Rohan Arora,Toys,No,04-06-2025,5,"Great toys, exactly as described. Very happy with it.",1180.00
ORD001727,Harita Som,Books,No,21-01-2024,5,"Great books, exactly as described. Very happy with it.",1500.00
ORD001730,Madhavi Mann,Toys,No,13-01-2023,5,"Great toys, exactly as described. Very happy with it.",2940.00
ORD001731,Leena Ratta,Clothes,No,07-05-2024,3,"Average clothes, packaging could be better.",860.00
ORD001732,Bimala Master,Furniture,No,10-11-2023,4,"Really satisfied, highly recommend this furniture.",42670.00
ORD001733,Vrishti Cherian,Sports Equipment,No,20-01-2023,3,"Average sports equipment, packaging could be better.",1890.00
ORD001734,Harsh Agrawal,Groceries,No,27-09-2025,3,"Average groceries, packaging could be better.",1900.00
ORD001735,Tarak Chand,Furniture,No,18-07-2025,5,"Fast delivery, furniture exceeded my expectations.",42620.00
ORD001737,Akshay Ram,Furniture,No,04-11-2023,2,"Not worth the price, expected better furniture.",43860.00
ORD001738,Falak Anne,Beauty Products,No,08-04-2025,5,"Great beauty products, exactly as described. Very happy with it.",310.00
ORD001739,Pranit Vig,Groceries,No,28-09-2023,3,"The groceries is okay, does the job but nothing special.",680.00
ORD001741,Balveer Agarwal,Books,Yes,28-07-2025,5,"Great books, exactly as described. Very happy with it.",1050.00
ORD001742,Henry Narain,Furniture,No,20-07-2025,5,"Fast delivery, furniture exceeded my expectations.",3690.00
ORD001743,Pahal Krishnamurthy,Toys,No,29-12-2024,3,"The toys is okay, does the job but nothing special.",2520.00
ORD001745,Vivaan Grewal,Electronics,No,06-10-2023,5,"Really satisfied, highly recommend this electronics.",24910.00
ORD001746,Ansh Kohli,Furniture,No,13-05-2024,2,"Disappointed with this furniture, quality is not good.",49500.00
ORD001747,Arunima Parsa,Electronics,No,12-04-2025,4,"Fast delivery, electronics exceeded my expectations.",9610.00
ORD001749,Baghyawati Guha,Furniture,No,30-03-2025,4,"Fast delivery, furniture exceeded my expectations.",7410.00
ORD001750,Dayamai Sangha,Beauty Products,No,01-01-2024,4,"Really satisfied, highly recommend this beauty products.",1360.00
ORD001751,Ikbal Chhabra,Furniture,No,05-04-2025,4,"Great furniture, exactly as described. Very happy with it.",22910.00
ORD001753,Yashoda Mammen,Toys,No,07-11-2025,5,"Really satisfied, highly recommend this toys.",1850.00
ORD001755,Orinder Barad,Kitchenware,No,29-08-2023,4,"Great kitchenware, exactly as described. Very happy with it.",1640.00
ORD001756,Vedhika Raj,Electronics,No,31-12-2024,4,"Great electronics, exactly as described. Very happy with it.",14160.00
ORD001757,Tristan Ravel,Electronics,Yes,17-11-2024,5,"Excellent quality for the price, would buy electronics again.",9660.00
ORD001758,Hardik Kalla,Sports Equipment,No,10-03-2023,2,"Disappointed with this sports equipment, quality is not good.",13190.00
ORD001759,Rohan Rajagopalan,Groceries,Yes,14-10-2024,5,"Great groceries, exactly as described. Very happy with it.",1150.00
ORD001760,Jasmit Bhardwaj,Electronics,No,07-05-2025,5,"Fast delivery, electronics exceeded my expectations.",58440.00
ORD001761,Yamini Garg,Books,No,27-02-2023,4,"Fast delivery, books exceeded my expectations.",900.00
ORD001762,Maanav Chad,Toys,No,20-06-2023,4,"Really satisfied, highly recommend this toys.",2320.00
ORD001763,Vivaan Seth,Books,No,21-02-2023,3,"Average books, packaging could be better.",1180.00
ORD001765,Pranit Kohli,Electronics,No,11-05-2023,5,"Really satisfied, highly recommend this electronics.",18860.00
ORD001766,Guneet Tripathi,Toys,No,28-11-2024,5,"Fast delivery, toys exceeded my expectations.",820.00
ORD001767,Praneel Bajaj,Clothes,No,26-06-2023,5,"Really satisfied, highly recommend this clothes.",1350.00
ORD001769,David Kurian,Kitchenware,No,15-12-2024,5,"Fast delivery, kitchenware exceeded my expectations.",4150.00
ORD001770,Yashica Aurora,Toys,No,17-02-2024,5,"Great toys, exactly as described. Very happy with it.",1360.00
ORD001771,Fitan Kala,Groceries,No,05-05-2023,5,"Really satisfied, highly recommend this groceries.",1580.00
ORD001772,Benjamin Barad,Shoes,Yes,13-05-2025,5,"Fast delivery, shoes exceeded my expectations.",7630.00
ORD001773,Pallavi Lal,Shoes,No,03-08-2023,5,"Excellent quality for the price, would buy shoes again.",3270.00
ORD001775,Gautam Samra,Kitchenware,No,19-03-2023,5,"Fast delivery, kitchenware exceeded my expectations.",1140.00
ORD001776,Gavin Gade,Clothes,No,13-06-2025,4,"Excellent quality for the price, would buy clothes again.",2220.00
ORD001777,Yatin Balakrishnan,Groceries,No,21-07-2025,4,"Great groceries, exactly as described. Very happy with it.",200.00
ORD001779,Saumya Kothari,Books,No,09-07-2025,4,"Great books, exactly as described. Very happy with it.",440.00
ORD001780,Ronith Raman,Electronics,No,08-09-2025,3,"Average electronics, packaging could be better.",50420.00
ORD001781,Veer Karnik,Beauty Products,No,09-11-2024,4,"Really satisfied, highly recommend this beauty products.",1070.00
ORD001782,Falan Chana,Groceries,No,04-08-2023,4,"Really satisfied, highly recommend this groceries.",1810.00
ORD001783,Mohammed Pau,Clothes,No,31-05-2024,5,"Fast delivery, clothes exceeded my expectations.",1930.00
ORD001785,Jeet Setty,Kitchenware,Yes,08-03-2025,3,"The kitchenware is okay, does the job but nothing special.",4760.00
ORD001786,Kamala Keer,Furniture,No,21-10-2025,5,"Really satisfied, highly recommend this furniture.",25470.00
ORD001787,Nathaniel Kota,Groceries,Yes,07-12-2023,3,"Average groceries, packaging could be better.",230.00
ORD001788,Yahvi Wadhwa,Toys,No,09-05-2024,2,"Not worth the price, expected better toys.",1770.00
ORD001789,Aishani Apte,Groceries,No,25-10-2025,4,"Excellent quality for the price, would buy groceries again.",80.00
ORD001790,Mugdha Jani,Books,No,14-11-2024,4,"Great books, exactly as described. Very happy with it.",690.00
ORD001791,Banjeet Memon,Clothes,Yes,22-01-2024,4,"Really satisfied, highly recommend this clothes.",2500.00
ORD001793,Widisha Minhas,Electronics,No,16-03-2023,4,"Excellent quality for the price, would buy electronics again.",9100.00
ORD001794,Kashvi Sangha,Sports Equipment,No,21-12-2024,5,"Fast delivery, sports equipment exceeded my expectations.",7750.00
ORD001795,Abha Ravi,Electronics,No,19-02-2024,4,"Fast delivery, electronics exceeded my expectations.",25150.00
ORD001796,Yasti Mutti,Sports Equipment,No,19-01-2023,4,"Fast delivery, sports equipment exceeded my expectations.",11320.00
ORD001797,Aarnav Mand,Clothes,No,07-09-2024,5,"Great clothes, exactly as described. Very happy with it.",1370.00
ORD001798,Urvi Bhattacharyya,Sports Equipment,No,29-03-2025,5,"Really satisfied, highly recommend this sports equipment.",9880.00
ORD001799,Saksham Mani,Electronics,No,26-02-2023,4,"Really satisfied, highly recommend this electronics.",25970.00
ORD001801,Girindra Gola,Beauty Products,No,22-08-2025,5,"Fast delivery, beauty products exceeded my expectations.",2760.00
ORD001802,Bimala Master,Groceries,No,24-08-2024,5,"Fast delivery, groceries exceeded my expectations.",1980.00
ORD001803,Hemal Sen,Clothes,Yes,15-06-2023,4,"Great clothes, exactly as described. Very happy with it.",1820.00
ORD001805,Zayan Kamdar,Sports Equipment,No,12-07-2023,5,"Fast delivery, sports equipment exceeded my expectations.",2080.00
ORD001806,Watika Wali,Electronics,No,16-01-2026,5,"Excellent quality for the price, would buy electronics again.",45220.00
ORD001807,Nathaniel Bhardwaj,Furniture,Yes,28-09-2023,4,"Fast delivery, furniture exceeded my expectations.",16820.00
ORD001808,Gaurav Toor,Clothes,No,14-12-2025,5,"Excellent quality for the price, would buy clothes again.",2230.00
ORD001809,Bhanumati Saran,Sports Equipment,No,22-01-2023,5,"Excellent quality for the price, would buy sports equipment again.",710.00
ORD001810,Balveer Agarwal,Books,No,08-11-2024,1,"Not worth the price, expected better books.",1420.00
ORD001811,Zarna Peri,Electronics,Yes,09-10-2023,4,"Really satisfied, highly recommend this electronics.",58950.00
ORD001812,Chanakya Mand,Beauty Products,No,04-12-2025,3,"The beauty products is okay, does the job but nothing special.",2450.00
ORD001814,Jonathan Wali,Beauty Products,No,02-05-2024,3,"The beauty products is okay, does the job but nothing special.",1490.00
ORD001815,Tristan Ravel,Beauty Products,No,01-05-2024,4,"Really satisfied, highly recommend this beauty products.",2650.00
ORD001817,Inaya Kalla,Groceries,Yes,26-09-2025,5,"Great groceries, exactly as described. Very happy with it.",500.00
ORD001818,Chanchal Sastry,Clothes,No,24-03-2023,3,"The clothes is okay, does the job but nothing special.",2950.00
ORD001819,Luke Arora,Groceries,No,29-03-2025,4,"Fast delivery, groceries exceeded my expectations.",180.00
ORD001820,Damini Salvi,Shoes,No,19-12-2024,5,"Really satisfied, highly recommend this shoes.",5700.00
ORD001821,Rushil Brahmbhatt,Electronics,No,26-11-2025,5,"Great electronics, exactly as described. Very happy with it.",54990.00
ORD001822,Yatan Tripathi,Books,Yes,28-04-2024,5,"Fast delivery, books exceeded my expectations.",1100.00
ORD001824,Parth Hegde,Clothes,No,22-09-2023,4,"Great clothes, exactly as described. Very happy with it.",1540.00
ORD001825,Arunima Parsa,Beauty Products,No,29-09-2023,5,"Excellent quality for the price, would buy beauty products again.",2810.00
ORD001826,Reyansh Singh,Shoes,No,28-06-2024,5,"Really satisfied, highly recommend this shoes.",3840.00
ORD001828,Rishi Tara,Furniture,No,20-10-2023,3,"Average furniture, packaging could be better.",9150.00
ORD001829,Vyanjana Mani,Electronics,No,31-10-2023,4,"Fast delivery, electronics exceeded my expectations.",10160.00
ORD001831,Parth Hegde,Books,No,10-09-2025,4,"Excellent quality for the price, would buy books again.",240.00
ORD001832,Kala Vig,Furniture,No,27-09-2023,4,"Really satisfied, highly recommend this furniture.",3940.00
ORD001833,Maanav Chad,Kitchenware,No,24-01-2023,5,"Excellent quality for the price, would buy kitchenware again.",2690.00
ORD001834,Kavya Srivastava,Groceries,No,16-02-2024,4,"Really satisfied, highly recommend this groceries.",1060.00
ORD001836,Zehaan Pradhan,Furniture,No,05-09-2024,4,"Great furniture, exactly as described. Very happy with it.",9110.00
ORD001837,Varenya Mani,Electronics,No,04-09-2023,5,"Really satisfied, highly recommend this electronics.",7370.00
ORD001838,Adweta Nadig,Kitchenware,No,01-07-2024,4,"Great kitchenware, exactly as described. Very happy with it.",2120.00
ORD001840,Kevin Suresh,Electronics,Yes,07-06-2025,4,"Excellent quality for the price, would buy electronics again.",59150.00
ORD001841,Benjamin Deol,Shoes,No,30-07-2024,5,"Excellent quality for the price, would buy shoes again.",4900.00
ORD001842,Ganga Chandra,Sports Equipment,No,23-03-2024,5,"Excellent quality for the price, would buy sports equipment again.",2520.00
ORD001843,Chandran Datta,Books,Yes,12-11-2023,4,"Great books, exactly as described. Very happy with it.",940.00
ORD001844,Aarini Ravel,Electronics,Yes,07-11-2024,5,"Great electronics, exactly as described. Very happy with it.",30730.00
ORD001845,Nitara Rajagopal,Clothes,No,23-12-2025,5,"Great clothes, exactly as described. Very happy with it.",1820.00
ORD001846,Anjali Dasgupta,Clothes,No,20-06-2023,4,"Fast delivery, clothes exceeded my expectations.",2510.00
ORD001848,Bhanumati Saran,Kitchenware,No,20-02-2025,4,"Really satisfied, highly recommend this kitchenware.",3630.00
ORD001849,Rachit Bedi,Groceries,No,23-12-2023,3,"The groceries is okay, does the job but nothing special.",1250.00
ORD001851,Chandresh Bahl,Groceries,No,29-06-2025,3,"Average groceries, packaging could be better.",1570.00
ORD001852,Aarini Ravel,Books,No,15-06-2023,4,"Really satisfied, highly recommend this books.",470.00
ORD001853,Ladli Yadav,Beauty Products,No,25-09-2024,5,"Fast delivery, beauty products exceeded my expectations.",1850.00
ORD001854,Ayushman Bahl,Furniture,No,16-04-2023,5,"Really satisfied, highly recommend this furniture.",44420.00
ORD001855,Laban Bal,Groceries,No,28-08-2025,2,"Received a damaged groceries, had to return it.",250.00
ORD001857,Kala Vig,Clothes,No,04-01-2024,5,"Really satisfied, highly recommend this clothes.",2300.00
ORD001858,Praneel Bajaj,Groceries,No,09-08-2024,3,"Average groceries, packaging could be better.",1310.00
ORD001859,Akshay Kohli,Toys,No,31-07-2025,5,"Great toys, exactly as described. Very happy with it.",1820.00
ORD001863,Dayamai Kamdar,Shoes,No,12-03-2024,4,"Excellent quality for the price, would buy shoes again.",2790.00
ORD001864,Devansh Mital,Electronics,No,16-10-2023,3,"Average electronics, packaging could be better.",3140.00
ORD001865,Aachal Andra,Groceries,No,17-04-2023,5,"Excellent quality for the price, would buy groceries again.",1460.00
ORD001866,Leela Swaminathan,Beauty Products,No,09-11-2023,5,"Great beauty products, exactly as described. Very happy with it.",1670.00
ORD001867,Rishi Borde,Electronics,No,12-10-2025,1,"Not worth the price, expected better electronics.",15240.00
ORD001870,Nirja Shan,Books,Yes,14-10-2025,4,"Great books, exactly as described. Very happy with it.",1060.00
ORD001871,Charvi Subramanian,Groceries,No,19-06-2023,4,"Fast delivery, groceries exceeded my expectations.",960.00
ORD001873,Chatura Thaman,Groceries,Yes,22-04-2024,4,"Great groceries, exactly as described. Very happy with it.",2000.00
ORD001874,Falak Anne,Electronics,No,23-11-2023,4,"Excellent quality for the price, would buy electronics again.",16470.00
ORD001875,Sarthak Puri,Furniture,No,09-03-2024,5,"Really satisfied, highly recommend this furniture.",25270.00
ORD001876,Hamsini Iyer,Shoes,No,21-09-2025,5,"Really satisfied, highly recommend this shoes.",1310.00
ORD001877,Jatin Kapoor,Clothes,No,03-07-2024,4,"Fast delivery, clothes exceeded my expectations.",1800.00
ORD001878,Zehaan Devan,Kitchenware,No,25-04-2023,3,"The kitchenware is okay, does the job but nothing special.",4660.00
ORD001879,Triveni Mallick,Toys,No,05-12-2025,5,"Really satisfied, highly recommend this toys.",2790.00
ORD001881,Abha Ravi,Beauty Products,No,18-12-2024,3,"Average beauty products, packaging could be better.",1620.00
ORD001882,Zayyan Palan,Kitchenware,No,12-08-2025,4,"Excellent quality for the price, would buy kitchenware again.",700.00
ORD001883,Akshay Kohli,Books,No,27-11-2023,4,"Great books, exactly as described. Very happy with it.",960.00
ORD001884,Tanveer Karpe,Books,No,05-04-2024,5,"Excellent quality for the price, would buy books again.",720.00
ORD001885,Mohammed Pau,Electronics,No,13-11-2024,3,"Average electronics, packaging could be better.",13440.00
ORD001886,Bimala Shanker,Shoes,No,10-08-2024,5,"Great shoes, exactly as described. Very happy with it.",1500.00
ORD001887,Orinder Barad,Groceries,No,19-05-2023,5,"Really satisfied, highly recommend this groceries.",1990.00
ORD001888,Yashasvi Dewan,Books,No,13-08-2023,5,"Excellent quality for the price, would buy books again.",1080.00
ORD001890,Akshay Kohli,Kitchenware,No,16-12-2025,4,"Great kitchenware, exactly as described. Very happy with it.",950.00
ORD001892,Ikbal Ahuja,Groceries,No,18-09-2025,2,"Received a damaged groceries, had to return it.",1410.00
ORD001893,Girish Rattan,Furniture,No,24-07-2023,1,"Received a damaged furniture, had to return it.",15400.00
ORD001894,Tara Varughese,Shoes,No,19-08-2023,3,"The shoes is okay, does the job but nothing special.",5760.00
ORD001895,Isaac Chaudhary,Books,No,20-04-2023,4,"Fast delivery, books exceeded my expectations.",1460.00
ORD001896,Tristan Bhavsar,Toys,No,05-09-2025,4,"Really satisfied, highly recommend this toys.",2600.00
ORD001900,Azad Muni,Groceries,No,10-03-2024,2,"Disappointed with this groceries, quality is not good.",90.00
ORD001901,Vasudha Murty,Furniture,No,21-01-2023,4,"Excellent quality for the price, would buy furniture again.",4810.00
ORD001902,Daksh Chaudhuri,Electronics,No,23-11-2025,4,"Great electronics, exactly as described. Very happy with it.",52560.00
ORD001904,Rehaan Morar,Clothes,No,19-08-2023,4,"Fast delivery, clothes exceeded my expectations.",1660.00
ORD001905,Bahadurjit Kant,Groceries,No,18-01-2025,3,"The groceries is okay, does the job but nothing special.",550.00
ORD001906,Idika Warrior,Furniture,Yes,14-06-2023,5,"Really satisfied, highly recommend this furniture.",9750.00
ORD001907,Janaki Din,Electronics,No,25-06-2025,5,"Really satisfied, highly recommend this electronics.",52570.00
ORD001908,Hamsini Iyer,Toys,Yes,11-01-2024,5,"Fast delivery, toys exceeded my expectations.",2460.00
ORD001909,Vivaan More,Groceries,No,07-11-2023,5,"Fast delivery, groceries exceeded my expectations.",470.00
ORD001910,Balvan Jani,Groceries,No,03-11-2025,4,"Great groceries, exactly as described. Very happy with it.",190.00
ORD001911,Dhruv Bandi,Clothes,No,14-10-2023,5,"Great clothes, exactly as described. Very happy with it.",2570.00
ORD001912,Wakeeta Raval,Furniture,No,17-03-2025,1,"Disappointed with this furniture, quality is not good.",15080.00
ORD001913,Dipta Vaidya,Electronics,No,19-10-2023,4,"Fast delivery, electronics exceeded my expectations.",39430.00
ORD001914,Osha Patil,Electronics,No,23-02-2023,4,"Fast delivery, electronics exceeded my expectations.",15150.00
ORD001915,Lipika Chadha,Toys,No,16-07-2024,3,"Average toys, packaging could be better.",1100.00
ORD001917,Qadim Agrawal,Beauty Products,No,06-08-2023,5,"Excellent quality for the price, would buy beauty products again.",1500.00
ORD001918,Liam Solanki,Books,No,18-03-2023,4,"Really satisfied, highly recommend this books.",450.00
ORD001919,Nirja Shan,Groceries,No,30-05-2025,4,"Great groceries, exactly as described. Very happy with it.",1660.00
ORD001920,Dalbir Sule,Electronics,No,23-03-2023,2,"Disappointed with this electronics, quality is not good.",40060.00
ORD001921,Anusha Raja,Electronics,No,03-11-2024,3,"The electronics is okay, does the job but nothing special.",1180.00
ORD001922,Tara Varughese,Toys,No,28-11-2025,5,"Really satisfied, highly recommend this toys.",1280.00
ORD001923,Laban Bal,Kitchenware,No,30-11-2023,5,"Really satisfied, highly recommend this kitchenware.",1380.00
ORD001924,Yug Rao,Electronics,No,13-03-2025,4,"Great electronics, exactly as described. Very happy with it.",9520.00
ORD001925,Rehaan Morar,Toys,No,03-04-2023,3,"Average toys, packaging could be better.",2360.00
ORD001926,Ijaya Narain,Groceries,No,28-02-2023,3,"The groceries is okay, does the job but nothing special.",560.00
ORD001928,Harrison Arya,Sports Equipment,No,24-02-2024,3,"The sports equipment is okay, does the job but nothing special.",13380.00
ORD001929,Chandran Solanki,Groceries,No,06-05-2025,4,"Excellent quality for the price, would buy groceries again.",410.00
ORD001930,Yashawini Sengupta,Furniture,No,08-01-2025,2,"Disappointed with this furniture, quality is not good.",8700.00
ORD001931,Zarna Tailor,Kitchenware,No,27-06-2025,2,"Received a damaged kitchenware, had to return it.",410.00
ORD001932,Vivaan Seth,Electronics,No,17-11-2024,4,"Really satisfied, highly recommend this electronics.",9640.00
ORD001933,Nicholas Choudhary,Furniture,No,25-03-2024,4,"Great furniture, exactly as described. Very happy with it.",2470.00
ORD001934,Neelima Chad,Sports Equipment,No,28-02-2025,5,"Really satisfied, highly recommend this sports equipment.",6170.00
ORD001935,Radha Hayer,Electronics,Yes,10-01-2024,5,"Excellent quality for the price, would buy electronics again.",52770.00
ORD001936,Manya Shere,Groceries,No,01-07-2024,3,"Average groceries, packaging could be better.",1660.00
ORD001937,Arunima Parsa,Groceries,No,03-08-2024,5,"Fast delivery, groceries exceeded my expectations.",540.00
ORD001938,Ikbal Ahuja,Books,No,02-12-2023,3,"Average books, packaging could be better.",1360.00
ORD001939,Aachal Thakkar,Toys,No,28-05-2023,5,"Really satisfied, highly recommend this toys.",1480.00
ORD001940,Chanchal Chand,Books,No,23-09-2024,5,"Great books, exactly as described. Very happy with it.",180.00
ORD001941,Guneet Tripathi,Groceries,No,22-10-2024,5,"Really satisfied, highly recommend this groceries.",410.00
ORD001942,Harrison Shan,Sports Equipment,No,20-03-2024,3,"The sports equipment is okay, does the job but nothing special.",4650.00
ORD001943,Pranav Saraf,Beauty Products,No,15-10-2023,3,"Average beauty products, packaging could be better.",360.00
ORD001944,Oviya Tara,Furniture,No,07-12-2025,5,"Really satisfied, highly recommend this furniture.",9810.00
ORD001945,Manya Shere,Shoes,No,11-03-2023,4,"Fast delivery, shoes exceeded my expectations.",6580.00
ORD001946,Chakradev Bains,Clothes,No,13-11-2025,2,"Received a damaged clothes, had to return it.",2020.00
ORD001947,Ishwar Wali,Shoes,No,22-05-2024,1,"Not worth the price, expected better shoes.",4810.00
ORD001948,Leena Narula,Toys,No,13-07-2024,5,"Excellent quality for the price, would buy toys again.",620.00
ORD001949,Udant Sundaram,Clothes,No,09-02-2025,4,"Great clothes, exactly as described. Very happy with it.",560.00
ORD001950,Brinda Mammen,Beauty Products,No,16-10-2025,3,"Average beauty products, packaging could be better.",2100.00
ORD001952,Amruta Sehgal,Groceries,No,08-11-2025,5,"Fast delivery, groceries exceeded my expectations.",970.00
ORD001953,Yahvi Wadhwa,Sports Equipment,No,18-05-2023,4,"Great sports equipment, exactly as described. Very happy with it.",13050.00
ORD001954,Lekha Bains,Furniture,No,07-12-2024,5,"Excellent quality for the price, would buy furniture again.",25230.00
ORD001955,Simon Mitter,Clothes,No,23-08-2024,5,"Great clothes, exactly as described. Very happy with it.",2400.00
ORD001956,Radhika Mahal,Sports Equipment,No,26-01-2025,2,"Disappointed with this sports equipment, quality is not good.",10030.00
ORD001957,Karan Kumar,Furniture,No,14-06-2023,3,"The furniture is okay, does the job but nothing special.",8650.00
ORD001958,Shravya Char,Kitchenware,No,19-10-2024,5,"Fast delivery, kitchenware exceeded my expectations.",3900.00
ORD001959,Tanay Sagar,Sports Equipment,No,06-02-2025,4,"Fast delivery, sports equipment exceeded my expectations.",8550.00
ORD001961,Manya Shere,Clothes,No,03-02-2025,5,"Really satisfied, highly recommend this clothes.",1210.00
ORD001962,Dipta Shroff,Shoes,No,05-03-2024,4,"Fast delivery, shoes exceeded my expectations.",5540.00
ORD001963,Maanav Chad,Groceries,Yes,05-12-2025,3,"The groceries is okay, does the job but nothing special.",140.00
ORD001964,Ishwar Wali,Sports Equipment,No,18-10-2023,2,"Received a damaged sports equipment, had to return it.",12220.00
ORD001965,Vedika Ramesh,Groceries,No,14-01-2024,3,"The groceries is okay, does the job but nothing special.",1650.00
ORD001967,Henry Bora,Groceries,Yes,06-05-2023,2,"Disappointed with this groceries, quality is not good.",1910.00
ORD001968,Radhika Mahal,Electronics,No,29-06-2023,5,"Excellent quality for the price, would buy electronics again.",57820.00
ORD001970,Harsh Karan,Groceries,No,09-07-2025,4,"Really satisfied, highly recommend this groceries.",1400.00
ORD001971,Vaishnavi Sachar,Books,No,06-01-2026,3,"Average books, packaging could be better.",1220.00
ORD001972,Akshay Bobal,Books,Yes,08-01-2026,5,"Great books, exactly as described. Very happy with it.",770.00
ORD001975,Ekalinga Joshi,Kitchenware,No,07-11-2023,5,"Really satisfied, highly recommend this kitchenware.",3950.00
ORD001976,Neel Sankar,Sports Equipment,No,05-07-2025,5,"Really satisfied, highly recommend this sports equipment.",10840.00
ORD001977,Naksh Sampath,Electronics,No,13-12-2025,4,"Great electronics, exactly as described. Very happy with it.",3040.00
ORD001978,Warda Kala,Shoes,No,19-10-2023,5,"Fast delivery, shoes exceeded my expectations.",1000.00
ORD001980,Jhalak Sekhon,Beauty Products,No,24-01-2025,5,"Fast delivery, beauty products exceeded my expectations.",2110.00
ORD001981,Azaan Sachar,Books,No,03-01-2026,2,"Not worth the price, expected better books.",970.00
ORD001982,Ayushman Bahl,Groceries,No,19-11-2024,3,"The groceries is okay, does the job but nothing special.",920.00
ORD001983,Amara Mitra,Groceries,No,20-01-2025,4,"Really satisfied, highly recommend this groceries.",1460.00
ORD001984,Ekansh Batra,Clothes,No,05-09-2023,2,"Disappointed with this clothes, quality is not good.",740.00
ORD001985,Vrishti Shroff,Shoes,No,04-02-2024,4,"Fast delivery, shoes exceeded my expectations.",4520.00
ORD001988,Xavier Memon,Beauty Products,Yes,03-06-2024,2,"Disappointed with this beauty products, quality is not good.",1970.00
ORD001989,Wakeeta Tella,Groceries,No,27-06-2025,4,"Fast delivery, groceries exceeded my expectations.",200.00
ORD001990,Vasudha Shah,Kitchenware,No,09-02-2025,3,"The kitchenware is okay, does the job but nothing special.",860.00
ORD001991,Yashvi Bahl,Electronics,No,23-05-2023,5,"Fast delivery, electronics exceeded my expectations.",22110.00
ORD001995,Lipika Lal,Kitchenware,No,30-07-2025,2,"Not worth the price, expected better kitchenware.",1420.00
ORD001996,Urvi Bhattacharyya,Furniture,No,12-02-2024,5,"Fast delivery, furniture exceeded my expectations.",5800.00
ORD001997,Chanchal Sastry,Books,Yes,20-10-2024,2,"Disappointed with this books, quality is not good.",410.00
ORD001999,David Kurian,Books,No,14-08-2024,5,"Fast delivery, books exceeded my expectations.",710.00
ORD002000,Aarav Nagy,Toys,No,01-04-2023,4,"Excellent quality for the price, would buy toys again.",2710.00
ORD002001,Aradhana Golla,Shoes,Yes,01-11-2024,4,"Great shoes, exactly as described. Very happy with it.",5680.00
ORD002002,Meera Bajaj,Groceries,No,30-12-2025,3,"The groceries is okay, does the job but nothing special.",1250.00
ORD002003,Chaman Varty,Shoes,No,26-09-2024,3,"The shoes is okay, does the job but nothing special.",4990.00
ORD002004,Ikbal Shankar,Books,No,15-10-2023,5,"Great books, exactly as described. Very happy with it.",820.00
ORD002005,Fitan Kala,Groceries,No,07-09-2023,5,"Really satisfied, highly recommend this groceries.",830.00
ORD002006,Gavin Gade,Kitchenware,Yes,06-04-2025,5,"Great kitchenware, exactly as described. Very happy with it.",4550.00
ORD002007,Benjamin Devi,Beauty Products,No,14-04-2023,5,"Fast delivery, beauty products exceeded my expectations.",1360.00
ORD002008,Nandini Bhatia,Books,No,12-02-2024,4,"Really satisfied, highly recommend this books.",1080.00
ORD002010,Ranveer Soman,Clothes,No,21-12-2023,4,"Great clothes, exactly as described. Very happy with it.",2370.00
ORD002012,Arunima Parsa,Toys,No,08-09-2023,5,"Really satisfied, highly recommend this toys.",2630.00
ORD002013,Kavya Sandhu,Shoes,No,06-05-2025,4,"Great shoes, exactly as described. Very happy with it.",4020.00
ORD002014,Shivani Sane,Furniture,No,06-09-2025,5,"Excellent quality for the price, would buy furniture again.",8000.00
ORD002016,Isha Bhatnagar,Groceries,No,28-03-2024,1,"Received a damaged groceries, had to return it.",1670.00
ORD002018,Aarini Ramakrishnan,Clothes,Yes,14-06-2025,5,"Fast delivery, clothes exceeded my expectations.",770.00
ORD002019,Ubika Bains,Beauty Products,No,07-04-2025,4,"Excellent quality for the price, would buy beauty products again.",2830.00
ORD002020,Rayaan Goyal,Groceries,No,14-05-2023,4,"Excellent quality for the price, would buy groceries again.",1380.00
ORD002022,Mekhala Gala,Groceries,No,03-08-2025,5,"Fast delivery, groceries exceeded my expectations.",1850.00
ORD002023,Yahvi Soni,Toys,No,23-03-2024,4,"Great toys, exactly as described. Very happy with it.",2410.00
ORD002024,Xavier Soman,Groceries,No,07-08-2023,5,"Excellent quality for the price, would buy groceries again.",1530.00
ORD002025,Yashvi Bahl,Clothes,No,10-04-2024,4,"Excellent quality for the price, would buy clothes again.",1180.00
ORD002026,Ganga Bumb,Sports Equipment,No,12-05-2025,5,"Great sports equipment, exactly as described. Very happy with it.",7350.00
ORD002027,Vaishnavi Sachar,Electronics,No,11-11-2025,5,"Really satisfied, highly recommend this electronics.",30590.00
ORD002028,Manbir Mittal,Shoes,No,06-02-2024,4,"Great shoes, exactly as described. Very happy with it.",7770.00
ORD002029,Vincent Tara,Kitchenware,Yes,31-07-2023,4,"Really satisfied, highly recommend this kitchenware.",2070.00
ORD002030,Qushi Pau,Electronics,No,28-07-2023,5,"Excellent quality for the price, would buy electronics again.",28120.00
ORD002031,Anvi Shan,Beauty Products,No,07-03-2024,2,"Disappointed with this beauty products, quality is not good.",1540.00
ORD002032,Aarini Ravel,Shoes,No,10-12-2024,5,"Excellent quality for the price, would buy shoes again.",7280.00
ORD002034,Inaya Sawhney,Clothes,No,07-04-2025,3,"Average clothes, packaging could be better.",2160.00
ORD002035,Idika Singh,Beauty Products,No,03-02-2025,5,"Really satisfied, highly recommend this beauty products.",1780.00
ORD002037,Nathaniel Kota,Sports Equipment,Yes,22-08-2024,4,"Excellent quality for the price, would buy sports equipment again.",7120.00
ORD002038,Zarna Tailor,Clothes,No,06-01-2025,4,"Great clothes, exactly as described. Very happy with it.",690.00
ORD002039,Dalbir Sule,Shoes,No,29-07-2024,5,"Fast delivery, shoes exceeded my expectations.",3060.00
ORD002040,Kiaan Arora,Beauty Products,No,07-02-2024,3,"The beauty products is okay, does the job but nothing special.",1900.00
ORD002042,Darika Golla,Toys,No,21-07-2023,3,"Average toys, packaging could be better.",1430.00
ORD002043,Yauvani Gokhale,Groceries,No,29-01-2024,4,"Excellent quality for the price, would buy groceries again.",1410.00
ORD002044,Lopa Narasimhan,Shoes,No,10-11-2023,4,"Really satisfied, highly recommend this shoes.",2590.00
ORD002046,Neha Warrior,Groceries,No,04-03-2023,5,"Fast delivery, groceries exceeded my expectations.",820.00
ORD002047,Harsh Karan,Toys,No,18-02-2025,5,"Really satisfied, highly recommend this toys.",780.00
ORD002049,Falan Lanka,Groceries,No,29-11-2023,4,"Fast delivery, groceries exceeded my expectations.",1460.00
ORD002050,Vritti Chopra,Electronics,No,25-03-2023,4,"Excellent quality for the price, would buy electronics again.",32080.00
ORD002051,Pranav Saraf,Clothes,No,04-05-2023,5,"Excellent quality for the price, would buy clothes again.",570.00
ORD002052,Omkaar Chopra,Clothes,No,20-09-2023,4,"Fast delivery, clothes exceeded my expectations.",670.00
ORD002053,Balvan Jani,Clothes,No,29-08-2025,5,"Fast delivery, clothes exceeded my expectations.",650.00
ORD002054,Imaran Buch,Beauty Products,No,25-10-2025,5,"Great beauty products, exactly as described. Very happy with it.",530.00
ORD002055,Varenya Mani,Groceries,No,23-05-2023,3,"The groceries is okay, does the job but nothing special.",930.00
ORD002056,Wakeeta Raja,Books,No,20-09-2023,3,"The books is okay, does the job but nothing special.",350.00
ORD002058,Janya Buch,Sports Equipment,No,16-01-2025,2,"Not worth the price, expected better sports equipment.",12500.00
ORD002059,Yauvani Hora,Groceries,No,28-05-2024,5,"Really satisfied, highly recommend this groceries.",1560.00
ORD002060,Zansi Dixit,Beauty Products,No,27-06-2024,5,"Excellent quality for the price, would buy beauty products again.",1680.00
ORD002061,Baghyawati Guha,Sports Equipment,No,09-02-2023,4,"Fast delivery, sports equipment exceeded my expectations.",13600.00
ORD002062,Ayaan Krishnamurthy,Electronics,No,22-09-2025,3,"Average electronics, packaging could be better.",9530.00
ORD002063,Kai Sodhi,Beauty Products,No,18-06-2023,1,"Disappointed with this beauty products, quality is not good.",2430.00
ORD002064,Shivani Murthy,Furniture,No,03-07-2024,4,"Excellent quality for the price, would buy furniture again.",5430.00
ORD002066,Baljiwan Chadha,Beauty Products,Yes,15-07-2024,5,"Great beauty products, exactly as described. Very happy with it.",2550.00
ORD002069,Zashil Chaudhuri,Furniture,No,07-07-2025,5,"Excellent quality for the price, would buy furniture again.",38300.00
ORD002070,Upasna Pant,Furniture,No,26-09-2024,2,"Received a damaged furniture, had to return it.",38310.00
ORD002071,Ishanvi Nagar,Furniture,No,18-02-2023,4,"Fast delivery, furniture exceeded my expectations.",23100.00
ORD002074,Dayamai Sangha,Shoes,No,06-01-2026,5,"Really satisfied, highly recommend this shoes.",5990.00
ORD002075,Aarini Ramakrishnan,Groceries,No,26-11-2025,4,"Excellent quality for the price, would buy groceries again.",300.00
ORD002077,Urvashi Goswami,Beauty Products,No,27-06-2023,4,"Excellent quality for the price, would buy beauty products again.",1830.00
ORD002078,Ansh Kohli,Groceries,Yes,09-07-2025,4,"Really satisfied, highly recommend this groceries.",770.00
ORD002080,Matthew Shroff,Books,No,27-07-2025,2,"Disappointed with this books, quality is not good.",1020.00
ORD002081,Reva Kota,Sports Equipment,No,29-04-2025,4,"Fast delivery, sports equipment exceeded my expectations.",14520.00
ORD002082,Aishani Saini,Kitchenware,No,19-02-2025,4,"Really satisfied, highly recommend this kitchenware.",620.00
ORD002084,Meghana Ben,Clothes,No,02-07-2023,5,"Fast delivery, clothes exceeded my expectations.",1480.00
ORD002085,Urmi Wali,Clothes,No,15-06-2024,5,"Excellent quality for the price, would buy clothes again.",2760.00
ORD002087,Yutika Bhagat,Sports Equipment,No,09-06-2024,4,"Fast delivery, sports equipment exceeded my expectations.",5420.00
ORD002090,Zarna Wali,Books,No,04-09-2025,1,"Disappointed with this books, quality is not good.",870.00
ORD002091,Gaurang Kamdar,Clothes,No,03-08-2025,4,"Excellent quality for the price, would buy clothes again.",720.00
ORD002092,Indali Salvi,Furniture,Yes,05-10-2023,5,"Fast delivery, furniture exceeded my expectations.",39370.00
ORD002093,Fitan Kala,Groceries,No,09-05-2023,4,"Really satisfied, highly recommend this groceries.",1090.00
ORD002095,Oviya Tara,Kitchenware,No,20-10-2024,5,"Really satisfied, highly recommend this kitchenware.",1940.00
ORD002096,Qasim Muni,Kitchenware,No,11-09-2023,5,"Great kitchenware, exactly as described. Very happy with it.",1470.00
ORD002097,Dhruv Bandi,Toys,No,23-01-2025,4,"Great toys, exactly as described. Very happy with it.",2840.00
ORD002099,Gaurangi Aurora,Toys,No,05-04-2025,5,"Really satisfied, highly recommend this toys.",2120.00
ORD002100,Bimala Sehgal,Groceries,No,11-07-2025,4,"Fast delivery, groceries exceeded my expectations.",510.00
ORD002101,David Kurian,Furniture,No,08-09-2023,4,"Great furniture, exactly as described. Very happy with it.",8590.00
ORD002103,Pranit Kohli,Furniture,No,29-10-2024,4,"Fast delivery, furniture exceeded my expectations.",24440.00
ORD002104,Pooja Grewal,Clothes,No,04-06-2024,2,"Received a damaged clothes, had to return it.",2580.00
ORD002105,Janaki Mistry,Toys,No,16-09-2025,3,"The toys is okay, does the job but nothing special.",1660.00
ORD002106,Gaurang Lad,Groceries,No,13-07-2023,1,"Disappointed with this groceries, quality is not good.",280.00
ORD002108,Zilmil Bail,Sports Equipment,No,22-05-2024,3,"Average sports equipment, packaging could be better.",12790.00
ORD002109,Harinakshi Sama,Sports Equipment,No,04-07-2023,3,"The sports equipment is okay, does the job but nothing special.",4860.00
ORD002110,Eta Chakraborty,Kitchenware,No,05-04-2024,5,"Great kitchenware, exactly as described. Very happy with it.",4900.00
ORD002111,Tripti Zachariah,Clothes,No,20-11-2023,2,"Not worth the price, expected better clothes.",1220.00
ORD002114,Manthan Lata,Toys,No,23-12-2023,3,"Average toys, packaging could be better.",1910.00
ORD002116,Urmi Sachdeva,Toys,No,25-10-2025,5,"Fast delivery, toys exceeded my expectations.",2450.00
ORD002118,Nachiket Kota,Clothes,Yes,26-12-2025,5,"Excellent quality for the price, would buy clothes again.",2840.00
ORD002119,Abha Ravi,Groceries,No,23-05-2023,5,"Really satisfied, highly recommend this groceries.",1310.00
ORD002120,Mekhala Bawa,Groceries,No,24-04-2023,4,"Really satisfied, highly recommend this groceries.",1430.00
ORD002122,Balvan Jani,Books,No,03-04-2024,3,"Average books, packaging could be better.",1470.00
ORD002123,Radhika Mahal,Kitchenware,No,12-10-2024,5,"Fast delivery, kitchenware exceeded my expectations.",4760.00
ORD002124,Maanav Bassi,Sports Equipment,No,05-09-2024,5,"Great sports equipment, exactly as described. Very happy with it.",730.00
ORD002126,Pooja Chatterjee,Electronics,No,01-01-2025,3,"Average electronics, packaging could be better.",40910.00
ORD002127,Avi Sarkar,Furniture,No,09-11-2025,3,"The furniture is okay, does the job but nothing special.",44610.00
ORD002128,Ishwar Wali,Shoes,No,05-05-2023,3,"Average shoes, packaging could be better.",7290.00
ORD002129,Benjamin Ratta,Furniture,No,20-09-2025,5,"Excellent quality for the price, would buy furniture again.",46950.00
ORD002130,Rehaan Morar,Toys,Yes,16-04-2024,4,"Fast delivery, toys exceeded my expectations.",1240.00
ORD002131,Mekhala Bawa,Electronics,No,27-02-2023,4,"Fast delivery, electronics exceeded my expectations.",2900.00
ORD002132,Omkaar Chopra,Books,No,16-04-2025,4,"Great books, exactly as described. Very happy with it.",520.00
ORD002134,Zayyan Palan,Clothes,No,09-06-2025,1,"Received a damaged clothes, had to return it.",1420.00
ORD002135,Tripti Goyal,Toys,No,19-06-2023,4,"Excellent quality for the price, would buy toys again.",1420.00
ORD002136,Frederick Solanki,Books,No,05-06-2023,4,"Great books, exactly as described. Very happy with it.",840.00
ORD002137,Falan Johal,Shoes,No,27-12-2023,5,"Great shoes, exactly as described. Very happy with it.",3370.00
ORD002139,Maanav Bassi,Beauty Products,No,12-07-2023,3,"Average beauty products, packaging could be better.",180.00
ORD002140,Aradhana Sethi,Furniture,No,24-01-2023,4,"Fast delivery, furniture exceeded my expectations.",13390.00
ORD002141,Vasudha Murty,Beauty Products,Yes,25-03-2023,5,"Excellent quality for the price, would buy beauty products again.",740.00
ORD002143,Chaman Varty,Books,No,03-04-2024,5,"Great books, exactly as described. Very happy with it.",1310.00
ORD002144,Maanas Ratta,Shoes,No,11-04-2023,4,"Really satisfied, highly recommend this shoes.",5880.00
ORD002147,William Khanna,Electronics,No,19-07-2025,5,"Excellent quality for the price, would buy electronics again.",27260.00
ORD002149,Chandresh Golla,Toys,No,09-12-2025,4,"Really satisfied, highly recommend this toys.",440.00
ORD002150,Saumya Ratti,Shoes,Yes,29-10-2025,5,"Excellent quality for the price, would buy shoes again.",1660.00
ORD002151,Charvi Date,Sports Equipment,No,12-03-2023,4,"Fast delivery, sports equipment exceeded my expectations.",12440.00
ORD002152,Reyansh Kohli,Furniture,Yes,02-08-2025,3,"The furniture is okay, does the job but nothing special.",43000.00
ORD002153,Karan Bhat,Groceries,No,05-08-2023,5,"Really satisfied, highly recommend this groceries.",110.00
ORD002154,Dominic Som,Furniture,No,08-11-2025,5,"Great furniture, exactly as described. Very happy with it.",7510.00
ORD002155,Zaid Sandal,Furniture,Yes,25-03-2023,4,"Excellent quality for the price, would buy furniture again.",36260.00
ORD002156,Vincent Barad,Furniture,No,08-10-2024,5,"Excellent quality for the price, would buy furniture again.",15600.00
ORD002158,Tripti Goyal,Groceries,No,08-10-2023,4,"Great groceries, exactly as described. Very happy with it.",820.00
ORD002160,Ishani Bhalla,Kitchenware,No,08-10-2024,4,"Really satisfied, highly recommend this kitchenware.",3640.00
ORD002162,Watika Wali,Kitchenware,No,31-10-2024,5,"Great kitchenware, exactly as described. Very happy with it.",3920.00
ORD002163,Zayan Sani,Electronics,No,24-06-2023,3,"The electronics is okay, does the job but nothing special.",23340.00
ORD002164,Tanmayi Subramanian,Furniture,No,21-12-2024,5,"Excellent quality for the price, would buy furniture again.",11820.00
ORD002165,Tripti Goyal,Shoes,Yes,14-05-2025,3,"Average shoes, packaging could be better.",3530.00
ORD002166,Kai Sodhi,Shoes,Yes,08-03-2025,1,"Received a damaged shoes, had to return it.",3050.00
ORD002167,Vansha Deol,Sports Equipment,Yes,27-06-2023,4,"Great sports equipment, exactly as described. Very happy with it.",12120.00
ORD002168,Inaya Taneja,Clothes,No,24-01-2024,4,"Fast delivery, clothes exceeded my expectations.",1630.00
ORD002170,Triveni Mallick,Clothes,No,24-08-2023,3,"The clothes is okay, does the job but nothing special.",2620.00
ORD002171,Vincent Barad,Clothes,No,02-10-2025,1,"Not worth the price, expected better clothes.",2740.00
ORD002172,Matthew Yadav,Toys,No,15-06-2023,5,"Great toys, exactly as described. Very happy with it.",500.00
ORD002173,Yuvraj Gandhi,Clothes,No,05-12-2025,2,"Not worth the price, expected better clothes.",510.00
ORD002176,Alka Srinivas,Groceries,No,20-07-2023,4,"Excellent quality for the price, would buy groceries again.",370.00
ORD002177,Zehaan Devan,Electronics,No,23-11-2025,5,"Fast delivery, electronics exceeded my expectations.",11320.00
ORD002178,Advik Hegde,Beauty Products,No,23-02-2025,5,"Excellent quality for the price, would buy beauty products again.",2680.00
ORD002179,Rishi Tara,Toys,No,23-02-2023,5,"Excellent quality for the price, would buy toys again.",350.00
ORD002182,Yashica Kota,Kitchenware,No,09-06-2023,4,"Really satisfied, highly recommend this kitchenware.",870.00
ORD002184,Gavin Gade,Shoes,No,23-06-2023,5,"Really satisfied, highly recommend this shoes.",2730.00
ORD002186,Jagat Iyengar,Kitchenware,No,24-12-2024,4,"Fast delivery, kitchenware exceeded my expectations.",3830.00
ORD002187,Yashoda Mammen,Sports Equipment,No,06-07-2025,5,"Really satisfied, highly recommend this sports equipment.",11140.00
ORD002188,Logan Sekhon,Shoes,No,23-06-2023,5,"Fast delivery, shoes exceeded my expectations.",3970.00
ORD002189,Garima Kumar,Kitchenware,No,19-09-2025,4,"Really satisfied, highly recommend this kitchenware.",4180.00
ORD002190,Charles Balay,Beauty Products,No,25-07-2025,2,"Disappointed with this beauty products, quality is not good.",2640.00
ORD002191,Gautam Samra,Groceries,No,09-10-2024,4,"Great groceries, exactly as described. Very happy with it.",960.00
ORD002193,Azad Muni,Electronics,No,18-11-2023,5,"Fast delivery, electronics exceeded my expectations.",28140.00
ORD002194,Lucky Balakrishnan,Kitchenware,No,15-11-2023,3,"Average kitchenware, packaging could be better.",2440.00
ORD002197,Logan Sekhon,Electronics,No,05-04-2023,4,"Excellent quality for the price, would buy electronics again.",15130.00
ORD002198,Bimala Sehgal,Groceries,No,13-05-2023,5,"Excellent quality for the price, would buy groceries again.",1600.00
ORD002199,Yauvani Patla,Beauty Products,No,24-06-2025,4,"Great beauty products, exactly as described. Very happy with it.",2250.00
ORD002200,Aarini Nagar,Books,No,31-03-2024,4,"Fast delivery, books exceeded my expectations.",380.00
ORD002201,Watika Wali,Groceries,No,21-08-2023,4,"Really satisfied, highly recommend this groceries.",760.00
ORD002204,Garima Agarwal,Kitchenware,No,22-12-2024,3,"The kitchenware is okay, does the job but nothing special.",3720.00
ORD002205,Elijah Raman,Sports Equipment,No,18-10-2025,2,"Not worth the price, expected better sports equipment.",2120.00
ORD002206,Pratyush Madan,Electronics,No,20-02-2023,1,"Not worth the price, expected better electronics.",19560.00
ORD002207,Veer Cheema,Groceries,No,01-05-2025,5,"Really satisfied, highly recommend this groceries.",1440.00
ORD002209,Wishi Gala,Toys,No,14-04-2023,5,"Excellent quality for the price, would buy toys again.",2930.00
ORD002210,Nidhi Baria,Groceries,No,04-01-2024,3,"Average groceries, packaging could be better.",1260.00
ORD002211,Qasim Muni,Electronics,No,07-11-2024,3,"The electronics is okay, does the job but nothing special.",32890.00
ORD002212,Yashvi Bahl,Electronics,No,05-11-2024,3,"The electronics is okay, does the job but nothing special.",35530.00
ORD002213,Anjali Dasgupta,Groceries,No,23-05-2024,3,"Average groceries, packaging could be better.",1420.00
ORD002216,Rayaan Malhotra,Books,No,03-06-2023,2,"Disappointed with this books, quality is not good.",780.00
ORD002217,Arya Thakkar,Kitchenware,No,24-03-2024,2,"Not worth the price, expected better kitchenware.",570.00
ORD002218,Lohit Saha,Electronics,No,04-09-2025,2,"Received a damaged electronics, had to return it.",15450.00
ORD002219,Jalsa Sangha,Groceries,No,30-10-2024,5,"Great groceries, exactly as described. Very happy with it.",860.00
ORD002220,Sarthak Puri,Furniture,No,13-08-2023,5,"Excellent quality for the price, would buy furniture again.",40780.00
ORD002221,Chanakya Pillai,Clothes,No,28-05-2023,5,"Fast delivery, clothes exceeded my expectations.",520.00
ORD002223,Tristan Ravel,Electronics,Yes,29-07-2024,5,"Great electronics, exactly as described. Very happy with it.",1500.00
ORD002224,Banjeet Rastogi,Kitchenware,No,28-05-2023,5,"Excellent quality for the price, would buy kitchenware again.",1870.00
ORD002225,Zarna Peri,Toys,No,07-04-2024,3,"The toys is okay, does the job but nothing special.",1380.00
ORD002226,Noah Sur,Beauty Products,No,31-07-2025,4,"Great beauty products, exactly as described. Very happy with it.",1020.00
ORD002227,Oni Dhawan,Groceries,No,13-07-2024,2,"Not worth the price, expected better groceries.",1620.00
ORD002228,Benjamin Ratta,Furniture,No,24-06-2025,5,"Really satisfied, highly recommend this furniture.",10490.00
ORD002230,Udant Hayer,Furniture,No,27-09-2024,4,"Excellent quality for the price, would buy furniture again.",18240.00
ORD002231,Yasti Mutti,Clothes,No,25-07-2024,5,"Fast delivery, clothes exceeded my expectations.",1480.00
ORD002232,Harsh Gala,Kitchenware,No,11-11-2024,5,"Excellent quality for the price, would buy kitchenware again.",2890.00
ORD002233,Omya Salvi,Furniture,Yes,19-06-2025,4,"Really satisfied, highly recommend this furniture.",9360.00
ORD002234,Gautam Aurora,Groceries,No,03-01-2026,4,"Fast delivery, groceries exceeded my expectations.",60.00
ORD002238,Yamini Bir,Groceries,No,15-12-2025,4,"Excellent quality for the price, would buy groceries again.",1070.00
ORD002239,Vedhika Dhawan,Groceries,Yes,28-09-2025,4,"Really satisfied, highly recommend this groceries.",1580.00
ORD002240,Qadim Sen,Furniture,No,07-06-2023,4,"Fast delivery, furniture exceeded my expectations.",29720.00
ORD002242,Hamsini Rattan,Sports Equipment,No,11-06-2025,5,"Excellent quality for the price, would buy sports equipment again.",3180.00
ORD002243,Pahal Kuruvilla,Electronics,No,25-05-2025,4,"Really satisfied, highly recommend this electronics.",9460.00
ORD002244,Maanas Chaudry,Groceries,No,12-05-2023,3,"The groceries is okay, does the job but nothing special.",830.00
ORD002245,Mason Koshy,Groceries,No,27-10-2024,4,"Fast delivery, groceries exceeded my expectations.",1140.00
ORD002246,Hamsini Rattan,Beauty Products,Yes,14-02-2023,4,"Excellent quality for the price, would buy beauty products again.",1090.00
ORD002247,Vedhika Dhawan,Toys,No,03-03-2025,1,"Not worth the price, expected better toys.",2200.00
ORD002248,Chaitanya Bhatia,Electronics,No,29-08-2025,3,"Average electronics, packaging could be better.",37620.00
ORD002249,Saumya Kothari,Groceries,No,23-11-2023,5,"Great groceries, exactly as described. Very happy with it.",1760.00
ORD002250,Sarthak Rai,Electronics,No,17-07-2023,5,"Excellent quality for the price, would buy electronics again.",44780.00
ORD002251,Mitali Verma,Furniture,No,14-10-2024,4,"Great furniture, exactly as described. Very happy with it.",24710.00
ORD002252,Waida Bandi,Beauty Products,No,08-11-2023,4,"Excellent quality for the price, would buy beauty products again.",440.00
ORD002253,Nirja Shan,Shoes,No,16-11-2024,3,"Average shoes, packaging could be better.",3750.00
ORD002256,Gautam Aurora,Beauty Products,Yes,12-10-2024,4,"Fast delivery, beauty products exceeded my expectations.",320.00
ORD002257,Maanas Babu,Furniture,No,03-05-2024,3,"The furniture is okay, does the job but nothing special.",30090.00
ORD002258,Madhav Pandit,Sports Equipment,No,23-07-2025,5,"Really satisfied, highly recommend this sports equipment.",610.00
ORD002259,Upasna Pant,Kitchenware,No,25-08-2023,4,"Really satisfied, highly recommend this kitchenware.",3970.00
ORD002262,Naksh Krishna,Books,No,18-04-2023,4,"Excellent quality for the price, would buy books again.",310.00
ORD002264,Bahadurjit Kant,Shoes,No,11-07-2025,5,"Great shoes, exactly as described. Very happy with it.",7560.00
ORD002265,Utkarsh Din,Clothes,No,03-09-2023,4,"Fast delivery, clothes exceeded my expectations.",1580.00
ORD002266,Kala Vig,Shoes,Yes,13-06-2025,4,"Fast delivery, shoes exceeded my expectations.",5220.00
ORD002267,Radhika Mahal,Beauty Products,No,10-06-2023,5,"Excellent quality for the price, would buy beauty products again.",1910.00
ORD002268,Jeet Setty,Toys,No,24-02-2023,3,"The toys is okay, does the job but nothing special.",2500.00
ORD002269,Tanmayi Boase,Shoes,No,01-04-2023,5,"Fast delivery, shoes exceeded my expectations.",3810.00
ORD002270,Inaya Taneja,Clothes,Yes,19-09-2024,2,"Not worth the price, expected better clothes.",2920.00
ORD002273,Arunima Parsa,Sports Equipment,No,29-03-2025,3,"The sports equipment is okay, does the job but nothing special.",7140.00
ORD002274,Chanakya Mand,Kitchenware,No,15-06-2025,5,"Really satisfied, highly recommend this kitchenware.",2570.00
ORD002275,Xavier Sani,Electronics,No,23-11-2023,3,"The electronics is okay, does the job but nothing special.",8550.00
ORD002278,Bimala Master,Kitchenware,No,08-01-2024,5,"Fast delivery, kitchenware exceeded my expectations.",3520.00
ORD002279,Tanay Sagar,Electronics,No,08-01-2023,4,"Great electronics, exactly as described. Very happy with it.",2360.00
ORD002281,Pranit Kohli,Beauty Products,No,11-02-2023,2,"Received a damaged beauty products, had to return it.",1480.00
ORD002283,Meera Bajaj,Furniture,No,25-09-2025,5,"Excellent quality for the price, would buy furniture again.",12760.00
ORD002284,Samesh Jani,Groceries,No,21-09-2025,5,"Really satisfied, highly recommend this groceries.",1690.00
ORD002285,Mekhala Gala,Beauty Products,Yes,20-09-2025,5,"Excellent quality for the price, would buy beauty products again.",2680.00
ORD002286,Victor Goda,Beauty Products,No,14-02-2025,1,"Received a damaged beauty products, had to return it.",2030.00
ORD002287,Theodore Chandra,Electronics,No,05-01-2025,4,"Great electronics, exactly as described. Very happy with it.",55530.00
ORD002288,Harrison Arya,Books,No,01-12-2025,4,"Excellent quality for the price, would buy books again.",890.00
ORD002289,Zayyan Dutt,Beauty Products,No,18-04-2023,4,"Really satisfied, highly recommend this beauty products.",510.00
ORD002290,Kavya Srivastava,Clothes,No,25-11-2023,5,"Really satisfied, highly recommend this clothes.",2090.00
ORD002291,Manbir Mittal,Groceries,Yes,02-02-2025,4,"Really satisfied, highly recommend this groceries.",1780.00
ORD002292,Pallavi Lal,Kitchenware,No,09-05-2024,5,"Excellent quality for the price, would buy kitchenware again.",1070.00
ORD002293,Yutika Bhagat,Electronics,No,12-11-2024,2,"Received a damaged electronics, had to return it.",16940.00
ORD002295,Tripti Zachariah,Toys,Yes,14-08-2023,3,"The toys is okay, does the job but nothing special.",1930.00
ORD002296,Omya Boase,Electronics,No,04-03-2023,5,"Great electronics, exactly as described. Very happy with it.",39590.00
ORD002301,Rushil Gopal,Kitchenware,Yes,27-11-2023,1,"Disappointed with this kitchenware, quality is not good.",3480.00
ORD002302,Ansh Kohli,Clothes,Yes,03-07-2023,4,"Fast delivery, clothes exceeded my expectations.",2440.00
ORD002303,Yoshita Soman,Furniture,No,11-03-2025,5,"Excellent quality for the price, would buy furniture again.",6650.00
ORD002305,Nicholas Bhandari,Groceries,No,18-01-2024,3,"Average groceries, packaging could be better.",860.00
ORD002306,Vivaan Seth,Books,Yes,29-04-2023,5,"Great books, exactly as described. Very happy with it.",780.00
ORD002307,Ronith Raman,Beauty Products,No,17-01-2025,4,"Really satisfied, highly recommend this beauty products.",1540.00
ORD002308,Maya Ramakrishnan,Clothes,No,26-06-2023,5,"Really satisfied, highly recommend this clothes.",1210.00
ORD002309,Bakhshi Nagar,Beauty Products,No,20-05-2025,1,"Received a damaged beauty products, had to return it.",1510.00
ORD002310,Lucky Balakrishnan,Toys,No,28-04-2025,4,"Excellent quality for the price, would buy toys again.",840.00
ORD002311,Yashica Aurora,Toys,Yes,11-02-2023,5,"Excellent quality for the price, would buy toys again.",460.00
ORD002312,Ladli Yadav,Kitchenware,No,15-10-2023,4,"Excellent quality for the price, would buy kitchenware again.",4380.00
ORD002313,Inaya Kalla,Shoes,No,11-08-2023,5,"Great shoes, exactly as described. Very happy with it.",5690.00
ORD002314,Harish Shetty,Books,No,12-01-2026,5,"Excellent quality for the price, would buy books again.",380.00
ORD002315,Shravya Naik,Books,No,07-02-2025,5,"Fast delivery, books exceeded my expectations.",1240.00
ORD002316,Riya Thaman,Sports Equipment,No,07-01-2026,5,"Fast delivery, sports equipment exceeded my expectations.",8660.00
ORD002318,Mohammed Pau,Shoes,No,22-04-2023,5,"Fast delivery, shoes exceeded my expectations.",2090.00
ORD002319,Urmi Lad,Books,No,11-12-2023,4,"Great books, exactly as described. Very happy with it.",860.00
ORD002320,Yashasvi Dewan,Electronics,No,30-04-2023,4,"Fast delivery, electronics exceeded my expectations.",24010.00
ORD002321,Ojasvi Parmer,Furniture,Yes,07-08-2025,5,"Fast delivery, furniture exceeded my expectations.",49170.00
ORD002322,Neha Warrior,Groceries,No,29-10-2025,5,"Fast delivery, groceries exceeded my expectations.",1730.00
ORD002323,Gautami Lall,Groceries,No,14-01-2026,2,"Not worth the price, expected better groceries.",1370.00
ORD002324,Vasudha Murty,Electronics,No,12-04-2025,5,"Great electronics, exactly as described. Very happy with it.",54410.00
ORD002325,Banjeet De,Furniture,No,12-02-2024,4,"Really satisfied, highly recommend this furniture.",11180.00
ORD002326,Shivansh Puri,Books,No,19-05-2024,5,"Really satisfied, highly recommend this books.",630.00
ORD002327,Maanas Babu,Shoes,No,16-04-2024,4,"Excellent quality for the price, would buy shoes again.",1340.00
ORD002328,Rachit Bedi,Electronics,No,14-11-2024,4,"Really satisfied, highly recommend this electronics.",10600.00
ORD002330,Sneha Nori,Kitchenware,No,21-07-2023,1,"Received a damaged kitchenware, had to return it.",2300.00
ORD002331,Zehaan Pradhan,Sports Equipment,No,28-09-2024,2,"Not worth the price, expected better sports equipment.",3530.00
ORD002332,Manan Mahal,Clothes,No,03-12-2025,3,"Average clothes, packaging could be better.",1010.00
ORD002333,Kashvi Narula,Groceries,No,27-08-2024,5,"Great groceries, exactly as described. Very happy with it.",1280.00
ORD002334,Yamini Bir,Groceries,No,15-01-2025,4,"Great groceries, exactly as described. Very happy with it.",360.00
ORD002335,Pratyush Madan,Toys,No,06-09-2025,3,"Average toys, packaging could be better.",2830.00
ORD002336,Riya Mutti,Furniture,No,29-10-2024,4,"Great furniture, exactly as described. Very happy with it.",6440.00
ORD002338,Gautam Aurora,Books,No,03-11-2025,4,"Great books, exactly as described. Very happy with it.",510.00
ORD002339,Saumya Kothari,Sports Equipment,No,14-07-2025,4,"Great sports equipment, exactly as described. Very happy with it.",12960.00
ORD002340,Tristan Bhavsar,Groceries,No,03-09-2023,3,"The groceries is okay, does the job but nothing special.",1340.00
ORD002341,Neelima Chad,Electronics,No,26-12-2023,2,"Received a damaged electronics, had to return it.",33380.00
ORD002343,Samaksh Sem,Shoes,No,13-01-2024,1,"Not worth the price, expected better shoes.",4300.00
ORD002345,Dev Bhasin,Furniture,Yes,17-06-2024,3,"The furniture is okay, does the job but nothing special.",38440.00
ORD002347,Tanmayi Boase,Kitchenware,No,08-12-2023,4,"Fast delivery, kitchenware exceeded my expectations.",4950.00
ORD002348,Thomas Brahmbhatt,Clothes,No,29-06-2023,5,"Really satisfied, highly recommend this clothes.",2140.00
ORD002349,Adya Patla,Toys,No,08-09-2023,3,"Average toys, packaging could be better.",2940.00
ORD002350,Saumya Ratti,Groceries,No,14-10-2023,5,"Great groceries, exactly as described. Very happy with it.",1940.00
ORD002354,Eshana Lad,Electronics,No,18-08-2023,5,"Fast delivery, electronics exceeded my expectations.",58800.00
ORD002355,Henry Bora,Sports Equipment,No,06-11-2023,4,"Fast delivery, sports equipment exceeded my expectations.",9550.00
ORD002356,Azaan Pai,Clothes,No,03-09-2024,4,"Excellent quality for the price, would buy clothes again.",2930.00
ORD002357,Finn Dugal,Clothes,Yes,31-01-2025,5,"Great clothes, exactly as described. Very happy with it.",2900.00
ORD002358,Damyanti Sahni,Groceries,No,21-08-2023,4,"Great groceries, exactly as described. Very happy with it.",1330.00
ORD002359,Kamya Jhaveri,Toys,No,14-03-2023,4,"Really satisfied, highly recommend this toys.",1470.00
ORD002360,Darsh Sunder,Shoes,No,29-07-2023,3,"The shoes is okay, does the job but nothing special.",7580.00
ORD002361,Banjeet Memon,Groceries,No,19-08-2023,1,"Not worth the price, expected better groceries.",1330.00
ORD002362,Darika Kala,Books,No,30-05-2025,2,"Disappointed with this books, quality is not good.",800.00
ORD002363,Bhavna Sood,Kitchenware,No,01-01-2025,5,"Fast delivery, kitchenware exceeded my expectations.",1440.00
ORD002364,Nicholas Choudhary,Clothes,No,30-09-2024,5,"Great clothes, exactly as described. Very happy with it.",2100.00
ORD002365,Banjeet Rege,Toys,No,06-12-2023,4,"Fast delivery, toys exceeded my expectations.",430.00
ORD002366,Jairaj Setty,Groceries,No,26-07-2023,2,"Disappointed with this groceries, quality is not good.",1010.00
ORD002367,Madhavi Mann,Clothes,No,10-08-2024,1,"Not worth the price, expected better clothes.",2110.00
ORD002368,Hitesh Prabhu,Groceries,No,03-05-2023,4,"Really satisfied, highly recommend this groceries.",1340.00
ORD002370,Kashvi Sangha,Beauty Products,No,10-04-2023,4,"Great beauty products, exactly as described. Very happy with it.",1390.00
ORD002371,Gagan Tandon,Electronics,No,28-11-2023,5,"Fast delivery, electronics exceeded my expectations.",53190.00
ORD002372,Warda Doctor,Electronics,No,01-04-2025,5,"Really satisfied, highly recommend this electronics.",19000.00
ORD002373,Frederick Nair,Groceries,No,02-07-2023,4,"Great groceries, exactly as described. Very happy with it.",1260.00
ORD002374,Alka Magar,Beauty Products,No,18-01-2025,5,"Really satisfied, highly recommend this beauty products.",380.00
ORD002376,Dhriti Lad,Beauty Products,Yes,15-06-2025,5,"Great beauty products, exactly as described. Very happy with it.",1590.00
ORD002377,Hemani Aurora,Electronics,No,06-10-2023,2,"Disappointed with this electronics, quality is not good.",34250.00
ORD002378,Tanmayi Boase,Toys,No,05-11-2023,5,"Really satisfied, highly recommend this toys.",450.00
ORD002379,Pratyush Bansal,Clothes,No,31-03-2023,5,"Really satisfied, highly recommend this clothes.",1570.00
ORD002380,Theodore Chandra,Shoes,No,08-01-2026,4,"Excellent quality for the price, would buy shoes again.",4280.00
ORD002381,Chanakya Mand,Sports Equipment,Yes,18-12-2025,3,"Average sports equipment, packaging could be better.",7700.00
ORD002382,Chanchal Sastry,Sports Equipment,No,18-09-2025,1,"Received a damaged sports equipment, had to return it.",920.00
ORD002384,Shravya Char,Furniture,No,10-05-2023,4,"Really satisfied, highly recommend this furniture.",5230.00
ORD002386,Jasmit Bhardwaj,Kitchenware,No,14-08-2025,5,"Fast delivery, kitchenware exceeded my expectations.",3220.00
ORD002387,Faris Sethi,Groceries,No,04-05-2023,5,"Great groceries, exactly as described. Very happy with it.",1750.00
ORD002388,Advik Hegde,Sports Equipment,No,21-02-2024,3,"The sports equipment is okay, does the job but nothing special.",5000.00
ORD002389,Onkar Datta,Books,No,31-12-2024,3,"The books is okay, does the job but nothing special.",310.00
ORD002390,Damyanti Sahni,Kitchenware,No,20-04-2023,5,"Excellent quality for the price, would buy kitchenware again.",940.00
ORD002392,Veda Muni,Toys,No,03-08-2024,3,"The toys is okay, does the job but nothing special.",2670.00
ORD002393,Max Aurora,Groceries,No,19-09-2024,3,"The groceries is okay, does the job but nothing special.",1270.00
ORD002394,Charvi Date,Clothes,No,18-05-2025,3,"Average clothes, packaging could be better.",2380.00
ORD002395,Rayaan Malhotra,Shoes,No,14-08-2025,5,"Excellent quality for the price, would buy shoes again.",3650.00
ORD002396,Tripti Goyal,Electronics,Yes,07-03-2023,4,"Really satisfied, highly recommend this electronics.",31320.00
ORD002397,Dakshesh Goswami,Groceries,No,07-08-2023,2,"Not worth the price, expected better groceries.",1240.00
ORD002398,Samar Balay,Electronics,No,25-08-2025,5,"Excellent quality for the price, would buy electronics again.",37330.00
ORD002399,Hamsini Rattan,Groceries,No,24-04-2023,5,"Excellent quality for the price, would buy groceries again.",1670.00
ORD002400,Indali Salvi,Beauty Products,No,28-10-2024,5,"Great beauty products, exactly as described. Very happy with it.",320.00
ORD002401,Nicholas Bhandari,Sports Equipment,No,08-02-2025,5,"Really satisfied, highly recommend this sports equipment.",7670.00
ORD002402,Alexander Behl,Groceries,No,09-05-2025,3,"The groceries is okay, does the job but nothing special.",1910.00
ORD002404,Wakeeta Raja,Shoes,No,01-02-2023,3,"Average shoes, packaging could be better.",7130.00
ORD002405,Nathaniel Bhardwaj,Toys,No,12-07-2023,2,"Not worth the price, expected better toys.",2490.00
ORD002406,Vrinda Sama,Sports Equipment,No,11-01-2025,5,"Great sports equipment, exactly as described. Very happy with it.",10980.00
ORD002407,Azaan Pai,Shoes,No,30-12-2024,4,"Really satisfied, highly recommend this shoes.",2040.00
ORD002408,Radha Hayer,Kitchenware,No,28-02-2024,5,"Fast delivery, kitchenware exceeded my expectations.",2830.00
ORD002410,Triveni Gaba,Kitchenware,No,01-10-2024,4,"Fast delivery, kitchenware exceeded my expectations.",4100.00
ORD002411,Zilmil Bail,Beauty Products,No,06-02-2023,3,"Average beauty products, packaging could be better.",2200.00
ORD002412,Urishilla Naik,Electronics,No,16-07-2025,3,"The electronics is okay, does the job but nothing special.",10880.00
ORD002413,Vivaan Seth,Clothes,No,21-02-2023,4,"Fast delivery, clothes exceeded my expectations.",550.00
ORD002414,Hamsini Rao,Shoes,No,27-05-2023,4,"Great shoes, exactly as described. Very happy with it.",4190.00
ORD002415,Leena Ratta,Sports Equipment,No,28-04-2024,3,"The sports equipment is okay, does the job but nothing special.",2000.00
ORD002416,Pooja Chatterjee,Kitchenware,Yes,08-11-2023,4,"Fast delivery, kitchenware exceeded my expectations.",3010.00
ORD002419,Ranbir Kala,Beauty Products,No,29-08-2024,4,"Fast delivery, beauty products exceeded my expectations.",500.00
ORD002420,Saksham Mani,Groceries,No,16-05-2024,2,"Not worth the price, expected better groceries.",1080.00
ORD002421,Chavvi Rajan,Shoes,No,13-01-2024,2,"Received a damaged shoes, had to return it.",5790.00
ORD002422,Charles Chaudry,Books,No,22-03-2025,1,"Received a damaged books, had to return it.",500.00
ORD002423,Vihaan Dora,Electronics,No,04-02-2024,5,"Excellent quality for the price, would buy electronics again.",3560.00
ORD002424,Urmi Lad,Books,No,30-04-2024,1,"Received a damaged books, had to return it.",660.00
ORD002425,Harrison Arya,Shoes,No,02-03-2024,5,"Great shoes, exactly as described. Very happy with it.",6300.00
ORD002426,Falak Rege,Shoes,No,31-12-2024,2,"Not worth the price, expected better shoes.",4080.00
ORD002428,Harsh Agrawal,Shoes,No,27-12-2024,3,"Average shoes, packaging could be better.",4100.00
ORD002429,Shaurya Bora,Sports Equipment,Yes,05-09-2023,4,"Fast delivery, sports equipment exceeded my expectations.",8890.00
ORD002430,Naksh Krishna,Beauty Products,No,18-09-2024,5,"Excellent quality for the price, would buy beauty products again.",2290.00
ORD002431,Benjamin Devi,Books,Yes,23-04-2025,5,"Really satisfied, highly recommend this books.",1400.00
ORD002433,Benjamin Barad,Sports Equipment,No,03-07-2024,1,"Received a damaged sports equipment, had to return it.",2900.00
ORD002434,Saksham Mani,Groceries,No,01-07-2025,4,"Excellent quality for the price, would buy groceries again.",800.00
ORD002435,Ekapad Chander,Beauty Products,No,11-08-2025,2,"Received a damaged beauty products, had to return it.",1680.00
ORD002436,Frederick Nair,Kitchenware,No,18-01-2023,1,"Not worth the price, expected better kitchenware.",2520.00
ORD002438,Aayush Dhingra,Furniture,No,09-11-2023,5,"Fast delivery, furniture exceeded my expectations.",26890.00
ORD002439,Maanas Swamy,Electronics,No,23-08-2025,2,"Not worth the price, expected better electronics.",27790.00
ORD002440,Varenya Mani,Electronics,No,18-06-2023,4,"Really satisfied, highly recommend this electronics.",51750.00
ORD002441,Zehaan Devan,Kitchenware,No,02-02-2023,5,"Great kitchenware, exactly as described. Very happy with it.",2970.00
ORD002442,Sathvik Lall,Beauty Products,No,12-12-2024,5,"Great beauty products, exactly as described. Very happy with it.",2930.00
ORD002444,Xiti Puri,Electronics,No,15-07-2025,5,"Great electronics, exactly as described. Very happy with it.",40180.00
ORD002445,Zayan Kamdar,Books,No,18-03-2024,5,"Excellent quality for the price, would buy books again.",260.00
ORD002446,Kevin Taneja,Electronics,No,03-04-2025,4,"Great electronics, exactly as described. Very happy with it.",52720.00
ORD002447,Kala Nagar,Sports Equipment,No,13-10-2023,5,"Great sports equipment, exactly as described. Very happy with it.",10640.00
ORD002448,Charvi Subramanian,Electronics,No,08-11-2024,3,"The electronics is okay, does the job but nothing special.",43420.00
ORD002449,Bhanumati Saran,Electronics,No,04-05-2025,3,"Average electronics, packaging could be better.",22930.00
ORD002451,Leela Swaminathan,Shoes,No,11-11-2025,3,"Average shoes, packaging could be better.",1040.00
ORD002453,Pallavi Lal,Groceries,No,20-07-2024,1,"Received a damaged groceries, had to return it.",720.00
ORD002454,Chandresh Bahl,Groceries,Yes,08-12-2024,3,"The groceries is okay, does the job but nothing special.",240.00
ORD002455,Yahvi Wadhwa,Sports Equipment,No,11-04-2025,3,"The sports equipment is okay, does the job but nothing special.",9440.00
ORD002456,Idika Bhagat,Clothes,No,15-04-2023,2,"Not worth the price, expected better clothes.",1880.00
ORD002457,Balveer Agarwal,Groceries,No,01-11-2024,5,"Great groceries, exactly as described. Very happy with it.",630.00
ORD002458,Matthew Yadav,Electronics,No,17-02-2023,5,"Really satisfied, highly recommend this electronics.",17510.00
ORD002459,Bahadurjit Jayaraman,Groceries,No,18-04-2023,5,"Excellent quality for the price, would buy groceries again.",1530.00
ORD002460,Zaid Sandal,Toys,No,28-08-2025,4,"Excellent quality for the price, would buy toys again.",2840.00
ORD002461,Vrinda Sama,Groceries,No,13-06-2024,5,"Fast delivery, groceries exceeded my expectations.",1910.00
ORD002462,Ati Loyal,Toys,No,23-04-2025,5,"Great toys, exactly as described. Very happy with it.",2620.00
ORD002463,Yauvani Bhatt,Shoes,No,18-07-2025,4,"Really satisfied, highly recommend this shoes.",7650.00
ORD002464,Timothy Bhandari,Electronics,No,09-03-2023,4,"Great electronics, exactly as described. Very happy with it.",10850.00
ORD002465,Zayan Kamdar,Furniture,No,26-04-2023,5,"Fast delivery, furniture exceeded my expectations.",23350.00
ORD002468,Janya Sankaran,Books,No,07-06-2025,5,"Fast delivery, books exceeded my expectations.",320.00
ORD002469,Wridesh Sangha,Electronics,Yes,30-04-2024,5,"Great electronics, exactly as described. Very happy with it.",39190.00
ORD002470,Wakeeta Tella,Sports Equipment,No,04-08-2024,5,"Excellent quality for the price, would buy sports equipment again.",11170.00
ORD002471,Urvi Bhattacharyya,Beauty Products,No,08-05-2023,5,"Really satisfied, highly recommend this beauty products.",730.00
ORD002472,Theodore Chandra,Sports Equipment,No,02-01-2026,1,"Not worth the price, expected better sports equipment.",6030.00
ORD002474,Zilmil Bail,Shoes,No,07-07-2023,5,"Great shoes, exactly as described. Very happy with it.",3040.00
ORD002475,Darika Golla,Shoes,No,11-05-2025,4,"Excellent quality for the price, would buy shoes again.",5870.00
ORD002476,Frederick Nair,Groceries,Yes,15-01-2026,1,"Not worth the price, expected better groceries.",1480.00
ORD002479,Ayush Bail,Books,No,06-09-2023,4,"Great books, exactly as described. Very happy with it.",950.00
ORD002480,Yamini Garg,Furniture,No,02-02-2024,3,"Average furniture, packaging could be better.",9950.00
ORD002481,Dominic Som,Beauty Products,No,28-04-2024,5,"Really satisfied, highly recommend this beauty products.",2590.00
ORD002482,Alka Magar,Groceries,No,21-11-2023,4,"Fast delivery, groceries exceeded my expectations.",1500.00
ORD002483,Hamsini Bhatia,Shoes,No,02-10-2023,3,"Average shoes, packaging could be better.",1190.00
ORD002484,Xavier Soman,Shoes,Yes,24-08-2023,4,"Great shoes, exactly as described. Very happy with it.",3040.00
ORD002488,Udarsh Sachdev,Toys,No,15-11-2025,4,"Fast delivery, toys exceeded my expectations.",2440.00
ORD002489,Lopa Mukhopadhyay,Clothes,No,20-11-2025,5,"Really satisfied, highly recommend this clothes.",1840.00
ORD002490,Jacob Ramakrishnan,Furniture,No,13-02-2025,5,"Excellent quality for the price, would buy furniture again.",43670.00
ORD002491,Dhruv Randhawa,Kitchenware,No,02-07-2025,2,"Disappointed with this kitchenware, quality is not good.",2890.00
ORD002492,Banjeet Rege,Groceries,No,15-10-2025,4,"Fast delivery, groceries exceeded my expectations.",1720.00
ORD002493,Warhi Iyer,Electronics,No,19-03-2024,5,"Fast delivery, electronics exceeded my expectations.",9370.00
ORD002494,Benjamin Devi,Sports Equipment,No,06-05-2024,5,"Fast delivery, sports equipment exceeded my expectations.",11280.00
ORD002495,Zashil Chaudhuri,Electronics,No,29-08-2025,5,"Fast delivery, electronics exceeded my expectations.",47060.00
ORD002496,Zayyan Wason,Kitchenware,No,09-12-2023,5,"Great kitchenware, exactly as described. Very happy with it.",4510.00
ORD002498,Panini Prabhakar,Beauty Products,No,09-07-2024,4,"Really satisfied, highly recommend this beauty products.",530.00
ORD002499,Aarav Anne,Clothes,No,02-04-2025,3,"Average clothes, packaging could be better.",2940.00
ORD002501,Quincy Parsa,Kitchenware,No,14-06-2025,3,"The kitchenware is okay, does the job but nothing special.",3670.00
ORD002503,Dalbir Sule,Electronics,No,08-10-2023,3,"Average electronics, packaging could be better.",34320.00
ORD002504,Theodore Chandra,Electronics,No,04-04-2023,5,"Fast delivery, electronics exceeded my expectations.",24710.00
ORD002505,Zashil Bansal,Toys,Yes,26-05-2025,5,"Really satisfied, highly recommend this toys.",220.00
ORD002506,Gaurangi Aurora,Groceries,No,18-03-2025,3,"The groceries is okay, does the job but nothing special.",790.00
ORD002507,Qasim Muni,Electronics,No,22-11-2024,4,"Great electronics, exactly as described. Very happy with it.",21240.00
ORD002508,Ijaya Dyal,Sports Equipment,No,28-12-2025,3,"The sports equipment is okay, does the job but nothing special.",3250.00
ORD002509,Vrinda Sama,Clothes,No,06-10-2023,5,"Great clothes, exactly as described. Very happy with it.",1180.00
ORD002510,Kamya Jhaveri,Groceries,No,19-10-2024,5,"Really satisfied, highly recommend this groceries.",750.00
ORD002512,Sathvik Lall,Sports Equipment,No,26-08-2025,1,"Received a damaged sports equipment, had to return it.",12850.00
ORD002513,Dalbir Sule,Kitchenware,No,01-02-2025,5,"Fast delivery, kitchenware exceeded my expectations.",4180.00
ORD002514,Banjeet Rastogi,Groceries,Yes,04-05-2024,2,"Not worth the price, expected better groceries.",440.00
ORD002515,Upma Ganesan,Toys,No,12-12-2025,4,"Excellent quality for the price, would buy toys again.",1080.00
ORD002518,Inaya Taneja,Furniture,No,30-12-2025,5,"Excellent quality for the price, would buy furniture again.",10520.00
ORD002519,Abha Ahuja,Electronics,No,30-01-2024,5,"Excellent quality for the price, would buy electronics again.",11150.00
ORD002520,Nathaniel Narain,Clothes,Yes,11-05-2024,4,"Fast delivery, clothes exceeded my expectations.",620.00
ORD002521,Faris Sethi,Clothes,No,10-09-2024,4,"Excellent quality for the price, would buy clothes again.",1510.00
ORD002522,Amruta Sehgal,Electronics,No,09-05-2024,5,"Fast delivery, electronics exceeded my expectations.",56340.00
ORD002523,Charita Vohra,Sports Equipment,No,12-05-2024,5,"Great sports equipment, exactly as described. Very happy with it.",13210.00
ORD002524,Vaishnavi Sachar,Groceries,No,17-11-2025,5,"Really satisfied, highly recommend this groceries.",260.00
ORD002525,Shivani Sane,Books,Yes,29-03-2024,5,"Really satisfied, highly recommend this books.",1190.00
ORD002527,Devika Parikh,Electronics,Yes,05-05-2024,4,"Fast delivery, electronics exceeded my expectations.",51520.00
ORD002528,Chavvi Rattan,Shoes,No,22-05-2024,3,"Average shoes, packaging could be better.",4920.00
ORD002529,Nathan Mander,Shoes,Yes,03-05-2024,5,"Great shoes, exactly as described. Very happy with it.",7340.00
ORD002530,Chanakya Pillai,Toys,No,10-05-2025,5,"Really satisfied, highly recommend this toys.",2310.00
ORD002531,Darpan Gour,Electronics,No,24-09-2025,5,"Excellent quality for the price, would buy electronics again.",3470.00
ORD002532,Pranit Kohli,Clothes,No,07-11-2024,5,"Fast delivery, clothes exceeded my expectations.",1680.00
ORD002533,Kevin Chaudhari,Electronics,No,05-04-2024,3,"The electronics is okay, does the job but nothing special.",58430.00
ORD002535,Faras Garg,Furniture,No,26-04-2024,5,"Great furniture, exactly as described. Very happy with it.",42000.00
ORD002537,Ishwar Wali,Books,No,07-03-2023,3,"Average books, packaging could be better.",420.00
ORD002538,Bachittar Bala,Clothes,No,23-12-2023,4,"Excellent quality for the price, would buy clothes again.",2740.00
ORD002539,Pratyush Bansal,Electronics,No,21-07-2025,4,"Excellent quality for the price, would buy electronics again.",25690.00
ORD002540,Azaan Pai,Shoes,No,08-08-2025,2,"Disappointed with this shoes, quality is not good.",1760.00
ORD002541,Charles Balay,Clothes,No,15-07-2024,1,"Disappointed with this clothes, quality is not good.",960.00
ORD002543,Quincy Parsa,Shoes,No,26-11-2023,5,"Excellent quality for the price, would buy shoes again.",1980.00
ORD002544,Panini Prabhakar,Shoes,No,22-08-2025,4,"Great shoes, exactly as described. Very happy with it.",7310.00
ORD002545,Yashoda Mammen,Kitchenware,No,28-06-2025,5,"Really satisfied, highly recommend this kitchenware.",1560.00
ORD002546,Ijaya Mander,Clothes,No,14-07-2024,4,"Excellent quality for the price, would buy clothes again.",2090.00
ORD002547,Warinder Narang,Books,No,26-05-2023,5,"Excellent quality for the price, would buy books again.",240.00
ORD002548,Januja Iyengar,Shoes,No,10-10-2024,5,"Excellent quality for the price, would buy shoes again.",3860.00
ORD002549,Aarnav Mand,Clothes,No,17-01-2026,5,"Great clothes, exactly as described. Very happy with it.",1790.00
ORD002551,Rushil Brahmbhatt,Clothes,Yes,02-09-2025,4,"Really satisfied, highly recommend this clothes.",1270.00
ORD002552,Devika Mody,Groceries,No,21-09-2024,5,"Great groceries, exactly as described. Very happy with it.",960.00
ORD002553,Brinda Thaker,Beauty Products,No,02-04-2025,4,"Really satisfied, highly recommend this beauty products.",2650.00
ORD002554,Osha Patil,Toys,No,06-05-2025,4,"Fast delivery, toys exceeded my expectations.",1320.00
ORD002555,Kamala Keer,Groceries,No,14-04-2024,4,"Great groceries, exactly as described. Very happy with it.",1590.00
ORD002556,Vihaan Sen,Beauty Products,No,01-08-2023,5,"Great beauty products, exactly as described. Very happy with it.",1990.00
ORD002557,Pahal Kuruvilla,Electronics,No,24-11-2023,5,"Really satisfied, highly recommend this electronics.",16330.00
ORD002558,Chaitanya Tak,Furniture,No,01-09-2024,4,"Really satisfied, highly recommend this furniture.",36500.00
ORD002559,Veer Cheema,Clothes,No,28-03-2025,4,"Fast delivery, clothes exceeded my expectations.",1280.00
ORD002560,Rajata Venkataraman,Sports Equipment,No,17-09-2025,5,"Really satisfied, highly recommend this sports equipment.",5370.00
ORD002561,Megha Shroff,Groceries,No,30-12-2024,2,"Received a damaged groceries, had to return it.",1710.00
ORD002562,Elijah Dalal,Groceries,No,08-05-2025,2,"Received a damaged groceries, had to return it.",1660.00
ORD002564,Gautami Sarin,Furniture,Yes,08-11-2024,2,"Not worth the price, expected better furniture.",32240.00
ORD002565,Widisha Minhas,Groceries,No,19-04-2024,5,"Great groceries, exactly as described. Very happy with it.",1900.00
ORD002566,Hredhaan Edwin,Shoes,No,09-03-2025,4,"Excellent quality for the price, would buy shoes again.",7340.00
ORD002567,Yasti Mutti,Beauty Products,No,27-12-2024,4,"Fast delivery, beauty products exceeded my expectations.",940.00
ORD002568,Saanvi Agarwal,Electronics,No,04-04-2025,4,"Fast delivery, electronics exceeded my expectations.",25100.00
ORD002569,Manan Mahal,Beauty Products,No,18-01-2025,4,"Really satisfied, highly recommend this beauty products.",2930.00
ORD002570,Daksh Dhingra,Groceries,No,13-03-2023,5,"Really satisfied, highly recommend this groceries.",1990.00
ORD002571,Janaki Mistry,Electronics,No,03-09-2023,5,"Fast delivery, electronics exceeded my expectations.",38380.00
ORD002573,Tara Sastry,Clothes,No,09-08-2024,5,"Great clothes, exactly as described. Very happy with it.",2100.00
ORD002575,Harsh Karan,Electronics,Yes,22-08-2025,5,"Great electronics, exactly as described. Very happy with it.",31260.00
ORD002578,Yamini Bir,Kitchenware,No,07-09-2023,4,"Excellent quality for the price, would buy kitchenware again.",2510.00
ORD002579,Urishilla Naik,Furniture,No,28-03-2024,3,"Average furniture, packaging could be better.",26530.00
ORD002580,Dayamai Sangha,Electronics,No,19-06-2025,4,"Really satisfied, highly recommend this electronics.",33960.00
ORD002581,Kashish Sekhon,Shoes,No,05-08-2024,5,"Fast delivery, shoes exceeded my expectations.",4820.00
ORD002583,Omisha Sood,Electronics,No,20-10-2024,5,"Great electronics, exactly as described. Very happy with it.",28440.00
ORD002585,Nitesh Oommen,Books,No,09-07-2025,2,"Not worth the price, expected better books.",480.00
ORD002586,Imaran Dara,Furniture,No,12-09-2024,5,"Great furniture, exactly as described. Very happy with it.",14590.00
ORD002587,Tristan Ravel,Shoes,No,18-07-2024,5,"Excellent quality for the price, would buy shoes again.",7060.00
ORD002588,Sneha Magar,Electronics,No,31-03-2024,5,"Great electronics, exactly as described. Very happy with it.",40630.00
ORD002589,Oni Dhawan,Toys,No,10-03-2023,5,"Really satisfied, highly recommend this toys.",720.00
ORD002590,Dayita Sehgal,Shoes,No,20-11-2024,3,"The shoes is okay, does the job but nothing special.",7650.00
ORD002591,Ikbal Ahuja,Groceries,No,20-10-2025,5,"Excellent quality for the price, would buy groceries again.",560.00
ORD002593,Neel Mall,Clothes,No,15-04-2024,4,"Great clothes, exactly as described. Very happy with it.",510.00
ORD002594,Falan Lanka,Beauty Products,No,30-10-2024,4,"Excellent quality for the price, would buy beauty products again.",2780.00
ORD002595,Charvi Date,Electronics,No,30-03-2025,5,"Great electronics, exactly as described. Very happy with it.",32490.00
ORD002596,Wishi Gala,Books,No,14-07-2024,3,"Average books, packaging could be better.",910.00
ORD002598,Tristan Ravel,Sports Equipment,No,28-10-2024,5,"Really satisfied, highly recommend this sports equipment.",9380.00
ORD002599,Wakeeta Tella,Shoes,No,19-06-2023,5,"Really satisfied, highly recommend this shoes.",1340.00
ORD002600,Ekalinga Dave,Electronics,No,30-11-2025,3,"The electronics is okay, does the job but nothing special.",47620.00
ORD002601,Vaishnavi Sachar,Clothes,No,17-11-2024,5,"Fast delivery, clothes exceeded my expectations.",2410.00
ORD002602,Aachal Lad,Clothes,No,11-01-2026,1,"Not worth the price, expected better clothes.",810.00
ORD002604,Raghav Pradhan,Groceries,Yes,29-12-2025,4,"Fast delivery, groceries exceeded my expectations.",630.00
ORD002605,Guneet Tripathi,Shoes,No,19-03-2024,4,"Great shoes, exactly as described. Very happy with it.",1190.00
ORD002606,Harsh Karan,Books,No,14-04-2023,4,"Really satisfied, highly recommend this books.",480.00
ORD002607,Tara Varughese,Groceries,No,02-09-2023,5,"Really satisfied, highly recommend this groceries.",610.00
ORD002608,Henry Bora,Toys,No,12-06-2025,5,"Great toys, exactly as described. Very happy with it.",1990.00
ORD002610,Vaishnavi Dutt,Electronics,No,17-04-2024,1,"Disappointed with this electronics, quality is not good.",34640.00
ORD002611,Hritik Talwar,Kitchenware,No,12-09-2023,5,"Really satisfied, highly recommend this kitchenware.",1410.00
ORD002612,Zayyan Palan,Furniture,No,01-10-2024,5,"Fast delivery, furniture exceeded my expectations.",30170.00
ORD002613,Lopa Salvi,Beauty Products,No,13-06-2024,3,"Average beauty products, packaging could be better.",520.00
ORD002614,Eshana Lad,Books,No,04-11-2024,3,"Average books, packaging could be better.",600.00
ORD002615,Thomas Brahmbhatt,Toys,No,28-11-2023,5,"Excellent quality for the price, would buy toys again.",2000.00
ORD002616,Dayamai Sankaran,Electronics,No,11-05-2025,4,"Great electronics, exactly as described. Very happy with it.",58970.00
ORD002619,Janani Parmer,Sports Equipment,No,17-01-2023,5,"Fast delivery, sports equipment exceeded my expectations.",6030.00
ORD002621,Utkarsh Din,Groceries,No,04-04-2024,2,"Disappointed with this groceries, quality is not good.",1960.00
ORD002622,Vivaan Sood,Books,No,24-12-2025,4,"Really satisfied, highly recommend this books.",200.00
ORD002623,Yochana Bal,Electronics,No,29-10-2025,5,"Excellent quality for the price, would buy electronics again.",28190.00
ORD002625,Fitan Sodhi,Kitchenware,No,07-09-2024,3,"Average kitchenware, packaging could be better.",640.00
ORD002626,Bhavna Sood,Shoes,No,28-09-2023,3,"Average shoes, packaging could be better.",3750.00
ORD002629,Rudra Ahuja,Clothes,No,02-01-2024,5,"Great clothes, exactly as described. Very happy with it.",2360.00
ORD002630,Wakeeta Tella,Groceries,No,06-03-2023,5,"Great groceries, exactly as described. Very happy with it.",820.00
ORD002631,Tara Sur,Kitchenware,No,13-10-2023,4,"Fast delivery, kitchenware exceeded my expectations.",2130.00
ORD002632,Sneha Magar,Electronics,No,28-06-2024,4,"Excellent quality for the price, would buy electronics again.",26310.00
ORD002633,Vedhika Dhawan,Toys,No,28-03-2025,4,"Great toys, exactly as described. Very happy with it.",480.00
ORD002634,Yamini Garg,Books,No,16-05-2025,5,"Really satisfied, highly recommend this books.",920.00
ORD002635,Triveni Mallick,Furniture,No,17-03-2025,2,"Disappointed with this furniture, quality is not good.",16220.00
ORD002636,Urvi Palla,Books,No,18-01-2026,4,"Excellent quality for the price, would buy books again.",210.00
ORD002637,Tara Varughese,Electronics,No,06-04-2025,5,"Fast delivery, electronics exceeded my expectations.",21880.00
ORD002638,Urvi Bhattacharyya,Clothes,No,23-12-2023,5,"Really satisfied, highly recommend this clothes.",700.00
ORD002639,Omkaar Chopra,Shoes,Yes,22-04-2024,4,"Great shoes, exactly as described. Very happy with it.",7370.00
ORD002640,Jagat Iyengar,Electronics,No,24-05-2025,5,"Excellent quality for the price, would buy electronics again.",47840.00
ORD002642,Udarsh Gopal,Toys,No,21-06-2024,5,"Excellent quality for the price, would buy toys again.",2810.00
ORD002643,Darika Golla,Toys,No,28-04-2024,4,"Fast delivery, toys exceeded my expectations.",1520.00
ORD002644,Aarnav Pant,Furniture,No,26-02-2024,5,"Really satisfied, highly recommend this furniture.",11070.00
ORD002645,Urvashi Ratta,Kitchenware,No,03-07-2025,3,"Average kitchenware, packaging could be better.",1330.00
ORD002646,Hemani Aurora,Beauty Products,No,07-06-2025,4,"Fast delivery, beauty products exceeded my expectations.",310.00
ORD002647,Abhiram Mitter,Groceries,No,12-12-2023,5,"Fast delivery, groceries exceeded my expectations.",640.00
ORD002648,Hamsini Rao,Clothes,Yes,12-09-2024,5,"Fast delivery, clothes exceeded my expectations.",2230.00
ORD002649,Chavvi Rajan,Shoes,No,10-07-2025,5,"Excellent quality for the price, would buy shoes again.",6200.00
ORD002650,Aachal Thakkar,Books,No,12-12-2024,5,"Fast delivery, books exceeded my expectations.",430.00
ORD002651,Balhaar Gade,Electronics,No,12-12-2023,3,"Average electronics, packaging could be better.",50730.00
ORD002652,Megha Shroff,Sports Equipment,No,23-01-2024,4,"Excellent quality for the price, would buy sports equipment again.",11860.00
ORD002653,Eiravati Khare,Groceries,No,21-08-2023,4,"Excellent quality for the price, would buy groceries again.",1010.00
ORD002654,Vamakshi Vala,Beauty Products,No,11-02-2023,2,"Disappointed with this beauty products, quality is not good.",1990.00
ORD002656,Dev Nori,Groceries,No,30-12-2025,5,"Excellent quality for the price, would buy groceries again.",1310.00
ORD002657,Karan Bhat,Clothes,No,21-05-2025,5,"Really satisfied, highly recommend this clothes.",320.00
ORD002658,Dalbir Sule,Sports Equipment,No,25-09-2025,4,"Fast delivery, sports equipment exceeded my expectations.",1600.00
ORD002659,Urvashi Suri,Kitchenware,No,01-04-2023,5,"Really satisfied, highly recommend this kitchenware.",360.00
ORD002660,Brinda Mammen,Beauty Products,No,11-08-2023,2,"Disappointed with this beauty products, quality is not good.",1200.00
ORD002661,Alexander Behl,Electronics,No,26-02-2025,5,"Fast delivery, electronics exceeded my expectations.",15130.00
ORD002663,Bahadurjit Banerjee,Beauty Products,No,04-02-2024,1,"Received a damaged beauty products, had to return it.",760.00
ORD002664,Veer Cheema,Sports Equipment,No,17-08-2024,3,"Average sports equipment, packaging could be better.",9290.00
ORD002665,Nathan Mander,Toys,No,14-08-2024,4,"Fast delivery, toys exceeded my expectations.",2640.00
ORD002666,Dalbir Sule,Sports Equipment,No,03-09-2024,5,"Really satisfied, highly recommend this sports equipment.",8950.00
ORD002667,Nidra Grewal,Sports Equipment,No,19-04-2024,5,"Fast delivery, sports equipment exceeded my expectations.",7230.00
ORD002668,Aarnav Pant,Toys,No,16-04-2023,4,"Really satisfied, highly recommend this toys.",600.00
ORD002669,Ekapad Chander,Electronics,No,08-05-2023,4,"Really satisfied, highly recommend this electronics.",51870.00
ORD002670,Elijah Dalal,Books,No,27-10-2024,4,"Really satisfied, highly recommend this books.",740.00
ORD002671,Azaan Pai,Shoes,No,21-10-2023,5,"Really satisfied, highly recommend this shoes.",2440.00
ORD002672,Banjeet De,Books,No,11-09-2023,5,"Great books, exactly as described. Very happy with it.",770.00
ORD002673,Leela Parmer,Shoes,No,07-05-2025,4,"Great shoes, exactly as described. Very happy with it.",1500.00
ORD002674,Nathan Aggarwal,Furniture,Yes,29-08-2025,5,"Excellent quality for the price, would buy furniture again.",4630.00
ORD002675,Vritti Chopra,Groceries,No,16-05-2024,4,"Really satisfied, highly recommend this groceries.",540.00
ORD002676,Parth Jha,Electronics,No,25-03-2024,4,"Excellent quality for the price, would buy electronics again.",28510.00
ORD002677,Yauvani Hora,Beauty Products,No,11-10-2024,5,"Great beauty products, exactly as described. Very happy with it.",2770.00
ORD002678,Mekhala Dar,Electronics,No,27-07-2025,5,"Really satisfied, highly recommend this electronics.",53030.00
ORD002679,Udarsh Sachdev,Toys,No,23-06-2025,4,"Really satisfied, highly recommend this toys.",2700.00
ORD002680,Odika Iyengar,Books,No,26-11-2023,4,"Really satisfied, highly recommend this books.",1090.00
ORD002681,Nitara Rajagopal,Toys,No,23-08-2023,5,"Great toys, exactly as described. Very happy with it.",410.00
ORD002682,Garima Kumar,Groceries,No,10-11-2025,4,"Fast delivery, groceries exceeded my expectations.",280.00
ORD002683,Yochana Bal,Clothes,No,21-04-2025,3,"Average clothes, packaging could be better.",2350.00
ORD002684,Daksh Chaudhuri,Clothes,No,31-03-2024,4,"Fast delivery, clothes exceeded my expectations.",2740.00
ORD002685,Siya Dhillon,Shoes,No,02-05-2025,5,"Fast delivery, shoes exceeded my expectations.",4890.00
ORD002686,Samesh Jani,Groceries,No,29-11-2024,5,"Fast delivery, groceries exceeded my expectations.",80.00
ORD002687,Rohan Rajagopalan,Groceries,No,28-06-2025,4,"Really satisfied, highly recommend this groceries.",1340.00
ORD002688,Alka Magar,Clothes,No,03-04-2025,3,"The clothes is okay, does the job but nothing special.",2410.00
ORD002689,Urvi Palla,Groceries,No,07-12-2025,4,"Really satisfied, highly recommend this groceries.",1230.00
ORD002690,Nimrat Vasa,Beauty Products,No,22-05-2025,4,"Excellent quality for the price, would buy beauty products again.",1140.00
ORD002692,Timothy Bhatti,Electronics,No,13-12-2024,5,"Excellent quality for the price, would buy electronics again.",48090.00
ORD002693,Urmi Lad,Sports Equipment,No,04-04-2023,3,"Average sports equipment, packaging could be better.",2650.00
ORD002694,Lopa Mukhopadhyay,Electronics,No,25-01-2023,4,"Fast delivery, electronics exceeded my expectations.",20090.00
ORD002695,Anika Rout,Furniture,No,04-07-2024,5,"Great furniture, exactly as described. Very happy with it.",29630.00
ORD002696,Samar Ahuja,Sports Equipment,No,03-09-2023,1,"Received a damaged sports equipment, had to return it.",320.00
ORD002697,Darsh Sunder,Electronics,No,04-09-2024,4,"Great electronics, exactly as described. Very happy with it.",41290.00
ORD002698,Aradhana Sethi,Furniture,No,30-11-2025,3,"Average furniture, packaging could be better.",24620.00
ORD002699,Pooja Chatterjee,Books,No,20-09-2023,5,"Great books, exactly as described. Very happy with it.",640.00
ORD002700,Ikbal Chhabra,Groceries,No,24-04-2024,5,"Fast delivery, groceries exceeded my expectations.",1220.00
ORD002701,Sanya Shanker,Books,No,03-02-2024,4,"Fast delivery, books exceeded my expectations.",1000.00
ORD002702,Bina Sankaran,Toys,No,28-04-2023,3,"The toys is okay, does the job but nothing special.",920.00
ORD002704,Alexander Behl,Toys,No,04-12-2023,4,"Great toys, exactly as described. Very happy with it.",2870.00
ORD002705,Jatin Kapoor,Electronics,No,12-11-2023,3,"The electronics is okay, does the job but nothing special.",44790.00
ORD002706,Zarna Tailor,Kitchenware,No,16-12-2024,5,"Great kitchenware, exactly as described. Very happy with it.",900.00
ORD002707,Ekiya Konda,Clothes,No,06-11-2025,2,"Received a damaged clothes, had to return it.",2440.00
ORD002708,Hemangini Chad,Kitchenware,No,01-07-2025,3,"The kitchenware is okay, does the job but nothing special.",3150.00
ORD002709,Sarthak Puri,Books,No,02-01-2026,5,"Great books, exactly as described. Very happy with it.",290.00
ORD002710,Jagdish Bedi,Books,Yes,26-07-2024,3,"Average books, packaging could be better.",1230.00
ORD002711,Oscar Kaur,Groceries,No,25-07-2025,5,"Fast delivery, groceries exceeded my expectations.",1160.00
ORD002712,Ansh Kohli,Groceries,No,27-05-2023,3,"Average groceries, packaging could be better.",1090.00
ORD002713,Idika Bhagat,Kitchenware,No,14-11-2025,4,"Excellent quality for the price, would buy kitchenware again.",4360.00
ORD002715,Finn Kurian,Clothes,No,29-08-2024,5,"Fast delivery, clothes exceeded my expectations.",2570.00
ORD002716,Gautam Aurora,Books,No,04-12-2025,5,"Fast delivery, books exceeded my expectations.",190.00
ORD002717,Urmi Sachdeva,Groceries,No,03-09-2023,5,"Great groceries, exactly as described. Very happy with it.",850.00
ORD002718,Abha Ravi,Electronics,No,27-06-2024,4,"Really satisfied, highly recommend this electronics.",58230.00
ORD002719,Gautam Samra,Books,No,22-04-2024,2,"Received a damaged books, had to return it.",1110.00
ORD002721,Urvashi Ratta,Groceries,No,22-11-2025,5,"Great groceries, exactly as described. Very happy with it.",140.00
ORD002722,Liam Solanki,Beauty Products,Yes,30-10-2024,1,"Received a damaged beauty products, had to return it.",2750.00
ORD002725,Kamya Jhaveri,Toys,No,25-07-2023,2,"Disappointed with this toys, quality is not good.",1730.00
ORD002726,Ayaan Krishnamurthy,Furniture,Yes,25-04-2023,4,"Excellent quality for the price, would buy furniture again.",25960.00
ORD002727,Benjamin Ratta,Kitchenware,No,29-06-2025,3,"Average kitchenware, packaging could be better.",2280.00
ORD002728,Charan Banerjee,Shoes,Yes,15-11-2025,5,"Excellent quality for the price, would buy shoes again.",6620.00
ORD002730,Kala Nagar,Clothes,No,02-07-2023,4,"Great clothes, exactly as described. Very happy with it.",360.00
ORD002731,Sarthak Rai,Electronics,No,05-10-2023,3,"Average electronics, packaging could be better.",24400.00
ORD002732,Rajeshri Kapadia,Clothes,No,20-02-2025,3,"The clothes is okay, does the job but nothing special.",580.00
ORD002733,Vincent Barad,Toys,Yes,11-04-2025,5,"Excellent quality for the price, would buy toys again.",1560.00
ORD002735,Jyoti Dhingra,Clothes,Yes,18-11-2023,4,"Excellent quality for the price, would buy clothes again.",1290.00
ORD002738,Anvi Shan,Clothes,Yes,07-12-2023,4,"Fast delivery, clothes exceeded my expectations.",2990.00
ORD002739,Frado Joshi,Shoes,No,28-06-2025,5,"Excellent quality for the price, would buy shoes again.",5640.00
ORD002741,Kabir Krishnamurthy,Shoes,No,23-05-2024,3,"Average shoes, packaging could be better.",1350.00
ORD002742,Garima Kumar,Beauty Products,No,08-02-2025,3,"Average beauty products, packaging could be better.",2530.00
ORD002743,Harita Som,Groceries,No,28-04-2024,4,"Fast delivery, groceries exceeded my expectations.",1560.00
ORD002745,Manthan Yadav,Toys,No,19-10-2023,3,"The toys is okay, does the job but nothing special.",1510.00
ORD002746,Aarav Nagy,Groceries,No,16-01-2024,4,"Fast delivery, groceries exceeded my expectations.",320.00
ORD002747,Jagvi Sethi,Furniture,No,07-06-2023,3,"Average furniture, packaging could be better.",4400.00
ORD002748,Anika Palan,Kitchenware,No,11-12-2025,4,"Excellent quality for the price, would buy kitchenware again.",3090.00
ORD002749,Oviya Tara,Groceries,No,12-10-2025,4,"Fast delivery, groceries exceeded my expectations.",1170.00
ORD002750,Naksh Krishna,Shoes,No,02-09-2025,5,"Great shoes, exactly as described. Very happy with it.",3270.00
ORD002751,Vasudha Murty,Beauty Products,No,21-08-2025,3,"Average beauty products, packaging could be better.",2780.00
ORD002752,Zayyan Wason,Groceries,No,18-05-2024,3,"The groceries is okay, does the job but nothing special.",410.00
ORD002753,Nandini Karan,Sports Equipment,No,17-05-2025,5,"Excellent quality for the price, would buy sports equipment again.",13900.00
ORD002756,Anjali Dasgupta,Furniture,No,26-05-2025,3,"The furniture is okay, does the job but nothing special.",46370.00
ORD002757,Mason Koshy,Toys,No,21-01-2025,5,"Really satisfied, highly recommend this toys.",2050.00
ORD002759,Hemangini Sekhon,Electronics,No,06-04-2024,3,"Average electronics, packaging could be better.",46570.00
ORD002760,Garima Kumar,Groceries,No,18-12-2025,5,"Fast delivery, groceries exceeded my expectations.",1030.00
ORD002761,Samuel Rama,Groceries,No,23-08-2023,5,"Fast delivery, groceries exceeded my expectations.",1340.00
ORD002762,Aarav Nagy,Groceries,Yes,25-06-2023,4,"Really satisfied, highly recommend this groceries.",420.00
ORD002764,Hamsini Iyer,Toys,No,24-06-2023,3,"The toys is okay, does the job but nothing special.",700.00
ORD002765,Oni Dhawan,Electronics,No,30-04-2025,2,"Not worth the price, expected better electronics.",5130.00
ORD002766,Chameli Aggarwal,Toys,No,05-02-2024,3,"The toys is okay, does the job but nothing special.",2020.00
ORD002767,Anjali Dasgupta,Shoes,No,19-07-2025,5,"Great shoes, exactly as described. Very happy with it.",800.00
ORD002769,Matthew Shroff,Clothes,Yes,03-11-2023,5,"Fast delivery, clothes exceeded my expectations.",1500.00
ORD002770,Lila Kadakia,Beauty Products,No,28-12-2025,5,"Fast delivery, beauty products exceeded my expectations.",980.00
ORD002771,Jai Bhatia,Clothes,No,22-07-2025,5,"Really satisfied, highly recommend this clothes.",480.00
ORD002772,Gavin Lalla,Toys,No,28-01-2024,4,"Really satisfied, highly recommend this toys.",970.00
ORD002773,Raagini Gade,Shoes,No,30-11-2025,4,"Fast delivery, shoes exceeded my expectations.",7760.00
ORD002774,Varenya Mani,Clothes,No,26-12-2025,2,"Received a damaged clothes, had to return it.",470.00
ORD002775,Reyansh Singh,Groceries,No,24-04-2025,3,"The groceries is okay, does the job but nothing special.",700.00
ORD002776,Aarini Ramakrishnan,Shoes,Yes,29-03-2023,5,"Great shoes, exactly as described. Very happy with it.",3040.00
ORD002777,Jyoti Oak,Toys,No,05-04-2023,4,"Great toys, exactly as described. Very happy with it.",2260.00
ORD002778,Aayush Dhingra,Furniture,No,30-07-2023,5,"Really satisfied, highly recommend this furniture.",27600.00
ORD002779,Yutika Bhagat,Books,No,02-07-2025,5,"Fast delivery, books exceeded my expectations.",1260.00
ORD002781,Yashica Om,Books,No,22-07-2025,5,"Great books, exactly as described. Very happy with it.",1120.00
ORD002782,Lopa Narasimhan,Electronics,No,16-05-2025,5,"Excellent quality for the price, would buy electronics again.",17600.00
ORD002783,Urmi Wali,Furniture,No,09-03-2023,3,"Average furniture, packaging could be better.",3900.00
ORD002785,Arunima Parsa,Groceries,No,02-08-2024,4,"Great groceries, exactly as described. Very happy with it.",1590.00
ORD002786,Arunima Parsa,Furniture,No,28-11-2023,5,"Great furniture, exactly as described. Very happy with it.",43900.00
ORD002787,Karan Kumar,Furniture,No,14-01-2024,4,"Really satisfied, highly recommend this furniture.",14020.00
ORD002788,Hamsini Rao,Furniture,No,27-08-2024,4,"Really satisfied, highly recommend this furniture.",20250.00
ORD002789,Varsha Sundaram,Groceries,No,19-05-2024,2,"Not worth the price, expected better groceries.",780.00
ORD002790,Vansha Deol,Groceries,No,02-11-2023,5,"Excellent quality for the price, would buy groceries again.",1820.00
ORD002791,Lakshmi Bhat,Toys,No,05-11-2024,3,"The toys is okay, does the job but nothing special.",340.00
ORD002792,Vritti Chopra,Furniture,No,17-02-2024,4,"Fast delivery, furniture exceeded my expectations.",44470.00
ORD002793,Shivani Murthy,Kitchenware,No,11-04-2023,5,"Fast delivery, kitchenware exceeded my expectations.",2920.00
ORD002794,Ishani Kapoor,Books,Yes,26-01-2024,4,"Really satisfied, highly recommend this books.",710.00
ORD002795,Zehaan Pradhan,Beauty Products,No,26-11-2024,4,"Fast delivery, beauty products exceeded my expectations.",660.00
ORD002796,Viraj Barad,Sports Equipment,No,28-05-2023,5,"Fast delivery, sports equipment exceeded my expectations.",13400.00
ORD002797,Triveni Gaba,Groceries,No,10-03-2023,5,"Fast delivery, groceries exceeded my expectations.",800.00
ORD002798,Yuvraj Grewal,Clothes,No,12-07-2025,4,"Excellent quality for the price, would buy clothes again.",2090.00
ORD002799,Triya Pant,Furniture,No,25-01-2023,4,"Excellent quality for the price, would buy furniture again.",27720.00
ORD002800,Hemangini Chad,Furniture,No,05-05-2025,4,"Excellent quality for the price, would buy furniture again.",30320.00
ORD002801,Abhiram Mitter,Clothes,No,26-12-2023,5,"Fast delivery, clothes exceeded my expectations.",1880.00
ORD002802,Henry Puri,Kitchenware,No,08-08-2024,5,"Excellent quality for the price, would buy kitchenware again.",2980.00
ORD002804,Idika Bhagat,Furniture,No,16-01-2026,5,"Excellent quality for the price, would buy furniture again.",13740.00
ORD002805,Ikbal Tandon,Clothes,No,12-06-2024,5,"Fast delivery, clothes exceeded my expectations.",2330.00
ORD002807,Ojasvi Parmer,Beauty Products,No,11-12-2024,3,"Average beauty products, packaging could be better.",2980.00
ORD002808,Tejas Mani,Electronics,No,09-04-2025,3,"Average electronics, packaging could be better.",33600.00
ORD002809,Charvi Subramanian,Groceries,No,16-08-2023,4,"Great groceries, exactly as described. Very happy with it.",800.00
ORD002811,Ijaya Mander,Furniture,No,26-03-2023,2,"Received a damaged furniture, had to return it.",35530.00
ORD002812,Thomas Sethi,Electronics,No,11-10-2025,4,"Excellent quality for the price, would buy electronics again.",18480.00
ORD002814,Tanvi Ghosh,Sports Equipment,No,18-07-2025,3,"The sports equipment is okay, does the job but nothing special.",13430.00
ORD002815,Krisha Mutti,Kitchenware,No,18-09-2025,4,"Fast delivery, kitchenware exceeded my expectations.",880.00
ORD002817,Chatura Kala,Clothes,No,20-10-2023,4,"Really satisfied, highly recommend this clothes.",2040.00
ORD002819,Garima Kumar,Furniture,Yes,18-07-2023,4,"Really satisfied, highly recommend this furniture.",6670.00
ORD002820,Gautam Samra,Beauty Products,No,11-07-2024,2,"Not worth the price, expected better beauty products.",1910.00
ORD002821,Falan Johal,Electronics,No,03-10-2024,1,"Disappointed with this electronics, quality is not good.",40480.00
ORD002822,Arunima Parsa,Toys,No,03-04-2025,3,"The toys is okay, does the job but nothing special.",890.00
ORD002823,Akshay Bobal,Toys,No,25-09-2023,1,"Disappointed with this toys, quality is not good.",2380.00
ORD002824,Yochana Bal,Kitchenware,No,20-08-2024,5,"Excellent quality for the price, would buy kitchenware again.",2610.00
ORD002825,Ronith Raman,Books,No,15-07-2023,2,"Disappointed with this books, quality is not good.",810.00
ORD002826,Maanav Chad,Electronics,No,11-09-2024,5,"Really satisfied, highly recommend this electronics.",7720.00
ORD002827,Jagdish Bedi,Books,No,04-08-2024,5,"Great books, exactly as described. Very happy with it.",310.00
ORD002829,Shivansh Puri,Sports Equipment,No,03-02-2023,2,"Disappointed with this sports equipment, quality is not good.",5670.00
ORD002830,Vedhika Raj,Sports Equipment,No,04-06-2023,5,"Great sports equipment, exactly as described. Very happy with it.",11130.00
ORD002831,Qabil Lall,Furniture,Yes,20-02-2025,5,"Great furniture, exactly as described. Very happy with it.",20880.00
ORD002833,Qabil Lall,Shoes,No,18-09-2023,1,"Disappointed with this shoes, quality is not good.",3010.00
ORD002834,Qabil Lall,Shoes,No,23-12-2025,5,"Fast delivery, shoes exceeded my expectations.",4150.00
ORD002835,Matthew Yadav,Groceries,No,10-11-2025,4,"Fast delivery, groceries exceeded my expectations.",1280.00
ORD002836,Vansha Deol,Clothes,No,16-05-2025,4,"Excellent quality for the price, would buy clothes again.",2040.00
ORD002837,Chasmum Goyal,Groceries,No,15-12-2024,5,"Fast delivery, groceries exceeded my expectations.",390.00
ORD002838,Shaurya Bora,Kitchenware,No,23-09-2024,4,"Really satisfied, highly recommend this kitchenware.",3840.00
ORD002840,George Madan,Furniture,No,10-01-2025,3,"The furniture is okay, does the job but nothing special.",24540.00
ORD002841,Warda Palan,Shoes,No,08-06-2024,4,"Great shoes, exactly as described. Very happy with it.",4160.00
ORD002843,Vihaan Date,Kitchenware,Yes,31-12-2023,3,"The kitchenware is okay, does the job but nothing special.",550.00
ORD002844,Benjamin Devi,Groceries,No,03-11-2023,5,"Really satisfied, highly recommend this groceries.",1540.00
ORD002845,Samesh Jani,Groceries,Yes,30-12-2025,4,"Excellent quality for the price, would buy groceries again.",1830.00
ORD002846,Dhruv Randhawa,Groceries,No,29-09-2024,4,"Excellent quality for the price, would buy groceries again.",1920.00
ORD002847,Finn Dugal,Electronics,No,18-09-2024,3,"The electronics is okay, does the job but nothing special.",24100.00
ORD002849,Kamala Keer,Sports Equipment,No,31-05-2024,5,"Great sports equipment, exactly as described. Very happy with it.",10370.00
ORD002850,Triveni Gaba,Sports Equipment,No,02-01-2024,5,"Great sports equipment, exactly as described. Very happy with it.",7430.00
ORD002853,Timothy Lanka,Furniture,No,27-02-2023,4,"Fast delivery, furniture exceeded my expectations.",19490.00
ORD002854,Rudra Ahuja,Toys,No,23-04-2025,4,"Great toys, exactly as described. Very happy with it.",2770.00
ORD002855,Wridesh Sangha,Clothes,No,25-10-2023,4,"Excellent quality for the price, would buy clothes again.",530.00
ORD002856,Zaitra Bajaj,Electronics,No,04-09-2024,3,"The electronics is okay, does the job but nothing special.",5920.00
ORD002857,Chandran Roy,Beauty Products,No,19-07-2024,1,"Not worth the price, expected better beauty products.",2900.00
ORD002858,Samar Tailor,Books,No,09-07-2024,4,"Excellent quality for the price, would buy books again.",1460.00
ORD002861,Chandresh Bahl,Groceries,No,26-03-2023,2,"Received a damaged groceries, had to return it.",880.00
ORD002862,Gautami Manda,Toys,No,23-11-2025,4,"Excellent quality for the price, would buy toys again.",1640.00
ORD002864,Ijaya Dyal,Electronics,No,22-12-2023,5,"Really satisfied, highly recommend this electronics.",34620.00
ORD002865,Vincent Tara,Sports Equipment,No,07-10-2023,5,"Great sports equipment, exactly as described. Very happy with it.",13420.00
ORD002866,Azaan Roy,Clothes,No,22-08-2025,4,"Great clothes, exactly as described. Very happy with it.",950.00
ORD002867,Nathaniel Bhardwaj,Sports Equipment,No,25-03-2025,4,"Great sports equipment, exactly as described. Very happy with it.",810.00
ORD002869,Pahal Krishnamurthy,Electronics,No,17-06-2024,5,"Great electronics, exactly as described. Very happy with it.",10360.00
ORD002870,Owen Trivedi,Kitchenware,No,30-03-2023,4,"Fast delivery, kitchenware exceeded my expectations.",3790.00
ORD002871,Dhriti Lad,Furniture,Yes,08-07-2023,4,"Excellent quality for the price, would buy furniture again.",3780.00
ORD002872,Urmi Wali,Sports Equipment,No,26-02-2024,5,"Excellent quality for the price, would buy sports equipment again.",2370.00
ORD002873,Yamini Bir,Shoes,No,27-09-2024,4,"Really satisfied, highly recommend this shoes.",1050.00
ORD002874,Nidhi Sekhon,Electronics,No,04-08-2025,3,"Average electronics, packaging could be better.",16460.00
ORD002875,Veda Bhatnagar,Groceries,No,08-05-2023,1,"Not worth the price, expected better groceries.",1640.00
ORD002876,Utkarsh Din,Furniture,No,27-09-2025,2,"Received a damaged furniture, had to return it.",43780.00
ORD002877,Vrinda Sama,Kitchenware,No,28-01-2025,5,"Fast delivery, kitchenware exceeded my expectations.",3200.00
ORD002878,Bimala Sehgal,Groceries,Yes,16-06-2024,2,"Disappointed with this groceries, quality is not good.",790.00
ORD002879,Aarini Nagar,Groceries,No,14-05-2023,4,"Great groceries, exactly as described. Very happy with it.",830.00
ORD002880,Anusha Raja,Furniture,No,05-11-2024,3,"Average furniture, packaging could be better.",38670.00
ORD002881,Azaan Roy,Electronics,No,14-06-2023,3,"The electronics is okay, does the job but nothing special.",3120.00
ORD002884,Jonathan Wali,Furniture,No,28-10-2023,1,"Not worth the price, expected better furniture.",41160.00
ORD002885,Rehaan Morar,Groceries,No,24-12-2024,5,"Really satisfied, highly recommend this groceries.",360.00
ORD002886,Sarthak Puri,Clothes,No,14-01-2026,4,"Fast delivery, clothes exceeded my expectations.",2140.00
ORD002887,Mugdha Jani,Shoes,No,19-01-2025,4,"Excellent quality for the price, would buy shoes again.",3540.00
ORD002889,Pahal Krishnamurthy,Kitchenware,Yes,02-03-2024,5,"Excellent quality for the price, would buy kitchenware again.",3250.00
ORD002890,Vritti Chopra,Books,No,22-04-2024,5,"Great books, exactly as described. Very happy with it.",1060.00
ORD002891,Lipika Lal,Electronics,No,24-11-2023,4,"Really satisfied, highly recommend this electronics.",51010.00
ORD002892,Indali Salvi,Electronics,No,31-03-2024,5,"Fast delivery, electronics exceeded my expectations.",6040.00
ORD002894,Omya Boase,Books,No,15-06-2024,5,"Fast delivery, books exceeded my expectations.",1320.00
ORD002895,Zayan Kamdar,Shoes,No,04-10-2024,4,"Really satisfied, highly recommend this shoes.",1630.00
ORD002896,Zansi Dixit,Electronics,No,05-05-2023,5,"Excellent quality for the price, would buy electronics again.",35700.00
ORD002897,Bimala Shanker,Shoes,No,17-03-2024,5,"Fast delivery, shoes exceeded my expectations.",3500.00
ORD002899,Charan Mangal,Clothes,No,07-10-2025,4,"Really satisfied, highly recommend this clothes.",1930.00
ORD002900,Utkarsh Din,Beauty Products,No,28-07-2024,4,"Fast delivery, beauty products exceeded my expectations.",1440.00
ORD002902,Zayyan Dutt,Electronics,Yes,29-08-2024,4,"Great electronics, exactly as described. Very happy with it.",43570.00
ORD002903,Chanakya Mand,Shoes,No,15-06-2024,4,"Excellent quality for the price, would buy shoes again.",2780.00
ORD002904,Manya Rao,Furniture,No,31-05-2024,4,"Excellent quality for the price, would buy furniture again.",17860.00
ORD002905,Wakeeta Raja,Furniture,No,03-05-2024,5,"Really satisfied, highly recommend this furniture.",8930.00
ORD002906,Azaan Roy,Electronics,No,02-06-2025,3,"Average electronics, packaging could be better.",2700.00
ORD002907,George Madan,Beauty Products,No,05-03-2025,3,"The beauty products is okay, does the job but nothing special.",910.00
ORD002908,Chandani Datta,Groceries,No,23-10-2023,1,"Received a damaged groceries, had to return it.",1070.00
ORD002909,Gautami Lall,Books,No,24-01-2024,4,"Fast delivery, books exceeded my expectations.",1210.00
ORD002912,Kala Vig,Furniture,Yes,22-01-2025,4,"Excellent quality for the price, would buy furniture again.",26860.00
ORD002914,Shaurya Bora,Books,No,24-04-2024,5,"Fast delivery, books exceeded my expectations.",1300.00
ORD002915,Jyoti Dhingra,Sports Equipment,No,20-07-2025,5,"Really satisfied, highly recommend this sports equipment.",2230.00
ORD002916,Anusha Raja,Electronics,Yes,23-12-2025,5,"Really satisfied, highly recommend this electronics.",18150.00
ORD002917,Rishi Kashyap,Electronics,No,22-05-2024,5,"Really satisfied, highly recommend this electronics.",51790.00
ORD002918,Chaman Varty,Books,No,10-08-2024,1,"Received a damaged books, had to return it.",680.00
ORD002920,Janani Parmer,Books,No,15-12-2024,2,"Disappointed with this books, quality is not good.",1060.00
ORD002921,Bahadurjit Kant,Groceries,No,15-06-2023,5,"Really satisfied, highly recommend this groceries.",490.00
ORD002922,Ekiya Patla,Furniture,No,22-09-2024,1,"Received a damaged furniture, had to return it.",41600.00
ORD002923,Lopa Salvi,Electronics,Yes,26-04-2024,1,"Not worth the price, expected better electronics.",19710.00
ORD002924,Robert Lal,Clothes,No,06-08-2025,5,"Excellent quality for the price, would buy clothes again.",2310.00
ORD002925,Shivani Murthy,Books,No,03-11-2023,4,"Great books, exactly as described. Very happy with it.",560.00
ORD002926,Kiaan Jayaraman,Kitchenware,No,18-10-2025,5,"Excellent quality for the price, would buy kitchenware again.",1200.00
ORD002927,Chaman Varty,Furniture,No,30-07-2024,4,"Excellent quality for the price, would buy furniture again.",10400.00
ORD002928,Udarsh Gopal,Books,No,27-02-2025,5,"Fast delivery, books exceeded my expectations.",300.00
ORD002929,Riya Mutti,Sports Equipment,No,11-02-2023,4,"Fast delivery, sports equipment exceeded my expectations.",7710.00
ORD002930,Tanmayi Subramanian,Books,No,14-03-2023,4,"Excellent quality for the price, would buy books again.",500.00
ORD002934,Noah Sur,Beauty Products,No,17-01-2026,3,"The beauty products is okay, does the job but nothing special.",1970.00
ORD002938,Banjeet Memon,Books,No,02-10-2024,3,"The books is okay, does the job but nothing special.",330.00
ORD002940,Faqid Gole,Clothes,Yes,23-05-2023,5,"Fast delivery, clothes exceeded my expectations.",1610.00
ORD002941,Yatin Balakrishnan,Kitchenware,No,24-07-2025,2,"Not worth the price, expected better kitchenware.",3050.00
ORD002942,Hitesh Prabhu,Electronics,No,08-12-2024,4,"Great electronics, exactly as described. Very happy with it.",47500.00
ORD002943,Orinder Dhaliwal,Groceries,No,06-08-2023,2,"Disappointed with this groceries, quality is not good.",180.00
ORD002947,Dhruv Randhawa,Beauty Products,No,25-02-2024,4,"Excellent quality for the price, would buy beauty products again.",2400.00
ORD002948,Urvi Palla,Furniture,No,16-11-2023,3,"The furniture is okay, does the job but nothing special.",37030.00
ORD002949,Nidhi Sekhon,Shoes,No,10-09-2025,4,"Really satisfied, highly recommend this shoes.",2880.00
ORD002950,Aishani Saini,Shoes,No,15-07-2023,1,"Not worth the price, expected better shoes.",7800.00
ORD002951,Kevin Suresh,Groceries,No,20-01-2023,5,"Fast delivery, groceries exceeded my expectations.",660.00
ORD002952,Hemangini Chad,Groceries,No,07-10-2023,4,"Fast delivery, groceries exceeded my expectations.",1790.00
ORD002953,Kamya Jhaveri,Kitchenware,No,12-03-2024,5,"Fast delivery, kitchenware exceeded my expectations.",1490.00
ORD002955,Jacob Ramakrishnan,Beauty Products,No,07-04-2023,4,"Fast delivery, beauty products exceeded my expectations.",2760.00
ORD002957,Vidhi Gaba,Groceries,Yes,08-03-2024,5,"Great groceries, exactly as described. Very happy with it.",410.00
ORD002959,Kashvi Sangha,Books,No,14-12-2023,5,"Really satisfied, highly recommend this books.",890.00
ORD002960,Benjamin Ratta,Groceries,No,22-11-2024,4,"Excellent quality for the price, would buy groceries again.",1090.00
ORD002962,Hemani Aurora,Sports Equipment,No,07-09-2023,2,"Disappointed with this sports equipment, quality is not good.",3970.00
ORD002963,Dakshesh Goswami,Books,No,31-10-2024,5,"Really satisfied, highly recommend this books.",400.00
ORD002965,Amruta Sehgal,Groceries,No,06-05-2025,3,"Average groceries, packaging could be better.",460.00
ORD002966,Osha Patil,Clothes,No,19-06-2024,4,"Great clothes, exactly as described. Very happy with it.",870.00
ORD002968,Damyanti Bhakta,Groceries,No,22-04-2025,3,"The groceries is okay, does the job but nothing special.",530.00
ORD002969,Manya Shere,Electronics,No,09-05-2025,4,"Really satisfied, highly recommend this electronics.",52800.00
ORD002970,Amrita Sami,Furniture,No,20-04-2025,5,"Really satisfied, highly recommend this furniture.",33880.00
ORD002972,Upadhriti Menon,Groceries,No,14-02-2023,2,"Not worth the price, expected better groceries.",100.00
ORD002973,Vritti Chopra,Groceries,No,08-02-2023,3,"The groceries is okay, does the job but nothing special.",790.00
ORD002974,Yashasvi Dewan,Groceries,No,20-09-2025,2,"Not worth the price, expected better groceries.",1180.00
ORD002976,Jai Bhatia,Electronics,Yes,08-08-2023,4,"Excellent quality for the price, would buy electronics again.",38500.00
ORD002977,Shivansh Puri,Shoes,No,06-08-2024,3,"The shoes is okay, does the job but nothing special.",3520.00
ORD002979,Siddharth Sood,Furniture,No,26-04-2025,4,"Excellent quality for the price, would buy furniture again.",32130.00
ORD002980,Ishanvi Konda,Kitchenware,No,23-08-2025,1,"Not worth the price, expected better kitchenware.",4720.00
ORD002981,Matthew Yadav,Sports Equipment,Yes,25-03-2024,4,"Excellent quality for the price, would buy sports equipment again.",2430.00
ORD002982,Madhav Pandit,Clothes,No,21-03-2023,4,"Excellent quality for the price, would buy clothes again.",2800.00
ORD002983,Jonathan Wali,Electronics,No,23-09-2023,2,"Not worth the price, expected better electronics.",58950.00
ORD002984,Azaan Roy,Groceries,No,20-09-2023,4,"Really satisfied, highly recommend this groceries.",230.00
ORD002985,Dayamai Sangha,Furniture,No,16-10-2024,4,"Great furniture, exactly as described. Very happy with it.",5810.00
ORD002986,Daksh Chaudhuri,Shoes,No,11-08-2025,4,"Excellent quality for the price, would buy shoes again.",3030.00
ORD002987,Devika Parikh,Kitchenware,No,14-08-2025,4,"Excellent quality for the price, would buy kitchenware again.",3460.00
ORD002988,Banjeet Rege,Electronics,No,28-10-2025,2,"Not worth the price, expected better electronics.",47980.00
ORD002989,Qasim Muni,Electronics,No,06-10-2025,4,"Fast delivery, electronics exceeded my expectations.",48110.00
ORD002990,Hritik Talwar,Kitchenware,No,29-11-2025,3,"The kitchenware is okay, does the job but nothing special.",4120.00
ORD002991,Rudra Ahuja,Beauty Products,No,19-02-2023,4,"Really satisfied, highly recommend this beauty products.",2300.00
ORD002992,Imaran Hari,Clothes,No,09-08-2023,5,"Excellent quality for the price, would buy clothes again.",1980.00
ORD002993,Tanvi Ghosh,Furniture,No,06-07-2024,5,"Really satisfied, highly recommend this furniture.",28330.00
ORD002994,Aarini Ramakrishnan,Clothes,No,30-10-2025,5,"Really satisfied, highly recommend this clothes.",2650.00
ORD002995,Samar Ahuja,Electronics,Yes,11-07-2023,5,"Excellent quality for the price, would buy electronics again.",5830.00
ORD002996,Madhav Pandit,Beauty Products,No,20-11-2024,1,"Disappointed with this beauty products, quality is not good.",660.00
ORD002998,Ikbal Tandon,Books,No,27-09-2023,2,"Not worth the price, expected better books.",800.00
ORD002999,Bina Sankaran,Electronics,No,09-08-2025,4,"Fast delivery, electronics exceeded my expectations.",43100.00
ORD003000,Harshil Muni,Beauty Products,No,18-03-2024,4,"Great beauty products, exactly as described. Very happy with it.",450.00
ORD003002,Abhiram Mitter,Clothes,No,27-03-2024,5,"Really satisfied, highly recommend this clothes.",2140.00
ORD003003,Mitesh Varghese,Electronics,No,04-04-2024,4,"Excellent quality for the price, would buy electronics again.",31530.00
ORD003004,Triveni Gaba,Kitchenware,No,14-05-2025,5,"Fast delivery, kitchenware exceeded my expectations.",4440.00
ORD003005,Zarna Tailor,Books,No,07-06-2023,3,"Average books, packaging could be better.",860.00
ORD003007,Yashasvi Dewan,Books,No,26-05-2025,3,"Average books, packaging could be better.",410.00
ORD003009,Kamya Jhaveri,Beauty Products,No,20-01-2024,5,"Really satisfied, highly recommend this beauty products.",2410.00
ORD003012,Zaid Lata,Kitchenware,No,05-10-2025,2,"Not worth the price, expected better kitchenware.",1690.00
ORD003013,Ojasvi Parmer,Kitchenware,Yes,11-12-2024,4,"Great kitchenware, exactly as described. Very happy with it.",1260.00
ORD003014,Isaac Chaudhary,Groceries,No,10-01-2025,5,"Great groceries, exactly as described. Very happy with it.",940.00
ORD003016,Gabriel Sami,Toys,No,07-06-2025,1,"Received a damaged toys, had to return it.",2210.00
ORD003017,Jacob Ramakrishnan,Shoes,No,07-04-2025,3,"Average shoes, packaging could be better.",7960.00
ORD003019,Vrishti Cherian,Books,No,24-05-2023,3,"The books is okay, does the job but nothing special.",260.00
ORD003021,Widisha Minhas,Books,No,14-06-2023,5,"Really satisfied, highly recommend this books.",400.00
ORD003022,Devika Parikh,Electronics,No,03-12-2023,5,"Fast delivery, electronics exceeded my expectations.",34950.00
ORD003023,Yuvraj Gandhi,Shoes,Yes,14-03-2024,3,"Average shoes, packaging could be better.",1750.00
ORD003024,Chandresh Golla,Furniture,Yes,04-06-2025,1,"Received a damaged furniture, had to return it.",21430.00
ORD003026,Dev Bhasin,Electronics,No,23-11-2023,5,"Excellent quality for the price, would buy electronics again.",11790.00
ORD003027,Madhavi Mann,Beauty Products,No,02-05-2024,4,"Fast delivery, beauty products exceeded my expectations.",810.00
ORD003029,Arunima Parsa,Groceries,No,15-04-2024,4,"Fast delivery, groceries exceeded my expectations.",710.00
ORD003030,Yatan Keer,Shoes,No,10-02-2025,4,"Fast delivery, shoes exceeded my expectations.",6310.00
ORD003031,Bahadurjit Jayaraman,Toys,No,30-07-2023,1,"Not worth the price, expected better toys.",1070.00
ORD003032,Zehaan Devan,Clothes,No,14-10-2025,5,"Fast delivery, clothes exceeded my expectations.",1720.00
ORD003033,Qasim Muni,Shoes,No,05-07-2025,4,"Fast delivery, shoes exceeded my expectations.",4750.00
ORD003034,Fariq Gandhi,Sports Equipment,No,22-03-2023,5,"Excellent quality for the price, would buy sports equipment again.",14960.00
ORD003035,Aayush Dhingra,Clothes,No,14-09-2023,5,"Excellent quality for the price, would buy clothes again.",1460.00
ORD003036,Pooja Chatterjee,Clothes,No,06-06-2025,3,"Average clothes, packaging could be better.",620.00
ORD003038,Ishwar Wali,Groceries,No,15-08-2024,1,"Disappointed with this groceries, quality is not good.",560.00
ORD003039,Kritika Chacko,Clothes,No,20-12-2025,5,"Excellent quality for the price, would buy clothes again.",1100.00
ORD003040,Imaran Buch,Groceries,No,24-06-2023,5,"Fast delivery, groceries exceeded my expectations.",1350.00
ORD003041,Ayushman Bahl,Clothes,No,26-12-2025,4,"Excellent quality for the price, would buy clothes again.",2560.00
ORD003042,Radha Hayer,Furniture,No,15-03-2024,4,"Excellent quality for the price, would buy furniture again.",19490.00
ORD003043,Kevin Taneja,Furniture,No,29-12-2024,3,"The furniture is okay, does the job but nothing special.",9700.00
ORD003045,Zehaan Devan,Toys,No,08-09-2025,5,"Fast delivery, toys exceeded my expectations.",2710.00
ORD003046,Chakradhar Deol,Sports Equipment,No,16-02-2023,3,"Average sports equipment, packaging could be better.",5260.00
ORD003047,Dalbir Sule,Clothes,Yes,13-05-2025,2,"Not worth the price, expected better clothes.",2820.00
ORD003049,Anya Kibe,Sports Equipment,No,13-08-2025,5,"Great sports equipment, exactly as described. Very happy with it.",9040.00
ORD003050,Aarna Jaggi,Books,No,20-12-2025,5,"Great books, exactly as described. Very happy with it.",340.00
ORD003051,Janaki Mistry,Sports Equipment,No,25-06-2023,4,"Great sports equipment, exactly as described. Very happy with it.",8530.00
ORD003052,Neha Warrior,Books,No,10-03-2025,5,"Excellent quality for the price, would buy books again.",1460.00
ORD003053,Yatan Keer,Furniture,No,21-04-2024,3,"Average furniture, packaging could be better.",12550.00
ORD003054,Dev Bhasin,Beauty Products,No,28-05-2025,5,"Fast delivery, beauty products exceeded my expectations.",2570.00
ORD003056,Raagini Bhagat,Groceries,Yes,27-02-2023,2,"Not worth the price, expected better groceries.",1980.00
ORD003057,Jackson Tak,Shoes,No,02-06-2024,5,"Great shoes, exactly as described. Very happy with it.",5260.00
ORD003058,Yuvraj Grewal,Electronics,No,07-09-2023,5,"Fast delivery, electronics exceeded my expectations.",11100.00
ORD003059,Zilmil Bail,Furniture,No,01-11-2025,5,"Excellent quality for the price, would buy furniture again.",12720.00
ORD003060,Mitali Verma,Furniture,No,03-05-2023,4,"Fast delivery, furniture exceeded my expectations.",44670.00
ORD003061,Samar Tailor,Shoes,No,22-08-2024,5,"Really satisfied, highly recommend this shoes.",5610.00
ORD003062,Indira Bhargava,Sports Equipment,No,01-08-2025,4,"Really satisfied, highly recommend this sports equipment.",12110.00
ORD003063,Onkar Datta,Toys,No,18-12-2025,5,"Really satisfied, highly recommend this toys.",2630.00
ORD003064,Eta Chakraborty,Beauty Products,Yes,10-02-2025,4,"Really satisfied, highly recommend this beauty products.",1530.00
ORD003065,Sanya Shanker,Shoes,No,02-05-2023,5,"Really satisfied, highly recommend this shoes.",7400.00
ORD003067,Rohan Arora,Shoes,No,12-02-2025,3,"Average shoes, packaging could be better.",5120.00
ORD003068,Siddharth Sood,Beauty Products,No,12-12-2025,4,"Great beauty products, exactly as described. Very happy with it.",320.00
ORD003071,Rehaan Morar,Sports Equipment,No,02-04-2023,4,"Excellent quality for the price, would buy sports equipment again.",13820.00
ORD003072,Varsha Sundaram,Furniture,No,02-10-2025,3,"Average furniture, packaging could be better.",3360.00
ORD003073,Nitesh Dayal,Beauty Products,Yes,13-11-2025,5,"Great beauty products, exactly as described. Very happy with it.",480.00
ORD003075,Ikbal Shankar,Books,No,12-10-2025,4,"Excellent quality for the price, would buy books again.",240.00
ORD003077,Rushil Gopal,Books,No,20-10-2023,3,"The books is okay, does the job but nothing special.",1460.00
ORD003079,Watika Wali,Furniture,No,28-07-2023,4,"Excellent quality for the price, would buy furniture again.",39300.00
ORD003081,Radhika Mahal,Clothes,No,23-05-2024,3,"The clothes is okay, does the job but nothing special.",1380.00
ORD003082,Lipika Lal,Furniture,No,21-11-2024,5,"Excellent quality for the price, would buy furniture again.",44170.00
ORD003084,Gautami Sarin,Clothes,No,08-09-2024,5,"Fast delivery, clothes exceeded my expectations.",1160.00
ORD003085,Mekhala Bawa,Books,No,13-11-2025,3,"Average books, packaging could be better.",1320.00
ORD003086,Yochana Bal,Books,No,04-05-2023,4,"Excellent quality for the price, would buy books again.",1000.00
ORD003087,Jyoti Oak,Toys,Yes,09-12-2023,5,"Excellent quality for the price, would buy toys again.",2680.00
ORD003088,Darsh Aurora,Shoes,No,25-10-2024,5,"Fast delivery, shoes exceeded my expectations.",5730.00
ORD003089,Chaitanya Bhatia,Groceries,Yes,04-09-2023,3,"Average groceries, packaging could be better.",110.00
ORD003090,Yachana De,Clothes,No,17-11-2024,5,"Excellent quality for the price, would buy clothes again.",2340.00
ORD003091,Gautam Mishra,Shoes,No,31-07-2025,3,"Average shoes, packaging could be better.",7780.00
ORD003093,Nisha Koshy,Books,No,18-10-2024,3,"Average books, packaging could be better.",1430.00
ORD003094,Warhi Iyer,Beauty Products,No,05-02-2023,5,"Excellent quality for the price, would buy beauty products again.",2380.00
ORD003095,Kiaan Jayaraman,Books,Yes,25-07-2023,5,"Excellent quality for the price, would buy books again.",740.00
ORD003096,Mugdha Jani,Electronics,No,15-01-2024,4,"Great electronics, exactly as described. Very happy with it.",43070.00
ORD003099,Yatin Balakrishnan,Furniture,No,01-09-2024,3,"The furniture is okay, does the job but nothing special.",21300.00
ORD003100,Triveni Gaba,Groceries,No,08-04-2023,2,"Received a damaged groceries, had to return it.",1040.00
ORD003101,Samar Ahuja,Shoes,No,18-02-2025,5,"Excellent quality for the price, would buy shoes again.",2500.00
ORD003102,Nisha Koshy,Clothes,No,12-01-2026,1,"Disappointed with this clothes, quality is not good.",1960.00
ORD003103,Zayyan Dutt,Furniture,No,09-12-2024,5,"Fast delivery, furniture exceeded my expectations.",20990.00
ORD003104,Samar Tailor,Groceries,No,29-05-2025,4,"Fast delivery, groceries exceeded my expectations.",980.00
ORD003105,Vihaan Sen,Electronics,No,30-01-2025,5,"Really satisfied, highly recommend this electronics.",5780.00
ORD003106,Timothy Bhandari,Sports Equipment,No,23-02-2025,1,"Received a damaged sports equipment, had to return it.",11580.00
ORD003107,Maanas Chaudry,Groceries,No,07-09-2023,4,"Really satisfied, highly recommend this groceries.",170.00
ORD003108,Chandran Rastogi,Groceries,No,13-12-2025,5,"Really satisfied, highly recommend this groceries.",370.00
ORD003109,Jyoti Oak,Kitchenware,No,13-03-2023,4,"Excellent quality for the price, would buy kitchenware again.",3800.00
ORD003110,Balveer Dani,Sports Equipment,Yes,22-03-2024,5,"Excellent quality for the price, would buy sports equipment again.",7110.00
ORD003111,Baljiwan Chadha,Furniture,No,10-04-2024,3,"Average furniture, packaging could be better.",33240.00
ORD003113,Manthan Yadav,Kitchenware,No,11-05-2023,5,"Really satisfied, highly recommend this kitchenware.",4000.00
ORD003114,Pooja Grewal,Furniture,No,11-06-2025,5,"Fast delivery, furniture exceeded my expectations.",14870.00
ORD003115,Azaan Sachar,Clothes,No,30-04-2023,3,"The clothes is okay, does the job but nothing special.",1690.00
ORD003116,Vritti Chopra,Shoes,No,04-06-2024,5,"Great shoes, exactly as described. Very happy with it.",5470.00
ORD003117,Leena Chhabra,Toys,No,05-04-2025,2,"Disappointed with this toys, quality is not good.",740.00
ORD003118,Raagini Bhagat,Beauty Products,No,10-11-2024,4,"Really satisfied, highly recommend this beauty products.",1430.00
ORD003119,Reva Dada,Shoes,No,16-08-2023,3,"The shoes is okay, does the job but nothing special.",7560.00
ORD003120,Elijah Luthra,Furniture,No,17-12-2024,5,"Fast delivery, furniture exceeded my expectations.",48580.00
ORD003121,Lopa Narasimhan,Clothes,No,12-06-2025,4,"Really satisfied, highly recommend this clothes.",1610.00
ORD003122,Arya Thakkar,Furniture,No,07-05-2023,5,"Excellent quality for the price, would buy furniture again.",49620.00
ORD003124,Hardik Kalla,Beauty Products,Yes,18-06-2023,3,"Average beauty products, packaging could be better.",1560.00
ORD003125,Ekansh Batra,Books,No,04-09-2023,4,"Fast delivery, books exceeded my expectations.",970.00
ORD003127,Chandresh Golla,Furniture,Yes,04-12-2023,3,"Average furniture, packaging could be better.",10070.00
ORD003128,Adya Patla,Clothes,No,16-10-2025,5,"Fast delivery, clothes exceeded my expectations.",1820.00
ORD003130,Upasna Pant,Kitchenware,No,20-07-2024,2,"Not worth the price, expected better kitchenware.",4420.00
ORD003134,Darsh Sunder,Beauty Products,No,16-12-2023,2,"Disappointed with this beauty products, quality is not good.",2450.00
ORD003135,Aradhana Sethi,Groceries,Yes,08-07-2023,3,"Average groceries, packaging could be better.",270.00
ORD003136,Nitara Rajagopal,Electronics,Yes,15-01-2025,5,"Really satisfied, highly recommend this electronics.",21910.00
ORD003138,Kala Vig,Books,No,03-07-2025,5,"Excellent quality for the price, would buy books again.",640.00
ORD003139,Gautam Mishra,Beauty Products,No,18-11-2024,3,"Average beauty products, packaging could be better.",2060.00
ORD003140,Falak Rege,Electronics,No,31-12-2025,5,"Excellent quality for the price, would buy electronics again.",9030.00
ORD003141,Naksh Sampath,Sports Equipment,No,17-07-2023,2,"Received a damaged sports equipment, had to return it.",4680.00
ORD003142,Yuvraj Gandhi,Sports Equipment,No,22-11-2025,4,"Really satisfied, highly recommend this sports equipment.",7670.00
ORD003144,Dhruv Randhawa,Groceries,No,17-03-2024,5,"Excellent quality for the price, would buy groceries again.",560.00
ORD003145,Jyoti Dhingra,Toys,No,05-03-2023,5,"Fast delivery, toys exceeded my expectations.",730.00
ORD003146,Yatan Tripathi,Toys,No,26-08-2025,1,"Disappointed with this toys, quality is not good.",550.00
ORD003147,Qabil Lall,Groceries,No,26-02-2024,3,"Average groceries, packaging could be better.",150.00
ORD003149,Charita Vohra,Kitchenware,No,27-04-2024,4,"Fast delivery, kitchenware exceeded my expectations.",2580.00
ORD003150,Rajata Venkataraman,Toys,No,07-04-2024,5,"Great toys, exactly as described. Very happy with it.",1720.00
ORD003151,Gabriel Randhawa,Electronics,No,25-03-2024,5,"Excellent quality for the price, would buy electronics again.",57630.00
ORD003152,Bhanumati Saran,Shoes,Yes,22-10-2024,5,"Fast delivery, shoes exceeded my expectations.",5540.00
ORD003153,Tarak Chand,Books,No,04-07-2023,4,"Really satisfied, highly recommend this books.",1010.00
ORD003154,Pranit Vig,Sports Equipment,Yes,30-04-2023,2,"Disappointed with this sports equipment, quality is not good.",4370.00
ORD003155,Janya Kashyap,Groceries,No,11-10-2023,3,"Average groceries, packaging could be better.",1820.00
ORD003157,Mohammed Ramachandran,Electronics,No,08-10-2025,3,"The electronics is okay, does the job but nothing special.",11460.00
ORD003158,Praneel Bajaj,Beauty Products,No,05-04-2025,3,"Average beauty products, packaging could be better.",1490.00
ORD003159,Idika Warrior,Electronics,No,11-08-2024,3,"The electronics is okay, does the job but nothing special.",38860.00
ORD003160,Vihaan Dora,Toys,No,08-12-2025,5,"Really satisfied, highly recommend this toys.",1430.00
ORD003161,Vrinda Sama,Sports Equipment,No,07-11-2025,5,"Excellent quality for the price, would buy sports equipment again.",3410.00
ORD003162,Dayamai Sankaran,Shoes,Yes,29-07-2025,5,"Fast delivery, shoes exceeded my expectations.",6750.00
ORD003163,Jeet Setty,Sports Equipment,Yes,25-06-2024,4,"Excellent quality for the price, would buy sports equipment again.",2910.00
ORD003164,Liam More,Toys,No,11-10-2025,2,"Disappointed with this toys, quality is not good.",2190.00
ORD003166,Zehaan Devan,Books,Yes,29-07-2024,5,"Really satisfied, highly recommend this books.",1200.00
ORD003167,Mitali Verma,Groceries,No,12-02-2023,5,"Great groceries, exactly as described. Very happy with it.",1010.00
ORD003168,Charan Mangal,Books,No,13-07-2023,2,"Disappointed with this books, quality is not good.",1170.00
ORD003169,Henry Narain,Kitchenware,No,16-12-2023,5,"Really satisfied, highly recommend this kitchenware.",2730.00
ORD003170,Brinda Thaker,Beauty Products,No,07-08-2023,5,"Great beauty products, exactly as described. Very happy with it.",2190.00
ORD003172,Ganga Chandra,Electronics,No,03-11-2024,5,"Great electronics, exactly as described. Very happy with it.",2520.00
ORD003173,Urmi Lad,Books,No,27-12-2025,1,"Disappointed with this books, quality is not good.",330.00
ORD003175,Jhalak Sekhon,Beauty Products,No,29-01-2025,5,"Fast delivery, beauty products exceeded my expectations.",1760.00
ORD003177,Yashoda Mammen,Beauty Products,No,06-02-2024,5,"Great beauty products, exactly as described. Very happy with it.",2220.00
ORD003178,Panini Prabhakar,Toys,No,22-08-2023,5,"Excellent quality for the price, would buy toys again.",2020.00
ORD003179,Ganga Chandra,Beauty Products,Yes,27-05-2023,4,"Excellent quality for the price, would buy beauty products again.",1140.00
ORD003180,Saanvi Agarwal,Clothes,No,26-02-2023,2,"Disappointed with this clothes, quality is not good.",1180.00
ORD003181,Vivaan More,Beauty Products,Yes,08-01-2023,3,"Average beauty products, packaging could be better.",2540.00
ORD003182,Qadim Agarwal,Clothes,No,17-04-2025,4,"Fast delivery, clothes exceeded my expectations.",1740.00
ORD003183,Krisha Mutti,Shoes,No,07-08-2023,5,"Fast delivery, shoes exceeded my expectations.",900.00
ORD003184,Xavier Memon,Beauty Products,No,01-05-2023,1,"Disappointed with this beauty products, quality is not good.",360.00
ORD003185,Xiti Puri,Books,No,19-07-2025,3,"The books is okay, does the job but nothing special.",730.00
ORD003187,Aachal Andra,Kitchenware,No,01-04-2025,5,"Fast delivery, kitchenware exceeded my expectations.",4250.00
ORD003188,Liam More,Furniture,Yes,12-12-2024,4,"Excellent quality for the price, would buy furniture again.",40660.00
ORD003189,Faras Murthy,Electronics,No,23-10-2025,4,"Excellent quality for the price, would buy electronics again.",58820.00
ORD003190,Nandini Karan,Beauty Products,No,12-08-2025,4,"Really satisfied, highly recommend this beauty products.",2830.00
ORD003191,Idika Bhagat,Kitchenware,Yes,24-02-2023,5,"Great kitchenware, exactly as described. Very happy with it.",4060.00
ORD003192,Idika Bhagat,Shoes,No,05-06-2023,3,"Average shoes, packaging could be better.",2840.00
ORD003194,Warda Kala,Books,No,11-05-2025,5,"Excellent quality for the price, would buy books again.",1250.00
ORD003195,Brinda Mammen,Toys,No,10-07-2024,2,"Disappointed with this toys, quality is not good.",180.00
ORD003196,Megha Shroff,Clothes,Yes,26-01-2023,4,"Really satisfied, highly recommend this clothes.",740.00
ORD003197,Brijesh Mani,Furniture,No,29-01-2024,4,"Great furniture, exactly as described. Very happy with it.",29740.00
ORD003198,Tripti Zachariah,Beauty Products,Yes,09-11-2025,5,"Really satisfied, highly recommend this beauty products.",700.00
ORD003201,Yasti Mutti,Shoes,Yes,14-02-2024,4,"Really satisfied, highly recommend this shoes.",7730.00
ORD003202,Nathan Mander,Shoes,No,28-01-2024,2,"Received a damaged shoes, had to return it.",2660.00
ORD003203,Harsh Agrawal,Kitchenware,Yes,17-02-2025,3,"Average kitchenware, packaging could be better.",3200.00
ORD003204,Liam More,Clothes,No,14-09-2025,5,"Excellent quality for the price, would buy clothes again.",1950.00
ORD003205,Yashica Om,Furniture,No,17-04-2023,5,"Excellent quality for the price, would buy furniture again.",25480.00
ORD003206,Aachal Andra,Books,No,11-05-2023,3,"The books is okay, does the job but nothing special.",240.00
ORD003208,Charvi Date,Toys,No,13-05-2025,4,"Excellent quality for the price, would buy toys again.",1790.00
ORD003209,Qabil Lall,Beauty Products,No,26-11-2024,4,"Really satisfied, highly recommend this beauty products.",360.00
ORD003210,Benjamin Ratta,Groceries,Yes,12-06-2024,4,"Really satisfied, highly recommend this groceries.",1220.00
ORD003212,Kiaan Arora,Books,No,19-12-2023,5,"Fast delivery, books exceeded my expectations.",1300.00
ORD003214,Qarin Ramanathan,Electronics,No,29-09-2023,3,"Average electronics, packaging could be better.",13760.00
ORD003215,Isaac Chaudhary,Clothes,No,25-07-2025,4,"Fast delivery, clothes exceeded my expectations.",1780.00
ORD003216,Ikbal Chhabra,Beauty Products,No,11-03-2025,4,"Fast delivery, beauty products exceeded my expectations.",2420.00
ORD003217,Janya Buch,Shoes,No,16-06-2025,5,"Fast delivery, shoes exceeded my expectations.",2860.00
ORD003218,Zayyan Palan,Furniture,Yes,26-08-2023,3,"The furniture is okay, does the job but nothing special.",6320.00
ORD003220,Yashica Om,Groceries,No,30-04-2024,4,"Really satisfied, highly recommend this groceries.",840.00
ORD003222,Frederick Patil,Beauty Products,No,07-07-2024,4,"Really satisfied, highly recommend this beauty products.",2220.00
ORD003223,Vihaan Sen,Sports Equipment,No,28-08-2025,4,"Excellent quality for the price, would buy sports equipment again.",7680.00
ORD003224,Jyoti Dhingra,Books,No,08-02-2024,4,"Fast delivery, books exceeded my expectations.",1280.00
ORD003225,Nitesh Dayal,Shoes,No,08-09-2024,3,"The shoes is okay, does the job but nothing special.",2790.00
ORD003226,Zilmil Bail,Electronics,No,30-09-2024,4,"Great electronics, exactly as described. Very happy with it.",55090.00
ORD003227,Hamsini Rattan,Toys,No,14-06-2024,3,"The toys is okay, does the job but nothing special.",2700.00
ORD003229,Chaitanya Bhatia,Clothes,No,22-06-2024,3,"The clothes is okay, does the job but nothing special.",2800.00
ORD003232,Baghyawati Guha,Furniture,No,04-12-2023,4,"Great furniture, exactly as described. Very happy with it.",9290.00
ORD003233,Ekalinga Joshi,Groceries,No,28-12-2023,4,"Excellent quality for the price, would buy groceries again.",310.00
ORD003234,Jalsa Sangha,Kitchenware,No,10-01-2025,5,"Excellent quality for the price, would buy kitchenware again.",990.00
ORD003235,Pahal Kuruvilla,Sports Equipment,No,23-11-2023,5,"Great sports equipment, exactly as described. Very happy with it.",6750.00
ORD003236,Azaan Roy,Shoes,No,18-04-2024,3,"Average shoes, packaging could be better.",3560.00
ORD003238,Garima Agarwal,Clothes,No,22-10-2024,3,"The clothes is okay, does the job but nothing special.",1690.00
ORD003239,Dhruv Randhawa,Furniture,Yes,08-01-2024,4,"Excellent quality for the price, would buy furniture again.",38060.00
ORD003240,Karan Kumar,Electronics,No,01-05-2023,4,"Excellent quality for the price, would buy electronics again.",24960.00
ORD003241,Chaitanya Jani,Kitchenware,No,12-04-2024,2,"Received a damaged kitchenware, had to return it.",1380.00
ORD003242,Matthew Yadav,Books,No,16-02-2024,2,"Received a damaged books, had to return it.",560.00
ORD003243,Robert Lal,Sports Equipment,No,08-06-2025,5,"Really satisfied, highly recommend this sports equipment.",10170.00
ORD003244,Max Aurora,Clothes,No,25-10-2023,4,"Really satisfied, highly recommend this clothes.",2380.00
ORD003245,Dayita Sehgal,Groceries,Yes,27-01-2023,4,"Fast delivery, groceries exceeded my expectations.",870.00
ORD003246,Vamakshi Vala,Beauty Products,No,06-05-2023,2,"Disappointed with this beauty products, quality is not good.",2200.00
ORD003247,Watika Wali,Books,No,14-02-2024,3,"Average books, packaging could be better.",230.00
ORD003248,Eshana Dyal,Beauty Products,No,08-12-2024,4,"Fast delivery, beauty products exceeded my expectations.",340.00
ORD003249,Timothy Bhandari,Shoes,No,18-05-2025,2,"Received a damaged shoes, had to return it.",820.00
ORD003250,Harinakshi Sama,Shoes,No,04-02-2023,2,"Received a damaged shoes, had to return it.",1620.00
ORD003251,Jhalak Sekhon,Groceries,No,17-01-2024,3,"The groceries is okay, does the job but nothing special.",1510.00
ORD003252,Dayita Sehgal,Electronics,No,29-11-2024,5,"Really satisfied, highly recommend this electronics.",22820.00
ORD003253,Ansh Kohli,Toys,No,12-07-2025,5,"Really satisfied, highly recommend this toys.",2090.00
ORD003255,Advaith Bhatti,Furniture,No,05-08-2025,2,"Received a damaged furniture, had to return it.",35530.00
ORD003257,Ganga Chandra,Beauty Products,No,30-01-2025,5,"Great beauty products, exactly as described. Very happy with it.",2020.00
ORD003258,Fitan Sodhi,Clothes,No,12-04-2024,5,"Excellent quality for the price, would buy clothes again.",910.00
ORD003259,Balveer Agarwal,Beauty Products,No,21-11-2024,5,"Excellent quality for the price, would buy beauty products again.",2630.00
ORD003261,Kabir Krishnamurthy,Groceries,No,22-03-2025,5,"Fast delivery, groceries exceeded my expectations.",1880.00
ORD003262,Anika Rout,Toys,No,22-07-2024,1,"Disappointed with this toys, quality is not good.",2260.00
ORD003263,Sneha Nori,Furniture,No,14-10-2023,5,"Really satisfied, highly recommend this furniture.",10660.00
ORD003264,Harsh Agrawal,Electronics,No,10-02-2024,4,"Great electronics, exactly as described. Very happy with it.",22490.00
ORD003265,Jeet Setty,Kitchenware,No,09-04-2025,4,"Excellent quality for the price, would buy kitchenware again.",2810.00
ORD003266,Zayyan Palan,Clothes,No,11-10-2023,4,"Fast delivery, clothes exceeded my expectations.",960.00
ORD003267,Sarthak Puri,Sports Equipment,Yes,03-03-2025,5,"Great sports equipment, exactly as described. Very happy with it.",6740.00
ORD003268,Vansha Deol,Clothes,No,23-01-2025,2,"Not worth the price, expected better clothes.",2820.00
ORD003269,Raagini Gade,Sports Equipment,No,04-08-2023,4,"Really satisfied, highly recommend this sports equipment.",12410.00
ORD003270,Tanmayi Subramanian,Furniture,No,23-08-2024,3,"Average furniture, packaging could be better.",21110.00
ORD003272,Samuel Rama,Groceries,No,26-09-2024,3,"Average groceries, packaging could be better.",1260.00
ORD003273,Viraj Barad,Furniture,No,21-09-2023,5,"Great furniture, exactly as described. Very happy with it.",23540.00
ORD003274,Vrishti Lalla,Groceries,No,02-12-2023,5,"Fast delivery, groceries exceeded my expectations.",1090.00
ORD003275,Dhruv Randhawa,Clothes,No,18-06-2025,5,"Great clothes, exactly as described. Very happy with it.",2390.00
ORD003276,Yug Rao,Clothes,No,10-06-2024,4,"Great clothes, exactly as described. Very happy with it.",2480.00
ORD003279,Gaurika Ganesh,Clothes,No,19-05-2025,5,"Excellent quality for the price, would buy clothes again.",2300.00
ORD003280,Kashvi Sangha,Clothes,No,20-09-2023,4,"Really satisfied, highly recommend this clothes.",2600.00
ORD003281,Jeet Setty,Beauty Products,No,07-01-2024,5,"Really satisfied, highly recommend this beauty products.",1380.00
ORD003282,Nidhi Baria,Electronics,No,30-07-2023,2,"Received a damaged electronics, had to return it.",32120.00
ORD003285,Vedika Ramesh,Kitchenware,No,03-10-2025,5,"Really satisfied, highly recommend this kitchenware.",340.00
ORD003286,Utkarsh Din,Groceries,No,20-01-2024,3,"Average groceries, packaging could be better.",800.00
ORD003287,Urmi Wali,Groceries,No,29-10-2025,4,"Excellent quality for the price, would buy groceries again.",730.00
ORD003288,Yashica Om,Kitchenware,No,13-04-2023,3,"The kitchenware is okay, does the job but nothing special.",1100.00
ORD003289,Ijaya Dyal,Electronics,No,12-01-2026,5,"Fast delivery, electronics exceeded my expectations.",28300.00
ORD003290,Liam Solanki,Clothes,No,16-01-2023,4,"Really satisfied, highly recommend this clothes.",2690.00
ORD003291,Urvashi Suri,Shoes,No,17-02-2024,5,"Fast delivery, shoes exceeded my expectations.",3020.00
ORD003292,Kai Sodhi,Groceries,No,21-08-2023,5,"Great groceries, exactly as described. Very happy with it.",1680.00
ORD003293,Yauvani Gokhale,Furniture,No,01-08-2025,5,"Really satisfied, highly recommend this furniture.",49030.00
ORD003294,Chandran Solanki,Electronics,No,13-09-2024,5,"Excellent quality for the price, would buy electronics again.",58150.00
ORD003296,Anita Nayak,Electronics,No,21-08-2023,3,"The electronics is okay, does the job but nothing special.",46090.00
ORD003297,Hamsini Chandra,Electronics,No,06-02-2023,4,"Great electronics, exactly as described. Very happy with it.",42240.00
ORD003298,Lohit Saha,Electronics,No,02-09-2024,4,"Great electronics, exactly as described. Very happy with it.",2740.00
ORD003299,Jairaj Memon,Furniture,No,15-10-2025,5,"Excellent quality for the price, would buy furniture again.",40620.00
ORD003300,Shivani Murthy,Books,No,21-10-2024,2,"Received a damaged books, had to return it.",1120.00
ORD003301,Mohammed Pau,Electronics,No,24-03-2024,5,"Excellent quality for the price, would buy electronics again.",18400.00
ORD003302,Kala Vig,Furniture,No,26-02-2025,3,"Average furniture, packaging could be better.",44460.00
ORD003303,Dayita Sehgal,Clothes,No,31-05-2024,5,"Excellent quality for the price, would buy clothes again.",2670.00
ORD003304,Daksh Chaudhuri,Kitchenware,No,20-10-2024,3,"Average kitchenware, packaging could be better.",4930.00
ORD003305,Leena Ratta,Groceries,No,20-02-2024,5,"Fast delivery, groceries exceeded my expectations.",520.00
ORD003306,George Golla,Kitchenware,No,19-10-2024,4,"Really satisfied, highly recommend this kitchenware.",620.00
ORD003308,Oni Kibe,Shoes,No,05-10-2024,4,"Excellent quality for the price, would buy shoes again.",5280.00
ORD003309,Maanas Ratta,Books,No,14-12-2023,4,"Great books, exactly as described. Very happy with it.",1130.00
ORD003310,Janya Kashyap,Clothes,No,02-12-2025,5,"Fast delivery, clothes exceeded my expectations.",1000.00
ORD003311,Hredhaan Edwin,Clothes,No,12-01-2024,5,"Fast delivery, clothes exceeded my expectations.",2450.00
ORD003312,Kevin Suresh,Shoes,No,09-07-2024,5,"Fast delivery, shoes exceeded my expectations.",5650.00
ORD003313,Zilmil Bail,Furniture,Yes,16-11-2024,5,"Really satisfied, highly recommend this furniture.",48760.00
ORD003314,Imaran Buch,Shoes,Yes,28-11-2023,5,"Great shoes, exactly as described. Very happy with it.",5580.00
ORD003315,Timothy Bhandari,Toys,No,11-09-2023,3,"The toys is okay, does the job but nothing special.",1710.00
ORD003316,Finn Dugal,Books,Yes,07-07-2023,5,"Excellent quality for the price, would buy books again.",450.00
ORD003317,Odika Iyengar,Clothes,Yes,04-02-2024,3,"Average clothes, packaging could be better.",1290.00
ORD003318,Devika Mody,Electronics,No,11-04-2024,4,"Great electronics, exactly as described. Very happy with it.",3070.00
ORD003320,Ekiya Patla,Shoes,No,06-06-2025,5,"Really satisfied, highly recommend this shoes.",5190.00
ORD003321,Ishwar Wali,Furniture,No,07-04-2023,4,"Fast delivery, furniture exceeded my expectations.",47410.00
ORD003322,Gaurika Ganesh,Toys,No,23-03-2023,2,"Not worth the price, expected better toys.",600.00
ORD003323,Naksh Krishna,Furniture,Yes,18-01-2023,3,"Average furniture, packaging could be better.",14000.00
ORD003324,Jai Bhatia,Electronics,Yes,20-06-2025,4,"Fast delivery, electronics exceeded my expectations.",2240.00
ORD003326,Chandran Roy,Toys,No,28-10-2025,5,"Really satisfied, highly recommend this toys.",1960.00
ORD003328,Reva Kota,Electronics,No,24-11-2023,4,"Excellent quality for the price, would buy electronics again.",21560.00
ORD003330,Yahvi Wadhwa,Shoes,No,24-03-2023,4,"Excellent quality for the price, would buy shoes again.",3930.00
ORD003331,Aarna Jaggi,Books,No,19-08-2024,4,"Great books, exactly as described. Very happy with it.",460.00
ORD003332,Damyanti Bhakta,Beauty Products,No,03-02-2023,4,"Really satisfied, highly recommend this beauty products.",1840.00
ORD003333,Watika Wali,Sports Equipment,No,09-12-2024,4,"Excellent quality for the price, would buy sports equipment again.",11610.00
ORD003334,Urvashi Goswami,Electronics,No,29-11-2023,5,"Excellent quality for the price, would buy electronics again.",14360.00
ORD003335,Rajata Venkataraman,Toys,No,29-12-2023,2,"Received a damaged toys, had to return it.",1830.00
ORD003336,Hamsini Bhatia,Toys,Yes,29-01-2023,5,"Great toys, exactly as described. Very happy with it.",2200.00
ORD003337,Gaurangi Aurora,Shoes,No,26-01-2025,5,"Fast delivery, shoes exceeded my expectations.",6850.00
ORD003338,Jagat Iyengar,Toys,Yes,14-02-2023,4,"Really satisfied, highly recommend this toys.",2650.00
ORD003339,Triveni Pathak,Electronics,No,04-11-2023,4,"Excellent quality for the price, would buy electronics again.",31910.00
ORD003340,Jeet Setty,Electronics,Yes,22-10-2024,4,"Fast delivery, electronics exceeded my expectations.",58200.00
ORD003341,Avi Sarkar,Kitchenware,No,17-10-2023,2,"Not worth the price, expected better kitchenware.",710.00
ORD003342,Chandani Datta,Electronics,No,26-05-2023,5,"Excellent quality for the price, would buy electronics again.",47250.00
ORD003343,Maanas Chaudry,Books,No,07-01-2025,4,"Fast delivery, books exceeded my expectations.",430.00
ORD003344,Daksha Kaul,Beauty Products,No,08-04-2023,5,"Great beauty products, exactly as described. Very happy with it.",2270.00
ORD003345,Amruta Sehgal,Books,No,19-04-2024,4,"Great books, exactly as described. Very happy with it.",570.00
ORD003346,Aradhana Golla,Beauty Products,No,11-04-2024,3,"Average beauty products, packaging could be better.",2450.00
ORD003347,Charles Chaudry,Beauty Products,Yes,12-04-2025,2,"Received a damaged beauty products, had to return it.",1480.00
ORD003348,Chanchal Sastry,Shoes,No,24-12-2024,3,"Average shoes, packaging could be better.",5920.00
ORD003349,Akshay Bobal,Toys,No,29-06-2023,4,"Great toys, exactly as described. Very happy with it.",2110.00
ORD003350,Udarsh Gopal,Beauty Products,No,03-06-2025,5,"Fast delivery, beauty products exceeded my expectations.",2300.00
ORD003351,Zansi Dixit,Books,No,20-10-2025,4,"Excellent quality for the price, would buy books again.",920.00
ORD003352,Raagini Bhagat,Sports Equipment,No,17-02-2025,1,"Not worth the price, expected better sports equipment.",5440.00
ORD003354,Jairaj Memon,Shoes,No,03-07-2023,5,"Great shoes, exactly as described. Very happy with it.",1920.00
ORD003355,Vritti Chopra,Clothes,No,23-08-2025,4,"Fast delivery, clothes exceeded my expectations.",2180.00
ORD003356,Hemangini Sekhon,Clothes,No,24-08-2025,5,"Fast delivery, clothes exceeded my expectations.",2480.00
ORD003357,Bina Varty,Electronics,No,27-09-2024,4,"Excellent quality for the price, would buy electronics again.",23430.00
ORD003359,Kai Sodhi,Sports Equipment,No,04-08-2025,4,"Really satisfied, highly recommend this sports equipment.",9250.00
ORD003360,Radha Hayer,Beauty Products,No,03-09-2023,4,"Great beauty products, exactly as described. Very happy with it.",1600.00
ORD003361,Darika Golla,Shoes,No,28-10-2025,3,"Average shoes, packaging could be better.",6040.00
ORD003362,Aayush Andra,Toys,No,21-06-2024,4,"Really satisfied, highly recommend this toys.",2940.00
ORD003363,Ladli Kaur,Sports Equipment,No,03-10-2024,3,"Average sports equipment, packaging could be better.",10840.00
ORD003364,Aishani Saini,Clothes,No,24-01-2024,4,"Excellent quality for the price, would buy clothes again.",1380.00
ORD003366,Reva Kota,Beauty Products,No,20-02-2024,2,"Not worth the price, expected better beauty products.",2650.00
ORD003367,William Khanna,Books,No,30-03-2025,5,"Great books, exactly as described. Very happy with it.",1140.00
ORD003368,Naksh Sampath,Shoes,No,30-04-2024,4,"Fast delivery, shoes exceeded my expectations.",2070.00
ORD003369,Hemangini Chad,Clothes,No,16-06-2023,4,"Fast delivery, clothes exceeded my expectations.",1310.00
ORD003370,Balveer Agarwal,Sports Equipment,No,29-06-2025,5,"Really satisfied, highly recommend this sports equipment.",4870.00
ORD003371,Isaac Chaudhary,Beauty Products,No,23-04-2025,4,"Great beauty products, exactly as described. Very happy with it.",2440.00
ORD003372,Wakeeta Raval,Books,Yes,13-08-2024,5,"Great books, exactly as described. Very happy with it.",760.00
ORD003373,Timothy Lanka,Books,No,22-05-2023,3,"Average books, packaging could be better.",610.00
ORD003374,Aishani Apte,Beauty Products,No,19-05-2025,5,"Really satisfied, highly recommend this beauty products.",1370.00
ORD003377,Fitan Kala,Clothes,Yes,29-05-2024,4,"Really satisfied, highly recommend this clothes.",1480.00
ORD003378,Karan Bail,Electronics,No,18-01-2025,5,"Excellent quality for the price, would buy electronics again.",47200.00
ORD003379,Pratyush Bansal,Toys,No,25-06-2025,3,"Average toys, packaging could be better.",1000.00
ORD003380,Karan Kumar,Groceries,No,05-04-2024,3,"Average groceries, packaging could be better.",1460.00
ORD003381,Gautami Lall,Electronics,No,24-04-2025,3,"Average electronics, packaging could be better.",47200.00
ORD003383,Bahadurjit Banerjee,Sports Equipment,Yes,27-12-2023,5,"Fast delivery, sports equipment exceeded my expectations.",8310.00
ORD003384,Gautam Ravi,Electronics,No,10-09-2023,4,"Fast delivery, electronics exceeded my expectations.",21780.00
ORD003385,Darpan Gour,Books,No,25-03-2023,5,"Really satisfied, highly recommend this books.",1130.00
ORD003386,Azaan Sachar,Beauty Products,No,19-09-2024,4,"Really satisfied, highly recommend this beauty products.",1580.00
ORD003387,Vedhika Raj,Sports Equipment,No,28-06-2023,5,"Excellent quality for the price, would buy sports equipment again.",9480.00
ORD003388,George Golla,Sports Equipment,Yes,23-09-2025,5,"Great sports equipment, exactly as described. Very happy with it.",13330.00
ORD003389,Ladli Kaur,Electronics,No,10-02-2023,5,"Excellent quality for the price, would buy electronics again.",48290.00
ORD003390,Ekalinga Dave,Electronics,No,25-12-2025,4,"Really satisfied, highly recommend this electronics.",18920.00
ORD003391,Benjamin Deol,Furniture,Yes,02-02-2023,5,"Great furniture, exactly as described. Very happy with it.",20360.00
ORD003392,Karan Bail,Beauty Products,No,23-03-2023,4,"Excellent quality for the price, would buy beauty products again.",650.00
ORD003394,Isaac Chaudhary,Beauty Products,No,07-11-2023,3,"Average beauty products, packaging could be better.",2500.00
ORD003395,Theodore Chandra,Shoes,No,15-03-2025,4,"Fast delivery, shoes exceeded my expectations.",6040.00
ORD003396,Gaurang Lad,Electronics,No,09-01-2025,1,"Received a damaged electronics, had to return it.",36600.00
ORD003397,Chaitanya Jani,Electronics,No,31-12-2025,5,"Excellent quality for the price, would buy electronics again.",25880.00
ORD003398,Oni Dhawan,Sports Equipment,No,09-09-2023,5,"Excellent quality for the price, would buy sports equipment again.",14980.00
ORD003399,Harrison Arya,Books,No,25-03-2023,4,"Fast delivery, books exceeded my expectations.",960.00
ORD003400,Urmi Sachdeva,Groceries,No,24-06-2024,5,"Fast delivery, groceries exceeded my expectations.",1730.00
ORD003402,Zayyan Wason,Kitchenware,No,28-04-2023,2,"Received a damaged kitchenware, had to return it.",3030.00
ORD003404,Arya Thakkar,Shoes,No,15-09-2023,5,"Great shoes, exactly as described. Very happy with it.",6830.00
ORD003405,Frederick Solanki,Books,No,18-07-2025,5,"Really satisfied, highly recommend this books.",450.00
ORD003406,Robert Lal,Beauty Products,No,17-03-2025,1,"Received a damaged beauty products, had to return it.",1340.00
ORD003407,Ayush Bala,Furniture,No,23-12-2023,1,"Received a damaged furniture, had to return it.",4260.00
ORD003409,Ladli Yadav,Groceries,No,29-06-2023,4,"Excellent quality for the price, would buy groceries again.",640.00
ORD003411,Rehaan Morar,Sports Equipment,No,07-12-2023,4,"Excellent quality for the price, would buy sports equipment again.",12000.00
ORD003414,Zayan Sani,Clothes,No,19-06-2023,4,"Really satisfied, highly recommend this clothes.",620.00
ORD003415,Chandran Rastogi,Toys,No,29-04-2025,5,"Really satisfied, highly recommend this toys.",1570.00
ORD003416,Vritti Chopra,Groceries,No,16-03-2024,5,"Excellent quality for the price, would buy groceries again.",1940.00
ORD003417,Nimrat Vasa,Clothes,No,13-03-2024,4,"Excellent quality for the price, would buy clothes again.",2110.00
ORD003418,Harshil Vyas,Toys,No,24-09-2025,5,"Excellent quality for the price, would buy toys again.",2840.00
ORD003420,Rishi Borde,Electronics,No,21-09-2023,1,"Disappointed with this electronics, quality is not good.",17800.00
ORD003421,Aarini Ramakrishnan,Furniture,Yes,12-12-2025,4,"Great furniture, exactly as described. Very happy with it.",32900.00
ORD003422,Kashvi Sangha,Electronics,No,17-06-2023,3,"The electronics is okay, does the job but nothing special.",15020.00
ORD003423,Zarna Peri,Electronics,No,12-04-2023,5,"Great electronics, exactly as described. Very happy with it.",14240.00
ORD003427,Jasmit Bhardwaj,Clothes,Yes,15-08-2024,4,"Really satisfied, highly recommend this clothes.",2500.00
ORD003428,Nathaniel Narain,Groceries,No,06-04-2023,5,"Great groceries, exactly as described. Very happy with it.",600.00
ORD003429,Vasudha Agarwal,Furniture,No,29-03-2024,4,"Great furniture, exactly as described. Very happy with it.",38330.00
ORD003430,Urvashi Suri,Electronics,No,31-10-2023,4,"Great electronics, exactly as described. Very happy with it.",46620.00
ORD003431,Pratyush Bansal,Groceries,No,21-04-2024,5,"Really satisfied, highly recommend this groceries.",610.00
ORD003432,Aarini Ravel,Groceries,No,27-02-2024,4,"Great groceries, exactly as described. Very happy with it.",330.00
ORD003434,Jhalak Sekhon,Books,No,26-03-2025,4,"Great books, exactly as described. Very happy with it.",370.00
ORD003435,Kai Bassi,Kitchenware,No,30-06-2023,2,"Disappointed with this kitchenware, quality is not good.",2160.00
ORD003436,Yauvani Patla,Toys,No,31-03-2024,3,"Average toys, packaging could be better.",1140.00
ORD003437,Yauvani Hora,Groceries,No,16-02-2025,4,"Really satisfied, highly recommend this groceries.",150.00
ORD003438,William Khanna,Groceries,No,15-07-2024,2,"Not worth the price, expected better groceries.",1420.00
ORD003439,Aayush Parekh,Furniture,No,26-05-2023,4,"Fast delivery, furniture exceeded my expectations.",36300.00
ORD003444,Triveni Gaba,Beauty Products,No,15-03-2025,2,"Received a damaged beauty products, had to return it.",1070.00
ORD003445,Shravya Char,Clothes,No,22-09-2024,4,"Really satisfied, highly recommend this clothes.",2910.00
ORD003446,Finn Kurian,Books,No,02-09-2024,5,"Excellent quality for the price, would buy books again.",630.00
ORD003447,Urmi Lad,Electronics,No,08-04-2024,3,"The electronics is okay, does the job but nothing special.",4440.00
ORD003450,Watika Buch,Furniture,No,25-12-2025,1,"Not worth the price, expected better furniture.",8070.00
ORD003451,Meera Bajaj,Groceries,No,08-04-2024,5,"Fast delivery, groceries exceeded my expectations.",900.00
ORD003452,Champak Kuruvilla,Toys,No,08-03-2025,5,"Excellent quality for the price, would buy toys again.",1500.00
ORD003455,Balveer Agarwal,Beauty Products,No,04-05-2023,4,"Fast delivery, beauty products exceeded my expectations.",2080.00
ORD003457,Eta Chakraborty,Furniture,No,22-07-2023,5,"Fast delivery, furniture exceeded my expectations.",8090.00
ORD003458,Varenya Mani,Sports Equipment,No,06-02-2023,2,"Received a damaged sports equipment, had to return it.",11460.00
ORD003462,Samaksh Sem,Groceries,No,26-01-2024,4,"Fast delivery, groceries exceeded my expectations.",1630.00
ORD003463,Hredhaan Edwin,Electronics,Yes,12-07-2023,3,"Average electronics, packaging could be better.",10010.00
ORD003464,Ekalinga Dave,Groceries,No,13-11-2025,4,"Fast delivery, groceries exceeded my expectations.",60.00
ORD003466,Shravya Naik,Clothes,No,06-04-2025,5,"Excellent quality for the price, would buy clothes again.",2550.00
ORD003467,Vivaan Seth,Clothes,Yes,07-04-2025,4,"Great clothes, exactly as described. Very happy with it.",940.00
ORD003468,Karan Bhat,Toys,No,31-01-2025,4,"Excellent quality for the price, would buy toys again.",1820.00
ORD003470,Anika Rout,Books,No,29-04-2025,5,"Excellent quality for the price, would buy books again.",1490.00
ORD003471,Triveni Gaba,Clothes,No,07-01-2023,2,"Disappointed with this clothes, quality is not good.",2250.00
ORD003472,Hemal Sen,Groceries,No,11-08-2025,4,"Really satisfied, highly recommend this groceries.",1030.00
ORD003473,Janaki Din,Clothes,No,20-11-2023,5,"Fast delivery, clothes exceeded my expectations.",2960.00
ORD003474,Champak Kuruvilla,Books,No,24-12-2024,3,"Average books, packaging could be better.",560.00
ORD003475,Anika Rout,Books,No,16-11-2023,5,"Really satisfied, highly recommend this books.",740.00
ORD003476,Banjeet Rege,Kitchenware,No,27-01-2024,3,"The kitchenware is okay, does the job but nothing special.",2830.00
ORD003478,Pahal Krishnamurthy,Clothes,Yes,21-11-2024,1,"Received a damaged clothes, had to return it.",1470.00
ORD003479,Bimala Shanker,Books,No,03-10-2025,4,"Excellent quality for the price, would buy books again.",1470.00
ORD003480,Eta Chakraborty,Electronics,No,10-01-2026,2,"Received a damaged electronics, had to return it.",4880.00
ORD003481,Harsh Agrawal,Beauty Products,No,16-10-2023,3,"Average beauty products, packaging could be better.",520.00
ORD003482,Anya Kibe,Shoes,No,05-02-2024,5,"Really satisfied, highly recommend this shoes.",5840.00
ORD003483,Lakshmi Chacko,Electronics,No,08-03-2025,4,"Excellent quality for the price, would buy electronics again.",38620.00
ORD003484,Gautam Mishra,Clothes,No,31-12-2024,5,"Great clothes, exactly as described. Very happy with it.",1250.00
ORD003486,Tristan Ravel,Furniture,Yes,30-09-2025,5,"Fast delivery, furniture exceeded my expectations.",36570.00
ORD003488,Vasudha Shah,Groceries,No,10-06-2024,5,"Excellent quality for the price, would buy groceries again.",1560.00
ORD003489,Chakradev Bains,Groceries,No,04-10-2024,4,"Excellent quality for the price, would buy groceries again.",1530.00
ORD003490,Imaran Edwin,Sports Equipment,No,05-03-2023,3,"Average sports equipment, packaging could be better.",14230.00
ORD003491,Falan Lanka,Electronics,No,13-01-2024,4,"Great electronics, exactly as described. Very happy with it.",3440.00
ORD003492,Wakeeta Tella,Sports Equipment,No,30-11-2025,5,"Excellent quality for the price, would buy sports equipment again.",3170.00
ORD003493,Gautami Sarin,Sports Equipment,Yes,18-08-2025,5,"Great sports equipment, exactly as described. Very happy with it.",7150.00
ORD003494,Eiravati Pradhan,Toys,No,21-02-2023,4,"Fast delivery, toys exceeded my expectations.",870.00
ORD003495,Nidhi Baria,Groceries,No,03-01-2026,4,"Fast delivery, groceries exceeded my expectations.",1960.00
ORD003497,Chanchal Chand,Beauty Products,No,30-04-2023,4,"Great beauty products, exactly as described. Very happy with it.",300.00
ORD003498,Ekiya Konda,Electronics,No,19-12-2024,5,"Really satisfied, highly recommend this electronics.",55800.00
ORD003499,Upasna Pant,Sports Equipment,Yes,18-11-2025,4,"Fast delivery, sports equipment exceeded my expectations.",6800.00
ORD003500,Anvi Shan,Electronics,No,23-07-2024,5,"Really satisfied, highly recommend this electronics.",52640.00
ORD003501,Orinder Barad,Shoes,No,29-10-2025,5,"Really satisfied, highly recommend this shoes.",4560.00
ORD003502,Vaishnavi Dutt,Groceries,No,18-07-2023,5,"Great groceries, exactly as described. Very happy with it.",430.00
ORD003504,Reva Kota,Clothes,No,02-05-2024,1,"Received a damaged clothes, had to return it.",1480.00
ORD003505,Osha Patil,Clothes,Yes,23-07-2025,1,"Disappointed with this clothes, quality is not good.",450.00
ORD003506,Yatan Keer,Groceries,No,04-08-2023,4,"Fast delivery, groceries exceeded my expectations.",70.00
ORD003507,Hemal Sen,Kitchenware,No,14-09-2024,3,"Average kitchenware, packaging could be better.",2640.00
ORD003508,Rushil Gopal,Shoes,No,27-11-2024,2,"Received a damaged shoes, had to return it.",5150.00
ORD003509,Vihaan Sen,Groceries,No,06-07-2024,4,"Excellent quality for the price, would buy groceries again.",1280.00
ORD003510,Farhan Mammen,Kitchenware,No,11-05-2024,4,"Great kitchenware, exactly as described. Very happy with it.",1080.00
ORD003513,Nidhi Sekhon,Books,No,18-11-2023,5,"Really satisfied, highly recommend this books.",840.00
ORD003514,Daksh Dhingra,Shoes,No,19-07-2024,5,"Really satisfied, highly recommend this shoes.",2830.00
ORD003515,Rajata Venkataraman,Furniture,No,26-04-2025,1,"Not worth the price, expected better furniture.",31280.00
ORD003516,Wishi Sharma,Furniture,No,07-10-2023,2,"Not worth the price, expected better furniture.",43530.00
ORD003517,Chameli Aggarwal,Sports Equipment,Yes,21-08-2025,2,"Not worth the price, expected better sports equipment.",9200.00
ORD003519,Urmi Wali,Kitchenware,Yes,31-05-2025,4,"Fast delivery, kitchenware exceeded my expectations.",4500.00
ORD003521,Alka Srinivas,Furniture,No,12-05-2023,3,"Average furniture, packaging could be better.",33870.00
ORD003522,Yoshita Soman,Beauty Products,No,03-02-2025,5,"Fast delivery, beauty products exceeded my expectations.",700.00
ORD003523,Chandran Solanki,Clothes,No,22-11-2023,1,"Not worth the price, expected better clothes.",2360.00
ORD003524,Omaja Dara,Clothes,No,18-07-2025,4,"Really satisfied, highly recommend this clothes.",2220.00
ORD003525,Chameli Aggarwal,Books,No,31-10-2024,5,"Great books, exactly as described. Very happy with it.",710.00
ORD003526,Chandran Rastogi,Electronics,No,11-04-2025,2,"Not worth the price, expected better electronics.",13640.00
ORD003527,Kiaan Jayaraman,Sports Equipment,No,06-03-2023,4,"Fast delivery, sports equipment exceeded my expectations.",13550.00
ORD003528,Veer Cheema,Groceries,No,12-01-2023,1,"Received a damaged groceries, had to return it.",280.00
ORD003529,Darsh Aurora,Electronics,No,03-12-2023,5,"Excellent quality for the price, would buy electronics again.",22670.00
ORD003530,Vamakshi Vala,Electronics,Yes,10-07-2025,4,"Great electronics, exactly as described. Very happy with it.",11650.00
ORD003531,Luke Arora,Electronics,No,27-09-2023,5,"Fast delivery, electronics exceeded my expectations.",48910.00
ORD003532,Watika Buch,Groceries,No,08-04-2024,5,"Really satisfied, highly recommend this groceries.",990.00
ORD003534,Aarini Ravel,Groceries,No,30-12-2025,1,"Disappointed with this groceries, quality is not good.",1380.00
ORD003535,Maanav Bassi,Kitchenware,No,10-01-2026,4,"Really satisfied, highly recommend this kitchenware.",2310.00
ORD003536,Dakshesh Goswami,Books,No,05-01-2026,5,"Excellent quality for the price, would buy books again.",530.00
ORD003537,Hamsini Chandra,Clothes,Yes,01-12-2025,3,"The clothes is okay, does the job but nothing special.",360.00
ORD003538,Warda Ramaswamy,Sports Equipment,Yes,11-11-2024,4,"Excellent quality for the price, would buy sports equipment again.",12370.00
ORD003539,Reyansh Singh,Beauty Products,No,20-07-2023,4,"Fast delivery, beauty products exceeded my expectations.",1530.00
ORD003540,Bhavna Sood,Sports Equipment,No,04-01-2026,5,"Great sports equipment, exactly as described. Very happy with it.",13260.00
ORD003542,Madhavi Mann,Books,No,19-09-2024,5,"Really satisfied, highly recommend this books.",750.00
ORD003544,Nidhi Sekhon,Shoes,No,01-12-2024,4,"Great shoes, exactly as described. Very happy with it.",5150.00
ORD003545,Faras Murthy,Sports Equipment,No,13-03-2023,3,"Average sports equipment, packaging could be better.",11350.00
ORD003546,Vincent Barad,Books,No,24-11-2024,4,"Fast delivery, books exceeded my expectations.",540.00
ORD003547,Tanay Sagar,Kitchenware,No,12-01-2025,5,"Really satisfied, highly recommend this kitchenware.",1640.00
ORD003548,Shaurya Bora,Shoes,No,25-04-2023,4,"Excellent quality for the price, would buy shoes again.",5500.00
ORD003549,Tanay Lal,Beauty Products,No,17-04-2025,4,"Really satisfied, highly recommend this beauty products.",2770.00
ORD003550,Qabil Lall,Beauty Products,No,03-12-2023,5,"Really satisfied, highly recommend this beauty products.",1810.00
ORD003551,Siya Dhillon,Books,No,04-06-2024,4,"Really satisfied, highly recommend this books.",1020.00
ORD003552,Leena Chhabra,Sports Equipment,No,09-02-2024,4,"Fast delivery, sports equipment exceeded my expectations.",8740.00
ORD003553,Aarav Anne,Clothes,Yes,25-10-2023,3,"Average clothes, packaging could be better.",1640.00
ORD003556,Ganga Chandra,Sports Equipment,No,17-02-2024,5,"Fast delivery, sports equipment exceeded my expectations.",1720.00
ORD003557,Dev Nori,Books,No,29-07-2024,4,"Fast delivery, books exceeded my expectations.",970.00
ORD003558,Matthew Shroff,Sports Equipment,No,16-11-2024,5,"Excellent quality for the price, would buy sports equipment again.",11260.00
ORD003559,Hamsini Rattan,Groceries,No,16-04-2025,5,"Fast delivery, groceries exceeded my expectations.",240.00
ORD003560,Gautam Samra,Groceries,Yes,09-02-2024,1,"Received a damaged groceries, had to return it.",430.00
ORD003561,Ubika Bains,Clothes,Yes,12-02-2023,5,"Really satisfied, highly recommend this clothes.",870.00
ORD003562,Riya Thaman,Groceries,No,11-07-2025,3,"Average groceries, packaging could be better.",1030.00
ORD003564,Karan Kumar,Clothes,No,07-08-2025,1,"Disappointed with this clothes, quality is not good.",1620.00
ORD003566,Zehaan Pradhan,Electronics,No,19-10-2023,4,"Great electronics, exactly as described. Very happy with it.",17260.00
ORD003567,Abha Ravi,Toys,Yes,10-06-2023,5,"Excellent quality for the price, would buy toys again.",180.00
ORD003570,Thomas Brahmbhatt,Clothes,No,14-10-2024,2,"Disappointed with this clothes, quality is not good.",1370.00
ORD003571,Lucky Balakrishnan,Electronics,No,03-03-2025,3,"The electronics is okay, does the job but nothing special.",26140.00
ORD003572,Ekani Sood,Electronics,No,03-05-2024,3,"The electronics is okay, does the job but nothing special.",16430.00
ORD003573,Hredhaan Edwin,Books,No,24-01-2023,5,"Great books, exactly as described. Very happy with it.",1060.00
ORD003574,Girindra Gola,Furniture,No,15-11-2023,5,"Excellent quality for the price, would buy furniture again.",19000.00
ORD003575,Jeet Setty,Groceries,No,02-02-2024,3,"The groceries is okay, does the job but nothing special.",720.00
ORD003576,Viraj Arora,Kitchenware,No,18-03-2023,4,"Really satisfied, highly recommend this kitchenware.",2670.00
ORD003577,Lipika Iyengar,Electronics,No,22-09-2024,4,"Fast delivery, electronics exceeded my expectations.",39170.00
ORD003584,Upma Ganesan,Beauty Products,No,17-11-2023,4,"Excellent quality for the price, would buy beauty products again.",2500.00
ORD003586,Karan Bhat,Toys,No,20-11-2023,5,"Excellent quality for the price, would buy toys again.",200.00
ORD003588,Raghav Pradhan,Kitchenware,No,17-08-2025,4,"Excellent quality for the price, would buy kitchenware again.",2340.00
ORD003589,Thomas Sethi,Clothes,No,15-06-2023,4,"Great clothes, exactly as described. Very happy with it.",2980.00
ORD003590,Adya Patla,Electronics,No,17-11-2025,1,"Received a damaged electronics, had to return it.",24560.00
ORD003591,Arjun Kaur,Shoes,No,13-04-2024,1,"Not worth the price, expected better shoes.",6170.00
ORD003592,Waida Bandi,Sports Equipment,Yes,26-09-2024,2,"Not worth the price, expected better sports equipment.",4170.00
ORD003593,Vincent Tara,Toys,No,27-12-2024,5,"Fast delivery, toys exceeded my expectations.",400.00
ORD003594,Libni Palan,Kitchenware,No,21-10-2024,4,"Excellent quality for the price, would buy kitchenware again.",1170.00
ORD003596,Warda Kala,Groceries,Yes,09-10-2024,4,"Great groceries, exactly as described. Very happy with it.",1000.00
ORD003597,Pranit Kohli,Clothes,No,08-09-2023,4,"Really satisfied, highly recommend this clothes.",1560.00
ORD003599,Zarna Peri,Toys,No,02-09-2023,2,"Not worth the price, expected better toys.",800.00
ORD003600,Daksha Kaul,Shoes,No,03-10-2024,5,"Great shoes, exactly as described. Very happy with it.",3820.00
ORD003601,Ikbal Ahuja,Electronics,No,01-11-2024,1,"Received a damaged electronics, had to return it.",45960.00
ORD003602,Chanchal Chand,Books,No,15-10-2024,5,"Fast delivery, books exceeded my expectations.",1180.00
ORD003603,Panini Prabhakar,Sports Equipment,No,20-09-2025,1,"Not worth the price, expected better sports equipment.",14960.00
ORD003604,Thomas Sethi,Kitchenware,No,06-07-2023,5,"Really satisfied, highly recommend this kitchenware.",2750.00
ORD003606,Hitesh Virk,Sports Equipment,No,07-10-2023,2,"Not worth the price, expected better sports equipment.",11610.00
ORD003607,Krisha Ram,Shoes,No,20-03-2023,5,"Excellent quality for the price, would buy shoes again.",1460.00
ORD003608,Vivaan Grewal,Sports Equipment,No,11-06-2025,3,"Average sports equipment, packaging could be better.",10760.00
ORD003610,Garima Agarwal,Groceries,No,11-02-2023,5,"Great groceries, exactly as described. Very happy with it.",1930.00
ORD003611,Akshay Ram,Groceries,No,17-10-2023,5,"Great groceries, exactly as described. Very happy with it.",1980.00
ORD003612,Leena Ratta,Beauty Products,No,10-04-2024,2,"Disappointed with this beauty products, quality is not good.",1360.00
ORD003613,Oni Kibe,Groceries,No,03-12-2024,3,"Average groceries, packaging could be better.",800.00
ORD003614,Aachal Thakkar,Books,No,10-04-2023,1,"Not worth the price, expected better books.",1410.00
ORD003615,Bachittar Bala,Electronics,No,01-03-2024,4,"Excellent quality for the price, would buy electronics again.",15470.00
ORD003616,Mugdha Jani,Kitchenware,No,05-05-2023,4,"Fast delivery, kitchenware exceeded my expectations.",2000.00
ORD003618,Charan Mangal,Shoes,No,09-03-2025,4,"Fast delivery, shoes exceeded my expectations.",1590.00
ORD003619,Elijah Luthra,Toys,No,26-04-2024,5,"Fast delivery, toys exceeded my expectations.",2110.00
ORD003620,Kritika Chacko,Clothes,Yes,03-05-2025,5,"Excellent quality for the price, would buy clothes again.",930.00
ORD003621,Anika Rout,Groceries,No,19-09-2023,4,"Excellent quality for the price, would buy groceries again.",980.00
ORD003622,Kala Vig,Books,No,19-01-2025,5,"Excellent quality for the price, would buy books again.",1390.00
ORD003623,Nathaniel Bhardwaj,Furniture,No,11-02-2025,4,"Excellent quality for the price, would buy furniture again.",25980.00
ORD003624,Siya Dhillon,Groceries,No,19-01-2025,4,"Really satisfied, highly recommend this groceries.",900.00
ORD003625,Aradhana Golla,Clothes,No,16-02-2025,5,"Really satisfied, highly recommend this clothes.",2550.00
ORD003626,Mohammed Pau,Clothes,No,26-08-2023,5,"Great clothes, exactly as described. Very happy with it.",2230.00
ORD003627,Udant Sundaram,Toys,Yes,07-11-2023,4,"Great toys, exactly as described. Very happy with it.",2350.00
ORD003628,Omaja Dara,Shoes,Yes,18-09-2024,3,"The shoes is okay, does the job but nothing special.",7070.00
ORD003629,Gavin Gade,Beauty Products,No,23-02-2025,4,"Really satisfied, highly recommend this beauty products.",2870.00
ORD003630,Chandani Datta,Beauty Products,No,21-10-2024,1,"Received a damaged beauty products, had to return it.",1040.00
ORD003631,Warda Ramaswamy,Books,Yes,26-01-2025,1,"Disappointed with this books, quality is not good.",660.00
ORD003633,Henry Narain,Sports Equipment,No,20-10-2023,4,"Fast delivery, sports equipment exceeded my expectations.",11450.00
ORD003634,Akshay Kohli,Electronics,No,02-04-2025,3,"Average electronics, packaging could be better.",50460.00
ORD003636,Kala Nagar,Shoes,Yes,14-10-2024,4,"Fast delivery, shoes exceeded my expectations.",5380.00
ORD003637,Janya Kashyap,Furniture,No,03-03-2023,5,"Really satisfied, highly recommend this furniture.",6860.00
ORD003638,Urmi Wali,Shoes,No,14-01-2024,4,"Fast delivery, shoes exceeded my expectations.",4800.00
ORD003639,Aarini Nagar,Electronics,No,23-12-2025,4,"Really satisfied, highly recommend this electronics.",30280.00
ORD003640,Vincent Barad,Toys,No,22-01-2024,1,"Not worth the price, expected better toys.",2310.00
ORD003641,Frederick Solanki,Electronics,No,19-05-2023,5,"Fast delivery, electronics exceeded my expectations.",47120.00
ORD003642,Brinda Mammen,Sports Equipment,No,16-06-2025,3,"The sports equipment is okay, does the job but nothing special.",6230.00
ORD003644,Indali Kunda,Clothes,No,01-02-2025,5,"Fast delivery, clothes exceeded my expectations.",620.00
ORD003645,Yauvani Bhatt,Sports Equipment,No,15-03-2023,5,"Excellent quality for the price, would buy sports equipment again.",9540.00
ORD003646,Laksh Sani,Beauty Products,No,10-02-2025,3,"Average beauty products, packaging could be better.",610.00
ORD003647,Ekapad Chander,Groceries,No,26-01-2024,5,"Great groceries, exactly as described. Very happy with it.",180.00
ORD003650,Urvashi Suri,Electronics,No,27-04-2024,4,"Great electronics, exactly as described. Very happy with it.",55310.00
ORD003651,Yutika Bhagat,Shoes,No,12-05-2024,2,"Received a damaged shoes, had to return it.",4980.00
ORD003653,Laban Bal,Groceries,No,31-01-2023,2,"Received a damaged groceries, had to return it.",1900.00
ORD003656,Udarsh Dubey,Shoes,No,03-01-2024,4,"Really satisfied, highly recommend this shoes.",4640.00
ORD003658,Osha Patil,Shoes,Yes,03-03-2024,4,"Great shoes, exactly as described. Very happy with it.",2160.00
ORD003659,Neha Warrior,Electronics,No,01-03-2024,5,"Really satisfied, highly recommend this electronics.",38530.00
ORD003661,Abhiram Mitter,Shoes,No,26-05-2023,4,"Great shoes, exactly as described. Very happy with it.",4900.00
ORD003662,Elijah Raman,Electronics,No,13-04-2023,3,"The electronics is okay, does the job but nothing special.",10820.00
ORD003663,Maanav Madan,Beauty Products,No,31-12-2024,2,"Disappointed with this beauty products, quality is not good.",820.00
ORD003664,Akshay Kohli,Furniture,No,18-01-2023,5,"Fast delivery, furniture exceeded my expectations.",23000.00
ORD003665,Raagini Bhagat,Toys,No,21-05-2024,4,"Fast delivery, toys exceeded my expectations.",2280.00
ORD003666,Leena Narula,Toys,No,02-07-2025,5,"Really satisfied, highly recommend this toys.",1960.00
ORD003667,Joshua Bali,Electronics,No,09-01-2024,4,"Excellent quality for the price, would buy electronics again.",8620.00
ORD003669,Owen Oommen,Shoes,No,20-10-2023,5,"Great shoes, exactly as described. Very happy with it.",6070.00
ORD003670,Chaitaly Nagar,Furniture,Yes,07-03-2023,5,"Great furniture, exactly as described. Very happy with it.",14960.00
ORD003671,Quincy Parsa,Shoes,No,19-11-2025,1,"Not worth the price, expected better shoes.",6370.00
ORD003672,Hredhaan Edwin,Clothes,No,12-05-2023,5,"Excellent quality for the price, would buy clothes again.",2690.00
ORD003673,Zayan Kamdar,Electronics,No,25-07-2025,4,"Fast delivery, electronics exceeded my expectations.",33030.00
ORD003674,Quincy Parsa,Sports Equipment,No,25-05-2025,5,"Great sports equipment, exactly as described. Very happy with it.",1790.00
ORD003675,Aarnav Mand,Books,No,23-06-2024,4,"Fast delivery, books exceeded my expectations.",1200.00
ORD003676,Naveen Nagi,Clothes,Yes,12-07-2024,4,"Really satisfied, highly recommend this clothes.",2120.00
ORD003677,Amara Puri,Books,No,25-01-2024,3,"The books is okay, does the job but nothing special.",260.00
ORD003679,Chakrika Kalla,Electronics,No,17-12-2025,5,"Excellent quality for the price, would buy electronics again.",30720.00
ORD003680,Varenya Mani,Clothes,No,04-10-2025,3,"The clothes is okay, does the job but nothing special.",840.00
ORD003681,Osha Patil,Electronics,Yes,09-10-2023,5,"Excellent quality for the price, would buy electronics again.",34640.00
ORD003682,Hitesh Virk,Electronics,No,10-07-2024,5,"Fast delivery, electronics exceeded my expectations.",28220.00
ORD003683,Jagdish Kurian,Furniture,No,23-06-2024,4,"Fast delivery, furniture exceeded my expectations.",31440.00
ORD003685,Jyoti Oak,Kitchenware,No,26-02-2023,3,"Average kitchenware, packaging could be better.",4820.00
ORD003686,Yutika Bhagat,Electronics,No,08-07-2025,5,"Excellent quality for the price, would buy electronics again.",4780.00
ORD003687,Megha Shroff,Groceries,Yes,21-10-2023,5,"Really satisfied, highly recommend this groceries.",1190.00
ORD003688,Chaman Varty,Electronics,Yes,26-02-2023,2,"Received a damaged electronics, had to return it.",31300.00
ORD003689,Hitesh Prabhu,Shoes,No,01-01-2026,4,"Really satisfied, highly recommend this shoes.",6010.00
ORD003691,Vrinda Sama,Electronics,Yes,24-01-2023,5,"Great electronics, exactly as described. Very happy with it.",53880.00
ORD003692,Zehaan Devan,Groceries,No,31-01-2025,5,"Fast delivery, groceries exceeded my expectations.",680.00
ORD003694,Abha Ravi,Books,No,03-02-2024,4,"Great books, exactly as described. Very happy with it.",190.00
ORD003695,Rayaan Malhotra,Electronics,No,04-08-2025,3,"Average electronics, packaging could be better.",26950.00
ORD003696,Rushil Dey,Books,No,08-08-2023,3,"The books is okay, does the job but nothing special.",670.00
ORD003697,Azad Muni,Electronics,No,10-05-2024,2,"Not worth the price, expected better electronics.",54510.00
ORD003698,Nidra Grewal,Groceries,No,19-11-2024,4,"Excellent quality for the price, would buy groceries again.",60.00
ORD003699,Garima Agarwal,Groceries,No,09-12-2023,4,"Excellent quality for the price, would buy groceries again.",1580.00
ORD003701,Zayyan Wason,Shoes,No,25-07-2025,3,"Average shoes, packaging could be better.",2280.00
ORD003702,Xavier Soman,Groceries,No,04-02-2024,1,"Not worth the price, expected better groceries.",1230.00
ORD003703,Lila Kadakia,Electronics,No,13-12-2024,3,"Average electronics, packaging could be better.",5780.00
ORD003704,Urishilla Naik,Furniture,No,15-01-2023,5,"Fast delivery, furniture exceeded my expectations.",4470.00
ORD003705,Vivaan Grewal,Kitchenware,No,11-06-2024,5,"Great kitchenware, exactly as described. Very happy with it.",3670.00
ORD003706,Falan Chana,Shoes,No,19-09-2025,5,"Great shoes, exactly as described. Very happy with it.",3320.00
ORD003708,Dhruv Randhawa,Toys,No,26-03-2023,4,"Fast delivery, toys exceeded my expectations.",410.00
ORD003709,Abhiram Mitter,Electronics,No,08-04-2025,5,"Really satisfied, highly recommend this electronics.",36460.00
ORD003710,Noah Sur,Groceries,No,06-12-2024,4,"Excellent quality for the price, would buy groceries again.",170.00
ORD003711,Sanya Cherian,Electronics,No,12-04-2025,5,"Fast delivery, electronics exceeded my expectations.",59600.00
ORD003712,Ekiya Patla,Sports Equipment,No,31-05-2025,2,"Not worth the price, expected better sports equipment.",1430.00
ORD003715,Vaishnavi Sachar,Beauty Products,No,16-05-2025,5,"Really satisfied, highly recommend this beauty products.",2080.00
ORD003716,Yamini Bir,Electronics,No,21-10-2024,3,"The electronics is okay, does the job but nothing special.",3080.00
ORD003719,Chanchal Sastry,Beauty Products,No,24-09-2025,3,"Average beauty products, packaging could be better.",1320.00
ORD003721,Henry Narain,Beauty Products,Yes,11-12-2025,5,"Fast delivery, beauty products exceeded my expectations.",1820.00
ORD003722,Vivaan Grewal,Toys,No,08-06-2023,5,"Really satisfied, highly recommend this toys.",890.00
ORD003723,Isaac Chaudhary,Groceries,No,29-10-2025,5,"Really satisfied, highly recommend this groceries.",1620.00
ORD003724,Vamakshi Vala,Electronics,No,25-09-2024,5,"Fast delivery, electronics exceeded my expectations.",9870.00
ORD003726,Anika Rout,Beauty Products,No,05-01-2026,4,"Great beauty products, exactly as described. Very happy with it.",2780.00
ORD003728,Harinakshi Sama,Groceries,No,03-08-2024,5,"Great groceries, exactly as described. Very happy with it.",1540.00
ORD003729,Ronith Raman,Groceries,No,03-12-2023,4,"Fast delivery, groceries exceeded my expectations.",1370.00
ORD003730,Zaid Sandal,Toys,No,05-08-2025,5,"Fast delivery, toys exceeded my expectations.",1870.00
ORD003731,Nicholas Choudhary,Beauty Products,No,02-01-2025,4,"Excellent quality for the price, would buy beauty products again.",1680.00
ORD003734,Lakshmi Chacko,Groceries,No,25-09-2024,5,"Fast delivery, groceries exceeded my expectations.",1880.00
ORD003736,Frederick Patil,Groceries,No,10-01-2026,1,"Not worth the price, expected better groceries.",830.00
ORD003737,Shivani Sane,Toys,No,15-07-2024,5,"Excellent quality for the price, would buy toys again.",1990.00
ORD003738,Falan Chana,Books,No,18-02-2025,2,"Disappointed with this books, quality is not good.",920.00
ORD003739,Vrishti Lalla,Shoes,No,17-01-2024,3,"Average shoes, packaging could be better.",3580.00
ORD003740,Liam More,Sports Equipment,No,05-07-2024,5,"Excellent quality for the price, would buy sports equipment again.",1610.00
ORD003741,Yuvraj Gandhi,Electronics,No,23-06-2025,4,"Really satisfied, highly recommend this electronics.",45740.00
ORD003743,Mitali Verma,Groceries,No,07-09-2024,4,"Really satisfied, highly recommend this groceries.",1400.00
ORD003747,Hamsini Rattan,Electronics,No,18-09-2023,4,"Excellent quality for the price, would buy electronics again.",58310.00
ORD003748,Alka Magar,Sports Equipment,No,16-02-2023,5,"Excellent quality for the price, would buy sports equipment again.",9140.00
ORD003750,Vincent Tara,Beauty Products,No,20-06-2024,5,"Fast delivery, beauty products exceeded my expectations.",690.00
ORD003751,Alka Magar,Electronics,No,31-07-2025,5,"Really satisfied, highly recommend this electronics.",43830.00
ORD003753,Faras Garg,Clothes,No,23-11-2024,5,"Really satisfied, highly recommend this clothes.",1720.00
ORD003754,Lipika Iyengar,Books,No,12-11-2024,4,"Excellent quality for the price, would buy books again.",390.00
ORD003755,Yashvi Bahl,Kitchenware,No,17-07-2023,3,"The kitchenware is okay, does the job but nothing special.",1660.00
ORD003757,Yamini Bir,Kitchenware,No,19-05-2025,5,"Excellent quality for the price, would buy kitchenware again.",4600.00
ORD003758,Balveer Agarwal,Books,No,16-10-2025,3,"Average books, packaging could be better.",950.00
ORD003759,Ojasvi Parmer,Electronics,No,29-11-2023,5,"Really satisfied, highly recommend this electronics.",35660.00
ORD003760,Harrison Shan,Sports Equipment,No,12-03-2024,5,"Fast delivery, sports equipment exceeded my expectations.",2390.00
ORD003761,Bachittar Bala,Toys,No,16-01-2025,3,"Average toys, packaging could be better.",1060.00
ORD003762,Varsha Sundaram,Sports Equipment,No,19-04-2025,5,"Great sports equipment, exactly as described. Very happy with it.",13980.00
ORD003764,Eshana Lad,Clothes,No,30-09-2025,5,"Great clothes, exactly as described. Very happy with it.",310.00
ORD003765,Amara Puri,Toys,No,11-12-2024,3,"The toys is okay, does the job but nothing special.",240.00
ORD003766,Elijah Wason,Clothes,Yes,12-03-2023,4,"Great clothes, exactly as described. Very happy with it.",1520.00
ORD003767,Chavvi Rajan,Electronics,No,16-02-2023,4,"Great electronics, exactly as described. Very happy with it.",31340.00
ORD003768,Jacob Ramakrishnan,Beauty Products,No,01-11-2024,3,"The beauty products is okay, does the job but nothing special.",2910.00
ORD003769,Bakhshi Shetty,Sports Equipment,No,03-03-2025,5,"Fast delivery, sports equipment exceeded my expectations.",12080.00
ORD003771,Kamya Jhaveri,Groceries,No,05-06-2023,5,"Excellent quality for the price, would buy groceries again.",1160.00
ORD003773,Triveni Mallick,Groceries,Yes,30-05-2025,5,"Really satisfied, highly recommend this groceries.",920.00
ORD003774,Anya Kibe,Clothes,No,07-01-2026,4,"Great clothes, exactly as described. Very happy with it.",2480.00
ORD003775,Xavier Soman,Shoes,No,31-05-2025,3,"The shoes is okay, does the job but nothing special.",3610.00
ORD003776,Maanav Bassi,Groceries,Yes,30-08-2024,5,"Really satisfied, highly recommend this groceries.",1740.00
ORD003777,Falan Lanka,Books,Yes,20-12-2024,4,"Excellent quality for the price, would buy books again.",620.00
ORD003778,Harsh Agrawal,Groceries,No,24-07-2024,5,"Fast delivery, groceries exceeded my expectations.",560.00
ORD003779,Advaith Bhatti,Electronics,No,20-01-2023,5,"Really satisfied, highly recommend this electronics.",31190.00
ORD003780,Mohammed Pau,Furniture,No,12-10-2024,5,"Excellent quality for the price, would buy furniture again.",24180.00
ORD003781,Leena Ratta,Electronics,No,13-11-2023,5,"Excellent quality for the price, would buy electronics again.",11160.00
ORD003782,Vansha Deol,Sports Equipment,No,15-07-2024,5,"Great sports equipment, exactly as described. Very happy with it.",4820.00
ORD003784,Panini Prabhakar,Shoes,No,25-05-2024,5,"Great shoes, exactly as described. Very happy with it.",2040.00
ORD003786,Manthan Lata,Books,No,14-03-2025,4,"Really satisfied, highly recommend this books.",380.00
ORD003787,Rishi Tara,Toys,No,23-10-2023,3,"Average toys, packaging could be better.",280.00
ORD003788,Girish Swamy,Clothes,No,17-07-2025,4,"Fast delivery, clothes exceeded my expectations.",2020.00
ORD003790,Zarna Peri,Sports Equipment,No,06-10-2024,3,"Average sports equipment, packaging could be better.",10370.00
ORD003791,Bimala Shanker,Books,No,26-07-2025,5,"Great books, exactly as described. Very happy with it.",180.00
ORD003792,Aayush Andra,Beauty Products,No,10-04-2024,5,"Fast delivery, beauty products exceeded my expectations.",1140.00
ORD003794,Karan Bail,Clothes,No,28-12-2025,4,"Great clothes, exactly as described. Very happy with it.",1140.00
ORD003795,Yashasvi Dewan,Sports Equipment,No,20-07-2025,5,"Fast delivery, sports equipment exceeded my expectations.",1400.00
ORD003796,Henry Narain,Toys,No,27-09-2024,5,"Fast delivery, toys exceeded my expectations.",560.00
ORD003798,Falak Gulati,Electronics,No,07-06-2025,5,"Fast delivery, electronics exceeded my expectations.",39920.00
ORD003799,Jyoti Oak,Furniture,No,14-03-2023,4,"Great furniture, exactly as described. Very happy with it.",3700.00
ORD003800,Lucky Balakrishnan,Clothes,Yes,11-10-2023,4,"Excellent quality for the price, would buy clothes again.",2130.00
ORD003801,Samar Ahuja,Electronics,Yes,07-06-2024,3,"Average electronics, packaging could be better.",40180.00
ORD003805,Elijah Wason,Sports Equipment,No,18-03-2023,4,"Excellent quality for the price, would buy sports equipment again.",11310.00
ORD003806,Pallavi Lal,Electronics,No,13-01-2024,5,"Excellent quality for the price, would buy electronics again.",47090.00
ORD003807,Maya Ramakrishnan,Kitchenware,No,01-02-2024,3,"The kitchenware is okay, does the job but nothing special.",600.00
ORD003808,Neelima Chad,Clothes,No,15-12-2025,5,"Fast delivery, clothes exceeded my expectations.",1300.00
ORD003810,Vrishti Cherian,Electronics,No,31-10-2025,5,"Really satisfied, highly recommend this electronics.",49530.00
ORD003811,Daksha Kaul,Furniture,No,18-04-2023,5,"Great furniture, exactly as described. Very happy with it.",4400.00
ORD003812,Indali Kunda,Sports Equipment,No,09-10-2024,2,"Received a damaged sports equipment, had to return it.",6890.00
ORD003814,Faras Garg,Groceries,No,15-01-2026,4,"Fast delivery, groceries exceeded my expectations.",950.00
ORD003815,Benjamin Barad,Electronics,No,24-12-2023,4,"Excellent quality for the price, would buy electronics again.",16360.00
ORD003816,Luke Arora,Groceries,No,28-03-2025,2,"Disappointed with this groceries, quality is not good.",1160.00
ORD003817,Dayita Sehgal,Clothes,No,27-03-2023,1,"Received a damaged clothes, had to return it.",1190.00
ORD003819,Hiral Dua,Clothes,No,20-03-2025,5,"Great clothes, exactly as described. Very happy with it.",530.00
ORD003820,Oni Kibe,Sports Equipment,No,06-07-2025,2,"Disappointed with this sports equipment, quality is not good.",2600.00
ORD003821,Hredhaan Edwin,Toys,No,28-04-2025,3,"The toys is okay, does the job but nothing special.",2210.00
ORD003822,Rishi Borde,Groceries,Yes,18-04-2023,5,"Great groceries, exactly as described. Very happy with it.",640.00
ORD003824,Rachit Bedi,Groceries,No,26-12-2025,5,"Really satisfied, highly recommend this groceries.",530.00
ORD003825,Reyansh Singh,Books,No,07-08-2025,4,"Fast delivery, books exceeded my expectations.",1330.00
ORD003826,Tarak Chand,Groceries,No,22-09-2023,5,"Excellent quality for the price, would buy groceries again.",700.00
ORD003827,Naveen Nagi,Beauty Products,Yes,30-01-2024,4,"Fast delivery, beauty products exceeded my expectations.",2520.00
ORD003828,Vaishnavi Dutt,Sports Equipment,Yes,12-03-2025,5,"Fast delivery, sports equipment exceeded my expectations.",10100.00
ORD003829,Vihaan Sen,Furniture,No,10-12-2023,4,"Great furniture, exactly as described. Very happy with it.",45580.00
ORD003830,Harshil Vyas,Beauty Products,No,03-12-2024,3,"Average beauty products, packaging could be better.",1460.00
ORD003831,Yuvraj Gandhi,Books,No,08-03-2024,3,"Average books, packaging could be better.",640.00
ORD003832,Yahvi Wadhwa,Electronics,No,23-10-2025,5,"Great electronics, exactly as described. Very happy with it.",20780.00
ORD003833,Varenya Mani,Beauty Products,Yes,25-04-2023,3,"Average beauty products, packaging could be better.",740.00
ORD003834,Nandini Karan,Books,No,20-01-2025,3,"Average books, packaging could be better.",1220.00
ORD003835,Ubika Bains,Furniture,No,08-04-2023,3,"The furniture is okay, does the job but nothing special.",15990.00
ORD003836,Chakradhar Deol,Toys,No,27-03-2025,4,"Excellent quality for the price, would buy toys again.",1840.00
ORD003837,Jasmit Dhar,Kitchenware,No,28-06-2025,3,"Average kitchenware, packaging could be better.",2660.00
ORD003840,Faris Sethi,Groceries,No,16-10-2024,2,"Not worth the price, expected better groceries.",610.00
ORD003843,Omkaar Chopra,Toys,No,13-05-2025,3,"Average toys, packaging could be better.",400.00
ORD003844,Gautam Samra,Groceries,No,12-02-2024,5,"Really satisfied, highly recommend this groceries.",1190.00
ORD003845,Urvashi Suri,Electronics,No,06-12-2023,4,"Fast delivery, electronics exceeded my expectations.",39770.00
ORD003846,Rushil Dey,Groceries,No,23-07-2025,3,"The groceries is okay, does the job but nothing special.",1850.00
ORD003847,Harsh Karan,Groceries,Yes,03-11-2023,4,"Great groceries, exactly as described. Very happy with it.",1560.00
ORD003848,Charles Balay,Sports Equipment,No,20-02-2024,5,"Excellent quality for the price, would buy sports equipment again.",3170.00
ORD003850,Jagdish Kurian,Sports Equipment,No,02-11-2024,3,"The sports equipment is okay, does the job but nothing special.",10560.00
ORD003851,Aayush Parekh,Kitchenware,No,03-09-2025,2,"Received a damaged kitchenware, had to return it.",3700.00
ORD003852,Advik Hegde,Furniture,No,29-01-2024,5,"Really satisfied, highly recommend this furniture.",37930.00
ORD003853,Isha Bhatnagar,Beauty Products,Yes,20-07-2024,2,"Received a damaged beauty products, had to return it.",2180.00
ORD003854,Nidra Devan,Books,No,05-10-2024,5,"Fast delivery, books exceeded my expectations.",250.00
ORD003855,Urvi Das,Kitchenware,No,27-01-2025,5,"Great kitchenware, exactly as described. Very happy with it.",3020.00
ORD003856,Balhaar Gade,Clothes,No,31-10-2024,3,"The clothes is okay, does the job but nothing special.",2930.00
ORD003857,Radha Hayer,Clothes,No,12-11-2025,5,"Great clothes, exactly as described. Very happy with it.",1860.00
ORD003858,Bimala Shanker,Kitchenware,No,28-10-2023,2,"Received a damaged kitchenware, had to return it.",4500.00
ORD003859,Lakshmi Bhat,Clothes,Yes,18-03-2025,4,"Great clothes, exactly as described. Very happy with it.",1600.00
ORD003860,Akshay Ram,Electronics,No,08-03-2023,2,"Received a damaged electronics, had to return it.",46630.00
ORD003861,Ikbal Shankar,Clothes,No,29-10-2025,4,"Really satisfied, highly recommend this clothes.",2000.00
ORD003862,Brinda Thaker,Beauty Products,Yes,22-10-2025,4,"Really satisfied, highly recommend this beauty products.",1820.00
ORD003863,Baghyawati Guha,Electronics,No,11-07-2024,4,"Great electronics, exactly as described. Very happy with it.",10780.00
ORD003865,Leena Ratta,Books,No,02-03-2025,5,"Excellent quality for the price, would buy books again.",760.00
ORD003866,Inaya Taneja,Kitchenware,Yes,05-01-2024,4,"Fast delivery, kitchenware exceeded my expectations.",3280.00
ORD003867,George Golla,Beauty Products,No,05-12-2025,4,"Fast delivery, beauty products exceeded my expectations.",900.00
ORD003868,Ryan Venkataraman,Beauty Products,No,30-11-2023,4,"Great beauty products, exactly as described. Very happy with it.",2350.00
ORD003869,Zayan Sani,Clothes,No,05-02-2023,4,"Really satisfied, highly recommend this clothes.",2240.00
ORD003870,Daksh Dhingra,Clothes,No,16-03-2023,5,"Excellent quality for the price, would buy clothes again.",1290.00
ORD003871,Vrishti Lalla,Kitchenware,No,03-09-2023,4,"Excellent quality for the price, would buy kitchenware again.",2050.00
ORD003872,Nirja Shan,Groceries,No,10-04-2025,5,"Excellent quality for the price, would buy groceries again.",660.00
ORD003873,Zayyan Dutt,Groceries,No,27-10-2024,3,"The groceries is okay, does the job but nothing special.",1810.00
ORD003874,Radha Hayer,Groceries,No,25-05-2023,3,"Average groceries, packaging could be better.",1500.00
ORD003875,Lipika Chadha,Toys,No,26-06-2025,5,"Really satisfied, highly recommend this toys.",740.00
ORD003876,Mekhala Dar,Shoes,No,07-12-2025,5,"Fast delivery, shoes exceeded my expectations.",7100.00
ORD003877,Akshay Kohli,Electronics,Yes,16-12-2023,3,"The electronics is okay, does the job but nothing special.",31340.00
ORD003878,Pooja Chatterjee,Electronics,Yes,06-12-2025,5,"Fast delivery, electronics exceeded my expectations.",4780.00
ORD003880,Aayush Dhingra,Groceries,No,16-09-2025,5,"Excellent quality for the price, would buy groceries again.",1200.00
ORD003881,Zashil Bansal,Beauty Products,No,14-12-2023,2,"Disappointed with this beauty products, quality is not good.",1840.00
ORD003882,Laksh Sani,Toys,No,16-12-2023,5,"Really satisfied, highly recommend this toys.",1860.00
ORD003883,Naksh Sampath,Kitchenware,No,17-06-2023,5,"Great kitchenware, exactly as described. Very happy with it.",4760.00
ORD003884,Zayyan Wason,Kitchenware,No,03-03-2025,5,"Really satisfied, highly recommend this kitchenware.",4540.00
ORD003885,Noah Sur,Furniture,No,24-08-2025,5,"Really satisfied, highly recommend this furniture.",10290.00
ORD003886,Lopa Narasimhan,Toys,No,13-02-2025,3,"The toys is okay, does the job but nothing special.",1740.00
ORD003887,Maanav Madan,Beauty Products,No,26-01-2024,5,"Fast delivery, beauty products exceeded my expectations.",1140.00
ORD003888,Bhanumati Saran,Clothes,Yes,03-01-2024,2,"Received a damaged clothes, had to return it.",1340.00
ORD003891,Gautam Samra,Kitchenware,No,21-05-2024,4,"Really satisfied, highly recommend this kitchenware.",1860.00
ORD003892,Hamsini Rattan,Clothes,No,03-01-2026,5,"Great clothes, exactly as described. Very happy with it.",1650.00
ORD003893,Kiaan Arora,Kitchenware,No,04-12-2023,1,"Received a damaged kitchenware, had to return it.",850.00
ORD003894,Zayyan Dutt,Clothes,Yes,18-07-2025,4,"Excellent quality for the price, would buy clothes again.",2140.00
ORD003895,Zashil Chaudhuri,Electronics,No,11-11-2025,4,"Great electronics, exactly as described. Very happy with it.",56520.00
ORD003896,Rishi Kashyap,Groceries,No,14-02-2023,5,"Really satisfied, highly recommend this groceries.",810.00
ORD003897,Ladli Yadav,Shoes,No,30-04-2025,5,"Fast delivery, shoes exceeded my expectations.",1260.00
ORD003898,Harrison Arya,Electronics,No,27-05-2025,2,"Not worth the price, expected better electronics.",36100.00
ORD003900,Lakshmi Bhat,Toys,Yes,11-09-2024,5,"Fast delivery, toys exceeded my expectations.",930.00
ORD003901,Madhav Pandit,Sports Equipment,No,11-07-2023,4,"Excellent quality for the price, would buy sports equipment again.",1140.00
ORD003902,Janani Parmer,Books,No,15-06-2024,3,"The books is okay, does the job but nothing special.",700.00
ORD003903,Falan Johal,Kitchenware,Yes,29-11-2025,3,"The kitchenware is okay, does the job but nothing special.",3290.00
ORD003904,Gavin Gade,Groceries,No,30-04-2024,3,"The groceries is okay, does the job but nothing special.",1430.00
ORD003905,Anjali Dasgupta,Books,No,14-11-2023,5,"Really satisfied, highly recommend this books.",1390.00
ORD003906,Ojasvi Parmer,Kitchenware,No,17-02-2024,2,"Disappointed with this kitchenware, quality is not good.",520.00
ORD003907,Daksh Chaudhuri,Sports Equipment,No,25-08-2025,4,"Really satisfied, highly recommend this sports equipment.",14610.00
ORD003909,Vaishnavi Dutt,Beauty Products,No,08-08-2023,5,"Really satisfied, highly recommend this beauty products.",450.00
ORD003910,Alka Chopra,Sports Equipment,No,22-07-2024,3,"The sports equipment is okay, does the job but nothing special.",3380.00
ORD003911,Harish Shetty,Shoes,No,15-11-2023,4,"Excellent quality for the price, would buy shoes again.",7090.00
ORD003913,Xiti Puri,Groceries,No,16-02-2025,1,"Not worth the price, expected better groceries.",1610.00
ORD003915,Kiaan Jayaraman,Electronics,No,09-09-2024,2,"Received a damaged electronics, had to return it.",39510.00
ORD003916,Orinder Barad,Shoes,No,14-07-2025,4,"Fast delivery, shoes exceeded my expectations.",6430.00
ORD003917,Gavin Lalla,Electronics,No,05-10-2024,3,"The electronics is okay, does the job but nothing special.",45000.00
ORD003918,Adya Sangha,Kitchenware,No,09-09-2023,5,"Fast delivery, kitchenware exceeded my expectations.",4780.00
ORD003919,Vedika Ramesh,Sports Equipment,No,12-06-2025,4,"Excellent quality for the price, would buy sports equipment again.",3860.00
ORD003920,Chaman Varty,Toys,No,01-06-2024,3,"The toys is okay, does the job but nothing special.",2110.00
ORD003921,Urishilla Naik,Groceries,No,22-08-2024,4,"Great groceries, exactly as described. Very happy with it.",480.00
ORD003922,Harshil Muni,Sports Equipment,No,21-01-2023,5,"Fast delivery, sports equipment exceeded my expectations.",14540.00
ORD003924,Warinder Narang,Electronics,No,08-04-2024,3,"The electronics is okay, does the job but nothing special.",22820.00
ORD003925,Alka Chopra,Electronics,No,23-03-2024,4,"Great electronics, exactly as described. Very happy with it.",20870.00
ORD003926,Yachana De,Shoes,No,16-01-2025,5,"Excellent quality for the price, would buy shoes again.",7940.00
ORD003928,Zashil Bansal,Books,No,14-03-2023,4,"Great books, exactly as described. Very happy with it.",180.00
ORD003929,Aachal Andra,Groceries,No,02-12-2024,5,"Really satisfied, highly recommend this groceries.",480.00
ORD003930,Ikbal Ahuja,Beauty Products,No,21-04-2024,4,"Great beauty products, exactly as described. Very happy with it.",930.00
ORD003931,Radhika Mahal,Kitchenware,No,27-08-2023,5,"Great kitchenware, exactly as described. Very happy with it.",1160.00
ORD003932,Ishani Bhalla,Sports Equipment,No,27-02-2025,4,"Excellent quality for the price, would buy sports equipment again.",12540.00
ORD003933,Atharv Madan,Clothes,No,07-04-2023,2,"Not worth the price, expected better clothes.",2260.00
ORD003935,Jyoti Oak,Electronics,No,01-02-2025,4,"Excellent quality for the price, would buy electronics again.",16900.00
ORD003936,Rishi Kashyap,Clothes,No,19-12-2025,5,"Fast delivery, clothes exceeded my expectations.",2770.00
ORD003938,Rushil Dey,Sports Equipment,No,27-09-2024,4,"Great sports equipment, exactly as described. Very happy with it.",11830.00
ORD003939,Onkar Sarin,Electronics,No,10-11-2023,5,"Excellent quality for the price, would buy electronics again.",14400.00
ORD003940,Ekapad Chander,Groceries,No,04-09-2024,4,"Great groceries, exactly as described. Very happy with it.",860.00
ORD003942,Abha Keer,Books,No,10-10-2025,3,"Average books, packaging could be better.",640.00
ORD003943,Balveer Dani,Electronics,No,01-12-2023,3,"Average electronics, packaging could be better.",37180.00
ORD003944,Ikbal Shankar,Furniture,No,27-10-2024,3,"Average furniture, packaging could be better.",22580.00
ORD003945,Chameli Aggarwal,Kitchenware,No,02-03-2025,5,"Really satisfied, highly recommend this kitchenware.",2520.00
ORD003946,Yash Mittal,Groceries,No,21-08-2023,4,"Great groceries, exactly as described. Very happy with it.",830.00
ORD003947,Rishi Kashyap,Books,No,12-05-2025,3,"The books is okay, does the job but nothing special.",1100.00
ORD003950,Pranit Vig,Sports Equipment,No,20-01-2024,5,"Fast delivery, sports equipment exceeded my expectations.",9040.00
ORD003951,Upkaar Cheema,Kitchenware,No,06-04-2023,5,"Really satisfied, highly recommend this kitchenware.",3140.00
ORD003952,Logan Sekhon,Groceries,No,15-06-2023,3,"The groceries is okay, does the job but nothing special.",680.00
ORD003953,Zehaan Devan,Electronics,No,14-02-2024,4,"Excellent quality for the price, would buy electronics again.",18140.00
ORD003954,Leela Swaminathan,Shoes,No,28-02-2024,2,"Disappointed with this shoes, quality is not good.",3440.00
ORD003955,Maanav Chad,Shoes,No,25-01-2025,4,"Great shoes, exactly as described. Very happy with it.",4700.00
ORD003956,Parth Jha,Electronics,No,28-11-2023,4,"Great electronics, exactly as described. Very happy with it.",58850.00
ORD003957,Rohan Arora,Books,No,14-07-2023,2,"Not worth the price, expected better books.",1170.00
ORD003958,Urmi Sachdeva,Kitchenware,No,02-06-2025,4,"Great kitchenware, exactly as described. Very happy with it.",4020.00
ORD003960,Mason Koshy,Toys,No,04-06-2024,4,"Great toys, exactly as described. Very happy with it.",550.00
ORD003961,Harsh Karan,Books,No,23-12-2025,4,"Great books, exactly as described. Very happy with it.",1110.00
ORD003963,Idika Warrior,Shoes,No,02-01-2025,5,"Fast delivery, shoes exceeded my expectations.",6740.00
ORD003965,Ojasvi Parmer,Clothes,No,29-01-2024,4,"Great clothes, exactly as described. Very happy with it.",1610.00
ORD003966,Indira Bhargava,Clothes,No,13-06-2025,5,"Really satisfied, highly recommend this clothes.",1130.00
ORD003967,Udant Hayer,Furniture,No,27-06-2025,5,"Fast delivery, furniture exceeded my expectations.",25790.00
ORD003968,Upma Ganesan,Beauty Products,No,06-11-2025,5,"Great beauty products, exactly as described. Very happy with it.",1430.00
ORD003969,Gaurika Ganesh,Furniture,No,10-09-2023,4,"Excellent quality for the price, would buy furniture again.",28630.00
ORD003970,Hritik Talwar,Shoes,No,07-12-2023,4,"Excellent quality for the price, would buy shoes again.",870.00
ORD003971,Chakrika Kalla,Sports Equipment,No,07-05-2025,2,"Disappointed with this sports equipment, quality is not good.",9520.00
ORD003972,Bimala Master,Clothes,No,30-04-2024,4,"Excellent quality for the price, would buy clothes again.",1200.00
ORD003974,Shravya Char,Beauty Products,No,02-10-2023,5,"Great beauty products, exactly as described. Very happy with it.",750.00
ORD003975,Mitali Verma,Electronics,No,02-10-2023,5,"Excellent quality for the price, would buy electronics again.",2060.00
ORD003976,Aachal Thakkar,Electronics,No,24-11-2023,4,"Fast delivery, electronics exceeded my expectations.",18090.00
ORD003977,Harrison Rana,Shoes,No,13-02-2025,4,"Great shoes, exactly as described. Very happy with it.",5030.00
ORD003979,Kamya Lanka,Clothes,Yes,20-09-2023,4,"Fast delivery, clothes exceeded my expectations.",2690.00
ORD003982,Xavier Soman,Beauty Products,No,11-09-2023,4,"Fast delivery, beauty products exceeded my expectations.",2520.00
ORD003984,Noah Sur,Groceries,No,09-07-2024,3,"The groceries is okay, does the job but nothing special.",1520.00
ORD003985,Mekhala Bawa,Furniture,No,10-12-2023,5,"Really satisfied, highly recommend this furniture.",28870.00
ORD003986,Hritik Talwar,Toys,No,16-09-2024,5,"Fast delivery, toys exceeded my expectations.",1360.00
ORD003987,Matthew Shroff,Groceries,No,09-05-2023,3,"The groceries is okay, does the job but nothing special.",360.00
ORD003988,Viraj Arora,Groceries,Yes,14-12-2024,4,"Really satisfied, highly recommend this groceries.",450.00
ORD003991,Omaja Badami,Electronics,No,03-10-2025,5,"Fast delivery, electronics exceeded my expectations.",22620.00
ORD003992,Manya Shere,Shoes,No,13-12-2025,3,"Average shoes, packaging could be better.",2380.00
ORD003993,Kamala Keer,Beauty Products,No,14-08-2025,5,"Excellent quality for the price, would buy beauty products again.",1700.00
ORD003994,Kamya Lanka,Groceries,No,14-01-2024,3,"The groceries is okay, does the job but nothing special.",1220.00
ORD003995,Ubika Bains,Groceries,No,12-05-2025,3,"The groceries is okay, does the job but nothing special.",1760.00
ORD003996,Turvi Khanna,Groceries,No,21-12-2023,4,"Fast delivery, groceries exceeded my expectations.",550.00
ORD003997,Warinder Narang,Groceries,Yes,20-11-2024,4,"Excellent quality for the price, would buy groceries again.",1070.00
ORD003999,Libni Palan,Electronics,No,01-09-2025,5,"Fast delivery, electronics exceeded my expectations.",37080.00
ORD004000,Dhriti Lad,Sports Equipment,No,04-11-2023,4,"Excellent quality for the price, would buy sports equipment again.",11020.00
ORD004001,Karan Bail,Groceries,No,07-08-2024,2,"Disappointed with this groceries, quality is not good.",1980.00
ORD004003,Darsh Aurora,Kitchenware,No,07-12-2024,5,"Great kitchenware, exactly as described. Very happy with it.",2960.00
ORD004004,Azaan Pai,Electronics,No,20-05-2025,5,"Really satisfied, highly recommend this electronics.",17860.00
ORD004005,Oni Dhawan,Groceries,No,28-02-2024,4,"Really satisfied, highly recommend this groceries.",1610.00
ORD004006,Oni Kibe,Sports Equipment,No,24-09-2024,2,"Not worth the price, expected better sports equipment.",13760.00
ORD004008,Meera Chawla,Clothes,No,14-01-2023,5,"Great clothes, exactly as described. Very happy with it.",2300.00
ORD004010,Gaurangi Aurora,Furniture,Yes,22-12-2025,5,"Really satisfied, highly recommend this furniture.",48920.00
ORD004011,Yashoda Mammen,Beauty Products,No,19-07-2023,5,"Really satisfied, highly recommend this beauty products.",2780.00
ORD004012,Ryan Venkataraman,Sports Equipment,No,07-10-2023,3,"Average sports equipment, packaging could be better.",12420.00
ORD004013,Owen Trivedi,Books,No,11-11-2023,2,"Not worth the price, expected better books.",1150.00
ORD004015,Qadim Agarwal,Clothes,No,12-09-2024,5,"Fast delivery, clothes exceeded my expectations.",2190.00
ORD004017,Ishanvi Konda,Clothes,No,16-09-2023,5,"Excellent quality for the price, would buy clothes again.",990.00
ORD004018,Jairaj Setty,Groceries,No,26-10-2025,4,"Excellent quality for the price, would buy groceries again.",1550.00
ORD004019,Riya Mutti,Clothes,No,27-12-2023,5,"Really satisfied, highly recommend this clothes.",1740.00
ORD004020,Naveen Nagi,Toys,Yes,28-12-2025,3,"The toys is okay, does the job but nothing special.",840.00
ORD004021,Zayyan Wason,Groceries,No,12-06-2023,5,"Fast delivery, groceries exceeded my expectations.",340.00
ORD004022,Banjeet Memon,Furniture,No,09-10-2025,4,"Excellent quality for the price, would buy furniture again.",48710.00
ORD004023,Isha Bhatnagar,Kitchenware,No,03-05-2024,2,"Received a damaged kitchenware, had to return it.",4680.00
ORD004024,Sarthak Rai,Clothes,No,02-09-2023,3,"The clothes is okay, does the job but nothing special.",2300.00
ORD004025,Aachal Lad,Groceries,Yes,17-07-2024,2,"Not worth the price, expected better groceries.",430.00
ORD004026,Zaitra Bora,Kitchenware,No,15-01-2025,4,"Really satisfied, highly recommend this kitchenware.",4640.00
ORD004027,Nandini Bhatia,Sports Equipment,No,19-03-2025,5,"Fast delivery, sports equipment exceeded my expectations.",10820.00
ORD004028,Simon Mitter,Furniture,No,14-01-2026,4,"Fast delivery, furniture exceeded my expectations.",5350.00
ORD004029,Leela Swaminathan,Electronics,No,29-05-2023,5,"Great electronics, exactly as described. Very happy with it.",35340.00
ORD004031,Laban Bal,Electronics,No,27-01-2024,2,"Disappointed with this electronics, quality is not good.",3220.00
ORD004032,Wakeeta Raval,Books,No,23-02-2024,5,"Fast delivery, books exceeded my expectations.",300.00
ORD004033,Hardik Kalla,Clothes,No,31-12-2024,4,"Really satisfied, highly recommend this clothes.",500.00
ORD004034,Sanya Cherian,Clothes,No,03-11-2024,5,"Really satisfied, highly recommend this clothes.",320.00
ORD004035,Gaurang Kamdar,Shoes,No,05-04-2025,4,"Really satisfied, highly recommend this shoes.",3880.00
ORD004036,Eiravati Pradhan,Beauty Products,No,06-07-2025,5,"Fast delivery, beauty products exceeded my expectations.",710.00
ORD004037,Aayush Andra,Clothes,Yes,17-05-2024,4,"Fast delivery, clothes exceeded my expectations.",2880.00
ORD004038,Nidra Devan,Electronics,No,08-04-2024,1,"Not worth the price, expected better electronics.",16170.00
ORD004039,Gaurav Toor,Toys,No,15-09-2025,5,"Fast delivery, toys exceeded my expectations.",430.00
ORD004041,Baghyawati Guha,Sports Equipment,No,17-10-2023,3,"Average sports equipment, packaging could be better.",11890.00
ORD004042,Oni Kibe,Books,No,12-01-2026,5,"Excellent quality for the price, would buy books again.",460.00
ORD004043,Kiaan Jayaraman,Groceries,No,08-05-2023,4,"Really satisfied, highly recommend this groceries.",70.00
ORD004044,Neel Mall,Sports Equipment,No,27-11-2023,5,"Great sports equipment, exactly as described. Very happy with it.",3880.00
ORD004046,Ishanvi Konda,Electronics,No,06-11-2023,4,"Really satisfied, highly recommend this electronics.",34140.00
ORD004049,Damyanti Sahni,Groceries,No,10-12-2024,4,"Excellent quality for the price, would buy groceries again.",980.00
ORD004050,Waida Bandi,Groceries,No,06-01-2025,5,"Really satisfied, highly recommend this groceries.",810.00
ORD004052,Victor Goda,Electronics,No,21-03-2024,1,"Not worth the price, expected better electronics.",4960.00
ORD004053,Zarna Wali,Electronics,No,19-01-2026,5,"Fast delivery, electronics exceeded my expectations.",41490.00
ORD004054,Vidhi Gaba,Sports Equipment,No,25-03-2024,5,"Fast delivery, sports equipment exceeded my expectations.",10750.00
ORD004055,Rehaan Morar,Electronics,No,17-01-2026,4,"Excellent quality for the price, would buy electronics again.",44700.00
ORD004056,Tanay Sagar,Electronics,No,01-11-2024,4,"Excellent quality for the price, would buy electronics again.",41400.00
ORD004057,Garima Agarwal,Kitchenware,No,04-06-2023,4,"Really satisfied, highly recommend this kitchenware.",4160.00
ORD004058,Tripti Goyal,Groceries,No,05-10-2024,3,"The groceries is okay, does the job but nothing special.",1400.00
ORD004059,Oviya Tara,Kitchenware,No,26-03-2023,4,"Excellent quality for the price, would buy kitchenware again.",4200.00
ORD004061,Adya Patla,Furniture,No,05-08-2024,3,"Average furniture, packaging could be better.",2530.00
ORD004062,Ranbir Kala,Electronics,Yes,05-12-2023,5,"Fast delivery, electronics exceeded my expectations.",1430.00
ORD004063,Qushi Pau,Electronics,Yes,21-06-2025,5,"Excellent quality for the price, would buy electronics again.",35880.00
ORD004064,Maanas Ratta,Groceries,No,01-04-2025,5,"Excellent quality for the price, would buy groceries again.",1180.00
ORD004065,Harshil Vyas,Electronics,No,28-02-2025,5,"Really satisfied, highly recommend this electronics.",27960.00
ORD004067,Devansh Mital,Books,No,08-04-2023,2,"Disappointed with this books, quality is not good.",170.00
ORD004068,Ojasvi Parmer,Kitchenware,Yes,25-10-2024,4,"Fast delivery, kitchenware exceeded my expectations.",340.00
ORD004069,Vedhika Raj,Electronics,No,26-11-2025,1,"Disappointed with this electronics, quality is not good.",35690.00
ORD004070,Rajeshri Kapadia,Furniture,No,02-04-2024,4,"Great furniture, exactly as described. Very happy with it.",48830.00
ORD004071,Reva Kota,Groceries,No,20-09-2023,4,"Excellent quality for the price, would buy groceries again.",610.00
ORD004072,Quincy Parsa,Kitchenware,No,26-06-2024,5,"Really satisfied, highly recommend this kitchenware.",4590.00
ORD004074,Aarna Jaggi,Books,No,21-07-2024,4,"Really satisfied, highly recommend this books.",740.00
ORD004076,Darpan Gour,Shoes,Yes,21-07-2024,4,"Fast delivery, shoes exceeded my expectations.",640.00
ORD004077,Vivaan Grewal,Groceries,No,15-07-2024,5,"Excellent quality for the price, would buy groceries again.",1080.00
ORD004078,Avi Sarkar,Electronics,No,15-05-2023,3,"Average electronics, packaging could be better.",54290.00
ORD004079,Harinakshi Sahni,Clothes,No,14-12-2024,5,"Really satisfied, highly recommend this clothes.",2060.00
ORD004081,Eshana Tiwari,Furniture,Yes,05-10-2023,1,"Not worth the price, expected better furniture.",13250.00
ORD004082,Dalbir Sule,Beauty Products,No,16-07-2024,4,"Great beauty products, exactly as described. Very happy with it.",590.00
ORD004083,Qabil Lall,Beauty Products,No,09-04-2023,5,"Really satisfied, highly recommend this beauty products.",540.00
ORD004084,Dipta Shroff,Beauty Products,No,18-06-2025,4,"Excellent quality for the price, would buy beauty products again.",2300.00
ORD004085,Jagdish Kurian,Sports Equipment,No,01-12-2023,4,"Excellent quality for the price, would buy sports equipment again.",2740.00
ORD004086,Ishanvi Konda,Furniture,No,01-06-2023,2,"Not worth the price, expected better furniture.",17290.00
ORD004088,Harish Shetty,Toys,No,21-08-2023,5,"Fast delivery, toys exceeded my expectations.",940.00
ORD004089,Gautami Lall,Books,No,10-08-2024,5,"Really satisfied, highly recommend this books.",1420.00
ORD004090,Harinakshi Sahni,Kitchenware,No,23-06-2023,2,"Disappointed with this kitchenware, quality is not good.",4510.00
ORD004091,Nitesh Oommen,Groceries,No,16-08-2025,4,"Fast delivery, groceries exceeded my expectations.",570.00
ORD004092,Meera Chawla,Groceries,No,23-01-2025,2,"Disappointed with this groceries, quality is not good.",1720.00
ORD004093,Vihaan Dora,Kitchenware,No,01-12-2025,5,"Excellent quality for the price, would buy kitchenware again.",3100.00
ORD004096,Samesh Jani,Clothes,No,29-09-2024,4,"Excellent quality for the price, would buy clothes again.",1390.00
ORD004097,Abha Keer,Kitchenware,Yes,09-09-2023,2,"Not worth the price, expected better kitchenware.",3450.00
ORD004098,Shravya Ravi,Shoes,Yes,11-01-2024,3,"Average shoes, packaging could be better.",1150.00
ORD004099,Charles Balay,Beauty Products,No,25-07-2023,3,"Average beauty products, packaging could be better.",1680.00
ORD004101,Kala Vig,Groceries,No,07-12-2024,4,"Great groceries, exactly as described. Very happy with it.",880.00
ORD004102,Guneet Tripathi,Beauty Products,No,27-08-2024,4,"Fast delivery, beauty products exceeded my expectations.",2030.00
ORD004103,Vyanjana Mani,Electronics,No,27-08-2024,1,"Received a damaged electronics, had to return it.",38030.00
ORD004105,Aayush Parekh,Electronics,No,25-01-2023,4,"Really satisfied, highly recommend this electronics.",16940.00
ORD004106,Aachal Thakkar,Sports Equipment,No,28-12-2024,4,"Really satisfied, highly recommend this sports equipment.",11720.00
ORD004107,Pahal Krishnamurthy,Toys,No,26-04-2023,3,"Average toys, packaging could be better.",1080.00
ORD004108,Devansh Mital,Shoes,No,29-06-2023,4,"Really satisfied, highly recommend this shoes.",2960.00
ORD004109,Nidhi Sekhon,Toys,No,10-03-2025,5,"Really satisfied, highly recommend this toys.",2950.00
ORD004110,Yutika Bhagat,Kitchenware,No,01-01-2024,4,"Fast delivery, kitchenware exceeded my expectations.",860.00
ORD004111,Urishilla Naik,Toys,No,23-07-2023,5,"Really satisfied, highly recommend this toys.",2830.00
ORD004114,Omya Boase,Shoes,No,30-07-2024,4,"Really satisfied, highly recommend this shoes.",7530.00
ORD004115,Pranit Kohli,Books,No,18-01-2023,5,"Excellent quality for the price, would buy books again.",1480.00
ORD004116,William Khanna,Electronics,No,07-05-2025,4,"Fast delivery, electronics exceeded my expectations.",50780.00
ORD004117,Radhika Mahal,Books,No,30-03-2023,5,"Really satisfied, highly recommend this books.",210.00
ORD004118,Veer Karnik,Kitchenware,No,03-05-2023,4,"Fast delivery, kitchenware exceeded my expectations.",960.00
ORD004120,Hitesh Virk,Books,No,30-06-2024,2,"Not worth the price, expected better books.",980.00
ORD004121,Falak Anne,Clothes,No,22-07-2025,5,"Fast delivery, clothes exceeded my expectations.",1850.00
ORD004122,Urvi Bhattacharyya,Sports Equipment,No,05-09-2025,4,"Great sports equipment, exactly as described. Very happy with it.",6480.00
ORD004123,Hredhaan Edwin,Groceries,No,01-09-2025,5,"Great groceries, exactly as described. Very happy with it.",1180.00
ORD004125,Veda Muni,Beauty Products,No,24-12-2024,4,"Excellent quality for the price, would buy beauty products again.",2100.00
ORD004126,Gaurang Kamdar,Books,No,15-07-2023,2,"Disappointed with this books, quality is not good.",260.00
ORD004127,Imaran Edwin,Electronics,No,11-03-2024,4,"Fast delivery, electronics exceeded my expectations.",42730.00
ORD004128,Triya Pant,Groceries,No,17-12-2025,2,"Not worth the price, expected better groceries.",70.00
ORD004130,Yug Rao,Clothes,No,28-02-2023,4,"Fast delivery, clothes exceeded my expectations.",1000.00
ORD004132,Maanas Swamy,Beauty Products,No,21-09-2025,5,"Really satisfied, highly recommend this beauty products.",490.00
ORD004133,Ekani Sood,Clothes,No,17-08-2023,4,"Really satisfied, highly recommend this clothes.",2350.00
ORD004135,Tanvi Ghosh,Toys,No,26-10-2024,2,"Disappointed with this toys, quality is not good.",1930.00
ORD004136,Meera Bajaj,Furniture,No,26-10-2023,1,"Disappointed with this furniture, quality is not good.",43760.00
ORD004137,Jackson Patil,Beauty Products,Yes,19-08-2025,1,"Disappointed with this beauty products, quality is not good.",1510.00
ORD004138,Pranav Saraf,Books,No,19-04-2023,4,"Excellent quality for the price, would buy books again.",1310.00
ORD004139,Zarna Peri,Shoes,No,25-12-2023,5,"Excellent quality for the price, would buy shoes again.",7530.00
ORD004140,Aarna Jaggi,Electronics,No,20-10-2024,4,"Really satisfied, highly recommend this electronics.",7250.00
ORD004141,Chakradev Bains,Kitchenware,No,02-10-2023,5,"Excellent quality for the price, would buy kitchenware again.",4530.00
ORD004142,Yashawini Sengupta,Groceries,No,30-03-2025,5,"Great groceries, exactly as described. Very happy with it.",1930.00
ORD004143,Kai Bassi,Books,No,13-07-2023,4,"Great books, exactly as described. Very happy with it.",240.00
ORD004144,Jagdish Kurian,Groceries,No,12-02-2025,3,"The groceries is okay, does the job but nothing special.",520.00
ORD004145,Harrison Rana,Electronics,No,27-04-2024,3,"The electronics is okay, does the job but nothing special.",14850.00
ORD004146,Frado Joshi,Books,No,25-03-2023,4,"Really satisfied, highly recommend this books.",1310.00
ORD004147,Frederick Nair,Books,No,13-04-2024,5,"Really satisfied, highly recommend this books.",1120.00
ORD004148,Ekansh Batra,Electronics,No,02-12-2025,5,"Excellent quality for the price, would buy electronics again.",18760.00
ORD004149,Meghana Ben,Clothes,No,06-01-2025,1,"Disappointed with this clothes, quality is not good.",490.00
ORD004150,Adya Sangha,Electronics,No,29-09-2023,5,"Really satisfied, highly recommend this electronics.",5870.00
ORD004152,Ganga Bumb,Groceries,No,04-07-2023,3,"The groceries is okay, does the job but nothing special.",1450.00
ORD004154,Neel Mall,Groceries,No,16-12-2024,4,"Fast delivery, groceries exceeded my expectations.",1940.00
ORD004155,Eiravati Khare,Electronics,No,25-10-2023,3,"Average electronics, packaging could be better.",19370.00
ORD004156,Triveni Mallick,Electronics,No,16-11-2025,4,"Great electronics, exactly as described. Very happy with it.",59940.00
ORD004157,Faqid Gole,Groceries,No,10-06-2023,5,"Excellent quality for the price, would buy groceries again.",1160.00
ORD004158,Hredhaan Edwin,Toys,Yes,22-10-2024,4,"Great toys, exactly as described. Very happy with it.",2460.00
ORD004159,Udarsh Dubey,Groceries,No,01-12-2024,5,"Fast delivery, groceries exceeded my expectations.",1400.00
ORD004160,Kavya Sandhu,Beauty Products,No,22-01-2024,5,"Really satisfied, highly recommend this beauty products.",280.00
ORD004161,Balvan Jani,Kitchenware,No,17-08-2024,4,"Fast delivery, kitchenware exceeded my expectations.",1670.00
ORD004163,Girindra Gola,Books,No,16-09-2024,3,"The books is okay, does the job but nothing special.",790.00
ORD004164,Matthew Yadav,Books,Yes,28-07-2024,4,"Really satisfied, highly recommend this books.",180.00
ORD004165,Rohan Rajagopalan,Sports Equipment,No,24-08-2024,1,"Received a damaged sports equipment, had to return it.",3690.00
ORD004166,Ryan Venkataraman,Clothes,No,28-04-2025,5,"Great clothes, exactly as described. Very happy with it.",2700.00
ORD004167,Chatura Thaman,Sports Equipment,No,18-08-2024,4,"Great sports equipment, exactly as described. Very happy with it.",2660.00
ORD004169,Benjamin Devi,Sports Equipment,No,08-04-2024,1,"Not worth the price, expected better sports equipment.",12620.00
ORD004170,Frado Raj,Groceries,Yes,03-03-2023,5,"Really satisfied, highly recommend this groceries.",1730.00
ORD004171,Zayyan Palan,Books,No,30-04-2025,5,"Really satisfied, highly recommend this books.",960.00
ORD004172,Indali Kunda,Groceries,Yes,04-11-2024,1,"Not worth the price, expected better groceries.",1950.00
ORD004173,Rishi Kashyap,Shoes,Yes,17-11-2025,3,"The shoes is okay, does the job but nothing special.",1130.00
ORD004175,Chandresh Bahl,Electronics,No,30-07-2025,3,"The electronics is okay, does the job but nothing special.",20610.00
ORD004177,Gaurav Toor,Electronics,No,31-12-2024,5,"Fast delivery, electronics exceeded my expectations.",11640.00
ORD004178,Vansha Deol,Shoes,No,12-05-2025,4,"Great shoes, exactly as described. Very happy with it.",5120.00
ORD004179,Watika Buch,Books,No,12-07-2023,5,"Really satisfied, highly recommend this books.",640.00
ORD004180,Quincy Parsa,Toys,No,14-03-2023,3,"The toys is okay, does the job but nothing special.",2470.00
ORD004181,Osha Patil,Clothes,No,12-02-2024,5,"Really satisfied, highly recommend this clothes.",1890.00
ORD004185,Amruta Sehgal,Groceries,No,09-07-2024,5,"Excellent quality for the price, would buy groceries again.",1440.00
ORD004187,Rachana Muni,Furniture,No,24-09-2023,5,"Excellent quality for the price, would buy furniture again.",36930.00
ORD004188,Thomas Sethi,Groceries,No,25-12-2025,3,"The groceries is okay, does the job but nothing special.",730.00
ORD004189,George Golla,Electronics,No,17-01-2024,5,"Great electronics, exactly as described. Very happy with it.",26150.00
ORD004191,Robert Lal,Electronics,Yes,23-10-2023,5,"Excellent quality for the price, would buy electronics again.",50520.00
ORD004192,Gautam Aurora,Toys,No,21-06-2025,5,"Fast delivery, toys exceeded my expectations.",720.00
ORD004193,Vrinda Sama,Sports Equipment,No,13-06-2023,2,"Received a damaged sports equipment, had to return it.",13250.00
ORD004194,Akshay Kohli,Electronics,No,23-04-2023,4,"Fast delivery, electronics exceeded my expectations.",46170.00
ORD004195,Vivaan Grewal,Clothes,No,29-03-2024,5,"Excellent quality for the price, would buy clothes again.",620.00
ORD004196,Harrison Arya,Furniture,No,08-07-2024,1,"Received a damaged furniture, had to return it.",34320.00
ORD004197,Hritik Talwar,Beauty Products,No,01-07-2023,2,"Disappointed with this beauty products, quality is not good.",1570.00
ORD004198,Tara Sur,Electronics,Yes,12-09-2024,4,"Really satisfied, highly recommend this electronics.",4520.00
ORD004200,Qasim Muni,Electronics,No,26-09-2023,5,"Fast delivery, electronics exceeded my expectations.",7400.00
ORD004203,Inaya Sawhney,Furniture,No,16-08-2025,4,"Fast delivery, furniture exceeded my expectations.",30140.00
ORD004204,Zaid Sandal,Furniture,No,02-04-2025,3,"The furniture is okay, does the job but nothing special.",16710.00
ORD004206,Yoshita Soman,Electronics,No,04-05-2024,5,"Great electronics, exactly as described. Very happy with it.",55960.00
ORD004207,Omkaar Chopra,Toys,No,21-05-2024,3,"The toys is okay, does the job but nothing special.",460.00
ORD004209,Megha Shroff,Kitchenware,No,08-06-2025,4,"Great kitchenware, exactly as described. Very happy with it.",2990.00
ORD004210,Balveer Dani,Beauty Products,No,17-01-2025,1,"Not worth the price, expected better beauty products.",2630.00
ORD004211,Anusha Raja,Groceries,No,15-07-2025,4,"Great groceries, exactly as described. Very happy with it.",1620.00
ORD004212,Chanakya Pillai,Sports Equipment,No,14-07-2024,4,"Really satisfied, highly recommend this sports equipment.",10360.00
ORD004215,Kala Nagar,Beauty Products,No,13-06-2024,4,"Fast delivery, beauty products exceeded my expectations.",2590.00
ORD004216,Chatura Thaman,Books,Yes,16-02-2024,4,"Fast delivery, books exceeded my expectations.",960.00
ORD004217,Theodore Chandra,Books,No,30-01-2025,5,"Fast delivery, books exceeded my expectations.",820.00
ORD004219,Varsha Sundaram,Books,No,12-08-2023,3,"The books is okay, does the job but nothing special.",210.00
ORD004220,Arya Thakkar,Beauty Products,No,29-01-2024,3,"The beauty products is okay, does the job but nothing special.",2750.00
ORD004221,Onkar Datta,Electronics,No,08-08-2024,2,"Received a damaged electronics, had to return it.",18910.00
ORD004222,Imaran Buch,Electronics,No,12-12-2025,4,"Fast delivery, electronics exceeded my expectations.",52350.00
ORD004223,Nimrat Vasa,Books,No,07-09-2023,4,"Excellent quality for the price, would buy books again.",1070.00
ORD004224,Zarna Wali,Clothes,No,04-12-2023,4,"Fast delivery, clothes exceeded my expectations.",2310.00
ORD004225,Gabriel Randhawa,Furniture,No,22-12-2025,1,"Not worth the price, expected better furniture.",16450.00
ORD004226,Eiravati Khare,Electronics,Yes,17-12-2025,3,"Average electronics, packaging could be better.",24320.00
ORD004227,Timothy Bhatti,Shoes,No,22-01-2024,3,"Average shoes, packaging could be better.",5030.00
ORD004228,Anika Rout,Kitchenware,No,21-04-2024,1,"Disappointed with this kitchenware, quality is not good.",3280.00
ORD004230,Gavin Gade,Beauty Products,Yes,01-01-2026,5,"Really satisfied, highly recommend this beauty products.",1920.00
ORD004232,Nathan Mander,Electronics,No,30-09-2023,5,"Excellent quality for the price, would buy electronics again.",13170.00
ORD004233,Zaitra Bora,Shoes,No,11-06-2023,5,"Great shoes, exactly as described. Very happy with it.",6070.00
ORD004234,Quincy Parsa,Toys,No,04-12-2024,4,"Excellent quality for the price, would buy toys again.",2550.00
ORD004236,Tripti Goyal,Shoes,No,25-02-2024,2,"Received a damaged shoes, had to return it.",5910.00
ORD004237,Nandini Karan,Kitchenware,No,10-09-2023,4,"Excellent quality for the price, would buy kitchenware again.",3310.00
ORD004238,Pallavi Lal,Beauty Products,No,14-07-2024,2,"Disappointed with this beauty products, quality is not good.",500.00
ORD004239,Azaan Roy,Groceries,No,19-10-2024,2,"Not worth the price, expected better groceries.",1630.00
ORD004240,Garima Agarwal,Shoes,No,05-03-2025,4,"Really satisfied, highly recommend this shoes.",5570.00
ORD004244,Shravya Naik,Electronics,No,19-11-2024,5,"Fast delivery, electronics exceeded my expectations.",20360.00
ORD004246,Noah Sur,Electronics,No,28-04-2025,3,"The electronics is okay, does the job but nothing special.",53300.00
ORD004247,Bimala Shanker,Groceries,No,01-04-2025,1,"Received a damaged groceries, had to return it.",550.00
ORD004248,Tanmayi Boase,Sports Equipment,Yes,15-10-2023,5,"Excellent quality for the price, would buy sports equipment again.",11980.00
ORD004249,Viraj Arora,Groceries,No,18-05-2024,5,"Really satisfied, highly recommend this groceries.",200.00
ORD004250,Dominic Som,Beauty Products,No,07-10-2023,3,"The beauty products is okay, does the job but nothing special.",490.00
ORD004251,Januja Iyengar,Sports Equipment,No,29-04-2024,3,"Average sports equipment, packaging could be better.",4690.00
ORD004252,Parth Jha,Clothes,No,26-12-2024,3,"Average clothes, packaging could be better.",930.00
ORD004253,Alka Srinivas,Sports Equipment,Yes,21-03-2023,5,"Fast delivery, sports equipment exceeded my expectations.",6520.00
ORD004254,Widisha Minhas,Toys,No,28-02-2023,5,"Great toys, exactly as described. Very happy with it.",2750.00
ORD004255,Charan Mangal,Groceries,Yes,07-10-2025,5,"Excellent quality for the price, would buy groceries again.",360.00
ORD004256,Pahal Krishnamurthy,Toys,No,15-06-2023,5,"Fast delivery, toys exceeded my expectations.",1740.00
ORD004257,Bimala Shanker,Shoes,No,09-02-2024,3,"The shoes is okay, does the job but nothing special.",3090.00
ORD004258,Gabriel Randhawa,Toys,No,10-10-2024,5,"Fast delivery, toys exceeded my expectations.",1630.00
ORD004260,Sathvik Lall,Toys,No,21-03-2023,5,"Great toys, exactly as described. Very happy with it.",590.00
ORD004261,Owen Trivedi,Kitchenware,No,05-09-2024,5,"Fast delivery, kitchenware exceeded my expectations.",950.00
ORD004264,Lopa Narasimhan,Toys,No,24-09-2024,5,"Excellent quality for the price, would buy toys again.",170.00
ORD004265,Reyansh Kohli,Books,No,28-03-2024,3,"Average books, packaging could be better.",780.00
ORD004266,Lakshmi Bhat,Books,No,27-03-2025,5,"Excellent quality for the price, would buy books again.",1060.00
ORD004268,Zayan Sani,Furniture,No,26-04-2024,3,"The furniture is okay, does the job but nothing special.",25090.00
ORD004269,Imaran Edwin,Shoes,No,17-04-2024,4,"Great shoes, exactly as described. Very happy with it.",6740.00
ORD004270,Megha Shroff,Clothes,No,26-06-2024,5,"Great clothes, exactly as described. Very happy with it.",1400.00
ORD004271,Timothy Bhatti,Books,No,26-07-2024,5,"Really satisfied, highly recommend this books.",360.00
ORD004272,Rishi Kashyap,Clothes,No,31-05-2025,4,"Fast delivery, clothes exceeded my expectations.",840.00
ORD004273,Nandini Bhatia,Books,No,18-09-2025,3,"Average books, packaging could be better.",330.00
ORD004278,Yachana De,Kitchenware,No,18-02-2024,5,"Fast delivery, kitchenware exceeded my expectations.",1740.00
ORD004279,Abhiram Mitter,Clothes,No,30-03-2024,4,"Fast delivery, clothes exceeded my expectations.",2060.00
ORD004280,Ayushman Bahl,Electronics,No,09-01-2026,2,"Received a damaged electronics, had to return it.",30410.00
ORD004282,Raghav Pradhan,Shoes,No,13-07-2025,5,"Great shoes, exactly as described. Very happy with it.",5060.00
ORD004283,Ucchal Shukla,Sports Equipment,No,27-07-2023,4,"Great sports equipment, exactly as described. Very happy with it.",9390.00
ORD004284,Omkaar Chopra,Sports Equipment,No,07-10-2025,4,"Excellent quality for the price, would buy sports equipment again.",8700.00
ORD004285,Gavin Lalla,Groceries,No,17-11-2024,1,"Disappointed with this groceries, quality is not good.",880.00
ORD004286,Viraj Arora,Toys,Yes,06-01-2026,5,"Excellent quality for the price, would buy toys again.",570.00
ORD004287,Luke Arora,Clothes,No,15-01-2026,1,"Disappointed with this clothes, quality is not good.",410.00
ORD004288,Dipta Vaidya,Books,No,01-02-2024,5,"Fast delivery, books exceeded my expectations.",330.00
ORD004289,David Kurian,Clothes,No,09-06-2024,4,"Really satisfied, highly recommend this clothes.",1750.00
ORD004290,Falak Rege,Sports Equipment,No,18-07-2025,5,"Fast delivery, sports equipment exceeded my expectations.",9380.00
ORD004291,Brinda Mammen,Beauty Products,No,04-02-2024,5,"Fast delivery, beauty products exceeded my expectations.",530.00
ORD004293,Kiaan Arora,Shoes,No,10-12-2024,5,"Really satisfied, highly recommend this shoes.",5390.00
ORD004295,Bhanumati Saran,Books,No,19-03-2025,4,"Really satisfied, highly recommend this books.",1370.00
ORD004296,Ijaya Narain,Shoes,No,12-08-2023,2,"Not worth the price, expected better shoes.",6920.00
ORD004297,Christopher Vasa,Beauty Products,No,12-12-2024,5,"Fast delivery, beauty products exceeded my expectations.",1480.00
ORD004298,Pooja Grewal,Sports Equipment,No,05-10-2024,4,"Fast delivery, sports equipment exceeded my expectations.",14450.00
ORD004300,Oni Dhawan,Shoes,No,12-12-2025,4,"Fast delivery, shoes exceeded my expectations.",3650.00
ORD004301,Rohan Arora,Electronics,No,04-07-2023,4,"Really satisfied, highly recommend this electronics.",1810.00
ORD004302,Vyanjana Mani,Kitchenware,No,11-07-2023,2,"Received a damaged kitchenware, had to return it.",2590.00
ORD004303,Lopa Narasimhan,Beauty Products,No,09-01-2026,5,"Really satisfied, highly recommend this beauty products.",1840.00
ORD004304,Rachit Bedi,Kitchenware,Yes,19-01-2024,5,"Really satisfied, highly recommend this kitchenware.",3380.00
ORD004305,Omaja Badami,Beauty Products,No,26-10-2025,5,"Great beauty products, exactly as described. Very happy with it.",500.00
ORD004306,Garima Kumar,Beauty Products,No,20-02-2023,4,"Really satisfied, highly recommend this beauty products.",2440.00
ORD004308,Jagat Iyengar,Kitchenware,No,21-10-2023,4,"Fast delivery, kitchenware exceeded my expectations.",2190.00
ORD004309,Falan Johal,Furniture,No,25-04-2023,5,"Excellent quality for the price, would buy furniture again.",38980.00
ORD004312,Amruta Sehgal,Shoes,No,01-09-2024,4,"Excellent quality for the price, would buy shoes again.",4770.00
ORD004313,Ayush Bail,Electronics,No,11-10-2025,5,"Fast delivery, electronics exceeded my expectations.",12110.00
ORD004314,Pratyush Bansal,Groceries,No,12-11-2024,5,"Really satisfied, highly recommend this groceries.",1450.00
ORD004315,Idika Bhagat,Toys,No,19-07-2025,5,"Really satisfied, highly recommend this toys.",1710.00
ORD004316,Hitesh Prabhu,Clothes,No,28-01-2024,1,"Not worth the price, expected better clothes.",990.00
ORD004317,Qushi Pau,Beauty Products,No,11-02-2025,3,"The beauty products is okay, does the job but nothing special.",720.00
ORD004318,Fitan Kala,Electronics,No,12-08-2023,4,"Really satisfied, highly recommend this electronics.",18620.00
ORD004319,Rayaan Goyal,Kitchenware,No,29-08-2023,2,"Disappointed with this kitchenware, quality is not good.",2670.00
ORD004321,Robert Lal,Clothes,No,05-03-2025,5,"Great clothes, exactly as described. Very happy with it.",1400.00
ORD004323,Nitesh Dayal,Shoes,No,08-08-2025,2,"Received a damaged shoes, had to return it.",4540.00
ORD004324,Aarini Ravel,Kitchenware,No,21-02-2025,1,"Disappointed with this kitchenware, quality is not good.",1400.00
ORD004325,Jagat Iyengar,Groceries,No,15-10-2023,4,"Excellent quality for the price, would buy groceries again.",180.00
ORD004327,Yashica Aurora,Shoes,No,22-01-2023,4,"Really satisfied, highly recommend this shoes.",1870.00
ORD004328,Oni Dhawan,Kitchenware,No,02-12-2025,3,"The kitchenware is okay, does the job but nothing special.",3760.00
ORD004329,Vansha Deol,Furniture,No,06-04-2025,4,"Really satisfied, highly recommend this furniture.",19580.00
ORD004330,Garima Kumar,Groceries,No,16-11-2024,4,"Excellent quality for the price, would buy groceries again.",910.00
ORD004331,Megha Shroff,Clothes,No,07-08-2025,5,"Really satisfied, highly recommend this clothes.",1530.00
ORD004332,Vedhika Raj,Groceries,No,25-01-2023,2,"Disappointed with this groceries, quality is not good.",1040.00
ORD004336,Kala Vig,Beauty Products,No,29-09-2023,5,"Really satisfied, highly recommend this beauty products.",460.00
ORD004337,Ranbir Kala,Kitchenware,No,18-07-2023,5,"Excellent quality for the price, would buy kitchenware again.",3160.00
ORD004338,Mugdha Jani,Electronics,No,07-05-2023,2,"Disappointed with this electronics, quality is not good.",17490.00
ORD004339,Mekhala Dar,Toys,No,07-09-2023,5,"Fast delivery, toys exceeded my expectations.",1160.00
ORD004341,Henry Puri,Sports Equipment,No,23-01-2023,4,"Great sports equipment, exactly as described. Very happy with it.",12110.00
ORD004342,Jasmit Dhar,Groceries,No,01-04-2023,4,"Great groceries, exactly as described. Very happy with it.",1330.00
ORD004344,Nandini Bhatia,Clothes,No,09-09-2023,4,"Really satisfied, highly recommend this clothes.",2330.00
ORD004345,Dayita Munshi,Kitchenware,No,06-03-2023,2,"Not worth the price, expected better kitchenware.",1800.00
ORD004347,Vaishnavi Sachar,Groceries,No,18-08-2024,3,"The groceries is okay, does the job but nothing special.",990.00
ORD004348,Ikbal Tandon,Electronics,No,31-05-2024,4,"Really satisfied, highly recommend this electronics.",8010.00
ORD004349,Falan Lanka,Beauty Products,No,08-06-2024,5,"Excellent quality for the price, would buy beauty products again.",700.00
ORD004350,Saumya Ratti,Groceries,No,12-02-2025,5,"Excellent quality for the price, would buy groceries again.",670.00
ORD004351,Vansha Deol,Sports Equipment,No,09-02-2023,3,"The sports equipment is okay, does the job but nothing special.",410.00
ORD004353,Ubika Bains,Shoes,No,19-05-2025,3,"Average shoes, packaging could be better.",3740.00
ORD004354,William Khanna,Clothes,Yes,17-06-2023,3,"The clothes is okay, does the job but nothing special.",1660.00
ORD004355,Andrew Tiwari,Beauty Products,No,20-02-2023,3,"Average beauty products, packaging could be better.",2690.00
ORD004356,Charita Vohra,Groceries,Yes,03-11-2023,5,"Excellent quality for the price, would buy groceries again.",830.00
ORD004357,Girish Swamy,Kitchenware,No,21-07-2023,4,"Really satisfied, highly recommend this kitchenware.",2900.00
ORD004358,Xiti Puri,Books,No,05-02-2024,4,"Really satisfied, highly recommend this books.",1050.00
ORD004359,Ishanvi Nagar,Toys,No,20-03-2023,4,"Fast delivery, toys exceeded my expectations.",1520.00
ORD004360,Zashil Chaudhuri,Toys,No,14-10-2023,5,"Excellent quality for the price, would buy toys again.",1910.00
ORD004361,Leela Swaminathan,Shoes,No,18-03-2024,4,"Really satisfied, highly recommend this shoes.",7180.00
ORD004365,Ekiya Patla,Electronics,No,15-08-2025,5,"Really satisfied, highly recommend this electronics.",54970.00
ORD004366,Victor Chada,Electronics,No,29-07-2023,4,"Excellent quality for the price, would buy electronics again.",57330.00
ORD004367,Vanya Yohannan,Groceries,No,05-11-2024,4,"Great groceries, exactly as described. Very happy with it.",1380.00
ORD004368,Gavin Gade,Groceries,No,24-10-2024,4,"Great groceries, exactly as described. Very happy with it.",1270.00
ORD004369,Idika Bhagat,Electronics,No,15-11-2024,5,"Excellent quality for the price, would buy electronics again.",9920.00
ORD004370,Nicholas Choudhary,Sports Equipment,No,18-06-2024,5,"Great sports equipment, exactly as described. Very happy with it.",5220.00
ORD004371,Jatin Kapoor,Electronics,No,24-01-2023,2,"Disappointed with this electronics, quality is not good.",22010.00
ORD004372,Shravya Char,Furniture,No,26-12-2025,5,"Excellent quality for the price, would buy furniture again.",41030.00
ORD004373,Tripti Goyal,Books,No,16-10-2024,2,"Received a damaged books, had to return it.",560.00
ORD004375,Ekiya Konda,Electronics,No,19-04-2023,5,"Fast delivery, electronics exceeded my expectations.",32390.00
ORD004376,Omya Boase,Electronics,No,11-03-2025,2,"Received a damaged electronics, had to return it.",21590.00
ORD004377,Sachi Chauhan,Electronics,No,08-04-2025,2,"Disappointed with this electronics, quality is not good.",12640.00
ORD004378,Manan Mahal,Groceries,No,23-10-2024,5,"Excellent quality for the price, would buy groceries again.",860.00
ORD004379,Nicholas Bhandari,Toys,No,22-06-2024,3,"Average toys, packaging could be better.",1460.00
ORD004380,Chasmum Goyal,Beauty Products,No,09-11-2023,5,"Excellent quality for the price, would buy beauty products again.",1340.00
ORD004381,Upadhriti Menon,Sports Equipment,No,07-01-2026,3,"The sports equipment is okay, does the job but nothing special.",12340.00
ORD004382,Karan Kumar,Kitchenware,No,23-10-2025,5,"Excellent quality for the price, would buy kitchenware again.",4220.00
ORD004383,Simon Mitter,Groceries,No,24-06-2025,4,"Really satisfied, highly recommend this groceries.",1230.00
ORD004384,Vasudha Agarwal,Shoes,No,19-01-2023,3,"Average shoes, packaging could be better.",6900.00
ORD004385,Tara Sastry,Beauty Products,No,12-01-2026,4,"Fast delivery, beauty products exceeded my expectations.",1140.00
ORD004386,Ishani Bhalla,Books,No,29-04-2025,4,"Really satisfied, highly recommend this books.",820.00
ORD004387,Ishani Bhalla,Electronics,No,12-06-2023,3,"Average electronics, packaging could be better.",25640.00
ORD004390,Kritika Chacko,Sports Equipment,Yes,10-03-2023,5,"Great sports equipment, exactly as described. Very happy with it.",4890.00
ORD004391,Garima Agarwal,Shoes,No,08-12-2023,5,"Fast delivery, shoes exceeded my expectations.",7190.00
ORD004392,Yatan Tripathi,Furniture,No,30-05-2025,1,"Not worth the price, expected better furniture.",27250.00
ORD004393,Mitesh Varghese,Groceries,No,28-01-2025,4,"Excellent quality for the price, would buy groceries again.",800.00
ORD004394,Zaid Sandal,Clothes,No,03-03-2023,4,"Really satisfied, highly recommend this clothes.",760.00
ORD004395,Karan Bhat,Sports Equipment,No,13-12-2025,2,"Received a damaged sports equipment, had to return it.",9540.00
ORD004396,Bhanumati Saran,Kitchenware,Yes,29-03-2025,5,"Great kitchenware, exactly as described. Very happy with it.",1840.00
ORD004397,Karan Bhat,Electronics,Yes,18-03-2023,2,"Disappointed with this electronics, quality is not good.",39810.00
ORD004398,Eiravati Khare,Electronics,No,19-07-2025,4,"Excellent quality for the price, would buy electronics again.",36760.00
ORD004400,Fitan Kala,Toys,No,03-11-2024,5,"Great toys, exactly as described. Very happy with it.",890.00
ORD004402,Samaksh Sem,Electronics,No,18-08-2025,3,"Average electronics, packaging could be better.",45680.00
ORD004403,Nachiket Kota,Beauty Products,No,08-12-2025,5,"Fast delivery, beauty products exceeded my expectations.",2400.00
ORD004404,Elijah Wason,Groceries,No,26-12-2025,5,"Fast delivery, groceries exceeded my expectations.",100.00
ORD004405,Benjamin Devi,Kitchenware,No,20-07-2023,5,"Fast delivery, kitchenware exceeded my expectations.",3980.00
ORD004406,Chatura Kala,Sports Equipment,No,24-05-2024,4,"Fast delivery, sports equipment exceeded my expectations.",11900.00
ORD004407,Yashica Aurora,Groceries,No,02-03-2025,3,"The groceries is okay, does the job but nothing special.",480.00
ORD004408,Diya Pillai,Clothes,No,24-10-2025,5,"Really satisfied, highly recommend this clothes.",2090.00
ORD004409,Daksha Kaul,Beauty Products,No,19-01-2025,4,"Really satisfied, highly recommend this beauty products.",1340.00
ORD004410,George Golla,Electronics,No,11-09-2025,5,"Fast delivery, electronics exceeded my expectations.",55480.00
ORD004411,Alka Magar,Shoes,No,07-05-2025,5,"Excellent quality for the price, would buy shoes again.",6170.00
ORD004412,Frederick Nair,Groceries,No,12-06-2024,4,"Really satisfied, highly recommend this groceries.",190.00
ORD004413,Warinder Narang,Sports Equipment,No,10-12-2024,4,"Great sports equipment, exactly as described. Very happy with it.",13720.00
ORD004414,Hemangini Sekhon,Shoes,No,12-11-2023,4,"Fast delivery, shoes exceeded my expectations.",7440.00
ORD004415,Daksha Kaul,Electronics,Yes,18-06-2024,4,"Great electronics, exactly as described. Very happy with it.",53140.00
ORD004416,Vrishti Lalla,Electronics,No,31-01-2023,5,"Really satisfied, highly recommend this electronics.",53100.00
ORD004417,Aayush Dhingra,Electronics,No,09-05-2024,3,"Average electronics, packaging could be better.",27810.00
ORD004418,Zansi Dixit,Electronics,No,01-01-2024,5,"Great electronics, exactly as described. Very happy with it.",45100.00
ORD004419,Varenya Mani,Shoes,No,01-03-2024,4,"Great shoes, exactly as described. Very happy with it.",4590.00
ORD004420,Watika Buch,Electronics,Yes,12-02-2025,5,"Excellent quality for the price, would buy electronics again.",10120.00
ORD004421,Warhi Iyer,Electronics,No,19-07-2025,4,"Really satisfied, highly recommend this electronics.",42500.00
ORD004422,Mitali Verma,Clothes,Yes,13-05-2024,4,"Fast delivery, clothes exceeded my expectations.",1540.00
ORD004423,Maanas Swamy,Furniture,No,25-02-2025,5,"Fast delivery, furniture exceeded my expectations.",17360.00
ORD004424,Wridesh Sangha,Electronics,No,28-05-2023,4,"Great electronics, exactly as described. Very happy with it.",17560.00
ORD004425,Orinder Dhaliwal,Electronics,No,07-06-2024,2,"Received a damaged electronics, had to return it.",44160.00
ORD004426,Bahadurjit Jayaraman,Kitchenware,No,18-07-2024,2,"Received a damaged kitchenware, had to return it.",1460.00
ORD004427,Eiravati Pradhan,Electronics,Yes,15-04-2024,5,"Fast delivery, electronics exceeded my expectations.",47870.00
ORD004428,Reva Dada,Clothes,No,16-07-2024,5,"Excellent quality for the price, would buy clothes again.",2030.00
ORD004429,Manya Rao,Groceries,No,18-10-2025,4,"Really satisfied, highly recommend this groceries.",1670.00
ORD004431,Vihaan Date,Toys,No,15-01-2024,4,"Fast delivery, toys exceeded my expectations.",1690.00
ORD004432,Lopa Mukhopadhyay,Beauty Products,No,18-08-2023,5,"Fast delivery, beauty products exceeded my expectations.",450.00
ORD004433,Yug Rao,Furniture,No,04-05-2024,5,"Really satisfied, highly recommend this furniture.",30930.00
ORD004435,Naksh Krishna,Books,Yes,08-08-2025,5,"Excellent quality for the price, would buy books again.",1370.00
ORD004436,Orinder Barad,Books,No,30-04-2023,3,"The books is okay, does the job but nothing special.",1130.00
ORD004439,Warda Kala,Groceries,No,20-12-2023,5,"Really satisfied, highly recommend this groceries.",1240.00
ORD004440,Xavier Sani,Groceries,No,31-07-2024,1,"Not worth the price, expected better groceries.",870.00
ORD004441,Samuel Rama,Shoes,No,28-08-2025,3,"The shoes is okay, does the job but nothing special.",4880.00
ORD004442,Adweta Parsa,Sports Equipment,No,28-02-2025,4,"Great sports equipment, exactly as described. Very happy with it.",8600.00
ORD004443,Tanveer Karpe,Kitchenware,Yes,21-01-2024,3,"The kitchenware is okay, does the job but nothing special.",3630.00
ORD004445,Fariq Gandhi,Books,No,30-12-2023,5,"Great books, exactly as described. Very happy with it.",1260.00
ORD004446,Nimrat Vasa,Toys,No,07-10-2024,5,"Fast delivery, toys exceeded my expectations.",300.00
ORD004448,Pratyush Madan,Shoes,No,07-12-2023,1,"Disappointed with this shoes, quality is not good.",6980.00
ORD004449,Owen Trivedi,Books,Yes,16-06-2024,5,"Fast delivery, books exceeded my expectations.",890.00
ORD004450,Zilmil Bail,Furniture,No,30-11-2023,5,"Excellent quality for the price, would buy furniture again.",47480.00
ORD004451,Dhruv Bandi,Beauty Products,No,21-02-2023,5,"Fast delivery, beauty products exceeded my expectations.",2350.00
ORD004452,Vincent Barad,Kitchenware,No,28-01-2024,4,"Fast delivery, kitchenware exceeded my expectations.",900.00
ORD004453,Finn Dugal,Groceries,No,24-10-2025,2,"Not worth the price, expected better groceries.",270.00
ORD004454,Falak Rege,Sports Equipment,No,23-07-2025,4,"Really satisfied, highly recommend this sports equipment.",12900.00
ORD004455,Bahadurjit Kant,Clothes,Yes,29-05-2025,5,"Really satisfied, highly recommend this clothes.",1320.00
ORD004457,Baghyawati Mishra,Clothes,No,31-10-2023,4,"Really satisfied, highly recommend this clothes.",2990.00
ORD004459,Krisha Ram,Beauty Products,No,06-06-2025,3,"The beauty products is okay, does the job but nothing special.",2870.00
ORD004460,Om Sastry,Books,Yes,03-04-2025,4,"Excellent quality for the price, would buy books again.",880.00
ORD004461,Charita Vohra,Furniture,No,29-08-2024,5,"Really satisfied, highly recommend this furniture.",12400.00
ORD004463,Ubika Bains,Electronics,No,15-08-2024,5,"Great electronics, exactly as described. Very happy with it.",43400.00
ORD004464,Fariq Gandhi,Sports Equipment,No,02-12-2025,4,"Fast delivery, sports equipment exceeded my expectations.",10340.00
ORD004466,Henry Narain,Electronics,No,11-08-2024,2,"Not worth the price, expected better electronics.",3900.00
ORD004467,Baghyawati Mishra,Books,No,31-05-2023,4,"Fast delivery, books exceeded my expectations.",1300.00
ORD004468,Matthew Yadav,Electronics,No,28-09-2023,3,"Average electronics, packaging could be better.",43270.00
ORD004469,Janya Kashyap,Kitchenware,No,06-05-2025,1,"Received a damaged kitchenware, had to return it.",3470.00
ORD004470,Samar Balay,Books,No,22-10-2024,4,"Really satisfied, highly recommend this books.",830.00
ORD004471,Tanmayi Boase,Groceries,No,23-06-2024,3,"Average groceries, packaging could be better.",1680.00
ORD004472,Onkar Sarin,Books,No,05-11-2023,5,"Excellent quality for the price, would buy books again.",1030.00
ORD004473,Azaan Roy,Clothes,No,22-08-2025,4,"Really satisfied, highly recommend this clothes.",730.00
ORD004474,Victor Goda,Kitchenware,No,04-01-2024,3,"The kitchenware is okay, does the job but nothing special.",290.00
ORD004475,Siddharth Sood,Furniture,No,26-09-2024,5,"Great furniture, exactly as described. Very happy with it.",7960.00
ORD004476,Pallavi Lal,Furniture,No,29-07-2023,1,"Disappointed with this furniture, quality is not good.",18460.00
ORD004477,Veer Cheema,Books,No,24-05-2024,5,"Excellent quality for the price, would buy books again.",600.00
ORD004479,Tristan Bhavsar,Beauty Products,Yes,16-06-2025,2,"Disappointed with this beauty products, quality is not good.",2240.00
ORD004481,Orinder Dhaliwal,Electronics,No,15-06-2023,5,"Really satisfied, highly recommend this electronics.",49940.00
ORD004482,Amara Puri,Kitchenware,No,02-09-2024,5,"Really satisfied, highly recommend this kitchenware.",4450.00
ORD004484,Yatan Tripathi,Groceries,No,02-07-2023,4,"Really satisfied, highly recommend this groceries.",1190.00
ORD004485,Vyanjana Mani,Electronics,No,15-03-2023,4,"Fast delivery, electronics exceeded my expectations.",39040.00
ORD004486,Gaurangi Aurora,Electronics,No,18-04-2024,3,"Average electronics, packaging could be better.",46060.00
ORD004487,Arjun Kaur,Shoes,No,18-08-2024,4,"Really satisfied, highly recommend this shoes.",5210.00
ORD004488,Frado Joshi,Kitchenware,No,26-09-2025,5,"Excellent quality for the price, would buy kitchenware again.",2010.00
ORD004490,Triveni Gaba,Kitchenware,Yes,26-11-2025,4,"Excellent quality for the price, would buy kitchenware again.",3850.00
ORD004492,Tanveer Karpe,Shoes,No,08-03-2025,4,"Excellent quality for the price, would buy shoes again.",3560.00
ORD004493,Devika Mody,Sports Equipment,Yes,30-08-2025,2,"Received a damaged sports equipment, had to return it.",6710.00
ORD004494,Rohan Arora,Shoes,No,29-12-2025,3,"Average shoes, packaging could be better.",4290.00
ORD004495,Neel Mall,Groceries,No,12-09-2025,5,"Fast delivery, groceries exceeded my expectations.",1630.00
ORD004496,Yauvani Bhatt,Groceries,No,25-04-2025,4,"Great groceries, exactly as described. Very happy with it.",1440.00
ORD004497,Inaya Kalla,Clothes,No,28-03-2024,3,"The clothes is okay, does the job but nothing special.",2710.00
ORD004498,Yashoda Mammen,Kitchenware,No,26-02-2025,5,"Great kitchenware, exactly as described. Very happy with it.",4300.00
ORD004500,Yasti Mutti,Groceries,No,10-07-2024,3,"The groceries is okay, does the job but nothing special.",360.00
ORD004501,Bimala Shanker,Beauty Products,No,19-11-2024,4,"Excellent quality for the price, would buy beauty products again.",1560.00
ORD004503,Lekha Bains,Beauty Products,No,20-04-2025,5,"Great beauty products, exactly as described. Very happy with it.",250.00
ORD004504,Adya Sangha,Clothes,No,09-03-2025,4,"Great clothes, exactly as described. Very happy with it.",2280.00
ORD004505,Neha Warrior,Beauty Products,No,18-03-2024,4,"Excellent quality for the price, would buy beauty products again.",580.00
ORD004506,Atharv Madan,Electronics,No,02-05-2024,5,"Really satisfied, highly recommend this electronics.",20360.00
ORD004507,Timothy Bhatti,Furniture,No,18-06-2023,3,"Average furniture, packaging could be better.",28760.00
ORD004508,Urmi Lad,Furniture,No,16-04-2024,5,"Really satisfied, highly recommend this furniture.",7130.00
ORD004509,Vihaan Date,Books,No,01-09-2024,5,"Great books, exactly as described. Very happy with it.",390.00
ORD004510,Riya Thaman,Furniture,No,23-08-2025,4,"Excellent quality for the price, would buy furniture again.",49350.00
ORD004511,Shravya Naik,Shoes,No,23-05-2023,5,"Fast delivery, shoes exceeded my expectations.",1660.00
ORD004512,Isha Bhatnagar,Kitchenware,No,14-09-2024,5,"Really satisfied, highly recommend this kitchenware.",3050.00
ORD004513,Yatan Keer,Sports Equipment,Yes,12-01-2024,3,"Average sports equipment, packaging could be better.",5410.00
ORD004514,Matthew Yadav,Beauty Products,No,03-09-2024,2,"Received a damaged beauty products, had to return it.",1560.00
ORD004515,Benjamin Barad,Sports Equipment,No,26-04-2023,4,"Fast delivery, sports equipment exceeded my expectations.",7760.00
ORD004516,Neel Sankar,Books,No,16-08-2025,5,"Great books, exactly as described. Very happy with it.",570.00
ORD004517,Aarnav Mand,Beauty Products,No,16-10-2023,5,"Fast delivery, beauty products exceeded my expectations.",2280.00
ORD004518,Fitan Sodhi,Clothes,No,09-12-2025,4,"Really satisfied, highly recommend this clothes.",2280.00
ORD004519,Jagdish Ganesh,Furniture,No,14-12-2025,4,"Fast delivery, furniture exceeded my expectations.",24330.00
ORD004520,Lakshmi Bhat,Groceries,No,24-12-2025,5,"Fast delivery, groceries exceeded my expectations.",1020.00
ORD004521,Madhavi Mann,Electronics,No,19-02-2023,1,"Disappointed with this electronics, quality is not good.",7400.00
ORD004522,Yamini Garg,Books,No,21-11-2023,4,"Great books, exactly as described. Very happy with it.",1050.00
ORD004523,Thomas Sethi,Books,No,24-10-2023,5,"Excellent quality for the price, would buy books again.",1080.00
ORD004524,Ekansh Batra,Groceries,No,16-08-2025,5,"Excellent quality for the price, would buy groceries again.",700.00
ORD004525,Megha Shroff,Electronics,No,20-11-2024,5,"Great electronics, exactly as described. Very happy with it.",5400.00
ORD004526,Vamakshi Vala,Electronics,No,27-05-2025,1,"Disappointed with this electronics, quality is not good.",20680.00
ORD004527,Vasudha Murty,Sports Equipment,No,22-11-2025,4,"Fast delivery, sports equipment exceeded my expectations.",1030.00
ORD004528,Nitesh Oommen,Shoes,Yes,15-02-2023,5,"Excellent quality for the price, would buy shoes again.",7140.00
ORD004530,Rajata Venkataraman,Clothes,No,11-04-2023,3,"Average clothes, packaging could be better.",770.00
ORD004531,Watika Wali,Sports Equipment,No,11-03-2025,4,"Really satisfied, highly recommend this sports equipment.",670.00
ORD004532,Hamsini Rattan,Beauty Products,Yes,02-11-2023,4,"Great beauty products, exactly as described. Very happy with it.",1560.00
ORD004534,Laban Bal,Kitchenware,No,22-06-2024,5,"Great kitchenware, exactly as described. Very happy with it.",1100.00
ORD004535,Jeet Setty,Toys,No,25-05-2023,5,"Excellent quality for the price, would buy toys again.",2920.00
ORD004536,Vansha Deol,Groceries,No,09-01-2026,5,"Great groceries, exactly as described. Very happy with it.",1690.00
ORD004539,Upasna Pant,Toys,No,03-12-2024,5,"Great toys, exactly as described. Very happy with it.",820.00
ORD004540,Vasudha Shah,Toys,No,16-04-2023,1,"Received a damaged toys, had to return it.",1150.00
ORD004542,Wakeeta Tella,Clothes,No,13-04-2025,4,"Fast delivery, clothes exceeded my expectations.",2410.00
ORD004543,Kavya Srivastava,Shoes,Yes,13-12-2023,4,"Great shoes, exactly as described. Very happy with it.",1930.00
ORD004544,Jhalak Sekhon,Clothes,Yes,13-05-2025,4,"Fast delivery, clothes exceeded my expectations.",2560.00
ORD004545,Vritti Chopra,Groceries,No,08-09-2023,4,"Fast delivery, groceries exceeded my expectations.",380.00
ORD004547,Harinakshi Sahni,Sports Equipment,No,07-08-2024,3,"The sports equipment is okay, does the job but nothing special.",5720.00
ORD004548,Adweta Parsa,Clothes,No,19-12-2025,5,"Great clothes, exactly as described. Very happy with it.",2590.00
ORD004549,Bhavna Sood,Groceries,No,22-03-2023,2,"Received a damaged groceries, had to return it.",920.00
ORD004551,Bina Varty,Electronics,No,27-05-2023,3,"Average electronics, packaging could be better.",31280.00
ORD004552,Tripti Goyal,Sports Equipment,No,02-09-2023,4,"Fast delivery, sports equipment exceeded my expectations.",4100.00
ORD004553,Naveen Nagi,Books,No,30-03-2025,3,"The books is okay, does the job but nothing special.",980.00
ORD004555,Nidhi Sekhon,Furniture,Yes,05-05-2023,2,"Received a damaged furniture, had to return it.",42770.00
ORD004556,Advaith Bhatti,Groceries,No,06-01-2025,5,"Fast delivery, groceries exceeded my expectations.",430.00
ORD004557,Champak Kuruvilla,Furniture,No,18-06-2023,5,"Fast delivery, furniture exceeded my expectations.",13720.00
ORD004559,Nidhi Sekhon,Furniture,No,23-04-2024,4,"Great furniture, exactly as described. Very happy with it.",43470.00
ORD004560,Oni Dhawan,Electronics,No,01-02-2024,5,"Great electronics, exactly as described. Very happy with it.",44080.00
ORD004561,Yashvi Bahl,Sports Equipment,No,19-12-2024,3,"Average sports equipment, packaging could be better.",7380.00
ORD004565,Gautami Sarin,Shoes,No,01-09-2025,3,"The shoes is okay, does the job but nothing special.",3740.00
ORD004566,Jasmit Bhardwaj,Shoes,No,13-09-2024,5,"Great shoes, exactly as described. Very happy with it.",740.00
ORD004568,Urishilla Naik,Electronics,No,05-10-2023,5,"Excellent quality for the price, would buy electronics again.",49320.00
ORD004569,Atharv Madan,Electronics,No,02-06-2023,3,"The electronics is okay, does the job but nothing special.",41240.00
ORD004570,Siddharth Sood,Electronics,Yes,31-05-2023,1,"Received a damaged electronics, had to return it.",58870.00
ORD004572,Vaishnavi Dutt,Kitchenware,Yes,05-02-2025,5,"Really satisfied, highly recommend this kitchenware.",1820.00
ORD004573,Mekhala Chakraborty,Groceries,No,01-10-2025,5,"Great groceries, exactly as described. Very happy with it.",970.00
ORD004574,Vihaan Dora,Books,Yes,20-12-2025,5,"Excellent quality for the price, would buy books again.",1360.00
ORD004576,Upkaar Cheema,Books,No,09-12-2023,5,"Great books, exactly as described. Very happy with it.",1030.00
ORD004577,Farhan Mammen,Books,No,23-08-2024,5,"Fast delivery, books exceeded my expectations.",950.00
ORD004578,Naksh Sampath,Kitchenware,No,28-02-2025,4,"Excellent quality for the price, would buy kitchenware again.",240.00
ORD004579,Nathaniel Bhardwaj,Groceries,No,07-03-2023,4,"Really satisfied, highly recommend this groceries.",1490.00
ORD004581,Manya Shere,Furniture,Yes,28-08-2024,3,"Average furniture, packaging could be better.",15580.00
ORD004582,Isaac Chaudhary,Furniture,No,05-04-2025,5,"Really satisfied, highly recommend this furniture.",14990.00
ORD004583,Chavvi Rajan,Books,No,21-02-2025,4,"Great books, exactly as described. Very happy with it.",720.00
ORD004584,Zayan Kamdar,Toys,No,16-06-2023,5,"Fast delivery, toys exceeded my expectations.",410.00
ORD004585,Lakshmi Bhat,Electronics,No,11-06-2025,4,"Great electronics, exactly as described. Very happy with it.",38840.00
ORD004586,Radha Hayer,Shoes,No,16-10-2024,4,"Fast delivery, shoes exceeded my expectations.",1330.00
ORD004587,Eshana Tiwari,Clothes,Yes,05-06-2025,4,"Excellent quality for the price, would buy clothes again.",2500.00
ORD004588,Manthan Lata,Furniture,No,07-06-2024,5,"Great furniture, exactly as described. Very happy with it.",13750.00
ORD004589,Baljiwan Chadha,Clothes,No,24-06-2024,5,"Really satisfied, highly recommend this clothes.",1800.00
ORD004590,Jairaj Setty,Groceries,No,11-04-2023,4,"Really satisfied, highly recommend this groceries.",720.00
ORD004591,Jackson Patil,Electronics,No,25-01-2023,5,"Really satisfied, highly recommend this electronics.",13910.00
ORD004592,Ayushman Bahl,Sports Equipment,No,20-11-2023,4,"Great sports equipment, exactly as described. Very happy with it.",7800.00
ORD004593,Manya Shere,Groceries,No,27-09-2025,2,"Not worth the price, expected better groceries.",280.00
ORD004594,Yash Mittal,Electronics,No,10-08-2023,2,"Not worth the price, expected better electronics.",18190.00
ORD004595,Ijaya Narain,Sports Equipment,Yes,28-04-2024,2,"Received a damaged sports equipment, had to return it.",11290.00
ORD004596,Bachittar Bala,Groceries,No,23-02-2023,5,"Great groceries, exactly as described. Very happy with it.",1820.00
ORD004597,Leena Ratta,Electronics,No,08-01-2026,3,"Average electronics, packaging could be better.",33080.00
ORD004598,Udarsh Gopal,Kitchenware,No,28-07-2023,4,"Excellent quality for the price, would buy kitchenware again.",4520.00
ORD004599,Radha Hayer,Clothes,No,12-03-2023,4,"Great clothes, exactly as described. Very happy with it.",2920.00
ORD004600,Warda Palan,Furniture,Yes,15-11-2024,3,"The furniture is okay, does the job but nothing special.",22040.00
ORD004601,Urvashi Ratta,Sports Equipment,No,12-10-2023,5,"Excellent quality for the price, would buy sports equipment again.",10080.00
ORD004602,Chandani Datta,Sports Equipment,No,01-05-2024,5,"Fast delivery, sports equipment exceeded my expectations.",6670.00
ORD004603,Siya Dhillon,Books,No,12-02-2023,3,"Average books, packaging could be better.",1400.00
ORD004605,Anika Rout,Toys,No,10-08-2024,3,"Average toys, packaging could be better.",1760.00
ORD004606,Champak Kuruvilla,Clothes,No,12-10-2024,1,"Received a damaged clothes, had to return it.",2700.00
ORD004607,Triveni Gaba,Sports Equipment,No,22-08-2024,5,"Excellent quality for the price, would buy sports equipment again.",2170.00
ORD004608,Nandini Karan,Furniture,No,03-11-2024,5,"Great furniture, exactly as described. Very happy with it.",24300.00
ORD004609,Owen Trivedi,Kitchenware,No,17-10-2025,5,"Great kitchenware, exactly as described. Very happy with it.",3080.00
ORD004610,Samar Ahuja,Kitchenware,Yes,10-05-2025,4,"Excellent quality for the price, would buy kitchenware again.",3950.00
ORD004611,Vivaan Seth,Clothes,No,31-07-2024,5,"Really satisfied, highly recommend this clothes.",2830.00
ORD004612,Benjamin Barad,Books,Yes,07-11-2023,5,"Really satisfied, highly recommend this books.",500.00
ORD004614,Xiti Puri,Electronics,No,19-02-2023,5,"Really satisfied, highly recommend this electronics.",54330.00
ORD004615,Raagini Gade,Kitchenware,No,16-10-2023,5,"Great kitchenware, exactly as described. Very happy with it.",2640.00
ORD004616,Mekhala Dar,Beauty Products,No,13-01-2023,5,"Fast delivery, beauty products exceeded my expectations.",2670.00
ORD004618,Harrison Rana,Groceries,No,23-02-2025,5,"Fast delivery, groceries exceeded my expectations.",1260.00
ORD004619,Janya Buch,Furniture,No,21-01-2025,1,"Not worth the price, expected better furniture.",7050.00
ORD004620,Veda Muni,Toys,No,09-05-2025,5,"Excellent quality for the price, would buy toys again.",2900.00
ORD004621,Aayush Dhingra,Groceries,No,03-04-2023,5,"Excellent quality for the price, would buy groceries again.",320.00
ORD004622,Nathan Mander,Sports Equipment,No,22-02-2024,1,"Not worth the price, expected better sports equipment.",5430.00
ORD004623,Ekapad Chander,Shoes,No,07-10-2024,3,"The shoes is okay, does the job but nothing special.",1460.00
ORD004624,Vivaan Seth,Groceries,No,11-04-2024,5,"Great groceries, exactly as described. Very happy with it.",540.00
ORD004625,Gabriel Randhawa,Kitchenware,No,17-10-2024,2,"Received a damaged kitchenware, had to return it.",2700.00
ORD004627,Reva Dada,Electronics,No,02-05-2023,1,"Not worth the price, expected better electronics.",8660.00
ORD004628,Adya Sangha,Groceries,No,05-05-2024,4,"Really satisfied, highly recommend this groceries.",420.00
ORD004629,Siya Dhillon,Furniture,No,11-03-2023,1,"Disappointed with this furniture, quality is not good.",25960.00
ORD004630,Vanya Yohannan,Clothes,No,12-09-2023,4,"Great clothes, exactly as described. Very happy with it.",880.00
ORD004631,Yashasvi Dewan,Shoes,No,14-03-2023,5,"Fast delivery, shoes exceeded my expectations.",4680.00
ORD004632,Tara Varughese,Groceries,No,30-12-2023,5,"Really satisfied, highly recommend this groceries.",840.00
ORD004633,Hemangini Chad,Groceries,No,13-02-2024,3,"Average groceries, packaging could be better.",910.00
ORD004634,Charles Balay,Shoes,No,15-01-2025,5,"Really satisfied, highly recommend this shoes.",5380.00
ORD004635,Garima Agarwal,Books,No,30-08-2025,4,"Great books, exactly as described. Very happy with it.",430.00
ORD004636,Banjeet De,Groceries,No,31-07-2025,2,"Not worth the price, expected better groceries.",1230.00
ORD004637,Jalsa Sangha,Electronics,No,12-08-2024,5,"Great electronics, exactly as described. Very happy with it.",26140.00
ORD004638,Arya Thakkar,Kitchenware,No,24-04-2025,5,"Great kitchenware, exactly as described. Very happy with it.",3660.00
ORD004639,Utkarsh Din,Beauty Products,No,06-03-2023,4,"Excellent quality for the price, would buy beauty products again.",910.00
ORD004640,Alka Magar,Kitchenware,No,09-03-2025,4,"Great kitchenware, exactly as described. Very happy with it.",4190.00
ORD004641,Robert Lal,Kitchenware,Yes,24-07-2023,5,"Fast delivery, kitchenware exceeded my expectations.",4600.00
ORD004643,Xavier Soman,Shoes,No,29-09-2023,5,"Great shoes, exactly as described. Very happy with it.",6180.00
ORD004644,Gagan Tandon,Toys,No,13-03-2024,4,"Really satisfied, highly recommend this toys.",2790.00
ORD004647,Nandini Karan,Groceries,No,12-05-2023,4,"Really satisfied, highly recommend this groceries.",1960.00
ORD004650,Urvashi Goswami,Toys,No,17-12-2025,5,"Really satisfied, highly recommend this toys.",860.00
ORD004651,Frederick Patil,Beauty Products,No,11-04-2025,4,"Excellent quality for the price, would buy beauty products again.",2420.00
ORD004653,Gagan Tandon,Kitchenware,No,20-04-2024,3,"Average kitchenware, packaging could be better.",1570.00
ORD004654,Imaran Edwin,Electronics,No,18-11-2023,4,"Excellent quality for the price, would buy electronics again.",33090.00
ORD004656,Akshay Kohli,Books,Yes,22-08-2025,5,"Fast delivery, books exceeded my expectations.",740.00
ORD004657,Yachana De,Books,No,24-04-2023,3,"The books is okay, does the job but nothing special.",440.00
ORD004658,Neel Mall,Shoes,No,13-03-2025,4,"Really satisfied, highly recommend this shoes.",2030.00
ORD004659,Kevin Taneja,Furniture,No,04-09-2025,5,"Really satisfied, highly recommend this furniture.",22120.00
ORD004661,Zansi Dixit,Groceries,No,30-07-2023,3,"Average groceries, packaging could be better.",1770.00
ORD004662,Balveer Agarwal,Shoes,No,21-06-2024,3,"Average shoes, packaging could be better.",4190.00
ORD004663,Kiaan Arora,Toys,No,25-05-2025,5,"Great toys, exactly as described. Very happy with it.",2690.00
ORD004664,Orinder Barad,Shoes,No,05-01-2025,5,"Great shoes, exactly as described. Very happy with it.",940.00
ORD004665,Yasti Mutti,Groceries,No,04-06-2023,5,"Fast delivery, groceries exceeded my expectations.",1820.00
ORD004669,Xiti Puri,Kitchenware,No,19-08-2023,4,"Fast delivery, kitchenware exceeded my expectations.",3140.00
ORD004670,Vincent Tara,Groceries,No,17-06-2025,3,"Average groceries, packaging could be better.",2000.00
ORD004672,Abha Keer,Sports Equipment,No,27-03-2025,1,"Not worth the price, expected better sports equipment.",460.00
ORD004673,Gautami Sarin,Kitchenware,No,20-12-2023,4,"Great kitchenware, exactly as described. Very happy with it.",4170.00
ORD004675,Janya Kashyap,Kitchenware,No,10-02-2023,5,"Fast delivery, kitchenware exceeded my expectations.",1320.00
ORD004676,Balvan Jani,Shoes,No,05-03-2024,3,"The shoes is okay, does the job but nothing special.",2100.00
ORD004677,Harrison Rana,Beauty Products,No,08-01-2024,4,"Great beauty products, exactly as described. Very happy with it.",1720.00
ORD004678,Frado Joshi,Clothes,No,28-08-2023,5,"Great clothes, exactly as described. Very happy with it.",2600.00
ORD004679,Yashoda Mammen,Groceries,No,15-12-2023,4,"Excellent quality for the price, would buy groceries again.",1080.00
ORD004680,Bimala Sehgal,Beauty Products,Yes,02-07-2023,4,"Fast delivery, beauty products exceeded my expectations.",2820.00
ORD004681,Ronith Raman,Books,No,20-10-2024,1,"Not worth the price, expected better books.",1160.00
ORD004682,Zaitra Bajaj,Electronics,Yes,30-05-2023,4,"Really satisfied, highly recommend this electronics.",27810.00
ORD004683,Lopa Salvi,Clothes,No,29-11-2024,2,"Not worth the price, expected better clothes.",2310.00
ORD004688,Triveni Mallick,Kitchenware,No,08-09-2024,5,"Great kitchenware, exactly as described. Very happy with it.",3600.00
ORD004689,Yachana De,Electronics,No,07-11-2023,4,"Really satisfied, highly recommend this electronics.",47540.00
ORD004690,Shivani Murthy,Electronics,Yes,23-03-2025,4,"Excellent quality for the price, would buy electronics again.",56040.00
ORD004691,Tripti Zachariah,Toys,Yes,20-07-2025,5,"Great toys, exactly as described. Very happy with it.",1970.00
ORD004692,Yochana Bal,Kitchenware,No,24-03-2023,5,"Excellent quality for the price, would buy kitchenware again.",4200.00
ORD004693,Noah Sur,Shoes,No,02-09-2023,5,"Fast delivery, shoes exceeded my expectations.",1870.00
ORD004694,Zehaan Devan,Groceries,No,01-08-2024,2,"Not worth the price, expected better groceries.",220.00
ORD004695,Azaan Roy,Books,No,18-06-2024,4,"Really satisfied, highly recommend this books.",1310.00
ORD004696,Qabil Lall,Shoes,Yes,05-10-2024,4,"Great shoes, exactly as described. Very happy with it.",750.00
ORD004697,Veer Karnik,Beauty Products,No,23-01-2025,3,"Average beauty products, packaging could be better.",1050.00
ORD004698,Ikbal Shankar,Clothes,Yes,23-08-2023,4,"Excellent quality for the price, would buy clothes again.",1500.00
ORD004699,Kamya Lanka,Clothes,No,04-11-2025,3,"Average clothes, packaging could be better.",430.00
ORD004700,Lopa Salvi,Beauty Products,No,16-01-2023,2,"Not worth the price, expected better beauty products.",1280.00
ORD004701,Harrison Arya,Groceries,No,04-07-2024,5,"Excellent quality for the price, would buy groceries again.",510.00
ORD004702,Eshana Dyal,Electronics,No,18-08-2024,4,"Fast delivery, electronics exceeded my expectations.",36230.00
ORD004703,Chandresh Golla,Clothes,No,18-12-2023,5,"Really satisfied, highly recommend this clothes.",1480.00
ORD004705,Leena Chhabra,Clothes,No,27-04-2024,2,"Not worth the price, expected better clothes.",990.00
ORD004706,Gavin Gade,Electronics,No,22-10-2025,5,"Really satisfied, highly recommend this electronics.",52160.00
ORD004707,Udarsh Sachdev,Books,No,16-06-2023,5,"Fast delivery, books exceeded my expectations.",1090.00
ORD004708,Sarthak Puri,Clothes,No,30-11-2025,4,"Fast delivery, clothes exceeded my expectations.",2620.00
ORD004709,Yash Mittal,Sports Equipment,No,25-01-2024,3,"Average sports equipment, packaging could be better.",12460.00
ORD004710,Samesh Kashyap,Groceries,No,08-05-2023,5,"Really satisfied, highly recommend this groceries.",1630.00
ORD004711,Naksh Sampath,Beauty Products,No,14-05-2024,4,"Really satisfied, highly recommend this beauty products.",2180.00
ORD004712,Ekani Sood,Furniture,No,14-12-2025,2,"Disappointed with this furniture, quality is not good.",37530.00
ORD004716,Yuvraj Gandhi,Sports Equipment,No,25-05-2024,5,"Great sports equipment, exactly as described. Very happy with it.",8670.00
ORD004717,Andrew Tiwari,Clothes,No,04-11-2023,5,"Really satisfied, highly recommend this clothes.",760.00
ORD004718,Siddharth Sood,Shoes,No,15-02-2025,5,"Really satisfied, highly recommend this shoes.",5190.00
ORD004720,Siya Dhillon,Electronics,No,12-01-2025,2,"Not worth the price, expected better electronics.",8480.00
ORD004721,Mason Koshy,Electronics,No,14-06-2025,2,"Received a damaged electronics, had to return it.",18560.00
ORD004722,Raghav Pradhan,Books,No,08-07-2025,5,"Really satisfied, highly recommend this books.",1260.00
ORD004724,Rudra Ahuja,Shoes,No,09-06-2025,2,"Not worth the price, expected better shoes.",7240.00
ORD004726,Vidhi Gaba,Electronics,No,15-12-2024,4,"Really satisfied, highly recommend this electronics.",25040.00
ORD004727,Upkaar Cheema,Kitchenware,No,17-10-2024,2,"Disappointed with this kitchenware, quality is not good.",4640.00
ORD004728,Bahadurjit Arora,Kitchenware,No,09-04-2023,4,"Really satisfied, highly recommend this kitchenware.",540.00
ORD004729,Maanas Babu,Electronics,No,02-03-2025,4,"Great electronics, exactly as described. Very happy with it.",50810.00
ORD004730,Aayush Dhingra,Electronics,No,04-03-2023,4,"Excellent quality for the price, would buy electronics again.",48120.00
ORD004731,Bakhshi Shetty,Beauty Products,No,17-04-2024,5,"Great beauty products, exactly as described. Very happy with it.",1960.00
ORD004732,Falak Rege,Groceries,No,08-03-2025,5,"Excellent quality for the price, would buy groceries again.",1170.00
ORD004734,Urmi Sachdeva,Kitchenware,Yes,10-06-2023,4,"Fast delivery, kitchenware exceeded my expectations.",1990.00
ORD004736,Brinda Mammen,Electronics,Yes,20-08-2023,4,"Great electronics, exactly as described. Very happy with it.",28860.00
ORD004737,Vasudha Agarwal,Electronics,No,03-11-2024,5,"Fast delivery, electronics exceeded my expectations.",7710.00
ORD004739,Vedika Ramesh,Electronics,No,06-12-2025,4,"Excellent quality for the price, would buy electronics again.",49230.00
ORD004740,Liam More,Groceries,No,12-03-2024,5,"Great groceries, exactly as described. Very happy with it.",1750.00
ORD004741,Tripti Goyal,Beauty Products,Yes,27-04-2023,4,"Great beauty products, exactly as described. Very happy with it.",2830.00
ORD004742,Upadhriti Menon,Shoes,No,14-04-2023,5,"Excellent quality for the price, would buy shoes again.",6650.00
ORD004744,Dayita Sehgal,Electronics,No,19-10-2025,5,"Great electronics, exactly as described. Very happy with it.",17220.00
ORD004745,Idika Warrior,Electronics,No,07-09-2024,4,"Excellent quality for the price, would buy electronics again.",20510.00
ORD004746,Anjali Dasgupta,Books,No,06-08-2023,4,"Really satisfied, highly recommend this books.",220.00
ORD004748,Samesh Jani,Electronics,No,14-12-2025,5,"Excellent quality for the price, would buy electronics again.",30470.00
ORD004749,Lopa Mukhopadhyay,Electronics,No,22-12-2025,4,"Fast delivery, electronics exceeded my expectations.",18220.00
ORD004750,Harsh Gala,Furniture,No,19-01-2023,5,"Great furniture, exactly as described. Very happy with it.",24340.00
ORD004752,Upkaar Cheema,Electronics,Yes,01-12-2025,4,"Great electronics, exactly as described. Very happy with it.",57500.00
ORD004753,Ayush Bail,Books,No,02-05-2023,5,"Great books, exactly as described. Very happy with it.",330.00
ORD004754,Gautami Sarin,Groceries,No,29-10-2023,4,"Excellent quality for the price, would buy groceries again.",950.00
ORD004755,Yachana De,Electronics,No,22-03-2023,4,"Great electronics, exactly as described. Very happy with it.",57710.00
ORD004756,Damyanti Bhakta,Furniture,No,06-04-2025,1,"Not worth the price, expected better furniture.",9190.00
ORD004757,Imaran Buch,Clothes,No,04-05-2024,5,"Great clothes, exactly as described. Very happy with it.",1270.00
ORD004758,Brinda Thaker,Electronics,No,18-10-2024,2,"Received a damaged electronics, had to return it.",14750.00
ORD004759,Rajata Venkataraman,Beauty Products,No,23-10-2025,4,"Really satisfied, highly recommend this beauty products.",2560.00
ORD004760,Indali Salvi,Groceries,No,20-01-2024,1,"Not worth the price, expected better groceries.",1460.00
ORD004761,Aarna Jaggi,Books,Yes,19-06-2025,5,"Really satisfied, highly recommend this books.",870.00
ORD004764,Meera Bajaj,Books,No,24-01-2024,4,"Excellent quality for the price, would buy books again.",1400.00
ORD004765,Viraj Arora,Kitchenware,No,04-10-2025,5,"Excellent quality for the price, would buy kitchenware again.",3710.00
ORD004766,Meera Bajaj,Beauty Products,No,28-06-2023,5,"Really satisfied, highly recommend this beauty products.",830.00
ORD004767,Kamya Lanka,Furniture,No,11-08-2024,3,"The furniture is okay, does the job but nothing special.",41880.00
ORD004768,Tanay Lal,Beauty Products,No,20-01-2023,2,"Not worth the price, expected better beauty products.",720.00
ORD004769,Arunima Parsa,Books,No,18-04-2024,2,"Received a damaged books, had to return it.",570.00
ORD004771,Bahadurjit Arora,Furniture,No,06-06-2025,4,"Great furniture, exactly as described. Very happy with it.",15060.00
ORD004772,Reyansh Singh,Furniture,No,14-06-2024,2,"Received a damaged furniture, had to return it.",5390.00
ORD004774,Ekani Sood,Electronics,No,09-06-2025,5,"Really satisfied, highly recommend this electronics.",38360.00
ORD004775,Vamakshi Vala,Books,No,12-02-2024,3,"Average books, packaging could be better.",870.00
ORD004776,Dominic Som,Electronics,No,20-01-2024,4,"Fast delivery, electronics exceeded my expectations.",35880.00
ORD004777,Ayaan Bhatnagar,Electronics,No,15-07-2023,4,"Great electronics, exactly as described. Very happy with it.",19420.00
ORD004778,Lopa Salvi,Groceries,No,09-08-2025,4,"Really satisfied, highly recommend this groceries.",1270.00
ORD004779,Bahadurjit Jayaraman,Electronics,No,09-05-2023,2,"Disappointed with this electronics, quality is not good.",36310.00
ORD004780,Urvi Palla,Groceries,No,04-06-2025,5,"Great groceries, exactly as described. Very happy with it.",390.00
ORD004782,Odika Iyengar,Clothes,No,24-12-2025,4,"Really satisfied, highly recommend this clothes.",1620.00
ORD004783,Luke Arora,Groceries,No,01-02-2024,4,"Great groceries, exactly as described. Very happy with it.",1490.00
ORD004785,Dayamai Sangha,Beauty Products,Yes,12-10-2024,2,"Not worth the price, expected better beauty products.",1350.00
ORD004786,Xavier Sani,Toys,No,09-08-2023,4,"Excellent quality for the price, would buy toys again.",1340.00
ORD004788,Lipika Iyengar,Clothes,No,17-05-2024,2,"Not worth the price, expected better clothes.",2640.00
ORD004789,Karan Bhat,Clothes,No,02-04-2025,3,"Average clothes, packaging could be better.",1390.00
ORD004790,Bimala Sehgal,Groceries,No,27-05-2023,5,"Great groceries, exactly as described. Very happy with it.",2000.00
ORD004791,Nimrat Vasa,Groceries,No,21-02-2025,4,"Great groceries, exactly as described. Very happy with it.",1810.00
ORD004792,Ubika Sarna,Shoes,No,28-09-2025,4,"Fast delivery, shoes exceeded my expectations.",4710.00
ORD004793,Vasudha Shah,Electronics,No,10-11-2023,4,"Great electronics, exactly as described. Very happy with it.",59990.00
ORD004794,Vivaan Sood,Clothes,No,06-08-2024,2,"Not worth the price, expected better clothes.",690.00
ORD004795,Lohit Saha,Electronics,No,27-05-2024,4,"Really satisfied, highly recommend this electronics.",9880.00
ORD004797,Radhika Mahal,Beauty Products,Yes,19-06-2025,4,"Excellent quality for the price, would buy beauty products again.",1840.00
ORD004799,Tripti Goyal,Kitchenware,No,14-03-2023,2,"Not worth the price, expected better kitchenware.",680.00
ORD004800,Raghav Pradhan,Shoes,No,26-03-2023,4,"Really satisfied, highly recommend this shoes.",2770.00
ORD004801,Jai Bhatia,Groceries,No,18-11-2024,4,"Excellent quality for the price, would buy groceries again.",1820.00
ORD004802,Rehaan Morar,Kitchenware,No,11-05-2024,4,"Great kitchenware, exactly as described. Very happy with it.",1240.00
ORD004804,Vinaya Shukla,Kitchenware,Yes,02-05-2024,5,"Excellent quality for the price, would buy kitchenware again.",1290.00
ORD004805,Jacob Ramakrishnan,Groceries,No,05-09-2025,5,"Really satisfied, highly recommend this groceries.",560.00
ORD004806,Dominic Som,Shoes,No,07-02-2023,5,"Excellent quality for the price, would buy shoes again.",1700.00
ORD004807,Gabriel Randhawa,Electronics,No,09-09-2024,3,"Average electronics, packaging could be better.",47620.00
ORD004808,Veer Karnik,Furniture,No,16-10-2025,5,"Fast delivery, furniture exceeded my expectations.",22610.00
ORD004809,Vivaan Grewal,Clothes,Yes,17-04-2025,4,"Really satisfied, highly recommend this clothes.",1310.00
ORD004810,Tanveer Karpe,Furniture,No,18-12-2025,2,"Disappointed with this furniture, quality is not good.",45820.00
ORD004811,Tejas Mani,Toys,No,31-08-2025,4,"Fast delivery, toys exceeded my expectations.",1760.00
ORD004812,Panini Prabhakar,Groceries,Yes,10-11-2023,3,"Average groceries, packaging could be better.",1050.00
ORD004813,Indali Salvi,Electronics,Yes,18-08-2024,4,"Great electronics, exactly as described. Very happy with it.",10320.00
ORD004814,Anya Kibe,Electronics,Yes,04-02-2024,4,"Fast delivery, electronics exceeded my expectations.",38840.00
ORD004815,Yahvi Soni,Furniture,No,01-01-2024,4,"Great furniture, exactly as described. Very happy with it.",42940.00
ORD004816,Lopa Salvi,Toys,Yes,01-05-2025,5,"Great toys, exactly as described. Very happy with it.",1250.00
ORD004818,Manbir Mittal,Clothes,No,29-11-2025,4,"Really satisfied, highly recommend this clothes.",2870.00
ORD004821,Vincent Tara,Clothes,No,11-05-2024,5,"Really satisfied, highly recommend this clothes.",2000.00
ORD004824,Wishi Sharma,Beauty Products,No,13-11-2025,5,"Really satisfied, highly recommend this beauty products.",1690.00
ORD004825,Matthew Rana,Furniture,No,09-10-2023,5,"Really satisfied, highly recommend this furniture.",31120.00
ORD004826,Anjali Dasgupta,Groceries,No,24-07-2023,4,"Excellent quality for the price, would buy groceries again.",200.00
ORD004827,Kala Vig,Toys,No,21-04-2023,2,"Received a damaged toys, had to return it.",2740.00
ORD004828,Mohammed Pau,Groceries,No,17-07-2023,4,"Fast delivery, groceries exceeded my expectations.",1680.00
ORD004829,Ekapad Chander,Books,No,06-12-2025,3,"The books is okay, does the job but nothing special.",340.00
ORD004830,Janaki Mistry,Beauty Products,No,26-11-2025,4,"Really satisfied, highly recommend this beauty products.",1800.00
ORD004831,Adya Patla,Kitchenware,Yes,20-07-2024,5,"Excellent quality for the price, would buy kitchenware again.",4420.00
ORD004834,Darsh Aurora,Beauty Products,No,05-04-2023,5,"Excellent quality for the price, would buy beauty products again.",1290.00
ORD004835,Sanya Shanker,Groceries,No,09-04-2025,4,"Excellent quality for the price, would buy groceries again.",1470.00
ORD004837,Zarna Peri,Sports Equipment,No,18-11-2023,4,"Really satisfied, highly recommend this sports equipment.",14670.00
ORD004838,Vrishti Cherian,Beauty Products,No,28-11-2024,5,"Great beauty products, exactly as described. Very happy with it.",1660.00
ORD004839,Hiral Dua,Clothes,No,30-07-2023,2,"Disappointed with this clothes, quality is not good.",2160.00
ORD004842,Vidhi Gaba,Electronics,No,03-12-2025,3,"The electronics is okay, does the job but nothing special.",32980.00
ORD004843,Ikbal Shankar,Toys,No,22-08-2025,4,"Fast delivery, toys exceeded my expectations.",1490.00
ORD004845,Zayan Kamdar,Shoes,Yes,14-04-2024,5,"Fast delivery, shoes exceeded my expectations.",5270.00
ORD004846,Tara Varughese,Groceries,Yes,02-04-2024,5,"Excellent quality for the price, would buy groceries again.",60.00
ORD004847,Vamakshi Vala,Electronics,No,17-10-2024,2,"Disappointed with this electronics, quality is not good.",57940.00
ORD004848,Akshay Ram,Furniture,No,11-12-2024,5,"Really satisfied, highly recommend this furniture.",49520.00
ORD004850,Harsh Karan,Clothes,No,12-08-2025,4,"Really satisfied, highly recommend this clothes.",680.00
ORD004851,Qushi Pau,Shoes,No,07-06-2024,4,"Great shoes, exactly as described. Very happy with it.",6490.00
ORD004852,Charan Banerjee,Groceries,No,13-12-2023,5,"Excellent quality for the price, would buy groceries again.",990.00
ORD004854,Triveni Pathak,Furniture,No,25-10-2023,4,"Great furniture, exactly as described. Very happy with it.",43100.00
ORD004855,Brinda Mammen,Electronics,No,30-06-2024,2,"Disappointed with this electronics, quality is not good.",44520.00
ORD004856,Jasmit Bhardwaj,Clothes,No,13-07-2025,1,"Disappointed with this clothes, quality is not good.",1770.00
ORD004857,Joshua Bali,Groceries,No,19-11-2023,5,"Great groceries, exactly as described. Very happy with it.",1790.00
ORD004858,Laksh Sani,Sports Equipment,No,04-01-2026,5,"Fast delivery, sports equipment exceeded my expectations.",1340.00
ORD004860,Dakshesh Goswami,Electronics,No,14-11-2024,3,"The electronics is okay, does the job but nothing special.",53140.00
ORD004862,Ikbal Tandon,Sports Equipment,No,13-07-2023,4,"Really satisfied, highly recommend this sports equipment.",9060.00
ORD004863,Rushil Dey,Groceries,No,07-06-2025,2,"Not worth the price, expected better groceries.",860.00
ORD004864,Omaja Dara,Kitchenware,No,31-10-2025,1,"Not worth the price, expected better kitchenware.",1980.00
ORD004865,Amruta Sehgal,Beauty Products,Yes,23-02-2025,4,"Excellent quality for the price, would buy beauty products again.",1910.00
ORD004866,Vedhika Dhawan,Kitchenware,No,14-11-2023,4,"Great kitchenware, exactly as described. Very happy with it.",1940.00
ORD004867,Radha Hayer,Books,No,08-11-2025,5,"Excellent quality for the price, would buy books again.",1160.00
ORD004868,Harsh Karan,Electronics,No,11-05-2024,2,"Received a damaged electronics, had to return it.",18600.00
ORD004869,Owen Oommen,Books,Yes,13-03-2023,5,"Fast delivery, books exceeded my expectations.",810.00
ORD004870,Isaac Chaudhary,Toys,No,03-11-2023,5,"Great toys, exactly as described. Very happy with it.",1310.00
ORD004871,Rayaan Malhotra,Clothes,No,20-05-2024,5,"Excellent quality for the price, would buy clothes again.",1680.00
ORD004872,Yutika Bhagat,Clothes,No,26-03-2023,3,"Average clothes, packaging could be better.",2540.00
ORD004873,Kavya Sandhu,Beauty Products,No,04-03-2024,4,"Fast delivery, beauty products exceeded my expectations.",2520.00
ORD004874,Zayan Kamdar,Toys,No,13-04-2025,4,"Really satisfied, highly recommend this toys.",680.00
ORD004877,Kevin Taneja,Books,No,16-12-2024,5,"Great books, exactly as described. Very happy with it.",1310.00
ORD004878,Ekansh Batra,Sports Equipment,No,14-10-2025,5,"Really satisfied, highly recommend this sports equipment.",14270.00
ORD004879,Hamsini Rattan,Electronics,No,26-10-2023,5,"Great electronics, exactly as described. Very happy with it.",32810.00
ORD004880,Aayush Pall,Groceries,No,18-08-2023,4,"Fast delivery, groceries exceeded my expectations.",1660.00
ORD004881,Jasmit Dhar,Electronics,No,12-03-2025,5,"Excellent quality for the price, would buy electronics again.",23530.00
ORD004883,Jagdish Ganesh,Clothes,No,20-08-2024,3,"The clothes is okay, does the job but nothing special.",500.00
ORD004884,Odika Iyengar,Electronics,No,26-03-2023,5,"Great electronics, exactly as described. Very happy with it.",4010.00
ORD004885,Charles Chaudry,Clothes,No,27-09-2025,2,"Received a damaged clothes, had to return it.",710.00
ORD004886,Yuvraj Thaman,Clothes,No,25-07-2025,3,"The clothes is okay, does the job but nothing special.",2860.00
ORD004887,Aradhana Sethi,Groceries,No,20-08-2023,5,"Great groceries, exactly as described. Very happy with it.",1660.00
ORD004889,Omkaar Chopra,Groceries,No,28-12-2024,3,"Average groceries, packaging could be better.",1760.00
ORD004890,Omaja Sharma,Kitchenware,No,13-03-2025,4,"Great kitchenware, exactly as described. Very happy with it.",3960.00
ORD004891,Maanas Swamy,Beauty Products,No,04-01-2026,2,"Not worth the price, expected better beauty products.",220.00
ORD004893,Samesh Jani,Kitchenware,Yes,11-03-2025,4,"Great kitchenware, exactly as described. Very happy with it.",1220.00
ORD004894,Dhriti Lad,Books,No,07-06-2023,3,"The books is okay, does the job but nothing special.",470.00
ORD004895,Yash Mittal,Sports Equipment,No,09-11-2025,5,"Fast delivery, sports equipment exceeded my expectations.",7530.00
ORD004896,Fitan Kala,Clothes,No,10-12-2025,3,"Average clothes, packaging could be better.",2170.00
ORD004897,Arjun Kaur,Furniture,No,04-12-2025,3,"The furniture is okay, does the job but nothing special.",1540.00
ORD004898,Janya Buch,Groceries,No,04-06-2025,5,"Really satisfied, highly recommend this groceries.",930.00
ORD004900,Oviya Tara,Books,No,06-02-2024,1,"Disappointed with this books, quality is not good.",560.00
ORD004902,Yuvraj Gandhi,Groceries,Yes,03-01-2024,3,"The groceries is okay, does the job but nothing special.",1460.00
ORD004903,Hemal Sen,Groceries,No,29-10-2024,4,"Great groceries, exactly as described. Very happy with it.",1910.00
ORD004904,Falan Johal,Sports Equipment,No,15-12-2025,3,"Average sports equipment, packaging could be better.",2460.00
ORD004907,Gaurang Lad,Beauty Products,Yes,02-09-2024,5,"Really satisfied, highly recommend this beauty products.",2810.00
ORD004908,Bahadurjit Kant,Clothes,No,29-04-2024,1,"Not worth the price, expected better clothes.",1540.00
ORD004909,Damyanti Bhakta,Clothes,No,11-11-2025,4,"Fast delivery, clothes exceeded my expectations.",950.00
ORD004910,Girish Swamy,Toys,No,25-07-2025,3,"Average toys, packaging could be better.",1270.00
ORD004911,Ikbal Shankar,Electronics,No,09-07-2025,5,"Fast delivery, electronics exceeded my expectations.",7120.00
ORD004912,Neel Mall,Sports Equipment,No,03-11-2024,3,"Average sports equipment, packaging could be better.",11020.00
ORD004915,Triveni Gaba,Furniture,No,05-05-2025,5,"Great furniture, exactly as described. Very happy with it.",25120.00
ORD004916,Pranit Vig,Books,No,12-04-2023,5,"Really satisfied, highly recommend this books.",660.00
ORD004917,Onveer Bhavsar,Electronics,No,09-11-2023,3,"The electronics is okay, does the job but nothing special.",6400.00
ORD004919,Gautam Ravi,Electronics,No,23-12-2025,4,"Really satisfied, highly recommend this electronics.",25370.00
ORD004920,Utkarsh Din,Kitchenware,No,30-10-2023,2,"Disappointed with this kitchenware, quality is not good.",1560.00
ORD004921,Yahvi Soni,Kitchenware,No,28-07-2023,4,"Fast delivery, kitchenware exceeded my expectations.",620.00
ORD004923,Jalsa Sangha,Books,No,10-08-2024,5,"Fast delivery, books exceeded my expectations.",960.00
ORD004924,Timothy Lanka,Groceries,No,17-12-2024,3,"Average groceries, packaging could be better.",1330.00
ORD004926,Darsh Sunder,Electronics,No,19-01-2024,5,"Really satisfied, highly recommend this electronics.",21020.00
ORD004927,Yuvraj Thaman,Groceries,No,25-07-2025,1,"Disappointed with this groceries, quality is not good.",1540.00
ORD004928,Shaurya Bora,Groceries,No,13-07-2025,3,"Average groceries, packaging could be better.",1480.00
ORD004929,Patrick Dora,Kitchenware,Yes,28-04-2025,5,"Great kitchenware, exactly as described. Very happy with it.",2120.00
ORD004931,Yug Rao,Groceries,No,18-07-2024,5,"Really satisfied, highly recommend this groceries.",930.00
ORD004932,Ladli Yadav,Kitchenware,No,24-02-2024,4,"Really satisfied, highly recommend this kitchenware.",950.00
ORD004936,Harrison Rana,Beauty Products,Yes,20-06-2023,2,"Not worth the price, expected better beauty products.",540.00
ORD004937,Zaid Sandal,Sports Equipment,No,21-04-2024,5,"Great sports equipment, exactly as described. Very happy with it.",320.00
ORD004938,Sanya Cherian,Beauty Products,No,11-01-2024,3,"Average beauty products, packaging could be better.",1020.00
ORD004940,Damyanti Sahni,Clothes,No,17-11-2025,5,"Great clothes, exactly as described. Very happy with it.",2250.00
ORD004941,Eiravati Pradhan,Groceries,No,18-09-2025,4,"Really satisfied, highly recommend this groceries.",210.00
ORD004942,Ekiya Konda,Electronics,No,19-07-2023,4,"Great electronics, exactly as described. Very happy with it.",9700.00
ORD004943,Aarnav Pant,Clothes,No,17-10-2024,1,"Received a damaged clothes, had to return it.",2730.00
ORD004944,Karan Bhat,Electronics,No,27-03-2023,4,"Excellent quality for the price, would buy electronics again.",15820.00
ORD004945,Urvi Palla,Furniture,No,03-11-2023,5,"Really satisfied, highly recommend this furniture.",35540.00
ORD004947,Ekiya Konda,Electronics,No,17-04-2023,4,"Great electronics, exactly as described. Very happy with it.",45560.00
ORD004948,Parth Hegde,Sports Equipment,No,20-01-2023,5,"Great sports equipment, exactly as described. Very happy with it.",7590.00
ORD004949,Nathaniel Kota,Electronics,No,05-06-2025,2,"Received a damaged electronics, had to return it.",1610.00
ORD004950,Riya Thaman,Shoes,Yes,07-01-2024,3,"Average shoes, packaging could be better.",560.00
ORD004951,Tripti Zachariah,Groceries,Yes,29-06-2023,5,"Fast delivery, groceries exceeded my expectations.",1470.00
ORD004952,Urmi Sachdeva,Clothes,No,26-08-2023,5,"Really satisfied, highly recommend this clothes.",1710.00
ORD004953,Advik Hegde,Toys,Yes,09-10-2025,4,"Fast delivery, toys exceeded my expectations.",640.00
ORD004956,Kala Nagar,Kitchenware,No,22-09-2024,5,"Great kitchenware, exactly as described. Very happy with it.",3660.00
ORD004957,Ekalinga Dave,Clothes,No,12-05-2023,2,"Not worth the price, expected better clothes.",840.00
ORD004958,Patrick Dora,Beauty Products,No,10-08-2024,4,"Fast delivery, beauty products exceeded my expectations.",2110.00
ORD004960,Aachal Andra,Sports Equipment,No,07-07-2025,3,"Average sports equipment, packaging could be better.",1460.00
ORD004962,Qadim Agarwal,Toys,No,12-01-2024,4,"Really satisfied, highly recommend this toys.",1090.00
ORD004964,Rushil Dey,Electronics,No,13-07-2025,5,"Great electronics, exactly as described. Very happy with it.",26100.00
ORD004965,Kamya Lanka,Electronics,No,03-11-2023,4,"Fast delivery, electronics exceeded my expectations.",6850.00
ORD004967,Aarna Jaggi,Groceries,No,23-11-2024,3,"The groceries is okay, does the job but nothing special.",1550.00
ORD004968,Yashica Om,Clothes,No,09-10-2023,1,"Not worth the price, expected better clothes.",720.00
ORD004969,Timothy Bhandari,Furniture,No,14-12-2023,4,"Really satisfied, highly recommend this furniture.",8260.00
ORD004970,Zarna Wali,Toys,No,23-03-2025,5,"Great toys, exactly as described. Very happy with it.",1430.00
ORD004972,Nandini Karan,Beauty Products,No,26-04-2024,5,"Really satisfied, highly recommend this beauty products.",1660.00
ORD004973,Nathan Mander,Groceries,No,13-05-2025,5,"Great groceries, exactly as described. Very happy with it.",1850.00
ORD004974,Kashvi Sangha,Groceries,No,25-02-2023,3,"The groceries is okay, does the job but nothing special.",660.00
ORD004975,Eiravati Khare,Shoes,No,01-08-2023,4,"Excellent quality for the price, would buy shoes again.",1620.00
ORD004976,Gaurav Toor,Electronics,No,05-03-2025,5,"Excellent quality for the price, would buy electronics again.",26080.00
ORD004977,Akshay Bobal,Kitchenware,No,26-11-2025,4,"Excellent quality for the price, would buy kitchenware again.",1290.00
ORD004978,Yachana De,Books,No,10-04-2023,4,"Fast delivery, books exceeded my expectations.",1460.00
ORD004979,Rudra Ahuja,Groceries,No,16-01-2026,4,"Excellent quality for the price, would buy groceries again.",1440.00
ORD004980,Saanvi Agarwal,Sports Equipment,No,24-05-2024,4,"Fast delivery, sports equipment exceeded my expectations.",2640.00
ORD004982,Janaki Din,Books,No,09-11-2023,5,"Great books, exactly as described. Very happy with it.",290.00
ORD004983,Bakhshi Shetty,Groceries,Yes,23-11-2025,5,"Fast delivery, groceries exceeded my expectations.",1140.00
ORD004984,Aayush Parekh,Books,No,26-12-2023,5,"Excellent quality for the price, would buy books again.",1300.00
ORD004987,Nachiket Kota,Beauty Products,No,30-04-2023,4,"Great beauty products, exactly as described. Very happy with it.",180.00
ORD004988,Ijaya Mander,Sports Equipment,No,14-08-2024,5,"Great sports equipment, exactly as described. Very happy with it.",10300.00
ORD004989,Vincent Tara,Toys,No,03-05-2023,5,"Excellent quality for the price, would buy toys again.",2810.00
ORD004990,Bimala Shanker,Electronics,No,11-02-2025,5,"Really satisfied, highly recommend this electronics.",11750.00
ORD004991,Ayushman Bahl,Clothes,Yes,02-05-2024,1,"Received a damaged clothes, had to return it.",2100.00
ORD004992,Vrishti Cherian,Groceries,No,10-11-2025,1,"Received a damaged groceries, had to return it.",770.00
ORD004993,Falan Lanka,Electronics,No,06-02-2023,5,"Really satisfied, highly recommend this electronics.",48340.00
ORD004994,Baghyawati Mishra,Sports Equipment,Yes,05-11-2025,4,"Excellent quality for the price, would buy sports equipment again.",3790.00
ORD004995,Yashasvi Dewan,Kitchenware,No,08-06-2025,5,"Fast delivery, kitchenware exceeded my expectations.",1440.00
ORD004996,Om Sastry,Toys,No,14-05-2023,5,"Great toys, exactly as described. Very happy with it.",1840.00
ORD004997,Anya Kibe,Clothes,No,12-10-2023,5,"Fast delivery, clothes exceeded my expectations.",2820.00
ORD004998,Lekha Bains,Books,No,30-03-2023,5,"Great books, exactly as described. Very happy with it.",1060.00
ORD004999,Inaya Taneja,Furniture,Yes,27-05-2024,3,"The furniture is okay, does the job but nothing special.",15740.00
ORD005000,Ekiya Patla,Furniture,No,02-02-2025,5,"Fast delivery, furniture exceeded my expectations.",7180.00
ORD005002,Neha Warrior,Toys,No,29-06-2025,4,"Excellent quality for the price, would buy toys again.",560.00
ORD005003,Yachana De,Groceries,No,08-12-2025,3,"Average groceries, packaging could be better.",340.00
ORD005004,Dayita Sehgal,Groceries,No,30-04-2025,2,"Disappointed with this groceries, quality is not good.",1590.00
ORD005005,Akshay Ram,Sports Equipment,No,19-09-2025,1,"Not worth the price, expected better sports equipment.",2320.00
ORD005006,Eshana Tiwari,Groceries,No,21-03-2023,2,"Not worth the price, expected better groceries.",1260.00
ORD005007,Dayamai Sankaran,Kitchenware,No,29-06-2024,2,"Not worth the price, expected better kitchenware.",3340.00
ORD005008,Om Sastry,Sports Equipment,No,07-08-2023,1,"Not worth the price, expected better sports equipment.",6060.00
ORD005009,Jeet Setty,Groceries,No,01-09-2024,4,"Really satisfied, highly recommend this groceries.",930.00
ORD005010,Gaurang Kamdar,Groceries,No,05-06-2023,5,"Excellent quality for the price, would buy groceries again.",690.00
ORD005011,Maanav Chad,Books,No,27-01-2024,4,"Excellent quality for the price, would buy books again.",440.00
ORD005012,Ati Loyal,Groceries,Yes,19-11-2025,5,"Fast delivery, groceries exceeded my expectations.",560.00
ORD005013,Aachal Lad,Books,No,04-08-2023,3,"Average books, packaging could be better.",720.00
ORD005014,Anya Kibe,Clothes,No,03-05-2023,5,"Fast delivery, clothes exceeded my expectations.",2940.00
ORD005015,Nidra Grewal,Beauty Products,No,01-04-2024,3,"Average beauty products, packaging could be better.",500.00
ORD005016,Vihaan Sen,Electronics,No,02-11-2025,5,"Excellent quality for the price, would buy electronics again.",17260.00
ORD005017,Falan Lanka,Books,No,14-10-2025,5,"Fast delivery, books exceeded my expectations.",1280.00
ORD005018,Charan Mangal,Books,No,19-03-2025,3,"The books is okay, does the job but nothing special.",1380.00
ORD005019,Nicholas Bhandari,Toys,Yes,23-09-2023,4,"Excellent quality for the price, would buy toys again.",2610.00
ORD005020,Zehaan Devan,Furniture,No,26-07-2023,5,"Really satisfied, highly recommend this furniture.",48760.00
ORD005021,Timothy Lanka,Furniture,No,14-10-2025,3,"The furniture is okay, does the job but nothing special.",41320.00
ORD005022,Tripti Goyal,Electronics,No,01-01-2026,4,"Fast delivery, electronics exceeded my expectations.",19670.00
ORD005023,Devika Mody,Electronics,No,09-05-2025,5,"Really satisfied, highly recommend this electronics.",52050.00
ORD005024,Harita Som,Clothes,No,21-02-2023,3,"The clothes is okay, does the job but nothing special.",410.00
ORD005026,Vihaan Dora,Groceries,No,16-08-2023,1,"Disappointed with this groceries, quality is not good.",1790.00
ORD005027,Bachittar Bala,Sports Equipment,No,18-11-2024,5,"Great sports equipment, exactly as described. Very happy with it.",14180.00
ORD005028,Victor Chada,Clothes,No,21-05-2024,4,"Excellent quality for the price, would buy clothes again.",3000.00
ORD005029,Veer Cheema,Shoes,No,25-06-2025,2,"Not worth the price, expected better shoes.",7670.00
ORD005030,Parth Jha,Furniture,Yes,09-07-2025,1,"Received a damaged furniture, had to return it.",21270.00
ORD005031,Guneet Tripathi,Toys,No,24-04-2024,4,"Great toys, exactly as described. Very happy with it.",990.00
ORD005034,Ganga Bumb,Toys,No,13-08-2024,4,"Excellent quality for the price, would buy toys again.",2270.00
ORD005035,Brijesh Mani,Shoes,No,23-10-2023,5,"Excellent quality for the price, would buy shoes again.",5470.00
ORD005036,Shravya Naik,Beauty Products,No,21-09-2023,4,"Really satisfied, highly recommend this beauty products.",2240.00
ORD005038,Hredhaan Edwin,Furniture,No,14-11-2025,5,"Great furniture, exactly as described. Very happy with it.",13860.00
ORD005039,Chandani Datta,Electronics,No,15-08-2024,5,"Great electronics, exactly as described. Very happy with it.",50010.00
ORD005040,Janaki Din,Groceries,No,22-08-2023,4,"Really satisfied, highly recommend this groceries.",850.00
ORD005041,Ishani Kapoor,Shoes,No,07-08-2025,5,"Excellent quality for the price, would buy shoes again.",2920.00
ORD005042,Janani Parmer,Beauty Products,No,22-09-2023,4,"Really satisfied, highly recommend this beauty products.",2800.00
ORD005043,Oni Dhawan,Beauty Products,No,18-11-2025,5,"Fast delivery, beauty products exceeded my expectations.",370.00
ORD005044,Lakshmi Bhat,Shoes,Yes,17-04-2023,3,"The shoes is okay, does the job but nothing special.",6920.00
ORD005046,Samaksh Sem,Beauty Products,No,11-02-2025,4,"Great beauty products, exactly as described. Very happy with it.",1130.00
ORD005048,Zashil Bansal,Electronics,No,31-12-2024,5,"Fast delivery, electronics exceeded my expectations.",33430.00
ORD005049,Lohit Saha,Electronics,No,11-02-2025,4,"Great electronics, exactly as described. Very happy with it.",26290.00
ORD005050,Adweta Nadig,Clothes,No,20-01-2024,2,"Disappointed with this clothes, quality is not good.",760.00
ORD005051,Widisha Minhas,Electronics,No,03-10-2025,4,"Excellent quality for the price, would buy electronics again.",16800.00
ORD005052,Vrishti Cherian,Beauty Products,No,13-10-2025,2,"Disappointed with this beauty products, quality is not good.",2200.00
ORD005053,Chavvi Rajan,Beauty Products,No,11-08-2024,4,"Excellent quality for the price, would buy beauty products again.",2760.00
ORD005056,Ekani Sood,Kitchenware,No,12-12-2024,5,"Great kitchenware, exactly as described. Very happy with it.",780.00
ORD005057,Karan Bail,Groceries,No,20-12-2025,5,"Excellent quality for the price, would buy groceries again.",1130.00
ORD005058,Shaurya Bora,Toys,No,15-09-2023,3,"Average toys, packaging could be better.",200.00
ORD005059,Henry Narain,Furniture,No,27-10-2024,4,"Really satisfied, highly recommend this furniture.",25160.00
ORD005060,Isha Bhatnagar,Electronics,No,12-04-2025,5,"Really satisfied, highly recommend this electronics.",21740.00
ORD005061,Maanav Bassi,Electronics,No,20-05-2023,5,"Fast delivery, electronics exceeded my expectations.",9650.00
ORD005062,Dhruv Randhawa,Books,No,19-02-2023,5,"Great books, exactly as described. Very happy with it.",940.00
ORD005063,Indira Bhargava,Beauty Products,No,15-04-2025,5,"Really satisfied, highly recommend this beauty products.",2480.00
ORD005064,Jairaj Memon,Groceries,No,13-03-2023,5,"Really satisfied, highly recommend this groceries.",910.00
ORD005065,Ranbir Kala,Electronics,No,07-11-2025,2,"Received a damaged electronics, had to return it.",24950.00
ORD005066,Yauvani Patla,Shoes,No,30-01-2023,5,"Excellent quality for the price, would buy shoes again.",4970.00
ORD005067,Vamakshi Vala,Shoes,No,02-10-2024,4,"Really satisfied, highly recommend this shoes.",6090.00
ORD005068,Bahadurjit Banerjee,Electronics,No,24-11-2023,5,"Excellent quality for the price, would buy electronics again.",12320.00
ORD005069,Jasmit Dhar,Toys,No,11-04-2023,4,"Really satisfied, highly recommend this toys.",2080.00
ORD005070,Lila Kadakia,Groceries,No,20-02-2025,3,"Average groceries, packaging could be better.",1630.00
ORD005071,Ucchal Shukla,Kitchenware,No,11-04-2023,3,"Average kitchenware, packaging could be better.",800.00
ORD005072,David Kurian,Kitchenware,No,01-04-2024,4,"Great kitchenware, exactly as described. Very happy with it.",340.00
ORD005073,Panini Prabhakar,Beauty Products,No,19-08-2024,4,"Excellent quality for the price, would buy beauty products again.",2560.00
ORD005074,Radha Hayer,Groceries,No,16-07-2024,5,"Fast delivery, groceries exceeded my expectations.",190.00
ORD005075,Aayush Dhingra,Electronics,No,11-10-2025,4,"Excellent quality for the price, would buy electronics again.",1900.00
ORD005077,Tanay Lal,Electronics,No,08-03-2023,4,"Great electronics, exactly as described. Very happy with it.",18180.00
ORD005078,Kavya Sandhu,Electronics,No,14-02-2025,5,"Excellent quality for the price, would buy electronics again.",15140.00
ORD005083,Aradhana Golla,Clothes,No,04-12-2023,1,"Not worth the price, expected better clothes.",460.00
ORD005084,Ekani Sood,Clothes,No,22-11-2023,5,"Really satisfied, highly recommend this clothes.",550.00
ORD005085,Charvi Subramanian,Clothes,No,30-06-2023,4,"Excellent quality for the price, would buy clothes again.",1930.00
ORD005086,Reyansh Singh,Clothes,No,21-12-2023,2,"Received a damaged clothes, had to return it.",2370.00
ORD005087,Nicholas Choudhary,Clothes,No,18-04-2024,5,"Fast delivery, clothes exceeded my expectations.",1470.00
ORD005088,Shravya Char,Shoes,Yes,29-12-2025,5,"Fast delivery, shoes exceeded my expectations.",5650.00
ORD005089,Damyanti Sahni,Beauty Products,No,04-07-2023,5,"Fast delivery, beauty products exceeded my expectations.",2200.00
ORD005090,Girish Swamy,Groceries,No,02-08-2023,5,"Really satisfied, highly recommend this groceries.",1620.00
ORD005092,Alka Srinivas,Furniture,No,12-01-2023,4,"Fast delivery, furniture exceeded my expectations.",28720.00
ORD005093,Chaitaly Nagar,Books,No,29-09-2025,5,"Fast delivery, books exceeded my expectations.",1020.00
ORD005095,Anvi Shan,Furniture,Yes,03-03-2023,3,"Average furniture, packaging could be better.",47490.00
ORD005096,Henry Puri,Electronics,No,04-07-2024,3,"The electronics is okay, does the job but nothing special.",27360.00
ORD005097,Yatan Tripathi,Kitchenware,No,10-03-2025,3,"Average kitchenware, packaging could be better.",880.00
ORD005099,Harshil Muni,Sports Equipment,No,24-05-2025,5,"Fast delivery, sports equipment exceeded my expectations.",10790.00
ORD005101,Maanav Chad,Books,Yes,04-02-2024,4,"Fast delivery, books exceeded my expectations.",1250.00
ORD005102,Rushil Gopal,Shoes,No,02-07-2025,4,"Excellent quality for the price, would buy shoes again.",4900.00
ORD005103,Chaitaly Nagar,Groceries,No,17-03-2025,3,"The groceries is okay, does the job but nothing special.",1310.00
ORD005104,Tripti Goyal,Beauty Products,No,02-01-2025,4,"Great beauty products, exactly as described. Very happy with it.",780.00
ORD005105,Shivani Murthy,Beauty Products,No,15-01-2025,5,"Fast delivery, beauty products exceeded my expectations.",1290.00
ORD005107,Meghana Ben,Furniture,No,25-01-2023,5,"Really satisfied, highly recommend this furniture.",6980.00
ORD005108,Hitesh Prabhu,Beauty Products,No,06-01-2023,4,"Excellent quality for the price, would buy beauty products again.",1420.00
ORD005109,Banjeet Memon,Electronics,No,02-09-2023,3,"Average electronics, packaging could be better.",6180.00
ORD005110,Watika Buch,Sports Equipment,No,23-04-2023,5,"Fast delivery, sports equipment exceeded my expectations.",8680.00
ORD005113,Amara Mitra,Books,Yes,28-02-2023,3,"The books is okay, does the job but nothing special.",570.00
ORD005114,Dhriti Lad,Toys,No,27-12-2024,4,"Excellent quality for the price, would buy toys again.",790.00
ORD005117,Chatura Kala,Shoes,No,15-08-2023,5,"Really satisfied, highly recommend this shoes.",4890.00
ORD005119,Qadim Agarwal,Furniture,No,29-11-2024,4,"Really satisfied, highly recommend this furniture.",22910.00
ORD005120,Aarini Nagar,Clothes,No,02-06-2023,3,"Average clothes, packaging could be better.",1900.00
ORD005121,Gautam Mishra,Groceries,No,09-10-2025,5,"Excellent quality for the price, would buy groceries again.",1250.00
ORD005122,Veda Muni,Groceries,No,10-11-2025,5,"Excellent quality for the price, would buy groceries again.",1350.00
ORD005123,Reva Kota,Clothes,No,04-05-2024,1,"Disappointed with this clothes, quality is not good.",2960.00
ORD005124,Brinda Thaker,Electronics,No,30-05-2025,5,"Excellent quality for the price, would buy electronics again.",45630.00
ORD005126,Garima Kumar,Electronics,No,08-04-2024,4,"Great electronics, exactly as described. Very happy with it.",43150.00
ORD005127,Zarna Wali,Books,No,25-04-2024,5,"Great books, exactly as described. Very happy with it.",280.00
ORD005128,Dipta Vaidya,Groceries,No,03-03-2023,5,"Fast delivery, groceries exceeded my expectations.",680.00
ORD005130,Ijaya Dyal,Books,Yes,16-05-2025,4,"Really satisfied, highly recommend this books.",1040.00
ORD005131,Elijah Dalal,Clothes,No,17-12-2025,1,"Disappointed with this clothes, quality is not good.",1280.00
ORD005132,Yashasvi Dewan,Clothes,Yes,13-06-2024,5,"Excellent quality for the price, would buy clothes again.",540.00
ORD005134,Pranit Kohli,Beauty Products,No,11-05-2023,4,"Great beauty products, exactly as described. Very happy with it.",1150.00
ORD005135,Vivaan Seth,Groceries,No,03-09-2025,4,"Excellent quality for the price, would buy groceries again.",230.00
ORD005136,Finn Dugal,Sports Equipment,No,02-09-2025,5,"Excellent quality for the price, would buy sports equipment again.",7420.00
ORD005137,Aayush Pall,Beauty Products,No,19-01-2024,4,"Great beauty products, exactly as described. Very happy with it.",620.00
ORD005139,Nathaniel Narain,Sports Equipment,Yes,19-01-2025,5,"Fast delivery, sports equipment exceeded my expectations.",7730.00
ORD005140,Anika Rout,Kitchenware,No,27-08-2023,5,"Excellent quality for the price, would buy kitchenware again.",650.00
ORD005142,Hamsini Rattan,Groceries,Yes,25-04-2023,3,"Average groceries, packaging could be better.",680.00
ORD005143,Aayush Pall,Electronics,No,15-04-2025,3,"Average electronics, packaging could be better.",44650.00
ORD005145,Veer Cheema,Groceries,No,09-01-2024,4,"Really satisfied, highly recommend this groceries.",1570.00
ORD005147,Wishi Gala,Groceries,No,29-07-2023,1,"Disappointed with this groceries, quality is not good.",1400.00
ORD005148,Lipika Iyengar,Shoes,No,04-09-2025,5,"Great shoes, exactly as described. Very happy with it.",6570.00
ORD005150,Girindra Gola,Shoes,No,31-03-2023,3,"Average shoes, packaging could be better.",1940.00
ORD005153,Bahadurjit Banerjee,Electronics,No,25-11-2025,2,"Received a damaged electronics, had to return it.",8830.00
ORD005155,Shravya Ravi,Sports Equipment,No,06-04-2023,4,"Really satisfied, highly recommend this sports equipment.",510.00
ORD005156,Jackson Patil,Groceries,No,09-02-2024,2,"Disappointed with this groceries, quality is not good.",1500.00
ORD005157,Imaran Dara,Electronics,Yes,22-01-2023,5,"Excellent quality for the price, would buy electronics again.",9990.00
ORD005161,Nathan Aggarwal,Furniture,No,05-12-2025,4,"Fast delivery, furniture exceeded my expectations.",47470.00
ORD005163,Ekiya Konda,Clothes,No,08-08-2023,4,"Excellent quality for the price, would buy clothes again.",340.00
ORD005164,Yochana Bal,Furniture,No,29-04-2024,5,"Great furniture, exactly as described. Very happy with it.",12240.00
ORD005165,Hamsini Iyer,Beauty Products,No,29-11-2025,5,"Really satisfied, highly recommend this beauty products.",2180.00
ORD005166,Laban Bal,Electronics,No,05-02-2024,4,"Really satisfied, highly recommend this electronics.",23720.00
ORD005167,Zashil Chaudhuri,Books,No,26-03-2024,1,"Received a damaged books, had to return it.",1220.00
ORD005168,Ikbal Chhabra,Groceries,Yes,28-02-2025,5,"Really satisfied, highly recommend this groceries.",1110.00
ORD005169,Chaitanya Tak,Beauty Products,No,10-11-2024,5,"Excellent quality for the price, would buy beauty products again.",1210.00
ORD005170,Gavin Gade,Toys,Yes,17-05-2023,4,"Excellent quality for the price, would buy toys again.",830.00
ORD005171,Leena Narula,Beauty Products,No,13-12-2024,5,"Excellent quality for the price, would buy beauty products again.",1670.00
ORD005172,Rohan Arora,Electronics,No,08-11-2025,5,"Fast delivery, electronics exceeded my expectations.",9320.00
ORD005173,Vivaan Seth,Clothes,No,26-10-2025,4,"Really satisfied, highly recommend this clothes.",1400.00
ORD005176,Charvi Subramanian,Beauty Products,No,04-11-2025,2,"Not worth the price, expected better beauty products.",630.00
ORD005178,Vaishnavi Sachar,Groceries,No,25-01-2023,5,"Excellent quality for the price, would buy groceries again.",1630.00
ORD005179,Guneet Tripathi,Electronics,Yes,13-04-2024,4,"Fast delivery, electronics exceeded my expectations.",59970.00
ORD005180,Aishani Apte,Shoes,No,04-09-2025,5,"Excellent quality for the price, would buy shoes again.",740.00
ORD005181,Vaishnavi Dutt,Electronics,No,26-05-2024,4,"Excellent quality for the price, would buy electronics again.",22950.00
ORD005182,Vihaan Sen,Clothes,No,26-01-2023,4,"Great clothes, exactly as described. Very happy with it.",2060.00
ORD005183,Victor Goda,Furniture,No,24-02-2025,2,"Received a damaged furniture, had to return it.",19320.00
ORD005184,Oni Kibe,Groceries,No,22-10-2025,5,"Excellent quality for the price, would buy groceries again.",1120.00
ORD005186,Ayush Bala,Beauty Products,No,26-10-2024,5,"Great beauty products, exactly as described. Very happy with it.",410.00
ORD005187,Reva Dada,Groceries,Yes,28-02-2024,5,"Excellent quality for the price, would buy groceries again.",590.00
ORD005188,Brinda Mammen,Electronics,No,03-02-2023,2,"Received a damaged electronics, had to return it.",47680.00
ORD005189,Falak Rege,Electronics,No,23-06-2025,5,"Great electronics, exactly as described. Very happy with it.",38790.00
ORD005190,Harrison Arya,Electronics,Yes,19-02-2023,4,"Fast delivery, electronics exceeded my expectations.",42120.00
ORD005191,Dakshesh Goswami,Groceries,No,08-10-2024,3,"The groceries is okay, does the job but nothing special.",210.00
ORD005192,Ekalinga Dave,Clothes,Yes,23-05-2025,5,"Fast delivery, clothes exceeded my expectations.",2330.00
ORD005193,William Khanna,Groceries,No,20-08-2024,5,"Fast delivery, groceries exceeded my expectations.",980.00
ORD005194,Amruta Sehgal,Clothes,No,16-06-2025,5,"Great clothes, exactly as described. Very happy with it.",2390.00
ORD005196,Rachit Bedi,Shoes,No,08-12-2025,4,"Really satisfied, highly recommend this shoes.",3450.00
ORD005197,Jonathan Wali,Kitchenware,Yes,08-10-2023,4,"Great kitchenware, exactly as described. Very happy with it.",650.00
ORD005198,Aradhana Golla,Electronics,No,26-11-2024,3,"The electronics is okay, does the job but nothing special.",33740.00
ORD005200,Zaid Lata,Clothes,Yes,21-04-2025,4,"Fast delivery, clothes exceeded my expectations.",2620.00
ORD005201,Orinder Dhaliwal,Electronics,No,19-05-2025,5,"Fast delivery, electronics exceeded my expectations.",11940.00
ORD005202,Qabil Lall,Beauty Products,No,10-12-2024,3,"The beauty products is okay, does the job but nothing special.",1660.00
ORD005203,Benjamin Barad,Furniture,No,22-05-2025,4,"Really satisfied, highly recommend this furniture.",11810.00
ORD005204,Harsh Agrawal,Kitchenware,No,23-09-2024,4,"Excellent quality for the price, would buy kitchenware again.",2290.00
ORD005205,Yatin Balakrishnan,Clothes,No,11-06-2023,4,"Excellent quality for the price, would buy clothes again.",720.00
ORD005206,Kashvi Sangha,Groceries,No,08-05-2025,5,"Really satisfied, highly recommend this groceries.",1880.00
ORD005209,Liam More,Kitchenware,Yes,21-11-2025,4,"Really satisfied, highly recommend this kitchenware.",4900.00
ORD005212,Darsh Arya,Sports Equipment,No,16-02-2024,5,"Great sports equipment, exactly as described. Very happy with it.",11340.00
ORD005213,Aachal Thakkar,Groceries,No,14-04-2024,4,"Great groceries, exactly as described. Very happy with it.",1530.00
ORD005214,Urvashi Ratta,Sports Equipment,No,07-11-2024,4,"Fast delivery, sports equipment exceeded my expectations.",2190.00
ORD005215,Hamsini Iyer,Electronics,No,16-12-2023,4,"Great electronics, exactly as described. Very happy with it.",15970.00
ORD005216,Lucky Balakrishnan,Electronics,Yes,19-08-2024,3,"Average electronics, packaging could be better.",49550.00
ORD005217,Tanmayi Subramanian,Kitchenware,No,17-08-2024,4,"Fast delivery, kitchenware exceeded my expectations.",4370.00
ORD005219,Utkarsh Din,Groceries,No,05-08-2025,5,"Fast delivery, groceries exceeded my expectations.",60.00
ORD005220,Gaurangi Aurora,Kitchenware,No,24-06-2025,3,"The kitchenware is okay, does the job but nothing special.",560.00
ORD005221,Leena Chhabra,Kitchenware,No,19-11-2024,4,"Great kitchenware, exactly as described. Very happy with it.",300.00
ORD005222,Yamini Bir,Sports Equipment,No,16-12-2025,4,"Great sports equipment, exactly as described. Very happy with it.",4310.00
ORD005223,Inaya Taneja,Groceries,No,15-03-2024,4,"Fast delivery, groceries exceeded my expectations.",140.00
ORD005224,Charles Chaudry,Sports Equipment,No,05-03-2024,4,"Really satisfied, highly recommend this sports equipment.",8030.00
ORD005225,Yashoda Mammen,Electronics,No,21-06-2025,5,"Great electronics, exactly as described. Very happy with it.",24850.00
ORD005226,Rishi Borde,Furniture,No,23-04-2025,5,"Great furniture, exactly as described. Very happy with it.",26600.00
ORD005228,Yatan Keer,Groceries,No,09-07-2023,5,"Fast delivery, groceries exceeded my expectations.",1930.00
ORD005229,Laksh Sani,Clothes,No,19-02-2024,3,"The clothes is okay, does the job but nothing special.",910.00
ORD005230,Zayyan Palan,Sports Equipment,No,18-12-2024,4,"Really satisfied, highly recommend this sports equipment.",3230.00
ORD005231,Qadim Sen,Electronics,No,01-01-2026,4,"Great electronics, exactly as described. Very happy with it.",57200.00
ORD005232,Chanchal Sastry,Beauty Products,No,15-04-2023,5,"Really satisfied, highly recommend this beauty products.",290.00
ORD005233,Waida Bandi,Toys,No,11-04-2024,4,"Excellent quality for the price, would buy toys again.",2410.00
ORD005234,Azaan Roy,Furniture,No,24-03-2023,5,"Great furniture, exactly as described. Very happy with it.",48290.00
ORD005236,Devika Mody,Electronics,Yes,23-01-2025,4,"Really satisfied, highly recommend this electronics.",49540.00
ORD005237,Brijesh Mani,Clothes,No,06-10-2024,4,"Fast delivery, clothes exceeded my expectations.",2980.00
ORD005238,Balvan Jani,Groceries,No,27-02-2025,3,"The groceries is okay, does the job but nothing special.",910.00
ORD005239,William Khanna,Kitchenware,Yes,10-12-2024,3,"Average kitchenware, packaging could be better.",2040.00
ORD005240,Charles Chaudry,Books,No,08-07-2025,3,"Average books, packaging could be better.",810.00
ORD005243,Turvi Khanna,Kitchenware,No,05-10-2024,5,"Fast delivery, kitchenware exceeded my expectations.",2230.00
ORD005244,Wakeeta Raval,Shoes,No,15-05-2023,5,"Excellent quality for the price, would buy shoes again.",3910.00
ORD005245,Gavin Lalla,Furniture,No,01-04-2023,5,"Great furniture, exactly as described. Very happy with it.",48700.00
ORD005247,Omisha Sood,Furniture,No,09-07-2024,4,"Great furniture, exactly as described. Very happy with it.",22470.00
ORD005251,Harish Shetty,Groceries,No,05-06-2025,2,"Not worth the price, expected better groceries.",600.00
ORD005252,Adweta Nadig,Beauty Products,No,11-11-2024,5,"Really satisfied, highly recommend this beauty products.",470.00
ORD005254,Ishanvi Konda,Sports Equipment,No,18-09-2025,4,"Excellent quality for the price, would buy sports equipment again.",9660.00
ORD005255,Devansh Mital,Kitchenware,No,23-03-2025,5,"Great kitchenware, exactly as described. Very happy with it.",3250.00
ORD005257,Krisha Ganguly,Groceries,No,15-05-2025,5,"Fast delivery, groceries exceeded my expectations.",290.00
ORD005258,Eshana Lad,Groceries,No,20-12-2025,5,"Excellent quality for the price, would buy groceries again.",1080.00
ORD005260,Hemangini Chad,Beauty Products,Yes,13-06-2024,2,"Received a damaged beauty products, had to return it.",2910.00
ORD005261,Udant Hayer,Furniture,No,12-07-2023,5,"Excellent quality for the price, would buy furniture again.",4950.00
ORD005262,Dalbir Sule,Furniture,No,05-03-2023,5,"Excellent quality for the price, would buy furniture again.",13250.00
ORD005265,Luke Arora,Groceries,No,09-07-2024,4,"Really satisfied, highly recommend this groceries.",510.00
ORD005266,Yuvraj Gandhi,Clothes,No,20-12-2023,4,"Excellent quality for the price, would buy clothes again.",2410.00
ORD005267,Ikbal Chhabra,Toys,No,23-09-2023,3,"Average toys, packaging could be better.",340.00
ORD005268,Kavya Sandhu,Books,No,19-12-2024,2,"Disappointed with this books, quality is not good.",970.00
ORD005269,Oni Kibe,Shoes,No,15-07-2025,5,"Really satisfied, highly recommend this shoes.",1060.00
ORD005271,Champak Kuruvilla,Beauty Products,No,19-03-2024,3,"The beauty products is okay, does the job but nothing special.",2060.00
ORD005273,Dakshesh Goswami,Groceries,Yes,04-02-2025,5,"Great groceries, exactly as described. Very happy with it.",1820.00
ORD005274,Janya Sankaran,Kitchenware,No,03-04-2023,5,"Great kitchenware, exactly as described. Very happy with it.",2510.00
ORD005275,Benjamin Barad,Shoes,No,17-11-2023,4,"Really satisfied, highly recommend this shoes.",6840.00
ORD005276,Yashasvi Dewan,Kitchenware,No,28-03-2025,4,"Great kitchenware, exactly as described. Very happy with it.",2740.00
ORD005277,Ganga Handa,Groceries,No,13-01-2024,1,"Received a damaged groceries, had to return it.",720.00
ORD005278,Hitesh Bhandari,Kitchenware,No,11-03-2023,5,"Fast delivery, kitchenware exceeded my expectations.",910.00
ORD005279,Januja Iyengar,Electronics,No,13-01-2026,4,"Fast delivery, electronics exceeded my expectations.",37250.00
ORD005280,Oni Kibe,Groceries,No,25-01-2023,5,"Excellent quality for the price, would buy groceries again.",980.00
ORD005281,Qadim Sen,Books,No,17-06-2024,5,"Really satisfied, highly recommend this books.",170.00
ORD005282,Ucchal Shukla,Groceries,No,04-08-2023,4,"Great groceries, exactly as described. Very happy with it.",800.00
ORD005283,Rayaan Goyal,Sports Equipment,No,12-08-2024,2,"Not worth the price, expected better sports equipment.",3590.00
ORD005284,Charles Chaudry,Furniture,No,31-05-2023,1,"Disappointed with this furniture, quality is not good.",20610.00
ORD005285,Kamya Jhaveri,Electronics,No,30-01-2023,4,"Really satisfied, highly recommend this electronics.",37950.00
ORD005286,Yachana De,Sports Equipment,No,16-03-2025,5,"Fast delivery, sports equipment exceeded my expectations.",13150.00
ORD005287,Urishilla Naik,Books,No,03-06-2024,5,"Excellent quality for the price, would buy books again.",770.00
ORD005288,Libni Palan,Electronics,No,13-01-2023,5,"Great electronics, exactly as described. Very happy with it.",49470.00
ORD005289,Leena Narula,Shoes,No,23-08-2025,5,"Great shoes, exactly as described. Very happy with it.",5600.00
ORD005290,Jairaj Setty,Shoes,No,20-03-2025,3,"Average shoes, packaging could be better.",2490.00
ORD005293,Tanay Lal,Toys,No,11-04-2024,2,"Disappointed with this toys, quality is not good.",2050.00
ORD005294,Kiaan Jayaraman,Books,No,06-06-2025,4,"Great books, exactly as described. Very happy with it.",900.00
ORD005295,Triveni Pathak,Groceries,No,24-09-2023,4,"Great groceries, exactly as described. Very happy with it.",1260.00
ORD005296,Kashish Sekhon,Beauty Products,No,10-04-2023,5,"Fast delivery, beauty products exceeded my expectations.",2170.00
ORD005297,Hamsini Rao,Books,No,17-10-2023,4,"Excellent quality for the price, would buy books again.",550.00
ORD005298,Simon Mitter,Toys,No,21-08-2024,1,"Received a damaged toys, had to return it.",2390.00
ORD005299,Charvi Subramanian,Groceries,No,18-11-2024,3,"Average groceries, packaging could be better.",1610.00
ORD005300,Pahal Kuruvilla,Clothes,No,17-07-2025,5,"Fast delivery, clothes exceeded my expectations.",1300.00
ORD005301,Frado Raj,Electronics,No,25-02-2025,4,"Fast delivery, electronics exceeded my expectations.",10870.00
ORD005302,Chameli Aggarwal,Books,No,24-09-2025,5,"Really satisfied, highly recommend this books.",160.00
ORD005303,Yahvi Wadhwa,Kitchenware,No,02-04-2025,4,"Really satisfied, highly recommend this kitchenware.",3560.00
ORD005304,Panini Prabhakar,Groceries,No,25-05-2025,5,"Great groceries, exactly as described. Very happy with it.",100.00
ORD005305,Fitan Sodhi,Groceries,No,30-11-2023,5,"Great groceries, exactly as described. Very happy with it.",530.00
ORD005306,Benjamin Deol,Clothes,No,18-11-2023,5,"Excellent quality for the price, would buy clothes again.",2520.00
ORD005307,Neha Warrior,Beauty Products,No,07-04-2024,1,"Disappointed with this beauty products, quality is not good.",1570.00
ORD005308,Gautam Ravi,Shoes,Yes,22-06-2024,1,"Disappointed with this shoes, quality is not good.",5710.00
ORD005309,Zarna Tailor,Sports Equipment,No,28-04-2024,4,"Really satisfied, highly recommend this sports equipment.",14060.00
ORD005310,Kiaan Arora,Clothes,No,09-03-2023,4,"Fast delivery, clothes exceeded my expectations.",340.00
ORD005311,Janaki Mistry,Furniture,Yes,28-07-2024,2,"Disappointed with this furniture, quality is not good.",23460.00
ORD005312,Chakrika Kalla,Electronics,No,31-01-2023,3,"Average electronics, packaging could be better.",1090.00
ORD005313,Tarak Chand,Groceries,No,06-03-2023,4,"Really satisfied, highly recommend this groceries.",1600.00
ORD005315,Yachana De,Books,Yes,16-03-2023,5,"Fast delivery, books exceeded my expectations.",1500.00
ORD005316,Fariq Gandhi,Furniture,No,06-08-2024,4,"Really satisfied, highly recommend this furniture.",26160.00
ORD005317,Bakhshi Shetty,Groceries,No,15-02-2023,4,"Fast delivery, groceries exceeded my expectations.",1790.00
ORD005319,Ikbal Tandon,Books,No,25-05-2025,4,"Fast delivery, books exceeded my expectations.",780.00
ORD005320,Bhanumati Saran,Shoes,No,29-11-2024,5,"Great shoes, exactly as described. Very happy with it.",1350.00
ORD005321,Viraj Barad,Electronics,No,17-11-2024,3,"The electronics is okay, does the job but nothing special.",14450.00
ORD005322,Mugdha Jani,Clothes,No,27-10-2024,5,"Really satisfied, highly recommend this clothes.",2470.00
ORD005324,Falak Anne,Shoes,No,21-11-2025,2,"Not worth the price, expected better shoes.",2450.00
ORD005325,Chanchal Sastry,Groceries,No,17-11-2025,3,"The groceries is okay, does the job but nothing special.",910.00
ORD005326,Karan Kumar,Sports Equipment,No,24-05-2024,4,"Great sports equipment, exactly as described. Very happy with it.",8360.00
ORD005327,Madhavi Mann,Beauty Products,No,25-12-2024,5,"Great beauty products, exactly as described. Very happy with it.",400.00
ORD005328,Banjeet Memon,Shoes,No,31-03-2024,4,"Really satisfied, highly recommend this shoes.",1660.00
ORD005329,Krisha Ram,Sports Equipment,No,17-03-2024,4,"Fast delivery, sports equipment exceeded my expectations.",11960.00
ORD005330,Samar Ahuja,Books,No,27-11-2023,4,"Really satisfied, highly recommend this books.",720.00
ORD005333,Tristan Bhavsar,Furniture,No,19-07-2023,4,"Fast delivery, furniture exceeded my expectations.",7600.00
ORD005334,Xiti Puri,Groceries,Yes,06-05-2025,5,"Excellent quality for the price, would buy groceries again.",140.00
ORD005335,Banjeet Memon,Beauty Products,Yes,27-12-2023,3,"The beauty products is okay, does the job but nothing special.",1100.00
ORD005336,Ubika Bains,Electronics,No,13-10-2025,5,"Excellent quality for the price, would buy electronics again.",59800.00
ORD005337,Kashish Sekhon,Clothes,No,25-08-2023,4,"Really satisfied, highly recommend this clothes.",2430.00
ORD005339,Chanakya Pillai,Groceries,No,06-05-2024,5,"Excellent quality for the price, would buy groceries again.",900.00
ORD005340,Aachal Thakkar,Sports Equipment,Yes,19-11-2025,4,"Fast delivery, sports equipment exceeded my expectations.",11780.00
ORD005341,Ranbir Kala,Toys,No,08-05-2023,3,"Average toys, packaging could be better.",1680.00
ORD005342,Ayush Bala,Electronics,No,30-01-2025,5,"Great electronics, exactly as described. Very happy with it.",31040.00
ORD005343,Kevin Suresh,Clothes,No,09-01-2026,4,"Really satisfied, highly recommend this clothes.",650.00
ORD005344,Rishi Kashyap,Kitchenware,Yes,24-11-2025,4,"Great kitchenware, exactly as described. Very happy with it.",4960.00
ORD005345,Reyansh Singh,Beauty Products,No,06-08-2024,3,"Average beauty products, packaging could be better.",540.00
ORD005348,Jalsa Sangha,Toys,No,08-05-2024,3,"Average toys, packaging could be better.",2220.00
ORD005350,Ijaya Dyal,Furniture,No,18-05-2025,3,"Average furniture, packaging could be better.",10250.00
ORD005351,Viraj Arora,Toys,No,24-12-2025,4,"Really satisfied, highly recommend this toys.",2760.00
ORD005352,Falan Lanka,Furniture,Yes,12-09-2024,2,"Received a damaged furniture, had to return it.",27340.00
ORD005353,Mitali Verma,Electronics,No,07-10-2025,5,"Great electronics, exactly as described. Very happy with it.",5900.00
ORD005354,Eta Chakraborty,Electronics,No,19-01-2025,1,"Not worth the price, expected better electronics.",39790.00
ORD005355,Ijaya Mander,Clothes,No,19-05-2025,4,"Fast delivery, clothes exceeded my expectations.",2620.00
ORD005356,Omisha Sood,Electronics,No,16-08-2025,4,"Excellent quality for the price, would buy electronics again.",5080.00
ORD005357,Karan Bail,Books,No,26-01-2023,5,"Fast delivery, books exceeded my expectations.",1040.00
ORD005359,Brijesh Mani,Sports Equipment,No,03-10-2025,4,"Great sports equipment, exactly as described. Very happy with it.",11150.00
ORD005361,Mekhala Dar,Sports Equipment,No,07-02-2023,5,"Great sports equipment, exactly as described. Very happy with it.",2440.00
ORD005362,Vaishnavi Shroff,Electronics,No,18-05-2025,4,"Great electronics, exactly as described. Very happy with it.",16520.00
ORD005363,Ladli Yadav,Shoes,No,26-06-2025,5,"Great shoes, exactly as described. Very happy with it.",2890.00
ORD005364,Leena Chhabra,Groceries,No,24-09-2023,3,"The groceries is okay, does the job but nothing special.",580.00
ORD005365,Chakrika Kalla,Books,No,14-04-2025,5,"Fast delivery, books exceeded my expectations.",800.00
ORD005366,Zashil Chaudhuri,Toys,No,15-03-2023,3,"Average toys, packaging could be better.",1760.00
ORD005367,Luke Arora,Groceries,No,23-03-2024,5,"Fast delivery, groceries exceeded my expectations.",1480.00
ORD005368,Nidhi Baria,Kitchenware,No,21-12-2025,4,"Excellent quality for the price, would buy kitchenware again.",2870.00
ORD005369,Xavier Soman,Books,No,26-05-2023,4,"Great books, exactly as described. Very happy with it.",800.00
ORD005370,Baljiwan Chadha,Books,No,16-04-2023,2,"Disappointed with this books, quality is not good.",1080.00
ORD005371,Chasmum Goyal,Sports Equipment,No,13-10-2023,3,"Average sports equipment, packaging could be better.",4760.00
ORD005372,Anvi Shan,Electronics,No,11-03-2025,4,"Really satisfied, highly recommend this electronics.",16310.00
ORD005373,Onkar Sarin,Electronics,No,22-07-2025,4,"Great electronics, exactly as described. Very happy with it.",5890.00
ORD005374,Banjeet De,Furniture,Yes,18-08-2023,4,"Fast delivery, furniture exceeded my expectations.",14780.00
ORD005375,Arjun Kaur,Toys,No,09-09-2023,3,"The toys is okay, does the job but nothing special.",710.00
ORD005376,Elijah Raman,Electronics,No,01-06-2024,4,"Fast delivery, electronics exceeded my expectations.",52110.00
ORD005377,Mitali Verma,Groceries,No,06-10-2025,5,"Excellent quality for the price, would buy groceries again.",1630.00
ORD005378,Omaja Sharma,Furniture,No,21-10-2025,3,"The furniture is okay, does the job but nothing special.",39820.00
ORD005381,Akshay Ram,Toys,No,10-10-2024,1,"Not worth the price, expected better toys.",600.00
ORD005382,Charvi Subramanian,Electronics,No,10-01-2026,3,"The electronics is okay, does the job but nothing special.",11180.00
ORD005383,Rohan Arora,Groceries,No,26-04-2024,5,"Excellent quality for the price, would buy groceries again.",270.00
ORD005384,Bahadurjit Kant,Kitchenware,No,03-05-2024,4,"Great kitchenware, exactly as described. Very happy with it.",1550.00
ORD005385,Rushil Brahmbhatt,Electronics,No,27-11-2023,3,"The electronics is okay, does the job but nothing special.",30460.00
ORD005387,Bimala Sehgal,Clothes,No,17-03-2023,5,"Great clothes, exactly as described. Very happy with it.",2210.00
ORD005388,Yuvraj Gandhi,Toys,No,18-05-2024,5,"Fast delivery, toys exceeded my expectations.",1440.00
ORD005389,Yauvani Patla,Clothes,No,10-12-2023,5,"Excellent quality for the price, would buy clothes again.",1960.00
ORD005390,Harrison Shan,Groceries,No,02-01-2026,3,"The groceries is okay, does the job but nothing special.",300.00
ORD005392,Elijah Wason,Clothes,No,27-05-2023,4,"Really satisfied, highly recommend this clothes.",2490.00
ORD005393,Chakradev Bains,Groceries,No,20-10-2023,5,"Really satisfied, highly recommend this groceries.",780.00
ORD005395,Simon Mitter,Shoes,No,16-01-2026,5,"Excellent quality for the price, would buy shoes again.",6810.00
ORD005397,Yuvraj Thaman,Clothes,No,19-06-2023,5,"Really satisfied, highly recommend this clothes.",1150.00
ORD005398,Samar Ahuja,Electronics,No,13-12-2023,4,"Really satisfied, highly recommend this electronics.",30620.00
ORD005399,Samuel Rama,Sports Equipment,No,31-10-2024,3,"The sports equipment is okay, does the job but nothing special.",5350.00
ORD005400,Shravya Naik,Furniture,No,05-01-2024,5,"Great furniture, exactly as described. Very happy with it.",31860.00
ORD005401,Gautam Aurora,Furniture,No,17-03-2025,5,"Fast delivery, furniture exceeded my expectations.",18870.00
ORD005402,Falan Chana,Kitchenware,No,05-04-2025,2,"Not worth the price, expected better kitchenware.",1180.00
ORD005403,Tripti Zachariah,Electronics,No,13-06-2024,4,"Excellent quality for the price, would buy electronics again.",6920.00
ORD005405,Raagini Bhagat,Shoes,No,14-08-2024,5,"Great shoes, exactly as described. Very happy with it.",1790.00
ORD005406,Rishi Kashyap,Electronics,No,28-11-2025,5,"Really satisfied, highly recommend this electronics.",53920.00
ORD005407,Jacob Ramakrishnan,Shoes,No,22-10-2024,5,"Great shoes, exactly as described. Very happy with it.",6120.00
ORD005408,Banjeet Rege,Groceries,No,27-02-2025,4,"Excellent quality for the price, would buy groceries again.",670.00
ORD005409,Atharv Madan,Furniture,No,03-03-2023,2,"Received a damaged furniture, had to return it.",47680.00
ORD005410,Yashvi Bahl,Electronics,No,12-03-2025,3,"Average electronics, packaging could be better.",46670.00
ORD005411,Pahal Kuruvilla,Kitchenware,No,31-07-2023,2,"Not worth the price, expected better kitchenware.",530.00
ORD005412,Leela Swaminathan,Shoes,No,23-04-2025,5,"Really satisfied, highly recommend this shoes.",2260.00
ORD005413,Anya Kibe,Sports Equipment,No,22-02-2025,4,"Fast delivery, sports equipment exceeded my expectations.",14000.00
ORD005414,Siya Dhillon,Sports Equipment,No,03-03-2023,3,"The sports equipment is okay, does the job but nothing special.",14330.00
ORD005415,Ubika Sarna,Electronics,No,05-06-2024,1,"Disappointed with this electronics, quality is not good.",22480.00
ORD005416,Veda Bhatnagar,Groceries,No,26-06-2023,5,"Great groceries, exactly as described. Very happy with it.",350.00
ORD005417,Janaki Din,Toys,No,06-01-2023,5,"Excellent quality for the price, would buy toys again.",520.00
ORD005418,Viraj Barad,Toys,No,03-04-2024,2,"Received a damaged toys, had to return it.",1170.00
ORD005420,Rudra Ahuja,Toys,No,20-02-2023,5,"Fast delivery, toys exceeded my expectations.",1610.00
ORD005424,Mitesh Varghese,Beauty Products,Yes,31-07-2024,2,"Disappointed with this beauty products, quality is not good.",1770.00
ORD005425,Vaishnavi Dutt,Books,No,17-04-2024,4,"Great books, exactly as described. Very happy with it.",1200.00
ORD005426,Chandran Roy,Kitchenware,No,15-08-2024,5,"Great kitchenware, exactly as described. Very happy with it.",600.00
ORD005427,Falan Chana,Electronics,No,26-04-2024,3,"The electronics is okay, does the job but nothing special.",45380.00
ORD005428,Jasmit Dhar,Groceries,No,05-10-2025,5,"Fast delivery, groceries exceeded my expectations.",660.00
ORD005429,Tanmayi Boase,Furniture,No,24-03-2024,1,"Not worth the price, expected better furniture.",18550.00
ORD005431,Imaran Edwin,Beauty Products,No,17-02-2023,5,"Excellent quality for the price, would buy beauty products again.",860.00
ORD005432,Vinaya Shukla,Groceries,No,08-02-2023,2,"Disappointed with this groceries, quality is not good.",110.00
ORD005433,Idika Bhagat,Kitchenware,Yes,14-07-2023,4,"Really satisfied, highly recommend this kitchenware.",3510.00
ORD005434,Meera Bajaj,Groceries,No,13-07-2023,4,"Excellent quality for the price, would buy groceries again.",1800.00
ORD005435,Balvan Jani,Clothes,No,03-10-2023,5,"Fast delivery, clothes exceeded my expectations.",2150.00
ORD005436,Eta Chakraborty,Sports Equipment,No,30-12-2023,5,"Fast delivery, sports equipment exceeded my expectations.",9410.00
ORD005437,Shivani Sane,Kitchenware,No,29-10-2024,3,"Average kitchenware, packaging could be better.",4710.00
ORD005439,Luke Arora,Shoes,No,27-10-2025,5,"Excellent quality for the price, would buy shoes again.",2540.00
ORD005440,Gaurang Lad,Toys,No,26-04-2023,2,"Received a damaged toys, had to return it.",540.00
ORD005441,Widisha Minhas,Books,No,30-06-2024,5,"Fast delivery, books exceeded my expectations.",1100.00
ORD005442,Chandran Datta,Beauty Products,No,05-02-2024,4,"Great beauty products, exactly as described. Very happy with it.",570.00
ORD005443,Nisha Koshy,Electronics,No,29-07-2024,5,"Great electronics, exactly as described. Very happy with it.",53680.00
ORD005444,Turvi Khanna,Furniture,No,21-10-2024,4,"Really satisfied, highly recommend this furniture.",10660.00
ORD005445,Advik Hegde,Books,No,03-08-2024,5,"Great books, exactly as described. Very happy with it.",400.00
ORD005446,Isaac Chaudhary,Kitchenware,No,12-02-2023,5,"Great kitchenware, exactly as described. Very happy with it.",300.00
ORD005447,Tanmayi Boase,Beauty Products,Yes,20-01-2025,4,"Excellent quality for the price, would buy beauty products again.",400.00
ORD005448,Girindra Gola,Electronics,No,28-06-2024,4,"Fast delivery, electronics exceeded my expectations.",55420.00
ORD005449,Ikbal Tandon,Beauty Products,No,30-08-2025,3,"The beauty products is okay, does the job but nothing special.",1060.00
ORD005450,Ubika Sarna,Furniture,No,13-12-2025,5,"Fast delivery, furniture exceeded my expectations.",10070.00
ORD005451,Benjamin Devi,Electronics,No,08-08-2024,3,"Average electronics, packaging could be better.",13980.00
ORD005452,Yashica Om,Beauty Products,No,10-01-2026,4,"Fast delivery, beauty products exceeded my expectations.",1790.00
ORD005453,Thomas Sethi,Kitchenware,No,03-01-2024,2,"Disappointed with this kitchenware, quality is not good.",3250.00
ORD005454,Udant Hayer,Furniture,No,13-11-2024,2,"Not worth the price, expected better furniture.",46480.00
ORD005455,Mitesh Varghese,Books,No,02-08-2023,2,"Not worth the price, expected better books.",1440.00
ORD005457,Kashish Sekhon,Kitchenware,No,07-07-2024,4,"Really satisfied, highly recommend this kitchenware.",890.00
ORD005458,Janaki Din,Sports Equipment,No,26-03-2023,4,"Great sports equipment, exactly as described. Very happy with it.",9840.00
ORD005459,Tanveer Karpe,Groceries,No,04-05-2023,4,"Fast delivery, groceries exceeded my expectations.",1250.00
ORD005461,Parth Jha,Electronics,No,07-03-2025,2,"Received a damaged electronics, had to return it.",17960.00
ORD005462,Yuvraj Thaman,Electronics,No,22-12-2024,2,"Received a damaged electronics, had to return it.",54260.00
ORD005463,Reyansh Kohli,Groceries,No,12-06-2024,1,"Disappointed with this groceries, quality is not good.",200.00
ORD005464,Nicholas Bhandari,Kitchenware,No,24-05-2024,5,"Fast delivery, kitchenware exceeded my expectations.",380.00
ORD005465,Ladli Kaur,Shoes,No,03-01-2025,4,"Really satisfied, highly recommend this shoes.",1030.00
ORD005466,Hemangini Sekhon,Groceries,No,17-09-2025,4,"Fast delivery, groceries exceeded my expectations.",450.00
ORD005467,Vrinda Sama,Toys,No,17-04-2025,4,"Really satisfied, highly recommend this toys.",2800.00
ORD005468,Aishani Apte,Electronics,No,21-08-2023,4,"Great electronics, exactly as described. Very happy with it.",30060.00
ORD005470,Isha Bhatnagar,Toys,No,11-11-2025,2,"Not worth the price, expected better toys.",680.00
ORD005471,Pranit Kohli,Shoes,No,26-03-2023,5,"Fast delivery, shoes exceeded my expectations.",1250.00
ORD005472,Janya Buch,Electronics,No,27-09-2023,3,"Average electronics, packaging could be better.",56530.00
ORD005473,Imaran Dara,Clothes,No,12-12-2023,5,"Fast delivery, clothes exceeded my expectations.",1660.00
ORD005474,Chaitanya Jani,Groceries,No,25-08-2023,4,"Really satisfied, highly recommend this groceries.",300.00
ORD005475,Krisha Ganguly,Books,No,16-10-2025,5,"Great books, exactly as described. Very happy with it.",240.00
ORD005476,Rushil Dey,Shoes,No,28-07-2025,5,"Really satisfied, highly recommend this shoes.",4280.00
ORD005477,Pratyush Bansal,Books,No,27-09-2025,4,"Great books, exactly as described. Very happy with it.",250.00
ORD005479,Dipta Shroff,Beauty Products,Yes,30-01-2025,3,"Average beauty products, packaging could be better.",840.00
ORD005480,Imaran Hari,Clothes,No,10-11-2025,5,"Great clothes, exactly as described. Very happy with it.",2650.00
ORD005481,Naveen Nagi,Electronics,No,06-12-2025,5,"Great electronics, exactly as described. Very happy with it.",29390.00
ORD005482,Ijaya Narain,Books,No,20-09-2024,5,"Really satisfied, highly recommend this books.",960.00
ORD005483,Sarthak Puri,Clothes,No,22-11-2025,4,"Really satisfied, highly recommend this clothes.",2330.00
ORD005484,Meera Bajaj,Clothes,No,20-03-2024,4,"Fast delivery, clothes exceeded my expectations.",420.00
ORD005487,Falak Rege,Electronics,No,16-05-2025,3,"The electronics is okay, does the job but nothing special.",26080.00
ORD005488,Rushil Brahmbhatt,Furniture,Yes,17-09-2024,3,"Average furniture, packaging could be better.",46280.00
ORD005489,Gautam Samra,Furniture,No,12-04-2024,4,"Excellent quality for the price, would buy furniture again.",29460.00
ORD005490,Arjun Kaur,Kitchenware,No,27-04-2024,5,"Really satisfied, highly recommend this kitchenware.",1620.00
ORD005491,Panini Prabhakar,Groceries,No,24-01-2024,5,"Great groceries, exactly as described. Very happy with it.",770.00
ORD005492,Raghav Pradhan,Clothes,No,21-03-2023,5,"Really satisfied, highly recommend this clothes.",1180.00
ORD005493,Naveen Nagi,Books,Yes,13-09-2024,5,"Great books, exactly as described. Very happy with it.",530.00
ORD005495,Pooja Grewal,Books,No,25-05-2025,5,"Great books, exactly as described. Very happy with it.",710.00
ORD005496,Indali Salvi,Sports Equipment,No,12-01-2024,5,"Great sports equipment, exactly as described. Very happy with it.",4880.00
ORD005497,Kabir Krishnamurthy,Books,No,13-04-2023,3,"The books is okay, does the job but nothing special.",1060.00
ORD005499,Mekhala Bawa,Groceries,No,13-02-2023,5,"Really satisfied, highly recommend this groceries.",1860.00
ORD005501,Nathaniel Narain,Sports Equipment,Yes,05-12-2023,4,"Really satisfied, highly recommend this sports equipment.",2740.00
ORD005502,Rushil Dey,Furniture,No,23-07-2025,2,"Received a damaged furniture, had to return it.",3770.00
ORD005503,Elijah Raman,Furniture,No,18-11-2024,4,"Fast delivery, furniture exceeded my expectations.",41750.00
ORD005504,Akshay Kohli,Sports Equipment,No,12-04-2023,5,"Fast delivery, sports equipment exceeded my expectations.",10440.00
ORD005505,Hardik Kalla,Groceries,No,29-11-2023,5,"Fast delivery, groceries exceeded my expectations.",1310.00
ORD005506,Xavier Soman,Beauty Products,Yes,16-02-2024,5,"Excellent quality for the price, would buy beauty products again.",1160.00
ORD005507,Daksh Dhingra,Clothes,No,09-07-2023,2,"Disappointed with this clothes, quality is not good.",2950.00
ORD005509,Anjali Dasgupta,Electronics,No,25-05-2025,4,"Great electronics, exactly as described. Very happy with it.",20340.00
ORD005510,Dayita Munshi,Electronics,Yes,15-04-2025,4,"Fast delivery, electronics exceeded my expectations.",33690.00
ORD005511,Orinder Dhaliwal,Electronics,No,04-01-2025,5,"Great electronics, exactly as described. Very happy with it.",28000.00
ORD005512,Chatura Thaman,Electronics,No,24-01-2025,3,"Average electronics, packaging could be better.",58850.00
ORD005513,Banjeet Memon,Electronics,No,27-03-2023,5,"Fast delivery, electronics exceeded my expectations.",37090.00
ORD005514,Aarna Jaggi,Books,No,03-04-2024,4,"Really satisfied, highly recommend this books.",1130.00
ORD005517,Vasudha Agarwal,Shoes,No,02-05-2023,5,"Excellent quality for the price, would buy shoes again.",1000.00
ORD005518,Matthew Yadav,Groceries,No,08-10-2023,3,"The groceries is okay, does the job but nothing special.",230.00
ORD005519,Sarthak Puri,Beauty Products,No,29-05-2023,4,"Fast delivery, beauty products exceeded my expectations.",1300.00
ORD005520,Aarini Ramakrishnan,Electronics,No,30-12-2024,4,"Excellent quality for the price, would buy electronics again.",26100.00
ORD005521,Alexander Behl,Kitchenware,No,21-06-2023,4,"Fast delivery, kitchenware exceeded my expectations.",1320.00
ORD005522,Zaitra Bajaj,Clothes,No,13-08-2025,4,"Excellent quality for the price, would buy clothes again.",2020.00
ORD005523,Eshana Dyal,Groceries,No,10-03-2023,5,"Great groceries, exactly as described. Very happy with it.",460.00
ORD005524,Arunima Parsa,Books,No,25-10-2024,4,"Great books, exactly as described. Very happy with it.",1470.00
ORD005525,Amrita Sami,Sports Equipment,Yes,22-06-2023,3,"Average sports equipment, packaging could be better.",14790.00
ORD005526,Dhriti Lad,Groceries,No,14-05-2023,4,"Fast delivery, groceries exceeded my expectations.",1680.00
ORD005527,Nidhi Baria,Furniture,No,14-06-2024,3,"Average furniture, packaging could be better.",35960.00
ORD005528,Chandresh Bahl,Clothes,No,05-12-2025,3,"The clothes is okay, does the job but nothing special.",1320.00
ORD005529,Aishani Saini,Beauty Products,No,20-12-2024,4,"Excellent quality for the price, would buy beauty products again.",2730.00
ORD005530,Imaran Dara,Sports Equipment,No,31-12-2025,3,"Average sports equipment, packaging could be better.",13440.00
ORD005534,Ekani Sood,Groceries,No,09-11-2023,3,"The groceries is okay, does the job but nothing special.",1160.00
ORD005535,Zayan Sani,Clothes,No,12-09-2025,4,"Excellent quality for the price, would buy clothes again.",380.00
ORD005536,Gautam Ravi,Shoes,Yes,07-10-2023,5,"Excellent quality for the price, would buy shoes again.",3630.00
ORD005537,Charles Balay,Electronics,No,21-12-2023,2,"Disappointed with this electronics, quality is not good.",52240.00
ORD005538,Nitara Rajagopal,Toys,No,29-10-2023,3,"Average toys, packaging could be better.",1620.00
ORD005539,Onveer Bhavsar,Toys,No,25-09-2025,5,"Excellent quality for the price, would buy toys again.",2110.00
ORD005541,Vincent Tara,Groceries,No,13-06-2023,3,"Average groceries, packaging could be better.",1160.00
ORD005542,Vivaan Seth,Books,No,12-03-2024,3,"The books is okay, does the job but nothing special.",1140.00
ORD005543,Frederick Patil,Groceries,No,02-01-2026,1,"Received a damaged groceries, had to return it.",750.00
ORD005544,Hemangini Chad,Furniture,No,19-03-2025,5,"Fast delivery, furniture exceeded my expectations.",38570.00
ORD005545,Isha Bhatnagar,Sports Equipment,Yes,05-01-2024,5,"Fast delivery, sports equipment exceeded my expectations.",8530.00
ORD005546,Tarak Chand,Electronics,No,23-08-2024,4,"Great electronics, exactly as described. Very happy with it.",22080.00
ORD005547,Raghav Pradhan,Groceries,No,06-05-2025,5,"Excellent quality for the price, would buy groceries again.",840.00
ORD005548,Manthan Lata,Electronics,Yes,05-06-2023,4,"Great electronics, exactly as described. Very happy with it.",18720.00
ORD005550,Zashil Chaudhuri,Beauty Products,No,22-07-2023,1,"Received a damaged beauty products, had to return it.",890.00
ORD005551,Isaac Chaudhary,Groceries,No,03-08-2023,5,"Really satisfied, highly recommend this groceries.",100.00
ORD005552,Wishi Sharma,Clothes,No,29-11-2023,2,"Received a damaged clothes, had to return it.",1600.00
ORD005555,Vrishti Lalla,Electronics,No,30-06-2025,4,"Great electronics, exactly as described. Very happy with it.",40130.00
ORD005556,Tanay Sagar,Furniture,No,02-10-2024,4,"Excellent quality for the price, would buy furniture again.",15850.00
ORD005557,Kala Vig,Toys,No,28-06-2024,4,"Great toys, exactly as described. Very happy with it.",270.00
ORD005558,Vedhika Dhawan,Electronics,No,26-03-2024,2,"Disappointed with this electronics, quality is not good.",59700.00
ORD005559,Megha Shroff,Books,Yes,20-10-2025,4,"Fast delivery, books exceeded my expectations.",720.00
ORD005560,Dayamai Sangha,Groceries,No,22-01-2023,5,"Great groceries, exactly as described. Very happy with it.",170.00
ORD005561,Ishanvi Konda,Electronics,No,05-11-2024,3,"Average electronics, packaging could be better.",53990.00
ORD005562,Finn Dugal,Kitchenware,No,11-01-2026,5,"Fast delivery, kitchenware exceeded my expectations.",4060.00
ORD005563,Urvi Bhattacharyya,Beauty Products,No,23-11-2023,4,"Excellent quality for the price, would buy beauty products again.",2320.00
ORD005564,Krisha Ram,Electronics,No,30-01-2025,4,"Excellent quality for the price, would buy electronics again.",24420.00
ORD005567,Darpan Gour,Groceries,No,07-01-2023,4,"Excellent quality for the price, would buy groceries again.",1620.00
ORD005568,Udarsh Sachdev,Clothes,No,12-08-2023,4,"Great clothes, exactly as described. Very happy with it.",2690.00
ORD005569,Vrinda Sama,Groceries,No,28-06-2023,5,"Great groceries, exactly as described. Very happy with it.",530.00
ORD005570,Tara Sastry,Beauty Products,Yes,16-05-2024,4,"Really satisfied, highly recommend this beauty products.",800.00
ORD005572,Zarna Tailor,Furniture,Yes,22-05-2024,4,"Great furniture, exactly as described. Very happy with it.",8060.00
ORD005573,Sachi Chauhan,Beauty Products,No,26-03-2024,5,"Really satisfied, highly recommend this beauty products.",1160.00
ORD005574,Jyoti Dhingra,Sports Equipment,No,06-08-2024,3,"Average sports equipment, packaging could be better.",11060.00
ORD005575,Parth Hegde,Furniture,No,30-11-2024,5,"Great furniture, exactly as described. Very happy with it.",17300.00
ORD005576,Nandini Karan,Books,No,15-03-2025,5,"Excellent quality for the price, would buy books again.",700.00
ORD005577,Akshay Ram,Clothes,No,29-05-2025,4,"Fast delivery, clothes exceeded my expectations.",2480.00
ORD005578,Turvi Khanna,Clothes,No,21-10-2025,5,"Great clothes, exactly as described. Very happy with it.",530.00
ORD005579,Damyanti Sahni,Clothes,No,19-06-2024,2,"Not worth the price, expected better clothes.",1200.00
ORD005580,Elijah Wason,Toys,Yes,14-03-2024,4,"Excellent quality for the price, would buy toys again.",2510.00
ORD005581,Zarna Tailor,Shoes,No,07-11-2023,5,"Really satisfied, highly recommend this shoes.",7430.00
ORD005582,Charles Chaudry,Furniture,No,07-06-2023,2,"Not worth the price, expected better furniture.",26960.00
ORD005583,Ishanvi Konda,Toys,No,23-08-2025,4,"Excellent quality for the price, would buy toys again.",1600.00
ORD005584,Eiravati Pradhan,Groceries,Yes,04-12-2025,5,"Excellent quality for the price, would buy groceries again.",1960.00
ORD005585,Yashoda Mammen,Books,No,21-01-2024,4,"Fast delivery, books exceeded my expectations.",500.00
ORD005586,Panini Prabhakar,Beauty Products,No,18-07-2023,4,"Great beauty products, exactly as described. Very happy with it.",870.00
ORD005588,Karan Bhat,Groceries,No,28-09-2024,3,"The groceries is okay, does the job but nothing special.",530.00
ORD005589,Hitesh Virk,Toys,No,26-10-2025,3,"Average toys, packaging could be better.",2580.00
ORD005590,Harrison Arya,Toys,No,04-07-2024,1,"Received a damaged toys, had to return it.",1450.00
ORD005591,Raghav Pradhan,Sports Equipment,No,06-03-2025,2,"Not worth the price, expected better sports equipment.",13510.00
ORD005592,Yahvi Wadhwa,Clothes,No,20-05-2023,4,"Great clothes, exactly as described. Very happy with it.",1770.00
ORD005593,Zayyan Palan,Books,No,26-05-2025,5,"Excellent quality for the price, would buy books again.",1360.00
ORD005594,Rudra Ahuja,Furniture,No,20-09-2023,5,"Really satisfied, highly recommend this furniture.",3350.00
ORD005595,Akshay Ram,Shoes,No,15-05-2023,5,"Really satisfied, highly recommend this shoes.",6260.00
ORD005599,Vidhi Gaba,Books,No,15-10-2023,5,"Excellent quality for the price, would buy books again.",870.00
ORD005600,Sneha Magar,Kitchenware,No,07-12-2023,5,"Really satisfied, highly recommend this kitchenware.",4850.00
ORD005601,Anita Nayak,Groceries,Yes,15-01-2025,5,"Excellent quality for the price, would buy groceries again.",1200.00
ORD005602,Onkar Sarin,Beauty Products,Yes,08-08-2024,4,"Excellent quality for the price, would buy beauty products again.",730.00
ORD005604,Liam Solanki,Electronics,Yes,30-07-2023,4,"Excellent quality for the price, would buy electronics again.",37900.00
ORD005605,Tara Sur,Kitchenware,Yes,17-08-2023,2,"Not worth the price, expected better kitchenware.",1740.00
ORD005606,Kavya Sandhu,Sports Equipment,No,14-04-2023,4,"Fast delivery, sports equipment exceeded my expectations.",14010.00
ORD005607,Zansi Dixit,Groceries,No,27-02-2023,4,"Fast delivery, groceries exceeded my expectations.",1710.00
ORD005608,Manya Shere,Beauty Products,No,26-10-2025,5,"Fast delivery, beauty products exceeded my expectations.",2170.00
ORD005610,Amara Puri,Toys,No,29-11-2023,1,"Not worth the price, expected better toys.",2370.00
ORD005611,Vedhika Dhawan,Books,No,24-02-2023,4,"Really satisfied, highly recommend this books.",780.00
ORD005613,Elijah Raman,Groceries,No,18-03-2023,3,"Average groceries, packaging could be better.",410.00
ORD005615,Yashoda Mammen,Electronics,No,05-09-2023,5,"Excellent quality for the price, would buy electronics again.",33140.00
ORD005616,Omaja Badami,Furniture,No,20-05-2024,3,"The furniture is okay, does the job but nothing special.",3990.00
ORD005617,Frederick Solanki,Sports Equipment,No,17-05-2023,3,"Average sports equipment, packaging could be better.",1780.00
ORD005618,Kashvi Narula,Groceries,No,02-11-2025,4,"Really satisfied, highly recommend this groceries.",160.00
ORD005619,Zaitra Bajaj,Beauty Products,No,19-10-2025,2,"Not worth the price, expected better beauty products.",1100.00
ORD005620,Amaira Sarin,Groceries,No,08-10-2023,2,"Received a damaged groceries, had to return it.",1280.00
ORD005621,Jai Bhatia,Electronics,No,14-07-2023,4,"Really satisfied, highly recommend this electronics.",15340.00
ORD005622,Urmi Lad,Clothes,No,21-03-2023,2,"Not worth the price, expected better clothes.",380.00
ORD005623,Sanya Cherian,Electronics,No,01-07-2024,3,"The electronics is okay, does the job but nothing special.",35500.00
ORD005624,Bahadurjit Kant,Shoes,No,27-09-2025,3,"The shoes is okay, does the job but nothing special.",4410.00
ORD005625,Madhav Pandit,Clothes,Yes,10-07-2024,4,"Really satisfied, highly recommend this clothes.",300.00
ORD005626,Zaitra Bajaj,Clothes,Yes,16-06-2023,4,"Excellent quality for the price, would buy clothes again.",1660.00
ORD005627,Noah Sur,Groceries,No,10-03-2025,4,"Really satisfied, highly recommend this groceries.",1930.00
ORD005629,Charles Balay,Electronics,No,19-04-2025,5,"Fast delivery, electronics exceeded my expectations.",41250.00
ORD005632,Harshil Muni,Furniture,No,27-05-2024,4,"Fast delivery, furniture exceeded my expectations.",14700.00
ORD005633,Advaith Bhatti,Kitchenware,No,26-03-2024,4,"Excellent quality for the price, would buy kitchenware again.",1270.00
ORD005634,Saanvi Agarwal,Electronics,No,13-01-2025,5,"Great electronics, exactly as described. Very happy with it.",23330.00
ORD005635,Akshay Kohli,Electronics,No,01-07-2023,3,"The electronics is okay, does the job but nothing special.",47980.00
ORD005636,Vrishti Shroff,Furniture,No,17-12-2025,4,"Fast delivery, furniture exceeded my expectations.",13130.00
ORD005637,Qabil Lall,Groceries,No,20-09-2025,3,"Average groceries, packaging could be better.",1930.00
ORD005638,Vasudha Murty,Kitchenware,Yes,05-12-2023,4,"Really satisfied, highly recommend this kitchenware.",2850.00
ORD005641,Ayaan Krishnamurthy,Groceries,No,04-08-2024,3,"Average groceries, packaging could be better.",170.00
ORD005642,Nathaniel Narain,Sports Equipment,No,15-11-2024,5,"Really satisfied, highly recommend this sports equipment.",660.00
ORD005643,Pranit Vig,Sports Equipment,No,29-08-2023,3,"The sports equipment is okay, does the job but nothing special.",2720.00
ORD005644,Henry Narain,Kitchenware,No,22-02-2023,5,"Excellent quality for the price, would buy kitchenware again.",1360.00
ORD005645,Yauvani Gokhale,Shoes,No,14-04-2024,4,"Fast delivery, shoes exceeded my expectations.",6840.00
ORD005646,Triveni Pathak,Shoes,No,03-09-2025,4,"Great shoes, exactly as described. Very happy with it.",1410.00
ORD005648,Abha Ahuja,Furniture,No,03-03-2025,4,"Fast delivery, furniture exceeded my expectations.",35990.00
ORD005649,Yutika Bhagat,Electronics,No,03-10-2023,4,"Really satisfied, highly recommend this electronics.",57400.00
ORD005650,Pahal Krishnamurthy,Sports Equipment,No,22-11-2025,3,"The sports equipment is okay, does the job but nothing special.",6280.00
ORD005651,Baljiwan Chadha,Sports Equipment,No,18-01-2023,5,"Excellent quality for the price, would buy sports equipment again.",1490.00
ORD005652,Devansh Mital,Sports Equipment,No,08-08-2024,5,"Really satisfied, highly recommend this sports equipment.",6420.00
ORD005654,Yatin Balakrishnan,Groceries,Yes,14-04-2023,5,"Excellent quality for the price, would buy groceries again.",1490.00
ORD005656,Ronith Raman,Beauty Products,Yes,11-03-2024,5,"Great beauty products, exactly as described. Very happy with it.",2860.00
ORD005657,Vrishti Cherian,Groceries,No,13-11-2025,1,"Received a damaged groceries, had to return it.",860.00
ORD005658,Rishi Borde,Clothes,No,28-04-2024,3,"The clothes is okay, does the job but nothing special.",2700.00
ORD005659,Ranveer Soman,Shoes,No,27-11-2025,5,"Excellent quality for the price, would buy shoes again.",1330.00
ORD005660,Yochana Bal,Beauty Products,No,17-03-2023,4,"Great beauty products, exactly as described. Very happy with it.",1530.00
ORD005662,Varsha Sundaram,Groceries,Yes,30-03-2025,4,"Really satisfied, highly recommend this groceries.",670.00
ORD005663,Anika Rout,Sports Equipment,No,29-10-2025,5,"Fast delivery, sports equipment exceeded my expectations.",5580.00
ORD005664,Anusha Raja,Books,No,31-03-2023,4,"Excellent quality for the price, would buy books again.",430.00
ORD005665,Omisha Sood,Groceries,No,24-02-2024,3,"Average groceries, packaging could be better.",370.00
ORD005666,Rudra Ahuja,Kitchenware,No,07-02-2023,2,"Received a damaged kitchenware, had to return it.",3780.00
ORD005668,Naksh Krishna,Shoes,No,14-06-2024,5,"Fast delivery, shoes exceeded my expectations.",6980.00
ORD005669,Balveer Agarwal,Electronics,No,19-09-2024,2,"Not worth the price, expected better electronics.",42890.00
ORD005670,Upma Ganesan,Shoes,No,10-06-2024,5,"Fast delivery, shoes exceeded my expectations.",4490.00
ORD005671,William Khanna,Electronics,No,28-07-2024,3,"The electronics is okay, does the job but nothing special.",43540.00
ORD005673,Yashica Aurora,Shoes,No,05-12-2024,4,"Really satisfied, highly recommend this shoes.",3100.00
ORD005674,Vasudha Shah,Groceries,No,03-11-2023,2,"Received a damaged groceries, had to return it.",410.00
ORD005675,Vivaan More,Furniture,No,20-03-2024,4,"Excellent quality for the price, would buy furniture again.",47840.00
ORD005676,Aayush Andra,Shoes,No,11-03-2023,2,"Received a damaged shoes, had to return it.",5100.00
ORD005677,Aarav Anne,Shoes,No,18-02-2025,5,"Great shoes, exactly as described. Very happy with it.",6180.00
ORD005679,Ronith Raman,Clothes,No,11-08-2024,4,"Really satisfied, highly recommend this clothes.",2810.00
ORD005680,Leena Narula,Sports Equipment,No,22-04-2024,3,"The sports equipment is okay, does the job but nothing special.",13190.00
ORD005681,Ikbal Shankar,Beauty Products,No,18-08-2023,3,"The beauty products is okay, does the job but nothing special.",1610.00
ORD005682,Neel Sankar,Electronics,No,01-12-2024,3,"The electronics is okay, does the job but nothing special.",15630.00
ORD005684,Anjali Dasgupta,Books,Yes,03-01-2024,5,"Excellent quality for the price, would buy books again.",1360.00
ORD005687,Frado Joshi,Kitchenware,No,26-09-2025,4,"Excellent quality for the price, would buy kitchenware again.",1640.00
ORD005688,Jasmit Bahl,Books,No,16-02-2025,4,"Fast delivery, books exceeded my expectations.",920.00
ORD005690,Andrew Tiwari,Electronics,No,11-01-2024,2,"Received a damaged electronics, had to return it.",21110.00
ORD005694,Bahadurjit Banerjee,Electronics,No,08-12-2024,2,"Not worth the price, expected better electronics.",49100.00
ORD005695,Inaya Taneja,Sports Equipment,No,11-12-2023,5,"Fast delivery, sports equipment exceeded my expectations.",11580.00
ORD005697,Raagini Gade,Groceries,Yes,14-03-2025,1,"Disappointed with this groceries, quality is not good.",650.00
ORD005698,Kabir Krishnamurthy,Books,Yes,07-06-2024,4,"Really satisfied, highly recommend this books.",410.00
ORD005699,Zarna Peri,Clothes,No,14-06-2023,3,"The clothes is okay, does the job but nothing special.",1030.00
ORD005700,Tristan Bhavsar,Shoes,Yes,11-11-2025,4,"Great shoes, exactly as described. Very happy with it.",6470.00
ORD005701,Damini Salvi,Clothes,Yes,15-08-2023,5,"Fast delivery, clothes exceeded my expectations.",310.00
ORD005703,Saksham Mani,Books,No,23-08-2024,5,"Great books, exactly as described. Very happy with it.",1320.00
ORD005704,Lopa Mukhopadhyay,Toys,No,24-10-2023,4,"Fast delivery, toys exceeded my expectations.",1750.00
ORD005705,Vaishnavi Sachar,Beauty Products,No,04-11-2025,3,"The beauty products is okay, does the job but nothing special.",2470.00
ORD005706,Wakeeta Raval,Electronics,No,04-02-2023,5,"Fast delivery, electronics exceeded my expectations.",3120.00
ORD005707,Harsh Karan,Furniture,No,14-09-2025,3,"The furniture is okay, does the job but nothing special.",13430.00
ORD005708,Dhriti Lad,Clothes,No,17-01-2025,5,"Fast delivery, clothes exceeded my expectations.",2770.00
ORD005709,Rehaan Morar,Shoes,No,23-02-2024,2,"Not worth the price, expected better shoes.",3100.00
ORD005710,Madhavi Mann,Beauty Products,No,13-08-2023,3,"The beauty products is okay, does the job but nothing special.",2650.00
ORD005711,Abha Keer,Electronics,No,13-05-2025,4,"Fast delivery, electronics exceeded my expectations.",15480.00
ORD005712,Vidhi Gaba,Furniture,Yes,25-12-2023,2,"Not worth the price, expected better furniture.",43420.00
ORD005714,Daksha Kaul,Electronics,No,12-08-2025,3,"Average electronics, packaging could be better.",38060.00
ORD005715,Nicholas Choudhary,Beauty Products,No,22-09-2025,3,"Average beauty products, packaging could be better.",580.00
ORD005717,Oni Kibe,Clothes,No,29-08-2024,4,"Excellent quality for the price, would buy clothes again.",2330.00
ORD005718,Krisha Mutti,Books,No,29-09-2024,5,"Excellent quality for the price, would buy books again.",440.00
ORD005719,Aachal Lad,Kitchenware,No,25-04-2025,3,"The kitchenware is okay, does the job but nothing special.",2910.00
ORD005721,Leela Parmer,Clothes,No,09-08-2023,2,"Received a damaged clothes, had to return it.",620.00
ORD005722,Watika Wali,Groceries,No,20-08-2023,5,"Really satisfied, highly recommend this groceries.",540.00
ORD005725,Jhalak Sekhon,Kitchenware,No,01-05-2023,5,"Excellent quality for the price, would buy kitchenware again.",3040.00
ORD005727,Daksh Chaudhuri,Groceries,No,09-06-2024,4,"Great groceries, exactly as described. Very happy with it.",700.00
ORD005728,Ekani Sood,Toys,No,06-12-2023,5,"Great toys, exactly as described. Very happy with it.",840.00
ORD005729,Tripti Zachariah,Kitchenware,No,15-12-2023,4,"Really satisfied, highly recommend this kitchenware.",930.00
ORD005730,Urmi Sachdeva,Electronics,Yes,04-03-2025,5,"Really satisfied, highly recommend this electronics.",54850.00
ORD005732,Lakshmi Bhat,Kitchenware,No,19-11-2023,4,"Really satisfied, highly recommend this kitchenware.",2950.00
ORD005734,Amara Mitra,Electronics,No,30-04-2025,1,"Received a damaged electronics, had to return it.",30270.00
ORD005735,Ijaya Narain,Books,No,05-12-2023,5,"Great books, exactly as described. Very happy with it.",170.00
ORD005737,Dhruv Bandi,Electronics,No,01-08-2025,2,"Not worth the price, expected better electronics.",18380.00
ORD005738,Wishi Sharma,Electronics,No,17-04-2023,5,"Really satisfied, highly recommend this electronics.",14740.00
ORD005742,Jeet Setty,Furniture,No,25-01-2024,5,"Really satisfied, highly recommend this furniture.",17850.00
ORD005743,Jyoti Dhingra,Clothes,No,02-06-2024,4,"Great clothes, exactly as described. Very happy with it.",580.00
ORD005744,Adweta Nadig,Shoes,No,29-03-2025,4,"Great shoes, exactly as described. Very happy with it.",3370.00
ORD005746,Benjamin Ratta,Beauty Products,Yes,22-05-2025,5,"Great beauty products, exactly as described. Very happy with it.",1200.00
ORD005747,Turvi Khanna,Toys,No,13-01-2024,5,"Excellent quality for the price, would buy toys again.",590.00
ORD005749,Kashvi Narula,Sports Equipment,No,18-06-2023,1,"Received a damaged sports equipment, had to return it.",12100.00
ORD005750,Praneel Bajaj,Groceries,No,09-11-2023,4,"Excellent quality for the price, would buy groceries again.",50.00
ORD005751,Praneel Bajaj,Furniture,No,27-07-2024,4,"Excellent quality for the price, would buy furniture again.",4660.00
ORD005753,Frado Joshi,Sports Equipment,No,22-02-2024,4,"Great sports equipment, exactly as described. Very happy with it.",6620.00
ORD005754,Gautam Mishra,Furniture,No,18-04-2023,5,"Great furniture, exactly as described. Very happy with it.",30220.00
ORD005755,Hemani Aurora,Clothes,Yes,07-04-2025,4,"Excellent quality for the price, would buy clothes again.",2020.00
ORD005756,Nidhi Sekhon,Beauty Products,No,10-12-2023,4,"Really satisfied, highly recommend this beauty products.",830.00
ORD005757,Urvi Palla,Electronics,No,18-08-2025,5,"Really satisfied, highly recommend this electronics.",58970.00
ORD005758,Tejas Mani,Groceries,No,10-02-2023,5,"Fast delivery, groceries exceeded my expectations.",900.00
ORD005759,Charan Banerjee,Electronics,Yes,06-04-2025,5,"Really satisfied, highly recommend this electronics.",33310.00
ORD005761,Elijah Dalal,Books,No,15-11-2023,3,"The books is okay, does the job but nothing special.",920.00
ORD005762,Avi Sarkar,Clothes,No,13-08-2024,4,"Great clothes, exactly as described. Very happy with it.",1740.00
ORD005763,Ganga Handa,Beauty Products,No,10-03-2024,2,"Received a damaged beauty products, had to return it.",2390.00
ORD005764,Tripti Goyal,Furniture,No,31-08-2025,4,"Fast delivery, furniture exceeded my expectations.",26100.00
ORD005765,Isha Bhatnagar,Shoes,No,11-12-2023,4,"Excellent quality for the price, would buy shoes again.",1330.00
ORD005766,Ayush Bala,Groceries,No,25-01-2024,5,"Excellent quality for the price, would buy groceries again.",1750.00
ORD005767,Hiral Dua,Electronics,No,15-05-2025,5,"Really satisfied, highly recommend this electronics.",32420.00
ORD005768,Zayyan Wason,Beauty Products,Yes,21-03-2024,5,"Really satisfied, highly recommend this beauty products.",2520.00
ORD005769,Alexander Behl,Kitchenware,No,25-02-2023,4,"Great kitchenware, exactly as described. Very happy with it.",2050.00
ORD005770,Dayita Munshi,Electronics,No,13-11-2023,5,"Great electronics, exactly as described. Very happy with it.",11660.00
ORD005771,Megha Shroff,Toys,No,03-06-2024,4,"Excellent quality for the price, would buy toys again.",2000.00
ORD005772,Mekhala Gala,Furniture,Yes,11-09-2025,5,"Great furniture, exactly as described. Very happy with it.",6330.00
ORD005773,Vasudha Agarwal,Clothes,Yes,02-06-2023,5,"Great clothes, exactly as described. Very happy with it.",440.00
ORD005774,Ladli Kaur,Groceries,Yes,15-10-2023,2,"Disappointed with this groceries, quality is not good.",650.00
ORD005776,Upadhriti Menon,Clothes,No,16-03-2024,4,"Excellent quality for the price, would buy clothes again.",380.00
ORD005777,Watika Buch,Kitchenware,No,13-10-2024,4,"Fast delivery, kitchenware exceeded my expectations.",2810.00
ORD005779,Ayush Bala,Furniture,No,21-05-2023,5,"Really satisfied, highly recommend this furniture.",18610.00
ORD005780,Eshana Tiwari,Groceries,No,04-06-2025,4,"Great groceries, exactly as described. Very happy with it.",2000.00
ORD005782,Vivaan Seth,Groceries,No,15-07-2024,1,"Received a damaged groceries, had to return it.",260.00
ORD005783,Urmi Lad,Groceries,No,27-04-2024,4,"Excellent quality for the price, would buy groceries again.",200.00
ORD005785,Zayyan Wason,Sports Equipment,No,04-07-2024,1,"Received a damaged sports equipment, had to return it.",5900.00
ORD005786,Parth Jha,Electronics,No,16-06-2023,5,"Fast delivery, electronics exceeded my expectations.",12150.00
ORD005787,Qushi Pau,Sports Equipment,No,02-04-2023,4,"Great sports equipment, exactly as described. Very happy with it.",14850.00
ORD005788,Idika Singh,Groceries,No,13-12-2024,5,"Really satisfied, highly recommend this groceries.",820.00
ORD005790,Triya Pant,Groceries,No,14-07-2025,5,"Really satisfied, highly recommend this groceries.",380.00
ORD005791,Ekalinga Dave,Furniture,Yes,28-09-2025,4,"Great furniture, exactly as described. Very happy with it.",49470.00
ORD005792,Parth Hegde,Beauty Products,No,08-11-2023,4,"Excellent quality for the price, would buy beauty products again.",460.00
ORD005793,Ronith Raman,Kitchenware,No,27-06-2025,3,"Average kitchenware, packaging could be better.",4680.00
ORD005795,Zashil Bansal,Groceries,No,05-02-2025,5,"Fast delivery, groceries exceeded my expectations.",1980.00
ORD005796,Ikbal Ahuja,Electronics,No,04-01-2024,2,"Received a damaged electronics, had to return it.",59860.00
ORD005797,Alexander Behl,Books,No,21-02-2024,5,"Excellent quality for the price, would buy books again.",340.00
ORD005798,Jai Bhatia,Clothes,No,04-07-2024,5,"Great clothes, exactly as described. Very happy with it.",1680.00
ORD005799,Qasim Muni,Shoes,No,28-06-2023,5,"Great shoes, exactly as described. Very happy with it.",5360.00
ORD005801,Megha Shroff,Books,No,11-07-2023,4,"Fast delivery, books exceeded my expectations.",1410.00
ORD005802,Inaya Kalla,Groceries,Yes,12-10-2023,4,"Fast delivery, groceries exceeded my expectations.",1880.00
ORD005803,Ikbal Chhabra,Clothes,No,20-08-2025,3,"The clothes is okay, does the job but nothing special.",2280.00
ORD005804,Sneha Magar,Books,No,25-07-2023,5,"Great books, exactly as described. Very happy with it.",210.00
ORD005805,Inaya Sawhney,Kitchenware,No,09-11-2024,4,"Fast delivery, kitchenware exceeded my expectations.",3730.00
ORD005807,Ronith Nazareth,Electronics,No,01-05-2025,4,"Excellent quality for the price, would buy electronics again.",43840.00
ORD005808,Hitesh Prabhu,Kitchenware,No,27-06-2025,4,"Fast delivery, kitchenware exceeded my expectations.",1550.00
ORD005809,Damyanti Sahni,Furniture,No,31-08-2024,1,"Received a damaged furniture, had to return it.",41300.00
ORD005810,Kiaan Jayaraman,Clothes,No,17-04-2023,4,"Really satisfied, highly recommend this clothes.",2080.00
ORD005811,Faras Murthy,Furniture,No,26-01-2023,2,"Received a damaged furniture, had to return it.",11800.00
ORD005812,Pranav Saraf,Books,Yes,12-07-2025,5,"Excellent quality for the price, would buy books again.",260.00
ORD005813,Aarna Jaggi,Sports Equipment,No,26-02-2023,4,"Really satisfied, highly recommend this sports equipment.",1960.00
ORD005815,Krisha Ganguly,Groceries,No,24-05-2023,4,"Excellent quality for the price, would buy groceries again.",730.00
ORD005816,Vanya Yohannan,Kitchenware,No,03-09-2024,5,"Excellent quality for the price, would buy kitchenware again.",1880.00
ORD005817,Vincent Tara,Clothes,No,01-10-2023,2,"Not worth the price, expected better clothes.",1080.00
ORD005818,Gaurav Toor,Kitchenware,No,28-07-2024,5,"Great kitchenware, exactly as described. Very happy with it.",3550.00
ORD005819,Maanas Ratta,Electronics,No,01-07-2023,4,"Excellent quality for the price, would buy electronics again.",46690.00
ORD005821,Simon Mitter,Books,No,28-12-2025,5,"Excellent quality for the price, would buy books again.",1280.00
ORD005822,Yashvi Bahl,Toys,No,07-02-2024,5,"Fast delivery, toys exceeded my expectations.",2360.00
ORD005823,Bahadurjit Kant,Toys,No,22-02-2023,3,"Average toys, packaging could be better.",1240.00
ORD005824,Veda Muni,Electronics,No,21-06-2025,3,"Average electronics, packaging could be better.",44290.00
ORD005825,Azaan Roy,Electronics,No,04-09-2025,5,"Fast delivery, electronics exceeded my expectations.",19450.00
ORD005827,Maya Ramakrishnan,Clothes,Yes,23-09-2025,4,"Really satisfied, highly recommend this clothes.",1520.00
ORD005828,Aarnav Mand,Electronics,No,02-05-2023,2,"Not worth the price, expected better electronics.",16570.00
ORD005829,Lopa Narasimhan,Furniture,No,18-03-2024,4,"Great furniture, exactly as described. Very happy with it.",7780.00
ORD005830,Garima Agarwal,Books,No,04-07-2025,5,"Great books, exactly as described. Very happy with it.",250.00
ORD005831,Hritik Talwar,Clothes,No,08-10-2023,3,"The clothes is okay, does the job but nothing special.",1910.00
ORD005832,Jonathan Wali,Beauty Products,No,22-07-2024,5,"Excellent quality for the price, would buy beauty products again.",2490.00
ORD005833,Rishi Tara,Electronics,No,04-02-2024,5,"Fast delivery, electronics exceeded my expectations.",37020.00
ORD005834,Karan Kumar,Shoes,No,16-05-2025,1,"Not worth the price, expected better shoes.",7380.00
ORD005835,Ubika Bains,Groceries,No,02-02-2024,3,"Average groceries, packaging could be better.",1060.00
ORD005836,Nachiket Kota,Books,No,22-04-2024,2,"Not worth the price, expected better books.",460.00
ORD005837,Max Aurora,Furniture,No,18-04-2024,5,"Really satisfied, highly recommend this furniture.",5070.00
ORD005838,Oni Kibe,Groceries,No,17-04-2023,4,"Great groceries, exactly as described. Very happy with it.",790.00
ORD005841,Raghav Pradhan,Shoes,No,22-10-2025,4,"Excellent quality for the price, would buy shoes again.",530.00
ORD005842,Vamakshi Vala,Electronics,No,21-08-2024,3,"The electronics is okay, does the job but nothing special.",29020.00
ORD005843,Quincy Parsa,Shoes,Yes,30-08-2025,5,"Fast delivery, shoes exceeded my expectations.",1220.00
ORD005844,Yauvani Bhatt,Sports Equipment,No,03-08-2025,5,"Excellent quality for the price, would buy sports equipment again.",5120.00
ORD005845,Tripti Goyal,Electronics,No,13-08-2024,5,"Great electronics, exactly as described. Very happy with it.",54990.00
ORD005846,Abha Keer,Groceries,No,02-01-2026,4,"Really satisfied, highly recommend this groceries.",1400.00
ORD005848,Harsh Gala,Sports Equipment,No,10-03-2024,5,"Great sports equipment, exactly as described. Very happy with it.",10540.00
ORD005849,Bakhshi Shetty,Books,No,14-08-2024,3,"The books is okay, does the job but nothing special.",1380.00
ORD005850,Yochana Bal,Groceries,No,23-06-2025,5,"Great groceries, exactly as described. Very happy with it.",1030.00
ORD005851,Omya Boase,Books,No,18-01-2025,3,"Average books, packaging could be better.",560.00
ORD005852,Adweta Parsa,Groceries,No,05-02-2024,4,"Really satisfied, highly recommend this groceries.",250.00
ORD005853,Jai Bhatia,Shoes,No,02-05-2023,2,"Not worth the price, expected better shoes.",710.00
ORD005854,Madhav Pandit,Sports Equipment,No,06-12-2024,4,"Fast delivery, sports equipment exceeded my expectations.",3690.00
ORD005855,Gautam Mishra,Beauty Products,No,14-02-2024,5,"Great beauty products, exactly as described. Very happy with it.",850.00
ORD005856,Qushi Pau,Books,No,24-04-2023,5,"Great books, exactly as described. Very happy with it.",1460.00
ORD005857,Leena Chhabra,Electronics,No,15-07-2024,4,"Great electronics, exactly as described. Very happy with it.",20120.00
ORD005858,Isha Bhatnagar,Clothes,No,27-02-2024,4,"Fast delivery, clothes exceeded my expectations.",630.00
ORD005859,Anita Nayak,Kitchenware,No,08-06-2025,5,"Great kitchenware, exactly as described. Very happy with it.",4080.00
ORD005860,Manan Mahal,Furniture,No,26-10-2024,4,"Excellent quality for the price, would buy furniture again.",9070.00
ORD005861,Amruta Sehgal,Electronics,No,26-10-2025,5,"Great electronics, exactly as described. Very happy with it.",21210.00
ORD005862,Tripti Zachariah,Sports Equipment,No,25-01-2023,4,"Really satisfied, highly recommend this sports equipment.",13160.00
ORD005863,Atharv Madan,Electronics,No,13-04-2023,4,"Great electronics, exactly as described. Very happy with it.",27050.00
ORD005864,Farhan Mammen,Clothes,No,24-12-2024,3,"The clothes is okay, does the job but nothing special.",2230.00
ORD005865,Ishwar Wali,Clothes,No,02-05-2025,5,"Fast delivery, clothes exceeded my expectations.",2300.00
ORD005866,Vrishti Cherian,Furniture,No,24-11-2023,5,"Excellent quality for the price, would buy furniture again.",44820.00
ORD005867,Aayush Pall,Books,No,18-09-2025,5,"Excellent quality for the price, would buy books again.",690.00
ORD005868,Luke Arora,Toys,No,03-04-2023,4,"Excellent quality for the price, would buy toys again.",520.00
ORD005869,Falak Anne,Beauty Products,No,16-12-2024,5,"Great beauty products, exactly as described. Very happy with it.",2780.00
ORD005870,Neel Sankar,Electronics,No,07-09-2024,2,"Not worth the price, expected better electronics.",36660.00
ORD005871,Benjamin Deol,Sports Equipment,No,11-09-2025,4,"Fast delivery, sports equipment exceeded my expectations.",6650.00
ORD005872,Chameli Aggarwal,Furniture,No,26-05-2025,5,"Fast delivery, furniture exceeded my expectations.",13620.00
ORD005874,Azaan Pai,Beauty Products,No,27-07-2023,5,"Really satisfied, highly recommend this beauty products.",1670.00
ORD005876,Devika Parikh,Beauty Products,No,31-03-2023,4,"Great beauty products, exactly as described. Very happy with it.",1710.00
ORD005877,Baljiwan Chadha,Electronics,No,17-08-2023,4,"Really satisfied, highly recommend this electronics.",25210.00
ORD005878,Urvashi Suri,Shoes,No,27-10-2023,4,"Really satisfied, highly recommend this shoes.",2030.00
ORD005879,Rajeshri Kapadia,Groceries,No,21-08-2023,4,"Great groceries, exactly as described. Very happy with it.",960.00
ORD005880,Henry Puri,Groceries,No,16-06-2023,4,"Great groceries, exactly as described. Very happy with it.",140.00
ORD005881,Fitan Sodhi,Shoes,No,29-01-2023,5,"Fast delivery, shoes exceeded my expectations.",2660.00
ORD005882,Ekalinga Joshi,Groceries,No,22-03-2024,3,"The groceries is okay, does the job but nothing special.",950.00
ORD005883,Radhika Mahal,Books,No,09-12-2024,3,"Average books, packaging could be better.",1100.00
ORD005884,Azaan Roy,Beauty Products,No,03-02-2025,5,"Really satisfied, highly recommend this beauty products.",1230.00
ORD005885,Rajata Venkataraman,Clothes,No,13-01-2023,4,"Excellent quality for the price, would buy clothes again.",1220.00
ORD005886,Leena Ratta,Groceries,No,14-11-2023,4,"Great groceries, exactly as described. Very happy with it.",1760.00
ORD005887,Zayyan Palan,Beauty Products,Yes,03-11-2025,2,"Received a damaged beauty products, had to return it.",1250.00
ORD005888,Dipta Vaidya,Groceries,No,30-08-2025,5,"Fast delivery, groceries exceeded my expectations.",1200.00
ORD005889,Yug Rao,Electronics,No,22-08-2025,5,"Great electronics, exactly as described. Very happy with it.",5040.00
ORD005890,Mohammed Ramachandran,Electronics,No,12-09-2025,1,"Disappointed with this electronics, quality is not good.",10900.00
ORD005891,Timothy Bhatti,Groceries,No,02-09-2025,1,"Not worth the price, expected better groceries.",1590.00
ORD005892,Ishani Kapoor,Clothes,No,02-01-2026,3,"The clothes is okay, does the job but nothing special.",700.00
ORD005894,Harish Shetty,Toys,No,01-07-2023,5,"Fast delivery, toys exceeded my expectations.",500.00
ORD005895,Rayaan Malhotra,Groceries,No,12-01-2026,3,"The groceries is okay, does the job but nothing special.",1420.00
ORD005896,Indira Bhargava,Kitchenware,No,28-03-2025,3,"Average kitchenware, packaging could be better.",3020.00
ORD005898,Leena Narula,Groceries,No,26-02-2025,3,"Average groceries, packaging could be better.",1700.00
ORD005901,Ladli Yadav,Beauty Products,No,13-02-2025,5,"Great beauty products, exactly as described. Very happy with it.",2370.00
ORD005902,Praneel Bajaj,Beauty Products,No,19-01-2023,4,"Fast delivery, beauty products exceeded my expectations.",1840.00
ORD005904,Jagat Iyengar,Groceries,No,07-11-2024,5,"Fast delivery, groceries exceeded my expectations.",1600.00
ORD005905,Azaan Roy,Beauty Products,No,20-05-2023,4,"Excellent quality for the price, would buy beauty products again.",2560.00
ORD005906,Urvi Bhattacharyya,Sports Equipment,No,08-10-2024,3,"Average sports equipment, packaging could be better.",4030.00
ORD005908,Saksham Mani,Beauty Products,No,12-08-2024,4,"Excellent quality for the price, would buy beauty products again.",2420.00
ORD005909,Theodore Chandra,Books,No,10-06-2024,4,"Fast delivery, books exceeded my expectations.",270.00
ORD005910,Chaitanya Jani,Clothes,No,06-06-2024,3,"Average clothes, packaging could be better.",1880.00
ORD005911,Siddharth Sood,Clothes,No,02-10-2024,4,"Really satisfied, highly recommend this clothes.",2440.00
ORD005912,Alka Magar,Books,No,24-05-2025,1,"Received a damaged books, had to return it.",1010.00
ORD005913,Eiravati Khare,Beauty Products,No,23-08-2024,5,"Fast delivery, beauty products exceeded my expectations.",2340.00
ORD005914,Azaan Roy,Beauty Products,Yes,19-05-2023,4,"Fast delivery, beauty products exceeded my expectations.",2960.00
ORD005916,Jonathan Wali,Furniture,No,29-04-2025,4,"Really satisfied, highly recommend this furniture.",32620.00
ORD005917,Bakhshi Nagar,Furniture,No,06-04-2024,3,"The furniture is okay, does the job but nothing special.",39030.00
ORD005918,Urvi Bhattacharyya,Furniture,No,11-05-2025,2,"Not worth the price, expected better furniture.",16940.00
ORD005919,Ojasvi Parmer,Shoes,No,07-04-2024,4,"Great shoes, exactly as described. Very happy with it.",4400.00
ORD005921,Vaishnavi Dutt,Toys,Yes,16-08-2025,3,"The toys is okay, does the job but nothing special.",1370.00
ORD005922,Urmi Lad,Groceries,No,22-09-2025,5,"Excellent quality for the price, would buy groceries again.",210.00
ORD005923,Chanakya Mand,Kitchenware,No,13-09-2024,3,"The kitchenware is okay, does the job but nothing special.",3430.00
ORD005924,Aachal Thakkar,Books,No,25-01-2024,4,"Fast delivery, books exceeded my expectations.",220.00
ORD005926,Naveen Nagi,Clothes,No,03-11-2023,3,"Average clothes, packaging could be better.",2360.00
ORD005927,Ekapad Chander,Electronics,Yes,13-07-2023,4,"Great electronics, exactly as described. Very happy with it.",38430.00
ORD005929,Aayush Andra,Toys,No,04-05-2025,3,"Average toys, packaging could be better.",2270.00
ORD005930,Bahadurjit Kant,Groceries,No,22-08-2023,3,"The groceries is okay, does the job but nothing special.",1690.00
ORD005931,Bahadurjit Kant,Clothes,Yes,15-04-2025,5,"Really satisfied, highly recommend this clothes.",2640.00
ORD005932,Ishanvi Nagar,Beauty Products,Yes,11-07-2023,4,"Excellent quality for the price, would buy beauty products again.",2920.00
ORD005933,Tristan Ravel,Shoes,No,31-12-2024,4,"Great shoes, exactly as described. Very happy with it.",5580.00
ORD005934,Alka Srinivas,Clothes,Yes,26-06-2025,2,"Disappointed with this clothes, quality is not good.",900.00
ORD005935,Manya Shere,Groceries,No,15-02-2025,3,"The groceries is okay, does the job but nothing special.",300.00
ORD005937,Faras Garg,Furniture,No,05-06-2024,3,"Average furniture, packaging could be better.",30930.00
ORD005938,Champak Kuruvilla,Groceries,No,07-09-2025,4,"Excellent quality for the price, would buy groceries again.",400.00
ORD005939,Jhalak Sekhon,Books,No,08-03-2023,1,"Disappointed with this books, quality is not good.",490.00
ORD005941,Pratyush Madan,Electronics,Yes,15-06-2024,2,"Received a damaged electronics, had to return it.",14880.00
ORD005942,Inaya Taneja,Sports Equipment,No,13-09-2024,5,"Great sports equipment, exactly as described. Very happy with it.",13540.00
ORD005945,Yasti Mutti,Electronics,No,27-02-2023,3,"Average electronics, packaging could be better.",13630.00
ORD005946,Jasmit Bahl,Shoes,Yes,10-08-2025,3,"The shoes is okay, does the job but nothing special.",1530.00
ORD005947,Aarav Nagy,Electronics,No,30-05-2023,1,"Disappointed with this electronics, quality is not good.",3800.00
ORD005948,Riya Thaman,Books,No,28-12-2023,5,"Really satisfied, highly recommend this books.",1020.00
ORD005949,Sarthak Rai,Clothes,Yes,01-09-2025,4,"Really satisfied, highly recommend this clothes.",620.00
ORD005950,Amrita Sami,Furniture,No,28-11-2025,2,"Disappointed with this furniture, quality is not good.",46270.00
ORD005952,Yug Rao,Clothes,No,27-01-2023,3,"The clothes is okay, does the job but nothing special.",2080.00
ORD005953,Dayamai Kamdar,Groceries,No,17-04-2023,3,"The groceries is okay, does the job but nothing special.",460.00
ORD005954,Vivaan More,Toys,No,30-11-2025,3,"Average toys, packaging could be better.",2720.00
ORD005955,Abha Ahuja,Electronics,No,07-04-2024,5,"Excellent quality for the price, would buy electronics again.",10690.00
ORD005956,Eshana Dyal,Electronics,No,07-03-2024,4,"Great electronics, exactly as described. Very happy with it.",55660.00
ORD005957,Ekani Sood,Toys,No,06-02-2023,3,"The toys is okay, does the job but nothing special.",2590.00
ORD005959,Christopher Vasa,Groceries,No,18-04-2024,5,"Really satisfied, highly recommend this groceries.",580.00
ORD005960,Aishani Saini,Electronics,No,26-11-2023,5,"Great electronics, exactly as described. Very happy with it.",21950.00
ORD005963,Megha Shroff,Groceries,No,10-05-2024,3,"Average groceries, packaging could be better.",1920.00
ORD005964,Abha Keer,Electronics,Yes,21-12-2024,4,"Really satisfied, highly recommend this electronics.",48650.00
ORD005965,Hamsini Chandra,Clothes,No,28-06-2025,5,"Excellent quality for the price, would buy clothes again.",570.00
ORD005966,Chandani Datta,Kitchenware,No,09-10-2023,5,"Great kitchenware, exactly as described. Very happy with it.",910.00
ORD005968,Anika Palan,Furniture,Yes,16-01-2025,5,"Really satisfied, highly recommend this furniture.",26930.00
ORD005969,Hemani Aurora,Books,No,21-10-2023,3,"The books is okay, does the job but nothing special.",1290.00
ORD005970,Orinder Dhaliwal,Electronics,No,07-10-2023,5,"Great electronics, exactly as described. Very happy with it.",27040.00
ORD005971,Janaki Mistry,Clothes,No,07-09-2024,4,"Really satisfied, highly recommend this clothes.",2560.00
ORD005972,Jagat Iyengar,Furniture,No,19-08-2024,5,"Really satisfied, highly recommend this furniture.",22870.00
ORD005973,Frederick Solanki,Beauty Products,No,05-08-2024,5,"Excellent quality for the price, would buy beauty products again.",1280.00
ORD005974,Urmi Wali,Shoes,No,23-07-2024,5,"Excellent quality for the price, would buy shoes again.",4760.00
ORD005975,Bachittar Bala,Sports Equipment,No,24-02-2023,2,"Not worth the price, expected better sports equipment.",7810.00
ORD005976,Yahvi Soni,Furniture,No,27-10-2025,4,"Excellent quality for the price, would buy furniture again.",2310.00
ORD005978,Ishanvi Konda,Sports Equipment,No,05-01-2026,5,"Excellent quality for the price, would buy sports equipment again.",13190.00
ORD005979,Darsh Arya,Clothes,No,27-12-2024,5,"Excellent quality for the price, would buy clothes again.",2850.00
ORD005981,Yuvraj Grewal,Toys,No,13-01-2026,3,"Average toys, packaging could be better.",2560.00
ORD005982,Zayyan Dutt,Books,No,22-09-2023,3,"Average books, packaging could be better.",1220.00
ORD005983,Abha Ahuja,Toys,No,31-07-2023,4,"Really satisfied, highly recommend this toys.",1870.00
ORD005984,Zaid Sandal,Clothes,No,18-03-2025,4,"Really satisfied, highly recommend this clothes.",760.00
ORD005985,Meera Bajaj,Books,No,21-03-2025,5,"Great books, exactly as described. Very happy with it.",1000.00
ORD005986,Warda Ramaswamy,Shoes,No,22-01-2024,5,"Really satisfied, highly recommend this shoes.",1720.00
ORD005987,Hemangini Chad,Clothes,No,26-04-2023,3,"Average clothes, packaging could be better.",910.00
ORD005989,Bahadurjit Banerjee,Beauty Products,No,07-06-2023,5,"Great beauty products, exactly as described. Very happy with it.",2470.00
ORD005991,Jeet Setty,Shoes,No,10-05-2025,4,"Fast delivery, shoes exceeded my expectations.",5320.00
ORD005992,Sneha Nori,Sports Equipment,No,24-06-2025,4,"Fast delivery, sports equipment exceeded my expectations.",9850.00
ORD005993,Aishani Apte,Furniture,No,09-10-2025,4,"Great furniture, exactly as described. Very happy with it.",8070.00
ORD005994,Chaitanya Jani,Clothes,No,12-11-2025,2,"Not worth the price, expected better clothes.",730.00
ORD005995,Krisha Ganguly,Furniture,No,12-06-2024,4,"Excellent quality for the price, would buy furniture again.",38380.00
ORD005997,Aarna Jaggi,Furniture,No,29-09-2024,4,"Fast delivery, furniture exceeded my expectations.",8120.00
ORD005998,Owen Oommen,Electronics,No,02-05-2024,4,"Great electronics, exactly as described. Very happy with it.",52490.00
ORD005999,Amrita Sami,Groceries,No,07-09-2024,5,"Excellent quality for the price, would buy groceries again.",640.00
ORD006000,Banjeet Rege,Clothes,No,24-07-2023,5,"Great clothes, exactly as described. Very happy with it.",2490.00
ORD006001,Jyoti Oak,Kitchenware,No,25-12-2023,4,"Great kitchenware, exactly as described. Very happy with it.",3020.00
ORD006003,Jai Bhatia,Kitchenware,No,26-01-2025,1,"Not worth the price, expected better kitchenware.",3570.00
ORD006004,Yashoda Mammen,Books,No,28-08-2025,2,"Disappointed with this books, quality is not good.",690.00
ORD006005,Damyanti Bhakta,Beauty Products,No,08-11-2025,1,"Received a damaged beauty products, had to return it.",1720.00
ORD006006,Pranav Saraf,Toys,No,25-06-2025,4,"Really satisfied, highly recommend this toys.",2830.00
ORD006007,Mohammed Pau,Sports Equipment,No,29-06-2025,2,"Disappointed with this sports equipment, quality is not good.",8260.00
ORD006008,Hitesh Bhandari,Beauty Products,No,26-01-2024,3,"Average beauty products, packaging could be better.",2490.00
ORD006009,Timothy Bhandari,Clothes,No,13-10-2024,3,"The clothes is okay, does the job but nothing special.",2790.00
ORD006010,Chaitanya Bhatia,Furniture,No,21-10-2024,4,"Really satisfied, highly recommend this furniture.",32500.00
ORD006012,Sanya Shanker,Electronics,Yes,10-05-2025,2,"Not worth the price, expected better electronics.",3450.00
ORD006013,Darika Kala,Furniture,No,14-03-2024,4,"Fast delivery, furniture exceeded my expectations.",12780.00
ORD006015,Vidhi Gaba,Groceries,No,27-06-2025,4,"Really satisfied, highly recommend this groceries.",610.00
ORD006016,Eesha Ahluwalia,Books,No,11-03-2023,5,"Great books, exactly as described. Very happy with it.",980.00
ORD006017,Lipika Chadha,Beauty Products,No,16-01-2024,5,"Great beauty products, exactly as described. Very happy with it.",740.00
ORD006018,Kai Bassi,Toys,No,19-08-2025,5,"Fast delivery, toys exceeded my expectations.",2680.00
ORD006019,Janya Sankaran,Shoes,No,30-06-2025,5,"Excellent quality for the price, would buy shoes again.",5480.00
ORD006020,Nicholas Bhandari,Shoes,No,28-01-2023,4,"Fast delivery, shoes exceeded my expectations.",6080.00
ORD006021,Nidra Devan,Furniture,No,18-11-2023,5,"Excellent quality for the price, would buy furniture again.",46960.00
ORD006022,Wakeeta Tella,Electronics,No,02-01-2026,4,"Fast delivery, electronics exceeded my expectations.",27330.00
ORD006024,Saksham Mani,Electronics,No,21-10-2023,5,"Fast delivery, electronics exceeded my expectations.",3540.00
ORD006026,Tanay Sagar,Groceries,No,08-01-2025,3,"The groceries is okay, does the job but nothing special.",860.00
ORD006027,Chanakya Pillai,Groceries,No,24-01-2023,4,"Great groceries, exactly as described. Very happy with it.",1870.00
ORD006028,Vedhika Dhawan,Groceries,No,18-04-2024,3,"The groceries is okay, does the job but nothing special.",1850.00
ORD006029,Upma Ganesan,Electronics,No,18-05-2024,1,"Disappointed with this electronics, quality is not good.",22720.00
ORD006030,Rayaan Malhotra,Toys,No,18-06-2025,4,"Great toys, exactly as described. Very happy with it.",2980.00
ORD006031,Dhriti Lad,Electronics,No,05-10-2023,4,"Excellent quality for the price, would buy electronics again.",16570.00
ORD006033,Laksh Sani,Furniture,No,31-03-2024,5,"Really satisfied, highly recommend this furniture.",4730.00
ORD006034,Yashica Om,Groceries,No,14-11-2024,5,"Excellent quality for the price, would buy groceries again.",1580.00
ORD006035,Yutika Bhagat,Groceries,No,29-04-2025,4,"Excellent quality for the price, would buy groceries again.",1020.00
ORD006037,Gautami Sarin,Books,No,06-09-2025,4,"Excellent quality for the price, would buy books again.",700.00
ORD006038,Chakradev Bains,Shoes,No,15-04-2024,5,"Really satisfied, highly recommend this shoes.",7850.00
ORD006039,Owen Oommen,Shoes,No,05-12-2024,5,"Fast delivery, shoes exceeded my expectations.",3550.00
ORD006040,Maanav Madan,Furniture,No,10-03-2025,4,"Really satisfied, highly recommend this furniture.",2820.00
ORD006041,Dipta Shroff,Beauty Products,Yes,19-10-2025,5,"Great beauty products, exactly as described. Very happy with it.",1530.00
ORD006043,Ladli Kaur,Groceries,No,08-12-2023,5,"Really satisfied, highly recommend this groceries.",1720.00
ORD006044,Rudra Ahuja,Electronics,No,08-04-2025,4,"Great electronics, exactly as described. Very happy with it.",53010.00
ORD006045,Ijaya Dyal,Furniture,Yes,02-12-2024,2,"Disappointed with this furniture, quality is not good.",21360.00
ORD006047,Matthew Shroff,Books,No,23-04-2025,3,"The books is okay, does the job but nothing special.",790.00
ORD006048,Arjun Kaur,Electronics,No,12-03-2024,4,"Really satisfied, highly recommend this electronics.",19370.00
ORD006049,Ekiya Konda,Beauty Products,No,26-09-2023,4,"Really satisfied, highly recommend this beauty products.",2160.00
ORD006052,Chasmum Goyal,Groceries,No,04-06-2023,5,"Fast delivery, groceries exceeded my expectations.",1810.00
ORD006054,Chandran Rastogi,Clothes,No,24-03-2023,4,"Great clothes, exactly as described. Very happy with it.",700.00
ORD006055,Chakrika Kalla,Groceries,Yes,21-07-2023,5,"Great groceries, exactly as described. Very happy with it.",1830.00
ORD006056,Nandini Bhatia,Electronics,No,04-11-2024,5,"Great electronics, exactly as described. Very happy with it.",15940.00
ORD006057,Harrison Arya,Sports Equipment,No,11-04-2025,3,"The sports equipment is okay, does the job but nothing special.",2500.00
ORD006058,Ayushman Bahl,Groceries,No,06-10-2023,4,"Excellent quality for the price, would buy groceries again.",660.00
ORD006059,Ayush Bail,Groceries,No,25-12-2025,5,"Fast delivery, groceries exceeded my expectations.",1570.00
ORD006060,Jasmit Bahl,Toys,No,07-05-2025,4,"Really satisfied, highly recommend this toys.",1960.00
ORD006061,Tara Sur,Shoes,No,07-01-2025,2,"Not worth the price, expected better shoes.",6840.00
ORD006062,Imaran Hari,Books,No,08-03-2024,5,"Great books, exactly as described. Very happy with it.",810.00
ORD006063,Nandini Karan,Shoes,No,04-08-2023,4,"Really satisfied, highly recommend this shoes.",2710.00
ORD006064,Oscar Kaur,Sports Equipment,No,11-06-2023,3,"Average sports equipment, packaging could be better.",12240.00
ORD006065,Tristan Bhavsar,Furniture,No,05-10-2024,5,"Great furniture, exactly as described. Very happy with it.",28810.00
ORD006066,Vansha Deol,Furniture,Yes,08-10-2024,2,"Received a damaged furniture, had to return it.",41150.00
ORD006067,Riya Mutti,Books,No,07-10-2023,2,"Disappointed with this books, quality is not good.",1470.00
ORD006068,Ekani Sood,Clothes,No,14-11-2025,3,"Average clothes, packaging could be better.",660.00
ORD006070,Ucchal Virk,Furniture,Yes,08-08-2025,5,"Excellent quality for the price, would buy furniture again.",13820.00
ORD006071,Anusha Raja,Sports Equipment,No,27-04-2025,4,"Great sports equipment, exactly as described. Very happy with it.",7540.00
ORD006072,Henry Bora,Shoes,No,22-01-2023,4,"Really satisfied, highly recommend this shoes.",2230.00
ORD006073,Gautam Aurora,Shoes,Yes,15-07-2025,4,"Great shoes, exactly as described. Very happy with it.",7980.00
ORD006074,Siya Dhillon,Kitchenware,No,05-02-2023,3,"Average kitchenware, packaging could be better.",3540.00
ORD006075,Harinakshi Sahni,Groceries,No,23-09-2024,2,"Received a damaged groceries, had to return it.",1570.00
ORD006076,Megha Shroff,Beauty Products,No,13-02-2024,5,"Really satisfied, highly recommend this beauty products.",2130.00
ORD006077,Radhika Mahal,Shoes,No,04-07-2025,5,"Really satisfied, highly recommend this shoes.",6720.00
ORD006078,Benjamin Barad,Clothes,No,01-07-2024,5,"Fast delivery, clothes exceeded my expectations.",2410.00
ORD006079,Parth Jha,Clothes,No,18-06-2025,4,"Really satisfied, highly recommend this clothes.",1830.00
ORD006081,Upadhriti Menon,Clothes,No,25-02-2025,4,"Really satisfied, highly recommend this clothes.",530.00
ORD006082,Arunima Parsa,Beauty Products,No,02-01-2026,4,"Fast delivery, beauty products exceeded my expectations.",2260.00
ORD006083,Dominic Som,Kitchenware,No,12-03-2024,5,"Excellent quality for the price, would buy kitchenware again.",1500.00
ORD006084,Triveni Mallick,Groceries,No,10-06-2023,5,"Excellent quality for the price, would buy groceries again.",180.00
ORD006085,Ladli Yadav,Sports Equipment,No,29-07-2023,4,"Really satisfied, highly recommend this sports equipment.",5400.00
ORD006086,Urmi Sachdeva,Groceries,Yes,26-09-2023,5,"Fast delivery, groceries exceeded my expectations.",1500.00
ORD006087,Chandran Datta,Groceries,No,01-12-2023,5,"Great groceries, exactly as described. Very happy with it.",1090.00
ORD006088,Bakhshi Shetty,Furniture,No,09-06-2023,5,"Excellent quality for the price, would buy furniture again.",27940.00
ORD006089,Arjun Kaur,Electronics,No,07-01-2025,4,"Fast delivery, electronics exceeded my expectations.",9890.00
ORD006090,Vivaan Grewal,Books,No,31-10-2024,1,"Not worth the price, expected better books.",1220.00
ORD006091,Maanav Madan,Clothes,No,11-07-2024,4,"Really satisfied, highly recommend this clothes.",2630.00
ORD006092,Warda Ramaswamy,Sports Equipment,Yes,13-08-2025,3,"The sports equipment is okay, does the job but nothing special.",770.00
ORD006093,Aayush Andra,Sports Equipment,No,16-01-2024,3,"Average sports equipment, packaging could be better.",3150.00
ORD006094,Luke Arora,Books,No,13-07-2025,3,"Average books, packaging could be better.",540.00
ORD006095,Vasudha Agarwal,Sports Equipment,No,06-11-2025,5,"Really satisfied, highly recommend this sports equipment.",14640.00
ORD006096,Henry Bora,Toys,Yes,22-02-2025,5,"Excellent quality for the price, would buy toys again.",970.00
ORD006100,Aayush Parekh,Electronics,No,12-11-2025,2,"Received a damaged electronics, had to return it.",55850.00
ORD006101,Vincent Tara,Beauty Products,No,28-12-2025,5,"Excellent quality for the price, would buy beauty products again.",390.00
ORD006102,Wishi Sharma,Kitchenware,No,13-04-2024,4,"Fast delivery, kitchenware exceeded my expectations.",2240.00
ORD006103,Tanay Lal,Beauty Products,No,12-12-2023,5,"Really satisfied, highly recommend this beauty products.",280.00
ORD006104,Rayaan Malhotra,Groceries,No,04-05-2024,2,"Disappointed with this groceries, quality is not good.",980.00
ORD006105,Hamsini Bhatia,Electronics,No,13-05-2025,5,"Excellent quality for the price, would buy electronics again.",4310.00
ORD006106,Frederick Patil,Clothes,Yes,26-11-2025,5,"Fast delivery, clothes exceeded my expectations.",1780.00
ORD006107,Faras Garg,Electronics,No,16-06-2023,5,"Great electronics, exactly as described. Very happy with it.",47180.00
ORD006108,Champak Kuruvilla,Groceries,No,30-12-2024,5,"Fast delivery, groceries exceeded my expectations.",460.00
ORD006110,Yug Rao,Toys,No,26-07-2023,4,"Excellent quality for the price, would buy toys again.",1270.00
ORD006111,Chameli Aggarwal,Sports Equipment,No,16-11-2024,1,"Disappointed with this sports equipment, quality is not good.",6340.00
ORD006112,Megha Shroff,Clothes,No,05-12-2023,2,"Received a damaged clothes, had to return it.",2200.00
ORD006113,Harrison Shan,Kitchenware,No,26-06-2023,4,"Fast delivery, kitchenware exceeded my expectations.",4340.00
ORD006114,Urmi Sachdeva,Electronics,Yes,04-09-2024,5,"Fast delivery, electronics exceeded my expectations.",27010.00
ORD006115,Megha Shroff,Books,No,14-10-2024,4,"Really satisfied, highly recommend this books.",1450.00
ORD006116,Liam Solanki,Sports Equipment,No,23-05-2023,5,"Really satisfied, highly recommend this sports equipment.",2330.00
ORD006120,Triveni Pathak,Electronics,No,17-11-2024,4,"Great electronics, exactly as described. Very happy with it.",45640.00
ORD006121,Jagdish Ganesh,Electronics,No,06-06-2024,4,"Really satisfied, highly recommend this electronics.",3000.00
ORD006123,Alka Srinivas,Beauty Products,No,04-11-2023,5,"Excellent quality for the price, would buy beauty products again.",1140.00
ORD006124,Gaurika Ganesh,Groceries,No,13-07-2024,4,"Really satisfied, highly recommend this groceries.",810.00
ORD006125,Dev Bhasin,Shoes,No,29-11-2023,5,"Great shoes, exactly as described. Very happy with it.",4500.00
ORD006126,Nisha Koshy,Electronics,No,08-02-2023,5,"Great electronics, exactly as described. Very happy with it.",39930.00
ORD006127,Liam Solanki,Sports Equipment,No,13-10-2025,3,"Average sports equipment, packaging could be better.",7610.00
ORD006128,Wakeeta Raja,Books,No,27-02-2025,3,"The books is okay, does the job but nothing special.",510.00
ORD006130,Hitesh Bhandari,Clothes,No,07-02-2025,5,"Fast delivery, clothes exceeded my expectations.",2240.00
ORD006131,Maanav Chad,Groceries,No,24-10-2024,5,"Really satisfied, highly recommend this groceries.",1250.00
ORD006132,Neel Sankar,Clothes,No,28-01-2023,5,"Really satisfied, highly recommend this clothes.",2560.00
ORD006133,Benjamin Deol,Toys,No,23-07-2023,5,"Great toys, exactly as described. Very happy with it.",1580.00
ORD006134,Gautam Ravi,Books,No,08-05-2023,5,"Fast delivery, books exceeded my expectations.",860.00
ORD006135,Brinda Mammen,Toys,No,24-01-2023,4,"Great toys, exactly as described. Very happy with it.",820.00
ORD006138,Raagini Bhagat,Books,No,20-11-2024,3,"The books is okay, does the job but nothing special.",680.00
ORD006139,Finn Dugal,Shoes,No,02-05-2025,2,"Received a damaged shoes, had to return it.",6630.00
ORD006140,Ranbir Kala,Clothes,No,25-07-2025,3,"Average clothes, packaging could be better.",670.00
ORD006141,Vihaan Date,Clothes,No,19-06-2023,3,"The clothes is okay, does the job but nothing special.",1470.00
ORD006143,Harrison Rana,Kitchenware,No,30-11-2024,3,"Average kitchenware, packaging could be better.",420.00
ORD006144,Kabir Krishnamurthy,Electronics,No,24-11-2025,4,"Excellent quality for the price, would buy electronics again.",26330.00
ORD006145,Gaurav Toor,Shoes,No,16-03-2023,5,"Great shoes, exactly as described. Very happy with it.",900.00
ORD006147,Ronith Raman,Toys,No,09-01-2026,5,"Great toys, exactly as described. Very happy with it.",820.00
ORD006149,Jairaj Memon,Kitchenware,No,28-07-2024,3,"The kitchenware is okay, does the job but nothing special.",4890.00
ORD006150,Jonathan Wali,Furniture,No,19-12-2024,4,"Excellent quality for the price, would buy furniture again.",15540.00
ORD006151,Manthan Yadav,Electronics,Yes,17-07-2025,4,"Fast delivery, electronics exceeded my expectations.",57170.00
ORD006152,Ishanvi Nagar,Electronics,No,19-06-2025,4,"Great electronics, exactly as described. Very happy with it.",15500.00
ORD006153,Henry Bora,Kitchenware,No,10-11-2024,5,"Excellent quality for the price, would buy kitchenware again.",2040.00
ORD006154,Kala Vig,Toys,No,17-05-2025,5,"Fast delivery, toys exceeded my expectations.",2920.00
ORD006155,Oscar Kaur,Kitchenware,No,14-04-2024,5,"Excellent quality for the price, would buy kitchenware again.",1890.00
ORD006156,Praneel Bajaj,Sports Equipment,No,03-03-2025,5,"Fast delivery, sports equipment exceeded my expectations.",4710.00
ORD006157,Mekhala Gala,Groceries,No,30-12-2025,3,"Average groceries, packaging could be better.",1380.00
ORD006158,Aayush Parekh,Clothes,No,19-03-2025,3,"Average clothes, packaging could be better.",1980.00
ORD006161,Tanay Sagar,Groceries,No,04-05-2025,5,"Really satisfied, highly recommend this groceries.",1100.00
ORD006162,Aradhana Golla,Books,No,21-09-2025,3,"The books is okay, does the job but nothing special.",190.00
ORD006163,Bina Varty,Sports Equipment,No,09-02-2023,2,"Not worth the price, expected better sports equipment.",14470.00
ORD006164,Lakshmi Bhat,Shoes,No,29-11-2023,1,"Received a damaged shoes, had to return it.",6890.00
ORD006165,Neelima Chad,Sports Equipment,No,22-09-2023,4,"Excellent quality for the price, would buy sports equipment again.",12880.00
ORD006167,Radhika Mahal,Toys,No,07-05-2023,4,"Really satisfied, highly recommend this toys.",2940.00
ORD006168,Advik Hegde,Beauty Products,No,22-05-2023,4,"Really satisfied, highly recommend this beauty products.",190.00
ORD006169,Vamakshi Vala,Groceries,Yes,28-08-2024,3,"Average groceries, packaging could be better.",1020.00
ORD006170,Pooja Chatterjee,Kitchenware,No,28-04-2023,5,"Great kitchenware, exactly as described. Very happy with it.",1280.00
ORD006171,Ayaan Bhatnagar,Groceries,No,16-04-2025,2,"Received a damaged groceries, had to return it.",1380.00
ORD006172,Urvashi Suri,Electronics,No,23-07-2024,5,"Really satisfied, highly recommend this electronics.",12350.00
ORD006173,Pranit Kohli,Electronics,No,11-09-2024,4,"Excellent quality for the price, would buy electronics again.",40400.00
ORD006174,Warda Doctor,Shoes,No,05-07-2024,5,"Great shoes, exactly as described. Very happy with it.",7060.00
ORD006176,Theodore Chandra,Beauty Products,No,18-05-2024,5,"Really satisfied, highly recommend this beauty products.",180.00
ORD006178,Vrishti Cherian,Clothes,No,10-06-2023,5,"Really satisfied, highly recommend this clothes.",1220.00
ORD006179,Brinda Thaker,Electronics,No,23-03-2023,4,"Excellent quality for the price, would buy electronics again.",17540.00
ORD006180,Banjeet De,Books,No,25-11-2024,5,"Great books, exactly as described. Very happy with it.",1400.00
ORD006182,Vedhika Dhawan,Kitchenware,No,12-07-2023,2,"Not worth the price, expected better kitchenware.",2700.00
ORD006183,Qabil Lall,Toys,No,24-12-2024,5,"Fast delivery, toys exceeded my expectations.",2780.00
ORD006185,Vivaan Grewal,Electronics,No,19-08-2024,2,"Disappointed with this electronics, quality is not good.",19050.00
ORD006186,Dayita Munshi,Toys,Yes,25-02-2023,4,"Fast delivery, toys exceeded my expectations.",1880.00
ORD006187,Ryan Venkataraman,Groceries,No,16-05-2025,4,"Excellent quality for the price, would buy groceries again.",1880.00
ORD006188,Dominic Som,Beauty Products,No,15-04-2025,4,"Fast delivery, beauty products exceeded my expectations.",1690.00
ORD006190,Maanas Ratta,Clothes,No,18-09-2024,4,"Fast delivery, clothes exceeded my expectations.",1730.00
ORD006191,Vivaan Sood,Toys,No,03-12-2023,4,"Really satisfied, highly recommend this toys.",2030.00
ORD006192,Azaan Roy,Electronics,No,23-09-2023,5,"Really satisfied, highly recommend this electronics.",17510.00
ORD006194,Samaksh Sem,Sports Equipment,No,03-09-2025,2,"Received a damaged sports equipment, had to return it.",3880.00
ORD006195,Aarnav Pant,Groceries,No,28-03-2023,4,"Excellent quality for the price, would buy groceries again.",1000.00
ORD006196,Tanay Sagar,Books,No,03-01-2024,4,"Great books, exactly as described. Very happy with it.",770.00
ORD006197,Siddharth Sood,Clothes,No,20-03-2025,4,"Excellent quality for the price, would buy clothes again.",2430.00
ORD006198,Tanvi Ghosh,Groceries,No,06-06-2023,4,"Great groceries, exactly as described. Very happy with it.",1740.00
ORD006199,Kamala Keer,Clothes,Yes,20-12-2024,4,"Really satisfied, highly recommend this clothes.",2850.00
ORD006200,Aishani Apte,Kitchenware,No,03-10-2025,1,"Received a damaged kitchenware, had to return it.",3450.00
ORD006201,Harish Shetty,Sports Equipment,No,04-09-2025,5,"Really satisfied, highly recommend this sports equipment.",9880.00
ORD006203,Advik Hegde,Groceries,No,10-02-2024,4,"Excellent quality for the price, would buy groceries again.",260.00
ORD006204,Maanas Swamy,Toys,No,24-10-2025,5,"Excellent quality for the price, would buy toys again.",180.00
ORD006205,Dayamai Kamdar,Books,No,10-03-2024,3,"The books is okay, does the job but nothing special.",1200.00
ORD006206,Samar Ahuja,Groceries,No,08-11-2024,4,"Really satisfied, highly recommend this groceries.",1410.00
ORD006207,Falak Gulati,Electronics,No,14-12-2023,5,"Great electronics, exactly as described. Very happy with it.",56260.00
ORD006208,Alka Chopra,Furniture,No,20-02-2024,4,"Fast delivery, furniture exceeded my expectations.",26020.00
ORD006209,Liam Solanki,Sports Equipment,No,17-05-2025,5,"Really satisfied, highly recommend this sports equipment.",9500.00
ORD006210,Devika Parikh,Sports Equipment,No,06-06-2024,4,"Excellent quality for the price, would buy sports equipment again.",10910.00
ORD006211,Maanav Chad,Groceries,No,29-03-2023,5,"Really satisfied, highly recommend this groceries.",1270.00
ORD006212,Mekhala Gala,Books,No,08-12-2025,2,"Disappointed with this books, quality is not good.",1400.00
ORD006213,Bachittar Bala,Electronics,Yes,02-09-2025,5,"Excellent quality for the price, would buy electronics again.",19520.00
ORD006215,Oscar Kaur,Furniture,No,19-05-2025,5,"Excellent quality for the price, would buy furniture again.",21060.00
ORD006216,Sarthak Rai,Shoes,No,08-05-2025,5,"Really satisfied, highly recommend this shoes.",6100.00
ORD006217,Henry Puri,Electronics,No,10-10-2024,1,"Disappointed with this electronics, quality is not good.",8080.00
ORD006218,Keya Sarkar,Clothes,No,28-01-2024,5,"Great clothes, exactly as described. Very happy with it.",2270.00
ORD006220,Joshua Bali,Books,Yes,01-02-2023,5,"Really satisfied, highly recommend this books.",280.00
ORD006221,Chanchal Sastry,Books,No,01-02-2025,5,"Fast delivery, books exceeded my expectations.",840.00
ORD006222,Triveni Gaba,Clothes,No,17-02-2025,3,"Average clothes, packaging could be better.",1430.00
ORD006223,Triya Pant,Groceries,No,27-08-2025,5,"Really satisfied, highly recommend this groceries.",1360.00
ORD006225,Rachana Muni,Shoes,Yes,16-04-2024,5,"Fast delivery, shoes exceeded my expectations.",3160.00
ORD006226,Girish Rattan,Shoes,No,25-01-2024,4,"Excellent quality for the price, would buy shoes again.",7560.00
ORD006228,Gagan Tandon,Clothes,No,06-10-2023,5,"Fast delivery, clothes exceeded my expectations.",1430.00
ORD006230,Reyansh Kohli,Clothes,No,05-02-2024,4,"Great clothes, exactly as described. Very happy with it.",1370.00
ORD006231,Imaran Hari,Shoes,Yes,26-10-2025,4,"Really satisfied, highly recommend this shoes.",5870.00
ORD006233,Sneha Nori,Books,No,08-04-2024,5,"Fast delivery, books exceeded my expectations.",1480.00
ORD006234,Kavya Sandhu,Electronics,No,01-06-2024,2,"Received a damaged electronics, had to return it.",20580.00
ORD006235,Maanas Babu,Beauty Products,No,28-07-2024,5,"Excellent quality for the price, would buy beauty products again.",920.00
ORD006236,Falan Chana,Shoes,No,28-02-2023,3,"Average shoes, packaging could be better.",1730.00
ORD006237,Chandresh Bahl,Books,No,13-07-2023,5,"Excellent quality for the price, would buy books again.",1210.00
ORD006238,Triya Pant,Furniture,No,07-06-2024,5,"Excellent quality for the price, would buy furniture again.",17250.00
ORD006239,Zansi Dixit,Electronics,No,23-06-2023,4,"Great electronics, exactly as described. Very happy with it.",59960.00
ORD006240,Zashil Chaudhuri,Clothes,No,10-12-2025,5,"Great clothes, exactly as described. Very happy with it.",530.00
ORD006242,Timothy Lanka,Toys,No,09-04-2025,3,"The toys is okay, does the job but nothing special.",2610.00
ORD006244,Ekapad Chander,Kitchenware,No,15-08-2023,4,"Really satisfied, highly recommend this kitchenware.",3510.00
ORD006245,William Khanna,Kitchenware,No,07-06-2023,5,"Really satisfied, highly recommend this kitchenware.",2820.00
ORD006246,Mitesh Varghese,Clothes,No,02-06-2025,5,"Excellent quality for the price, would buy clothes again.",870.00
ORD006247,Advik Hegde,Clothes,Yes,28-10-2023,5,"Excellent quality for the price, would buy clothes again.",400.00
ORD006248,Riya Mutti,Toys,No,11-06-2024,5,"Excellent quality for the price, would buy toys again.",2830.00
ORD006251,Hamsini Rao,Groceries,No,10-06-2025,2,"Disappointed with this groceries, quality is not good.",1070.00
ORD006252,Chavvi Rattan,Books,No,14-01-2024,4,"Excellent quality for the price, would buy books again.",760.00
ORD006254,Ijaya Narain,Furniture,No,27-10-2024,5,"Great furniture, exactly as described. Very happy with it.",18500.00
ORD006255,Zehaan Devan,Kitchenware,No,02-11-2025,4,"Excellent quality for the price, would buy kitchenware again.",3630.00
ORD006256,Kiaan Arora,Beauty Products,No,28-02-2025,5,"Really satisfied, highly recommend this beauty products.",1810.00
ORD006258,Vincent Tara,Books,No,04-12-2025,4,"Great books, exactly as described. Very happy with it.",940.00
ORD006260,Theodore Chandra,Sports Equipment,No,04-06-2023,3,"Average sports equipment, packaging could be better.",12370.00
ORD006261,Aishani Saini,Groceries,No,13-01-2024,1,"Received a damaged groceries, had to return it.",120.00
ORD006263,Tanay Sagar,Groceries,No,12-07-2025,5,"Great groceries, exactly as described. Very happy with it.",1240.00
ORD006264,Saumya Ratti,Shoes,No,30-09-2025,5,"Great shoes, exactly as described. Very happy with it.",6300.00
ORD006265,Logan Sekhon,Electronics,No,29-04-2025,4,"Fast delivery, electronics exceeded my expectations.",38490.00
ORD006266,Xiti Puri,Electronics,Yes,07-09-2024,4,"Excellent quality for the price, would buy electronics again.",54480.00
ORD006267,Baghyawati Guha,Sports Equipment,No,21-01-2024,3,"The sports equipment is okay, does the job but nothing special.",3410.00
ORD006268,Omya Boase,Clothes,No,23-10-2023,4,"Great clothes, exactly as described. Very happy with it.",1700.00
ORD006269,Yauvani Gokhale,Toys,No,24-03-2023,3,"The toys is okay, does the job but nothing special.",1060.00
ORD006270,Timothy Lanka,Clothes,No,17-12-2023,3,"The clothes is okay, does the job but nothing special.",2490.00
ORD006271,Ekapad Chander,Electronics,No,20-06-2025,3,"The electronics is okay, does the job but nothing special.",42830.00
ORD006274,Vaishnavi Sachar,Groceries,No,12-11-2023,4,"Excellent quality for the price, would buy groceries again.",1660.00
ORD006275,Matthew Shroff,Clothes,Yes,03-07-2024,3,"Average clothes, packaging could be better.",2250.00
ORD006276,Theodore Chandra,Groceries,No,10-07-2025,5,"Excellent quality for the price, would buy groceries again.",1910.00
ORD006277,Xavier Sani,Electronics,No,01-08-2023,4,"Fast delivery, electronics exceeded my expectations.",45030.00
ORD006279,Naksh Sampath,Sports Equipment,No,10-09-2023,5,"Really satisfied, highly recommend this sports equipment.",6170.00
ORD006280,Ati Loyal,Sports Equipment,No,12-03-2023,4,"Great sports equipment, exactly as described. Very happy with it.",8610.00
ORD006281,Gautam Mishra,Groceries,No,12-02-2024,3,"The groceries is okay, does the job but nothing special.",660.00
ORD006282,Ekalinga Joshi,Clothes,No,21-09-2023,3,"Average clothes, packaging could be better.",1000.00
ORD006283,Januja Bal,Books,No,04-07-2024,2,"Not worth the price, expected better books.",1500.00
ORD006285,Hardik Kalla,Shoes,No,02-07-2023,4,"Excellent quality for the price, would buy shoes again.",7680.00
ORD006287,Idika Bhagat,Shoes,No,19-05-2024,4,"Great shoes, exactly as described. Very happy with it.",5070.00
ORD006288,Qasim Muni,Kitchenware,Yes,04-04-2025,5,"Really satisfied, highly recommend this kitchenware.",1680.00
ORD006289,Raagini Bhagat,Electronics,No,07-11-2024,5,"Great electronics, exactly as described. Very happy with it.",20250.00
ORD006290,Rishi Borde,Electronics,No,13-04-2025,2,"Received a damaged electronics, had to return it.",7400.00
ORD006291,Baghyawati Guha,Clothes,Yes,03-04-2023,4,"Excellent quality for the price, would buy clothes again.",2230.00
ORD006292,Timothy Bhatti,Books,No,16-05-2023,4,"Fast delivery, books exceeded my expectations.",410.00
ORD006294,Kashvi Narula,Books,No,09-07-2024,5,"Really satisfied, highly recommend this books.",680.00
ORD006295,Chavvi Rattan,Groceries,No,26-02-2025,4,"Fast delivery, groceries exceeded my expectations.",1540.00
ORD006297,Inaya Kalla,Shoes,Yes,19-07-2025,3,"The shoes is okay, does the job but nothing special.",7120.00
ORD006299,Idika Bhagat,Beauty Products,No,09-10-2024,4,"Great beauty products, exactly as described. Very happy with it.",2440.00
ORD006301,Aachal Thakkar,Shoes,No,21-03-2024,4,"Great shoes, exactly as described. Very happy with it.",6750.00
ORD006303,Utkarsh Din,Shoes,No,25-06-2023,1,"Disappointed with this shoes, quality is not good.",7980.00
ORD006304,Kiaan Arora,Books,No,12-07-2025,5,"Excellent quality for the price, would buy books again.",520.00
ORD006306,Dayita Sehgal,Beauty Products,Yes,30-12-2025,4,"Really satisfied, highly recommend this beauty products.",2930.00
ORD006307,Aachal Lad,Electronics,No,07-11-2024,3,"The electronics is okay, does the job but nothing special.",59950.00
ORD006308,Yashica Om,Beauty Products,No,19-04-2025,3,"Average beauty products, packaging could be better.",1520.00
ORD006310,Zehaan Devan,Clothes,No,13-04-2024,1,"Disappointed with this clothes, quality is not good.",2980.00
ORD006312,Nathaniel Bhardwaj,Electronics,No,31-01-2024,4,"Fast delivery, electronics exceeded my expectations.",6850.00
ORD006313,Frado Raj,Groceries,Yes,02-09-2023,5,"Excellent quality for the price, would buy groceries again.",500.00
ORD006315,Timothy Bhandari,Books,No,27-12-2025,4,"Fast delivery, books exceeded my expectations.",880.00
ORD006316,Raagini Gade,Groceries,No,11-05-2024,4,"Great groceries, exactly as described. Very happy with it.",510.00
ORD006317,Warda Ramaswamy,Books,No,13-02-2023,2,"Received a damaged books, had to return it.",780.00
ORD006318,Akshay Kohli,Furniture,No,12-10-2025,3,"Average furniture, packaging could be better.",29060.00
ORD006319,Qabil Lall,Electronics,No,29-10-2025,5,"Fast delivery, electronics exceeded my expectations.",52650.00
ORD006323,Aachal Andra,Beauty Products,No,08-07-2024,5,"Fast delivery, beauty products exceeded my expectations.",1510.00
ORD006324,Vaishnavi Sachar,Electronics,No,27-12-2025,5,"Really satisfied, highly recommend this electronics.",25360.00
ORD006325,Ayush Bala,Electronics,No,25-07-2024,1,"Not worth the price, expected better electronics.",18080.00
ORD006327,Zaitra Bajaj,Electronics,No,14-01-2024,5,"Really satisfied, highly recommend this electronics.",39370.00
ORD006328,Baljiwan Chadha,Electronics,No,09-03-2025,4,"Great electronics, exactly as described. Very happy with it.",20270.00
ORD006329,Chanakya Mand,Kitchenware,No,13-07-2025,4,"Great kitchenware, exactly as described. Very happy with it.",4000.00
ORD006330,Ishanvi Konda,Books,No,28-03-2024,5,"Really satisfied, highly recommend this books.",390.00
ORD006331,Samesh Kashyap,Clothes,Yes,01-11-2023,5,"Great clothes, exactly as described. Very happy with it.",2230.00
ORD006333,Frado Raj,Shoes,No,27-04-2023,5,"Excellent quality for the price, would buy shoes again.",940.00
ORD006335,Nirja Shan,Kitchenware,No,03-08-2023,4,"Really satisfied, highly recommend this kitchenware.",4980.00
ORD006336,Xavier Sani,Sports Equipment,No,04-05-2024,5,"Really satisfied, highly recommend this sports equipment.",9810.00
ORD006338,Baljiwan Chadha,Electronics,No,02-11-2023,5,"Excellent quality for the price, would buy electronics again.",41670.00
ORD006339,Nidhi Baria,Sports Equipment,No,09-06-2025,5,"Great sports equipment, exactly as described. Very happy with it.",1470.00
ORD006340,Yauvani Patla,Clothes,No,15-06-2025,4,"Excellent quality for the price, would buy clothes again.",2230.00
ORD006342,George Madan,Groceries,No,13-12-2025,2,"Received a damaged groceries, had to return it.",1870.00
ORD006343,Lakshmi Chacko,Books,No,29-06-2023,5,"Fast delivery, books exceeded my expectations.",550.00
ORD006344,Azad Muni,Groceries,No,09-12-2024,5,"Excellent quality for the price, would buy groceries again.",1070.00
ORD006345,Simon Mitter,Sports Equipment,No,14-02-2025,5,"Really satisfied, highly recommend this sports equipment.",2260.00
ORD006346,Qasim Muni,Books,No,06-11-2025,5,"Excellent quality for the price, would buy books again.",930.00
ORD006347,Rohan Arora,Books,No,17-07-2023,5,"Excellent quality for the price, would buy books again.",1240.00
ORD006349,Omkaar Chopra,Furniture,No,26-01-2024,4,"Really satisfied, highly recommend this furniture.",21050.00
ORD006350,Ekapad Chander,Furniture,No,03-07-2023,5,"Fast delivery, furniture exceeded my expectations.",28570.00
ORD006351,Hitesh Bhandari,Electronics,No,21-03-2025,5,"Fast delivery, electronics exceeded my expectations.",4540.00
ORD006353,Yatan Tripathi,Shoes,No,30-11-2024,4,"Fast delivery, shoes exceeded my expectations.",7630.00
ORD006355,Upadhriti Menon,Beauty Products,No,24-01-2025,5,"Fast delivery, beauty products exceeded my expectations.",770.00
ORD006357,Inaya Sawhney,Toys,Yes,28-01-2025,4,"Great toys, exactly as described. Very happy with it.",710.00
ORD006358,Ubika Sarna,Books,Yes,29-01-2024,1,"Not worth the price, expected better books.",560.00
ORD006359,Isaac Chaudhary,Kitchenware,No,10-05-2025,5,"Really satisfied, highly recommend this kitchenware.",3010.00
ORD006360,Yamini Garg,Kitchenware,No,11-10-2024,1,"Received a damaged kitchenware, had to return it.",3550.00
ORD006361,Chasmum Goyal,Kitchenware,No,10-07-2024,5,"Excellent quality for the price, would buy kitchenware again.",4860.00
ORD006362,Imaran Dara,Groceries,No,07-07-2024,1,"Not worth the price, expected better groceries.",1880.00
ORD006364,Tripti Goyal,Electronics,No,14-11-2023,4,"Great electronics, exactly as described. Very happy with it.",30990.00
ORD006365,Zayyan Wason,Clothes,No,16-06-2024,2,"Received a damaged clothes, had to return it.",880.00
ORD006366,Chandran Solanki,Sports Equipment,No,17-11-2024,4,"Really satisfied, highly recommend this sports equipment.",5480.00
ORD006367,Tanvi Ghosh,Shoes,No,22-09-2023,2,"Disappointed with this shoes, quality is not good.",7560.00
ORD006368,Jagdish Kurian,Furniture,No,13-04-2023,5,"Fast delivery, furniture exceeded my expectations.",48400.00
ORD006369,Vasudha Agarwal,Sports Equipment,Yes,14-11-2023,2,"Disappointed with this sports equipment, quality is not good.",3250.00
ORD006370,Timothy Lanka,Kitchenware,No,27-11-2025,4,"Really satisfied, highly recommend this kitchenware.",860.00
ORD006372,Ishanvi Konda,Beauty Products,No,17-03-2023,3,"Average beauty products, packaging could be better.",2150.00
ORD006373,Jasmit Bahl,Groceries,No,19-07-2024,4,"Really satisfied, highly recommend this groceries.",730.00
ORD006374,Harshil Vyas,Electronics,No,11-03-2024,4,"Excellent quality for the price, would buy electronics again.",42350.00
ORD006375,Aachal Thakkar,Groceries,No,25-11-2025,5,"Excellent quality for the price, would buy groceries again.",410.00
ORD006377,Imaran Buch,Furniture,Yes,26-05-2023,4,"Really satisfied, highly recommend this furniture.",22040.00
ORD006378,Vivaan Grewal,Books,No,14-05-2024,1,"Not worth the price, expected better books.",1450.00
ORD006379,Hredhaan Edwin,Books,No,04-02-2023,4,"Really satisfied, highly recommend this books.",270.00
ORD006380,Charita Vohra,Furniture,Yes,24-12-2025,5,"Great furniture, exactly as described. Very happy with it.",1810.00
ORD006381,Ayaan Krishnamurthy,Books,No,25-05-2023,5,"Excellent quality for the price, would buy books again.",1080.00
ORD006382,Nidhi Baria,Kitchenware,No,15-09-2023,5,"Great kitchenware, exactly as described. Very happy with it.",2440.00
ORD006384,Yashoda Mammen,Toys,No,20-06-2023,3,"Average toys, packaging could be better.",1010.00
ORD006385,Tanvi Ghosh,Electronics,No,10-07-2024,1,"Not worth the price, expected better electronics.",50880.00
ORD006386,Janya Buch,Shoes,No,30-05-2024,4,"Fast delivery, shoes exceeded my expectations.",6840.00
ORD006388,Nathaniel Narain,Groceries,No,11-02-2025,5,"Excellent quality for the price, would buy groceries again.",400.00
ORD006389,Zaitra Bora,Toys,No,07-11-2023,3,"Average toys, packaging could be better.",2510.00
ORD006390,Madhav Pandit,Electronics,No,30-05-2025,3,"Average electronics, packaging could be better.",51100.00
ORD006391,Ganga Handa,Kitchenware,No,12-09-2025,5,"Fast delivery, kitchenware exceeded my expectations.",1500.00
ORD006393,Hamsini Chandra,Books,No,30-06-2023,1,"Not worth the price, expected better books.",1150.00
ORD006394,Anjali Dasgupta,Furniture,No,17-09-2023,4,"Excellent quality for the price, would buy furniture again.",7270.00
ORD006396,Mitali Verma,Books,No,31-08-2025,5,"Fast delivery, books exceeded my expectations.",420.00
ORD006397,Saumya Ratti,Shoes,No,16-04-2025,4,"Fast delivery, shoes exceeded my expectations.",5530.00
ORD006398,Pratyush Madan,Furniture,No,05-11-2023,4,"Excellent quality for the price, would buy furniture again.",29920.00
ORD006399,Chavvi Rajan,Clothes,No,07-07-2023,1,"Received a damaged clothes, had to return it.",2890.00
ORD006400,Viraj Arora,Clothes,No,24-07-2024,4,"Really satisfied, highly recommend this clothes.",2060.00
ORD006401,Anika Palan,Books,No,06-06-2024,5,"Excellent quality for the price, would buy books again.",980.00
ORD006403,Lipika Lal,Books,No,14-09-2023,5,"Really satisfied, highly recommend this books.",1030.00
ORD006404,Rajata Venkataraman,Books,No,23-06-2024,5,"Really satisfied, highly recommend this books.",1130.00
ORD006405,Sathvik Lall,Shoes,No,13-12-2025,5,"Fast delivery, shoes exceeded my expectations.",3640.00
ORD006408,Gagan Tandon,Books,No,03-02-2023,4,"Really satisfied, highly recommend this books.",160.00
ORD006409,Mitali Verma,Sports Equipment,No,02-06-2023,3,"The sports equipment is okay, does the job but nothing special.",920.00
ORD006412,Xavier Soman,Groceries,No,17-10-2025,5,"Great groceries, exactly as described. Very happy with it.",1140.00
ORD006413,Mugdha Jani,Clothes,No,08-11-2025,2,"Received a damaged clothes, had to return it.",1120.00
ORD006414,Ikbal Shankar,Kitchenware,Yes,28-06-2023,5,"Fast delivery, kitchenware exceeded my expectations.",3260.00
ORD006415,Shravya Naik,Shoes,No,08-09-2025,5,"Great shoes, exactly as described. Very happy with it.",610.00
ORD006417,Ikbal Chhabra,Groceries,No,13-11-2025,4,"Fast delivery, groceries exceeded my expectations.",1880.00
ORD006418,Charita Vohra,Shoes,No,12-10-2023,4,"Excellent quality for the price, would buy shoes again.",3140.00
ORD006420,Elijah Wason,Shoes,No,25-03-2025,2,"Not worth the price, expected better shoes.",6700.00
ORD006421,Neelima Chad,Groceries,Yes,16-06-2023,2,"Disappointed with this groceries, quality is not good.",1760.00
ORD006422,Watika Wali,Beauty Products,No,16-01-2023,5,"Fast delivery, beauty products exceeded my expectations.",2320.00
ORD006423,Darpan Gour,Groceries,No,28-08-2023,4,"Fast delivery, groceries exceeded my expectations.",440.00
ORD006424,Keya Sarkar,Clothes,No,29-06-2023,4,"Great clothes, exactly as described. Very happy with it.",370.00
ORD006425,Jagat Iyengar,Clothes,No,03-03-2023,3,"Average clothes, packaging could be better.",320.00
ORD006428,Bakhshi Nagar,Electronics,No,02-08-2023,4,"Excellent quality for the price, would buy electronics again.",42070.00
ORD006430,Triveni Gaba,Clothes,No,20-08-2025,5,"Excellent quality for the price, would buy clothes again.",1320.00
ORD006431,Tejas Mani,Electronics,No,28-08-2025,4,"Really satisfied, highly recommend this electronics.",15830.00
ORD006433,Ikbal Shankar,Books,No,15-06-2023,4,"Fast delivery, books exceeded my expectations.",860.00
ORD006435,Vansha Deol,Beauty Products,No,09-06-2024,3,"Average beauty products, packaging could be better.",1430.00
ORD006436,Banjeet Rastogi,Electronics,No,30-11-2024,3,"The electronics is okay, does the job but nothing special.",9450.00
ORD006437,Ayush Bail,Electronics,No,13-02-2025,1,"Disappointed with this electronics, quality is not good.",7730.00
ORD006438,Darsh Arya,Electronics,No,08-08-2025,3,"Average electronics, packaging could be better.",26140.00
ORD006439,Ayaan Krishnamurthy,Groceries,No,21-08-2024,1,"Received a damaged groceries, had to return it.",1080.00
ORD006442,Chakrika Kalla,Groceries,Yes,08-07-2024,5,"Excellent quality for the price, would buy groceries again.",1260.00
ORD006443,Raagini Gade,Books,Yes,04-04-2024,5,"Excellent quality for the price, would buy books again.",780.00
ORD006444,Nathan Mander,Beauty Products,No,05-09-2023,4,"Really satisfied, highly recommend this beauty products.",830.00
ORD006445,Hitesh Bhandari,Beauty Products,No,26-05-2024,1,"Received a damaged beauty products, had to return it.",420.00
ORD006446,Tristan Ravel,Electronics,No,28-05-2024,3,"The electronics is okay, does the job but nothing special.",54990.00
ORD006448,Oscar Kaur,Toys,Yes,12-07-2025,4,"Really satisfied, highly recommend this toys.",340.00
ORD006449,Pranit Kohli,Electronics,No,21-11-2025,3,"The electronics is okay, does the job but nothing special.",20540.00
ORD006450,Falan Lanka,Furniture,No,21-02-2023,5,"Really satisfied, highly recommend this furniture.",20560.00
ORD006451,Harinakshi Sahni,Books,No,05-12-2025,4,"Excellent quality for the price, would buy books again.",1080.00
ORD006452,Dhruv Bandi,Groceries,No,29-11-2025,5,"Fast delivery, groceries exceeded my expectations.",1540.00
ORD006453,Hardik Kalla,Clothes,No,16-08-2023,1,"Received a damaged clothes, had to return it.",2430.00
ORD006454,Nitesh Oommen,Shoes,No,27-01-2024,5,"Fast delivery, shoes exceeded my expectations.",5380.00
ORD006455,Simon Mitter,Books,No,14-01-2026,2,"Disappointed with this books, quality is not good.",1220.00
ORD006456,Luke Arora,Books,No,07-02-2025,3,"Average books, packaging could be better.",840.00
ORD006457,Aarini Ramakrishnan,Shoes,No,27-06-2024,3,"Average shoes, packaging could be better.",4050.00
ORD006458,Anika Palan,Shoes,No,17-05-2024,4,"Great shoes, exactly as described. Very happy with it.",7770.00
ORD006460,Patrick Dora,Toys,No,24-04-2025,3,"The toys is okay, does the job but nothing special.",2960.00
ORD006462,Sneha Nori,Electronics,Yes,26-12-2025,5,"Fast delivery, electronics exceeded my expectations.",9770.00
ORD006463,Bhavna Sood,Electronics,No,04-01-2024,4,"Fast delivery, electronics exceeded my expectations.",23460.00
ORD006465,Fitan Kala,Electronics,No,26-10-2024,5,"Great electronics, exactly as described. Very happy with it.",33120.00
ORD006467,Mekhala Bawa,Shoes,No,19-08-2024,4,"Fast delivery, shoes exceeded my expectations.",3440.00
ORD006468,Ishani Kapoor,Clothes,No,02-10-2024,1,"Received a damaged clothes, had to return it.",1070.00
ORD006469,Frederick Nair,Groceries,No,16-03-2025,4,"Fast delivery, groceries exceeded my expectations.",390.00
ORD006470,Ijaya Dyal,Beauty Products,No,26-04-2025,5,"Great beauty products, exactly as described. Very happy with it.",1800.00
ORD006471,Aarini Nagar,Kitchenware,No,19-12-2023,5,"Excellent quality for the price, would buy kitchenware again.",360.00
ORD006472,Rayaan Malhotra,Groceries,No,30-01-2024,2,"Disappointed with this groceries, quality is not good.",520.00
ORD006473,Bimala Sehgal,Groceries,Yes,26-11-2024,5,"Great groceries, exactly as described. Very happy with it.",510.00
ORD006474,Yuvraj Thaman,Groceries,No,27-11-2023,5,"Really satisfied, highly recommend this groceries.",1540.00
ORD006476,Daksh Dhingra,Electronics,No,24-12-2023,2,"Disappointed with this electronics, quality is not good.",9600.00
ORD006477,Matthew Rana,Groceries,No,12-02-2024,2,"Not worth the price, expected better groceries.",480.00
ORD006479,Amaira Sarin,Kitchenware,No,12-06-2025,3,"The kitchenware is okay, does the job but nothing special.",380.00
ORD006480,Dhruv Bandi,Beauty Products,No,05-11-2023,5,"Fast delivery, beauty products exceeded my expectations.",2560.00
ORD006481,Nachiket Kota,Electronics,No,13-05-2024,5,"Great electronics, exactly as described. Very happy with it.",34070.00
ORD006482,Aayush Dhingra,Books,No,29-01-2024,3,"Average books, packaging could be better.",500.00
ORD006483,Frado Raj,Groceries,No,22-10-2024,1,"Received a damaged groceries, had to return it.",300.00
ORD006484,Chakradev Bains,Groceries,No,15-07-2024,4,"Great groceries, exactly as described. Very happy with it.",800.00
ORD006485,Rajeshri Kapadia,Beauty Products,No,18-05-2024,1,"Not worth the price, expected better beauty products.",2810.00
ORD006486,Bimala Shanker,Clothes,No,01-07-2023,5,"Fast delivery, clothes exceeded my expectations.",450.00
ORD006487,Kiaan Arora,Books,No,17-06-2024,2,"Received a damaged books, had to return it.",920.00
ORD006488,Vinaya Shukla,Electronics,Yes,10-06-2025,5,"Fast delivery, electronics exceeded my expectations.",58440.00
ORD006489,Aarini Ravel,Sports Equipment,No,06-12-2023,5,"Great sports equipment, exactly as described. Very happy with it.",10790.00
ORD006491,Kashish Sekhon,Furniture,No,03-03-2025,5,"Really satisfied, highly recommend this furniture.",18260.00
ORD006492,Warda Kala,Toys,No,24-12-2025,4,"Great toys, exactly as described. Very happy with it.",2340.00
ORD006495,Christopher Vasa,Electronics,No,16-07-2023,4,"Fast delivery, electronics exceeded my expectations.",41840.00
ORD006497,Harsh Karan,Books,No,19-10-2023,3,"The books is okay, does the job but nothing special.",250.00
ORD006498,Saanvi Agarwal,Toys,No,03-11-2025,2,"Not worth the price, expected better toys.",2580.00
ORD006499,Laksh Sani,Shoes,No,13-04-2025,5,"Fast delivery, shoes exceeded my expectations.",890.00
ORD006500,Daksha Kaul,Electronics,No,27-08-2023,5,"Fast delivery, electronics exceeded my expectations.",44380.00
ORD006501,Nidra Grewal,Clothes,No,08-04-2024,4,"Fast delivery, clothes exceeded my expectations.",740.00
ORD006503,Chaitanya Bhatia,Electronics,No,16-07-2023,3,"Average electronics, packaging could be better.",43830.00
ORD006504,Timothy Lanka,Groceries,No,07-05-2025,4,"Fast delivery, groceries exceeded my expectations.",1760.00
ORD006505,Gautam Mishra,Beauty Products,No,27-12-2025,4,"Great beauty products, exactly as described. Very happy with it.",230.00
ORD006506,Manya Rao,Kitchenware,No,21-03-2024,2,"Disappointed with this kitchenware, quality is not good.",600.00
ORD006507,Tristan Bhavsar,Beauty Products,No,30-08-2025,4,"Fast delivery, beauty products exceeded my expectations.",2980.00
ORD006509,Jairaj Memon,Books,No,06-03-2024,5,"Fast delivery, books exceeded my expectations.",390.00
ORD006510,Bakhshi Nagar,Shoes,No,02-09-2025,4,"Great shoes, exactly as described. Very happy with it.",3910.00
ORD006511,Ansh Kohli,Shoes,No,11-11-2024,5,"Fast delivery, shoes exceeded my expectations.",4140.00
ORD006512,Aarini Ravel,Electronics,Yes,20-04-2023,4,"Excellent quality for the price, would buy electronics again.",25920.00
ORD006513,Parth Hegde,Clothes,No,04-10-2023,4,"Really satisfied, highly recommend this clothes.",800.00
ORD006515,Tejas Mani,Groceries,No,30-01-2025,5,"Great groceries, exactly as described. Very happy with it.",1170.00
ORD006516,Yahvi Wadhwa,Kitchenware,No,30-10-2024,1,"Not worth the price, expected better kitchenware.",2270.00
ORD006517,Bakhshi Shetty,Electronics,No,24-08-2024,5,"Great electronics, exactly as described. Very happy with it.",32090.00
ORD006518,Falak Rege,Beauty Products,No,03-04-2024,4,"Excellent quality for the price, would buy beauty products again.",780.00
ORD006519,Karan Bhat,Electronics,No,06-07-2023,3,"Average electronics, packaging could be better.",14470.00
ORD006520,Yatin Balakrishnan,Shoes,No,11-06-2025,2,"Disappointed with this shoes, quality is not good.",6190.00
ORD006521,Gautam Ravi,Kitchenware,No,12-05-2024,3,"The kitchenware is okay, does the job but nothing special.",280.00
ORD006523,Orinder Barad,Toys,No,11-09-2025,5,"Excellent quality for the price, would buy toys again.",1380.00
ORD006525,Akshay Bobal,Sports Equipment,No,24-04-2023,3,"Average sports equipment, packaging could be better.",7200.00
ORD006527,Ishwar Wali,Toys,No,20-05-2023,3,"Average toys, packaging could be better.",2860.00
ORD006528,Nitesh Dayal,Electronics,No,04-04-2025,4,"Fast delivery, electronics exceeded my expectations.",7620.00
ORD006530,Zayan Sani,Sports Equipment,No,24-03-2025,4,"Great sports equipment, exactly as described. Very happy with it.",11150.00
ORD006531,Tara Sur,Books,No,10-11-2023,2,"Not worth the price, expected better books.",1220.00
ORD006532,Benjamin Barad,Kitchenware,No,21-09-2025,3,"Average kitchenware, packaging could be better.",2410.00
ORD006534,Abha Ravi,Groceries,No,09-08-2025,5,"Really satisfied, highly recommend this groceries.",1320.00
ORD006536,Zaitra Bajaj,Beauty Products,No,16-02-2023,1,"Not worth the price, expected better beauty products.",2630.00
ORD006537,Zayan Kamdar,Sports Equipment,No,29-09-2025,3,"Average sports equipment, packaging could be better.",11780.00
ORD006539,Zaid Lata,Sports Equipment,No,07-01-2026,4,"Excellent quality for the price, would buy sports equipment again.",2550.00
ORD006540,Vasudha Shah,Electronics,No,27-08-2023,4,"Really satisfied, highly recommend this electronics.",28450.00
ORD006541,Neel Mall,Shoes,No,30-05-2023,4,"Really satisfied, highly recommend this shoes.",7300.00
ORD006544,Balvan Jani,Shoes,No,03-03-2025,3,"The shoes is okay, does the job but nothing special.",7860.00
ORD006545,Mekhala Chakraborty,Toys,No,27-11-2025,4,"Really satisfied, highly recommend this toys.",580.00
ORD006546,Janaki Din,Groceries,No,24-04-2024,5,"Fast delivery, groceries exceeded my expectations.",1100.00
ORD006547,Abha Ravi,Shoes,Yes,23-03-2023,4,"Great shoes, exactly as described. Very happy with it.",6390.00
ORD006548,Falan Chana,Books,No,12-02-2023,4,"Excellent quality for the price, would buy books again.",1420.00
ORD006549,Yoshita Soman,Furniture,No,06-12-2024,4,"Fast delivery, furniture exceeded my expectations.",9220.00
ORD006550,Triya Pant,Toys,Yes,20-06-2025,4,"Great toys, exactly as described. Very happy with it.",1310.00
ORD006551,Devika Parikh,Clothes,No,04-02-2023,5,"Fast delivery, clothes exceeded my expectations.",760.00
ORD006553,Matthew Shroff,Toys,No,15-01-2024,3,"Average toys, packaging could be better.",580.00
ORD006554,Henry Narain,Kitchenware,No,02-01-2025,5,"Really satisfied, highly recommend this kitchenware.",4280.00
ORD006555,Azaan Sachar,Groceries,No,31-12-2024,4,"Great groceries, exactly as described. Very happy with it.",460.00
ORD006559,Rayaan Goyal,Sports Equipment,No,16-02-2025,5,"Really satisfied, highly recommend this sports equipment.",10280.00
ORD006560,Eshana Dyal,Furniture,No,12-06-2023,4,"Fast delivery, furniture exceeded my expectations.",14590.00
ORD006561,Rajeshri Kapadia,Books,No,10-10-2025,4,"Excellent quality for the price, would buy books again.",690.00
ORD006562,Aishani Saini,Shoes,No,21-09-2024,3,"The shoes is okay, does the job but nothing special.",7310.00
ORD006565,Akshay Bobal,Kitchenware,No,20-09-2025,5,"Great kitchenware, exactly as described. Very happy with it.",4480.00
ORD006566,Qushi Pau,Groceries,No,19-08-2023,5,"Excellent quality for the price, would buy groceries again.",460.00
ORD006567,Meghana Ben,Furniture,No,13-05-2023,3,"Average furniture, packaging could be better.",24960.00
ORD006569,Amruta Sehgal,Books,No,14-01-2024,5,"Fast delivery, books exceeded my expectations.",990.00
ORD006572,Chavvi Rattan,Clothes,No,17-09-2024,2,"Received a damaged clothes, had to return it.",1510.00
ORD006573,Pranav Saraf,Books,No,11-04-2024,1,"Received a damaged books, had to return it.",480.00
ORD006575,Faris Sethi,Books,No,28-06-2024,5,"Great books, exactly as described. Very happy with it.",230.00
ORD006576,Viraj Barad,Kitchenware,No,23-11-2024,5,"Really satisfied, highly recommend this kitchenware.",4690.00
ORD006577,Xavier Soman,Sports Equipment,No,24-03-2024,4,"Great sports equipment, exactly as described. Very happy with it.",8430.00
ORD006578,Januja Iyengar,Furniture,No,10-05-2025,4,"Great furniture, exactly as described. Very happy with it.",15110.00
ORD006579,Eiravati Pradhan,Books,No,03-06-2023,3,"The books is okay, does the job but nothing special.",1130.00
ORD006580,Ladli Kaur,Groceries,No,08-05-2023,4,"Really satisfied, highly recommend this groceries.",730.00
ORD006581,Riya Mutti,Electronics,No,01-09-2024,4,"Fast delivery, electronics exceeded my expectations.",16370.00
ORD006582,Guneet Tripathi,Groceries,No,30-05-2024,3,"Average groceries, packaging could be better.",60.00
ORD006583,Chatura Thaman,Shoes,No,12-05-2025,5,"Excellent quality for the price, would buy shoes again.",600.00
ORD006584,Tanveer Karpe,Sports Equipment,No,02-11-2023,4,"Great sports equipment, exactly as described. Very happy with it.",11300.00
ORD006586,Akshay Bobal,Books,No,22-03-2025,5,"Excellent quality for the price, would buy books again.",330.00
ORD006588,Bimala Sehgal,Groceries,No,09-06-2025,4,"Excellent quality for the price, would buy groceries again.",1910.00
ORD006589,Gautami Lall,Books,No,23-03-2024,5,"Great books, exactly as described. Very happy with it.",380.00
ORD006590,Harsh Agrawal,Toys,No,22-11-2025,3,"The toys is okay, does the job but nothing special.",2500.00
ORD006591,Rayaan Goyal,Furniture,No,05-11-2023,5,"Fast delivery, furniture exceeded my expectations.",45340.00
ORD006592,Wishi Gala,Shoes,No,03-06-2024,3,"The shoes is okay, does the job but nothing special.",4550.00
ORD006595,Advik Hegde,Books,No,04-04-2025,4,"Excellent quality for the price, would buy books again.",460.00
ORD006599,Rachit Bedi,Kitchenware,No,24-03-2024,5,"Really satisfied, highly recommend this kitchenware.",940.00
ORD006600,Leela Parmer,Furniture,No,23-07-2025,3,"The furniture is okay, does the job but nothing special.",35040.00
ORD006602,Fitan Sodhi,Books,No,09-02-2024,4,"Great books, exactly as described. Very happy with it.",300.00
ORD006603,Amruta Sehgal,Clothes,No,08-09-2025,5,"Fast delivery, clothes exceeded my expectations.",710.00
ORD006604,Gautami Lall,Groceries,No,29-06-2024,3,"The groceries is okay, does the job but nothing special.",1900.00
ORD006607,Lakshit Mangat,Shoes,No,30-01-2025,5,"Really satisfied, highly recommend this shoes.",2600.00
ORD006608,Zilmil Bail,Clothes,No,16-01-2025,5,"Really satisfied, highly recommend this clothes.",2940.00
ORD006609,Nisha Koshy,Shoes,No,24-05-2023,1,"Disappointed with this shoes, quality is not good.",2390.00
ORD006610,Siya Dhillon,Kitchenware,No,28-10-2024,5,"Great kitchenware, exactly as described. Very happy with it.",3940.00
ORD006611,Nathaniel Narain,Furniture,No,04-02-2023,4,"Really satisfied, highly recommend this furniture.",20900.00
ORD006612,Maanav Bassi,Electronics,No,14-12-2023,2,"Received a damaged electronics, had to return it.",18310.00
ORD006613,Daksh Dhingra,Furniture,No,15-03-2025,4,"Excellent quality for the price, would buy furniture again.",31930.00
ORD006614,Indali Salvi,Shoes,Yes,02-08-2025,5,"Really satisfied, highly recommend this shoes.",910.00
ORD006615,Arjun Kaur,Beauty Products,No,05-10-2023,5,"Really satisfied, highly recommend this beauty products.",560.00
ORD006616,Gautam Ravi,Clothes,No,13-05-2024,5,"Fast delivery, clothes exceeded my expectations.",1010.00
ORD006618,Joshua Bali,Beauty Products,Yes,30-08-2025,5,"Great beauty products, exactly as described. Very happy with it.",310.00
ORD006620,Kevin Suresh,Shoes,Yes,29-06-2025,4,"Excellent quality for the price, would buy shoes again.",7480.00
ORD006621,Ayush Bail,Books,No,19-12-2025,5,"Really satisfied, highly recommend this books.",740.00
ORD006622,Qabil Lall,Sports Equipment,No,15-01-2025,4,"Fast delivery, sports equipment exceeded my expectations.",6200.00
ORD006623,Wakeeta Raval,Shoes,No,15-10-2024,4,"Excellent quality for the price, would buy shoes again.",7060.00
ORD006624,Lipika Chadha,Beauty Products,Yes,06-12-2025,4,"Excellent quality for the price, would buy beauty products again.",2920.00
ORD006625,Chakradev Bains,Sports Equipment,Yes,17-03-2025,3,"The sports equipment is okay, does the job but nothing special.",5420.00
ORD006626,Bahadurjit Banerjee,Beauty Products,No,21-09-2025,4,"Really satisfied, highly recommend this beauty products.",1890.00
ORD006627,Zayyan Wason,Sports Equipment,No,07-01-2025,4,"Really satisfied, highly recommend this sports equipment.",12400.00
ORD006628,Ojasvi Parmer,Electronics,No,03-06-2024,5,"Fast delivery, electronics exceeded my expectations.",8590.00
ORD006629,Vidhi Gaba,Clothes,Yes,17-04-2023,3,"Average clothes, packaging could be better.",690.00
ORD006630,Aarav Nagy,Groceries,No,15-02-2024,3,"The groceries is okay, does the job but nothing special.",1790.00
ORD006631,Urvi Palla,Toys,No,10-01-2024,4,"Excellent quality for the price, would buy toys again.",340.00
ORD006632,Indira Bhargava,Electronics,No,25-10-2023,4,"Great electronics, exactly as described. Very happy with it.",1630.00
ORD006633,Rishi Kashyap,Clothes,No,18-01-2024,5,"Fast delivery, clothes exceeded my expectations.",860.00
ORD006634,Chanakya Pillai,Toys,No,20-01-2026,5,"Really satisfied, highly recommend this toys.",2870.00
ORD006635,Jagvi Sethi,Electronics,No,04-09-2024,3,"The electronics is okay, does the job but nothing special.",43410.00
ORD006636,Aayush Pall,Sports Equipment,Yes,26-08-2025,5,"Excellent quality for the price, would buy sports equipment again.",3090.00
ORD006637,Warinder Narang,Toys,No,04-03-2025,5,"Excellent quality for the price, would buy toys again.",1500.00
ORD006639,Aarini Ramakrishnan,Toys,Yes,02-12-2025,5,"Great toys, exactly as described. Very happy with it.",1610.00
ORD006640,Theodore Chandra,Clothes,Yes,26-06-2025,5,"Really satisfied, highly recommend this clothes.",2090.00
ORD006641,Upkaar Cheema,Sports Equipment,No,16-02-2025,5,"Excellent quality for the price, would buy sports equipment again.",10490.00
ORD006643,Brijesh Mani,Groceries,No,29-11-2024,5,"Excellent quality for the price, would buy groceries again.",600.00
ORD006644,Imaran Buch,Books,No,11-08-2024,4,"Great books, exactly as described. Very happy with it.",340.00
ORD006645,Zaid Lata,Electronics,No,08-03-2024,4,"Really satisfied, highly recommend this electronics.",25420.00
ORD006647,Diya Pillai,Electronics,No,29-06-2023,2,"Received a damaged electronics, had to return it.",54410.00
ORD006648,Meghana Ben,Shoes,Yes,26-05-2023,3,"Average shoes, packaging could be better.",3310.00
ORD006649,Warinder Narang,Kitchenware,No,25-03-2023,3,"The kitchenware is okay, does the job but nothing special.",1700.00
ORD006651,Meera Chawla,Electronics,No,28-12-2023,3,"The electronics is okay, does the job but nothing special.",8460.00
ORD006652,Yamini Garg,Beauty Products,No,31-07-2025,5,"Really satisfied, highly recommend this beauty products.",1790.00
ORD006655,David Kurian,Kitchenware,No,16-04-2025,5,"Fast delivery, kitchenware exceeded my expectations.",3480.00
ORD006656,Omaja Badami,Sports Equipment,No,13-07-2023,5,"Excellent quality for the price, would buy sports equipment again.",7780.00
ORD006657,Kavya Srivastava,Furniture,No,15-08-2023,5,"Really satisfied, highly recommend this furniture.",19310.00
ORD006658,Girindra Gola,Shoes,No,16-12-2023,4,"Really satisfied, highly recommend this shoes.",7340.00
ORD006659,Charita Vohra,Shoes,No,12-06-2025,4,"Great shoes, exactly as described. Very happy with it.",3660.00
ORD006660,Shivansh Puri,Sports Equipment,No,21-09-2025,2,"Disappointed with this sports equipment, quality is not good.",11600.00
ORD006662,Jagdish Kurian,Shoes,Yes,14-05-2024,3,"The shoes is okay, does the job but nothing special.",7470.00
ORD006663,Vihaan Date,Shoes,No,30-05-2025,4,"Great shoes, exactly as described. Very happy with it.",4420.00
ORD006664,Dayamai Sankaran,Groceries,No,25-02-2024,5,"Excellent quality for the price, would buy groceries again.",1690.00
ORD006665,Henry Narain,Clothes,No,19-12-2024,3,"Average clothes, packaging could be better.",2030.00
ORD006666,Anita Nayak,Sports Equipment,No,16-09-2024,5,"Great sports equipment, exactly as described. Very happy with it.",10930.00
ORD006667,Alka Srinivas,Clothes,No,26-05-2024,3,"The clothes is okay, does the job but nothing special.",980.00
ORD006668,Lila Kadakia,Sports Equipment,Yes,17-10-2024,3,"Average sports equipment, packaging could be better.",2150.00
ORD006670,Jonathan Wali,Books,No,24-09-2025,5,"Fast delivery, books exceeded my expectations.",420.00
ORD006671,Manya Shere,Sports Equipment,No,24-08-2024,4,"Fast delivery, sports equipment exceeded my expectations.",11710.00
ORD006672,Krisha Mutti,Groceries,No,24-05-2023,5,"Great groceries, exactly as described. Very happy with it.",1540.00
ORD006673,Ekalinga Dave,Beauty Products,No,05-02-2025,5,"Fast delivery, beauty products exceeded my expectations.",390.00
ORD006674,Urvashi Suri,Clothes,No,17-09-2023,4,"Excellent quality for the price, would buy clothes again.",950.00
ORD006677,Daksha Kaul,Electronics,No,25-01-2023,3,"Average electronics, packaging could be better.",7800.00
ORD006678,Viraj Barad,Beauty Products,No,19-05-2023,3,"Average beauty products, packaging could be better.",1850.00
ORD006679,Nathan Mander,Electronics,No,16-08-2024,2,"Disappointed with this electronics, quality is not good.",39710.00
ORD006681,Advik Hegde,Books,No,11-04-2025,5,"Really satisfied, highly recommend this books.",1140.00
ORD006682,Vedhika Raj,Sports Equipment,No,14-02-2024,3,"Average sports equipment, packaging could be better.",13440.00
ORD006683,Banjeet Memon,Clothes,No,28-12-2025,3,"Average clothes, packaging could be better.",2630.00
ORD006685,Chandran Datta,Groceries,Yes,04-10-2024,5,"Fast delivery, groceries exceeded my expectations.",1440.00
ORD006686,Raghav Pradhan,Shoes,No,07-06-2023,3,"Average shoes, packaging could be better.",4090.00
ORD006687,Jackson Tak,Toys,No,28-01-2025,5,"Excellent quality for the price, would buy toys again.",890.00
ORD006688,Urmi Sachdeva,Electronics,No,26-07-2023,5,"Fast delivery, electronics exceeded my expectations.",41060.00
ORD006689,Hardik Kalla,Groceries,No,27-02-2024,5,"Really satisfied, highly recommend this groceries.",830.00
ORD006690,Sarthak Rai,Clothes,No,21-08-2025,5,"Excellent quality for the price, would buy clothes again.",1770.00
ORD006693,Naksh Krishna,Sports Equipment,No,09-03-2024,3,"Average sports equipment, packaging could be better.",10320.00
ORD006694,Robert Banik,Furniture,No,03-02-2024,2,"Received a damaged furniture, had to return it.",3390.00
ORD006695,Januja Iyengar,Shoes,No,01-05-2024,2,"Not worth the price, expected better shoes.",7560.00
ORD006696,Ganga Bumb,Electronics,No,10-05-2024,5,"Fast delivery, electronics exceeded my expectations.",45860.00
ORD006697,Eshana Dyal,Beauty Products,No,14-05-2023,4,"Fast delivery, beauty products exceeded my expectations.",680.00
ORD006700,Dayita Munshi,Electronics,No,17-04-2025,5,"Fast delivery, electronics exceeded my expectations.",32660.00
ORD006701,Vasudha Murty,Groceries,No,06-04-2025,5,"Excellent quality for the price, would buy groceries again.",1930.00
ORD006702,Henry Puri,Groceries,No,05-07-2024,5,"Fast delivery, groceries exceeded my expectations.",1050.00
ORD006704,Lila Kadakia,Groceries,No,31-05-2023,3,"The groceries is okay, does the job but nothing special.",280.00
ORD006706,Aarnav Mand,Toys,No,26-10-2023,5,"Excellent quality for the price, would buy toys again.",1830.00
ORD006708,Ijaya Dyal,Electronics,No,06-02-2024,1,"Not worth the price, expected better electronics.",29880.00
ORD006709,Fitan Kala,Groceries,Yes,15-05-2023,5,"Great groceries, exactly as described. Very happy with it.",140.00
ORD006710,Omaja Badami,Groceries,No,12-06-2025,5,"Fast delivery, groceries exceeded my expectations.",180.00
ORD006711,Nathan Mander,Sports Equipment,No,15-01-2026,5,"Fast delivery, sports equipment exceeded my expectations.",4590.00
ORD006713,Mitesh Varghese,Shoes,No,04-09-2025,5,"Really satisfied, highly recommend this shoes.",5860.00
ORD006715,Manbir Mittal,Electronics,No,02-08-2025,3,"The electronics is okay, does the job but nothing special.",21590.00
ORD006716,Sarthak Puri,Electronics,Yes,11-09-2024,3,"Average electronics, packaging could be better.",1810.00
ORD006717,Oviya Tara,Groceries,No,14-12-2024,5,"Excellent quality for the price, would buy groceries again.",1490.00
ORD006718,Karan Bail,Groceries,No,11-06-2025,4,"Excellent quality for the price, would buy groceries again.",1830.00
ORD006719,Frederick Patil,Clothes,No,03-08-2023,4,"Excellent quality for the price, would buy clothes again.",2450.00
ORD006720,Gaurang Lad,Books,No,12-01-2024,2,"Not worth the price, expected better books.",1330.00
ORD006721,Ishanvi Konda,Groceries,No,04-06-2025,4,"Excellent quality for the price, would buy groceries again.",1530.00
ORD006722,Viraj Arora,Kitchenware,No,17-11-2024,4,"Excellent quality for the price, would buy kitchenware again.",4830.00
ORD006723,Abha Ravi,Books,No,21-11-2023,3,"The books is okay, does the job but nothing special.",610.00
ORD006724,Kala Nagar,Beauty Products,No,05-06-2024,4,"Excellent quality for the price, would buy beauty products again.",2890.00
ORD006725,Tripti Zachariah,Clothes,No,21-09-2024,5,"Great clothes, exactly as described. Very happy with it.",1680.00
ORD006727,Faqid Gole,Electronics,No,06-08-2024,5,"Fast delivery, electronics exceeded my expectations.",35020.00
ORD006728,Dhriti Lad,Sports Equipment,No,27-11-2023,4,"Fast delivery, sports equipment exceeded my expectations.",8870.00
ORD006729,Kamala Keer,Books,No,29-10-2025,2,"Received a damaged books, had to return it.",1420.00
ORD006730,Vrishti Shroff,Furniture,No,22-05-2023,4,"Great furniture, exactly as described. Very happy with it.",7740.00
ORD006731,Maanav Madan,Furniture,No,15-01-2025,4,"Fast delivery, furniture exceeded my expectations.",29870.00
ORD006732,Anika Rout,Electronics,No,15-11-2024,3,"The electronics is okay, does the job but nothing special.",44360.00
ORD006735,Elijah Wason,Beauty Products,No,25-08-2023,3,"The beauty products is okay, does the job but nothing special.",1170.00
ORD006736,Kashvi Narula,Shoes,No,11-02-2024,4,"Really satisfied, highly recommend this shoes.",4450.00
ORD006737,Naksh Sampath,Books,No,30-12-2023,5,"Great books, exactly as described. Very happy with it.",860.00
ORD006739,Ishwar Wali,Beauty Products,No,12-02-2023,4,"Fast delivery, beauty products exceeded my expectations.",2870.00
ORD006740,Warda Kala,Electronics,No,05-01-2025,4,"Great electronics, exactly as described. Very happy with it.",45320.00
ORD006741,George Golla,Electronics,Yes,12-03-2025,4,"Really satisfied, highly recommend this electronics.",43030.00
ORD006742,Rehaan Morar,Books,No,04-09-2025,4,"Really satisfied, highly recommend this books.",940.00
ORD006743,Darsh Aurora,Electronics,No,21-01-2025,5,"Great electronics, exactly as described. Very happy with it.",10740.00
ORD006744,Charita Vohra,Furniture,No,11-09-2023,4,"Excellent quality for the price, would buy furniture again.",38090.00
ORD006747,Christopher Vasa,Books,No,05-10-2023,3,"Average books, packaging could be better.",1400.00
ORD006748,Bahadurjit Arora,Groceries,No,26-12-2025,5,"Really satisfied, highly recommend this groceries.",160.00
ORD006749,Nachiket Kota,Sports Equipment,No,30-11-2024,1,"Not worth the price, expected better sports equipment.",490.00
ORD006750,Chanchal Sastry,Electronics,No,09-09-2023,4,"Really satisfied, highly recommend this electronics.",43160.00
ORD006751,Harrison Arya,Sports Equipment,No,14-12-2025,1,"Received a damaged sports equipment, had to return it.",2870.00
ORD006752,Harrison Rana,Beauty Products,No,17-12-2025,5,"Really satisfied, highly recommend this beauty products.",2220.00
ORD006753,Samuel Rama,Groceries,No,16-11-2024,5,"Excellent quality for the price, would buy groceries again.",1790.00
ORD006754,Bahadurjit Arora,Sports Equipment,No,23-11-2025,5,"Great sports equipment, exactly as described. Very happy with it.",7990.00
ORD006755,Garima Kumar,Sports Equipment,Yes,08-03-2023,5,"Great sports equipment, exactly as described. Very happy with it.",14260.00
ORD006756,Gaurangi Aurora,Groceries,Yes,01-11-2023,5,"Excellent quality for the price, would buy groceries again.",1060.00
ORD006757,Girindra Gola,Kitchenware,No,28-03-2025,3,"Average kitchenware, packaging could be better.",1550.00
ORD006759,Maanav Bassi,Sports Equipment,No,03-05-2025,4,"Great sports equipment, exactly as described. Very happy with it.",1530.00
ORD006760,Chaitanya Jani,Furniture,No,22-09-2023,3,"The furniture is okay, does the job but nothing special.",33720.00
ORD006761,Alka Chopra,Beauty Products,No,12-02-2024,4,"Great beauty products, exactly as described. Very happy with it.",1460.00
ORD006762,Matthew Yadav,Sports Equipment,No,08-04-2024,5,"Great sports equipment, exactly as described. Very happy with it.",4250.00
ORD006764,Aachal Thakkar,Clothes,No,11-10-2023,5,"Excellent quality for the price, would buy clothes again.",1650.00
ORD006765,Urvi Das,Toys,No,26-04-2025,4,"Really satisfied, highly recommend this toys.",1290.00
ORD006766,Falak Anne,Shoes,No,14-05-2023,2,"Not worth the price, expected better shoes.",910.00
ORD006767,Manan Mahal,Clothes,Yes,10-09-2025,5,"Really satisfied, highly recommend this clothes.",2380.00
ORD006768,Chandani Datta,Clothes,No,17-03-2023,5,"Excellent quality for the price, would buy clothes again.",1210.00
ORD006769,Rushil Dey,Kitchenware,No,17-01-2023,4,"Really satisfied, highly recommend this kitchenware.",4710.00
ORD006770,Anusha Raja,Kitchenware,Yes,05-07-2025,3,"Average kitchenware, packaging could be better.",3300.00
ORD006771,Raghav Pradhan,Electronics,No,07-05-2023,4,"Great electronics, exactly as described. Very happy with it.",27430.00
ORD006772,Zehaan Pradhan,Beauty Products,Yes,10-04-2024,4,"Really satisfied, highly recommend this beauty products.",1110.00
ORD006773,Vihaan Date,Clothes,No,17-10-2024,5,"Fast delivery, clothes exceeded my expectations.",620.00
ORD006774,Mohammed Ramachandran,Sports Equipment,No,10-03-2025,5,"Great sports equipment, exactly as described. Very happy with it.",7820.00
ORD006776,Ganga Chandra,Books,No,18-11-2025,5,"Great books, exactly as described. Very happy with it.",1060.00
ORD006777,Riya Mutti,Electronics,No,28-06-2024,5,"Great electronics, exactly as described. Very happy with it.",53510.00
ORD006778,Imaran Buch,Electronics,No,27-05-2025,5,"Great electronics, exactly as described. Very happy with it.",38550.00
ORD006779,Theodore Chandra,Electronics,No,20-10-2023,4,"Really satisfied, highly recommend this electronics.",30360.00
ORD006780,Frado Joshi,Books,No,04-05-2023,5,"Excellent quality for the price, would buy books again.",330.00
ORD006781,Bahadurjit Jayaraman,Groceries,Yes,21-09-2023,4,"Great groceries, exactly as described. Very happy with it.",1800.00
ORD006782,Ekapad Chander,Kitchenware,No,20-07-2025,3,"The kitchenware is okay, does the job but nothing special.",4280.00
ORD006783,Orinder Barad,Beauty Products,Yes,22-07-2023,3,"Average beauty products, packaging could be better.",1980.00
ORD006784,Gaurika Ganesh,Shoes,No,15-11-2025,5,"Excellent quality for the price, would buy shoes again.",3090.00
ORD006785,Finn Dugal,Groceries,No,04-07-2024,4,"Really satisfied, highly recommend this groceries.",290.00
ORD006786,Damyanti Bhakta,Books,No,03-04-2024,4,"Excellent quality for the price, would buy books again.",1170.00
ORD006787,Yashawini Sengupta,Beauty Products,No,24-05-2025,4,"Great beauty products, exactly as described. Very happy with it.",2830.00
ORD006788,Hamsini Rattan,Shoes,Yes,04-04-2025,5,"Really satisfied, highly recommend this shoes.",640.00
ORD006789,Ishanvi Nagar,Kitchenware,No,14-08-2024,2,"Received a damaged kitchenware, had to return it.",1040.00
ORD006790,Rushil Dey,Electronics,No,11-05-2025,3,"The electronics is okay, does the job but nothing special.",27440.00
ORD006791,Urvashi Goswami,Sports Equipment,No,12-02-2025,3,"Average sports equipment, packaging could be better.",7060.00
ORD006792,Lopa Salvi,Shoes,No,12-01-2026,2,"Disappointed with this shoes, quality is not good.",790.00
ORD006793,Victor Chada,Shoes,No,04-02-2023,3,"Average shoes, packaging could be better.",5060.00
ORD006795,Pranit Kohli,Sports Equipment,Yes,16-05-2024,3,"The sports equipment is okay, does the job but nothing special.",9300.00
ORD006796,Bhanumati Saran,Beauty Products,No,15-04-2025,5,"Really satisfied, highly recommend this beauty products.",150.00
ORD006797,Aishani Apte,Sports Equipment,No,18-08-2024,2,"Not worth the price, expected better sports equipment.",13830.00
ORD006798,Yashvi Bahl,Clothes,No,19-10-2025,4,"Great clothes, exactly as described. Very happy with it.",670.00
ORD006799,Urvi Palla,Furniture,No,12-07-2023,4,"Great furniture, exactly as described. Very happy with it.",41100.00
ORD006800,Gavin Lalla,Books,Yes,12-12-2024,4,"Fast delivery, books exceeded my expectations.",1420.00
ORD006801,Zarna Peri,Books,No,29-05-2023,4,"Fast delivery, books exceeded my expectations.",1460.00
ORD006802,Daksh Dhingra,Shoes,Yes,05-12-2023,3,"Average shoes, packaging could be better.",2990.00
ORD006803,Qasim Muni,Beauty Products,No,19-08-2023,3,"The beauty products is okay, does the job but nothing special.",2230.00
ORD006804,Rohan Arora,Groceries,No,17-06-2023,1,"Disappointed with this groceries, quality is not good.",1200.00
ORD006805,Urvashi Ratta,Kitchenware,No,14-12-2025,5,"Really satisfied, highly recommend this kitchenware.",1890.00
ORD006806,Dhruv Randhawa,Shoes,No,23-12-2024,5,"Great shoes, exactly as described. Very happy with it.",5860.00
ORD006807,Kiaan Arora,Shoes,No,27-06-2023,4,"Fast delivery, shoes exceeded my expectations.",6000.00
ORD006808,Gabriel Sami,Groceries,No,28-04-2023,5,"Really satisfied, highly recommend this groceries.",980.00
ORD006809,Leela Swaminathan,Books,Yes,31-05-2023,2,"Received a damaged books, had to return it.",850.00
ORD006810,Omkaar Chopra,Groceries,No,18-05-2024,4,"Really satisfied, highly recommend this groceries.",790.00
ORD006811,Benjamin Barad,Groceries,Yes,25-02-2024,4,"Really satisfied, highly recommend this groceries.",1740.00
ORD006812,Kevin Suresh,Electronics,No,24-03-2024,4,"Fast delivery, electronics exceeded my expectations.",4560.00
ORD006813,Balhaar Gade,Clothes,No,11-08-2025,3,"Average clothes, packaging could be better.",1210.00
ORD006814,Warhi Iyer,Furniture,No,05-02-2024,3,"The furniture is okay, does the job but nothing special.",31280.00
ORD006815,Rushil Gopal,Shoes,Yes,25-08-2023,5,"Great shoes, exactly as described. Very happy with it.",3220.00
ORD006816,Keya Sarkar,Electronics,No,11-08-2025,5,"Really satisfied, highly recommend this electronics.",37710.00
ORD006818,Kala Vig,Electronics,No,09-01-2025,3,"Average electronics, packaging could be better.",51290.00
ORD006819,Vyanjana Mani,Shoes,No,08-04-2024,4,"Really satisfied, highly recommend this shoes.",5580.00
ORD006820,Leena Narula,Electronics,No,13-08-2023,2,"Not worth the price, expected better electronics.",40320.00
ORD006822,Sneha Nori,Groceries,No,28-08-2023,5,"Fast delivery, groceries exceeded my expectations.",1020.00
ORD006823,Benjamin Devi,Sports Equipment,No,10-01-2023,5,"Fast delivery, sports equipment exceeded my expectations.",12040.00
ORD006825,Shivani Murthy,Furniture,No,20-03-2025,5,"Really satisfied, highly recommend this furniture.",44570.00
ORD006827,Reva Dada,Groceries,No,18-09-2024,5,"Great groceries, exactly as described. Very happy with it.",790.00
ORD006828,Akshay Kohli,Furniture,No,24-10-2024,5,"Really satisfied, highly recommend this furniture.",48420.00
ORD006829,Pahal Krishnamurthy,Groceries,Yes,25-06-2023,3,"The groceries is okay, does the job but nothing special.",980.00
ORD006830,Nirja Shan,Furniture,No,13-06-2023,3,"Average furniture, packaging could be better.",8970.00
ORD006831,Darpan Gour,Furniture,No,27-04-2024,5,"Great furniture, exactly as described. Very happy with it.",7880.00
ORD006832,Raagini Gade,Sports Equipment,No,14-05-2024,3,"Average sports equipment, packaging could be better.",12740.00
ORD006833,Reva Kota,Books,No,04-03-2023,4,"Great books, exactly as described. Very happy with it.",1500.00
ORD006834,Nathaniel Kota,Electronics,No,29-05-2024,4,"Excellent quality for the price, would buy electronics again.",15530.00
ORD006835,Alexander Behl,Electronics,No,27-09-2025,5,"Really satisfied, highly recommend this electronics.",1140.00
ORD006836,Watika Wali,Kitchenware,No,31-08-2023,4,"Fast delivery, kitchenware exceeded my expectations.",3000.00
ORD006838,Theodore Chandra,Shoes,No,21-06-2024,2,"Not worth the price, expected better shoes.",3410.00
ORD006839,Faras Garg,Sports Equipment,No,24-03-2025,4,"Excellent quality for the price, would buy sports equipment again.",13900.00
ORD006840,Pranit Kohli,Groceries,No,06-10-2025,3,"The groceries is okay, does the job but nothing special.",1350.00
ORD006841,Triya Pant,Toys,No,07-05-2024,4,"Really satisfied, highly recommend this toys.",1340.00
ORD006842,Yuvraj Thaman,Furniture,No,25-09-2024,5,"Really satisfied, highly recommend this furniture.",37390.00
ORD006844,Maanas Swamy,Toys,No,17-01-2023,3,"The toys is okay, does the job but nothing special.",2290.00
ORD006845,Devansh Mital,Shoes,No,04-05-2024,4,"Really satisfied, highly recommend this shoes.",3560.00
ORD006846,Zaid Lata,Clothes,No,02-10-2024,5,"Fast delivery, clothes exceeded my expectations.",730.00
ORD006847,Elijah Wason,Groceries,No,28-09-2023,2,"Not worth the price, expected better groceries.",140.00
ORD006848,Bahadurjit Jayaraman,Furniture,No,17-01-2025,3,"Average furniture, packaging could be better.",12260.00
ORD006849,Logan Sekhon,Books,No,01-07-2024,5,"Great books, exactly as described. Very happy with it.",1160.00
ORD006851,Harita Som,Clothes,No,14-02-2024,5,"Fast delivery, clothes exceeded my expectations.",870.00
ORD006853,Maanas Chaudry,Beauty Products,No,27-06-2025,2,"Disappointed with this beauty products, quality is not good.",1830.00
ORD006854,David Kurian,Electronics,No,28-06-2025,4,"Great electronics, exactly as described. Very happy with it.",8010.00
ORD006855,Ladli Kaur,Sports Equipment,No,22-06-2023,1,"Not worth the price, expected better sports equipment.",4470.00
ORD006858,Utkarsh Din,Kitchenware,No,27-03-2024,4,"Great kitchenware, exactly as described. Very happy with it.",1800.00
ORD006860,Eiravati Khare,Toys,No,14-05-2025,5,"Excellent quality for the price, would buy toys again.",920.00
ORD006861,Elijah Luthra,Books,No,25-12-2023,4,"Fast delivery, books exceeded my expectations.",400.00
ORD006862,Mohammed Pau,Books,No,22-05-2023,4,"Really satisfied, highly recommend this books.",950.00
ORD006864,Urvi Palla,Furniture,No,02-02-2023,5,"Great furniture, exactly as described. Very happy with it.",15630.00
ORD006865,Balhaar Gade,Beauty Products,No,09-09-2025,3,"Average beauty products, packaging could be better.",2020.00
ORD006867,Urvi Bhattacharyya,Groceries,No,29-02-2024,4,"Really satisfied, highly recommend this groceries.",1740.00
ORD006869,Jagat Iyengar,Sports Equipment,Yes,07-07-2023,3,"Average sports equipment, packaging could be better.",13100.00
ORD006871,Dayamai Sangha,Shoes,No,20-01-2024,3,"The shoes is okay, does the job but nothing special.",2060.00
ORD006872,Akshay Ram,Beauty Products,No,02-05-2025,5,"Great beauty products, exactly as described. Very happy with it.",1530.00
ORD006873,Bhavna Sood,Shoes,No,25-12-2023,5,"Great shoes, exactly as described. Very happy with it.",1380.00
ORD006874,Anusha Raja,Beauty Products,No,02-07-2025,5,"Really satisfied, highly recommend this beauty products.",1850.00
ORD006875,Vaishnavi Shroff,Sports Equipment,No,01-07-2025,3,"The sports equipment is okay, does the job but nothing special.",1060.00
ORD006877,Yashica Aurora,Shoes,No,05-07-2024,1,"Not worth the price, expected better shoes.",5690.00
ORD006879,Zaid Lata,Toys,No,06-11-2023,4,"Fast delivery, toys exceeded my expectations.",2900.00
ORD006880,Yashica Aurora,Shoes,No,01-12-2024,1,"Not worth the price, expected better shoes.",5320.00
ORD006881,Abha Keer,Beauty Products,No,03-05-2025,4,"Great beauty products, exactly as described. Very happy with it.",650.00
ORD006882,Bhanumati Saran,Clothes,No,26-07-2025,4,"Great clothes, exactly as described. Very happy with it.",2140.00
ORD006883,Upadhriti Menon,Groceries,No,17-09-2023,3,"The groceries is okay, does the job but nothing special.",990.00
ORD006884,Kai Sodhi,Electronics,No,13-01-2026,3,"The electronics is okay, does the job but nothing special.",44150.00
ORD006886,Falak Anne,Groceries,No,22-06-2025,4,"Fast delivery, groceries exceeded my expectations.",1260.00
ORD006887,Jalsa Sangha,Groceries,No,06-12-2024,1,"Not worth the price, expected better groceries.",1080.00
ORD006888,Lopa Mukhopadhyay,Sports Equipment,No,30-03-2024,5,"Fast delivery, sports equipment exceeded my expectations.",2500.00
ORD006890,Yauvani Gokhale,Toys,Yes,05-01-2025,5,"Really satisfied, highly recommend this toys.",2190.00
ORD006892,Hiral Dua,Sports Equipment,No,14-06-2023,5,"Fast delivery, sports equipment exceeded my expectations.",370.00
ORD006893,Lohit Saha,Beauty Products,No,22-12-2025,3,"Average beauty products, packaging could be better.",2320.00
ORD006895,Alka Chopra,Shoes,No,13-10-2025,4,"Great shoes, exactly as described. Very happy with it.",6530.00
ORD006897,Neel Mall,Electronics,No,24-10-2023,2,"Not worth the price, expected better electronics.",4180.00
ORD006899,Harshil Muni,Groceries,No,07-03-2025,5,"Great groceries, exactly as described. Very happy with it.",1180.00
ORD006900,Reva Dada,Groceries,No,23-08-2023,4,"Really satisfied, highly recommend this groceries.",1960.00
ORD006901,Meera Bajaj,Sports Equipment,No,09-07-2023,5,"Excellent quality for the price, would buy sports equipment again.",7390.00
ORD006902,Vyanjana Mani,Sports Equipment,No,26-04-2024,1,"Received a damaged sports equipment, had to return it.",14040.00
ORD006904,Charan Mangal,Books,No,23-08-2024,2,"Received a damaged books, had to return it.",1350.00
ORD006905,Benjamin Ratta,Beauty Products,No,03-11-2024,3,"Average beauty products, packaging could be better.",2130.00
ORD006906,Hemal Sen,Sports Equipment,No,12-06-2025,5,"Really satisfied, highly recommend this sports equipment.",8630.00
ORD006907,Gautam Aurora,Toys,No,06-12-2023,5,"Really satisfied, highly recommend this toys.",880.00
ORD006908,Pranit Vig,Electronics,No,26-11-2024,2,"Disappointed with this electronics, quality is not good.",46340.00
ORD006911,Siya Dhillon,Clothes,No,05-02-2025,3,"The clothes is okay, does the job but nothing special.",2670.00
ORD006912,Upadhriti Menon,Books,No,03-02-2024,2,"Disappointed with this books, quality is not good.",500.00
ORD006913,Zayyan Dutt,Groceries,No,26-12-2024,5,"Great groceries, exactly as described. Very happy with it.",1550.00
ORD006914,Megha Shroff,Kitchenware,No,01-10-2023,5,"Really satisfied, highly recommend this kitchenware.",1250.00
ORD006915,Eshana Lad,Kitchenware,No,01-06-2025,4,"Excellent quality for the price, would buy kitchenware again.",1050.00
ORD006916,Siya Dhillon,Electronics,No,23-12-2023,1,"Disappointed with this electronics, quality is not good.",26390.00
ORD006917,Rudra Ahuja,Sports Equipment,No,20-02-2024,5,"Really satisfied, highly recommend this sports equipment.",11070.00
ORD006919,Rayaan Malhotra,Groceries,No,25-06-2023,2,"Disappointed with this groceries, quality is not good.",1280.00
ORD006920,Jackson Tak,Clothes,No,07-10-2025,4,"Really satisfied, highly recommend this clothes.",2780.00
ORD006921,Charles Balay,Beauty Products,No,23-05-2023,4,"Great beauty products, exactly as described. Very happy with it.",1470.00
ORD006923,Varenya Mani,Electronics,No,24-04-2023,4,"Really satisfied, highly recommend this electronics.",34040.00
ORD006924,Nitesh Dayal,Kitchenware,No,06-10-2025,1,"Not worth the price, expected better kitchenware.",3350.00
ORD006925,Jackson Patil,Groceries,No,26-11-2024,4,"Really satisfied, highly recommend this groceries.",910.00
ORD006926,Kavya Srivastava,Electronics,No,23-11-2025,4,"Really satisfied, highly recommend this electronics.",40910.00
ORD006927,Mekhala Bawa,Sports Equipment,No,05-06-2023,2,"Disappointed with this sports equipment, quality is not good.",11650.00
ORD006928,Bimala Master,Groceries,No,29-01-2024,3,"Average groceries, packaging could be better.",1610.00
ORD006929,Charvi Subramanian,Clothes,No,24-06-2024,5,"Really satisfied, highly recommend this clothes.",1320.00
ORD006930,Shivansh Puri,Clothes,No,10-08-2024,3,"The clothes is okay, does the job but nothing special.",1420.00
ORD006931,Timothy Bhatti,Toys,No,08-01-2025,5,"Fast delivery, toys exceeded my expectations.",1780.00
ORD006932,Hamsini Chandra,Kitchenware,No,30-08-2025,2,"Not worth the price, expected better kitchenware.",3010.00
ORD006933,Chaman Varty,Clothes,No,02-07-2023,5,"Excellent quality for the price, would buy clothes again.",1500.00
ORD006934,Frado Joshi,Groceries,No,07-12-2025,3,"The groceries is okay, does the job but nothing special.",980.00
ORD006935,Krisha Ram,Clothes,No,09-12-2025,4,"Great clothes, exactly as described. Very happy with it.",840.00
ORD006936,Sanya Shanker,Groceries,No,07-11-2023,5,"Excellent quality for the price, would buy groceries again.",330.00
ORD006938,Zaitra Bajaj,Kitchenware,No,23-12-2024,4,"Really satisfied, highly recommend this kitchenware.",3580.00
ORD006940,Dev Nori,Books,No,25-08-2023,4,"Great books, exactly as described. Very happy with it.",1380.00
ORD006942,Urvi Palla,Sports Equipment,No,01-02-2024,3,"Average sports equipment, packaging could be better.",11770.00
ORD006943,Zaid Sandal,Groceries,No,16-07-2025,4,"Excellent quality for the price, would buy groceries again.",1860.00
ORD006944,Jalsa Sangha,Sports Equipment,No,04-01-2024,3,"Average sports equipment, packaging could be better.",12560.00
ORD006945,Arunima Parsa,Sports Equipment,No,11-06-2023,3,"Average sports equipment, packaging could be better.",8690.00
ORD006946,Yashica Aurora,Kitchenware,No,17-04-2023,2,"Received a damaged kitchenware, had to return it.",2650.00
ORD006947,Mugdha Jani,Electronics,No,24-04-2025,4,"Fast delivery, electronics exceeded my expectations.",56250.00
ORD006948,Manthan Yadav,Beauty Products,No,20-06-2024,5,"Really satisfied, highly recommend this beauty products.",2390.00
ORD006949,Pranit Vig,Kitchenware,No,01-05-2023,2,"Disappointed with this kitchenware, quality is not good.",2770.00
ORD006952,Darpan Gour,Electronics,No,12-03-2023,4,"Great electronics, exactly as described. Very happy with it.",47650.00
ORD006953,Champak Kuruvilla,Clothes,Yes,13-10-2025,4,"Excellent quality for the price, would buy clothes again.",2570.00
ORD006954,Ganga Handa,Groceries,No,14-12-2025,5,"Really satisfied, highly recommend this groceries.",1340.00
ORD006955,Rushil Brahmbhatt,Toys,No,03-12-2024,5,"Great toys, exactly as described. Very happy with it.",1040.00
ORD006956,Tanveer Karpe,Electronics,No,04-07-2023,4,"Fast delivery, electronics exceeded my expectations.",14160.00
ORD006957,Rishi Borde,Beauty Products,No,19-12-2023,4,"Great beauty products, exactly as described. Very happy with it.",1010.00
ORD006958,Dhruv Bandi,Toys,No,27-06-2025,5,"Fast delivery, toys exceeded my expectations.",2710.00
ORD006959,Warinder Narang,Books,No,16-03-2024,5,"Excellent quality for the price, would buy books again.",740.00
ORD006960,Januja Bal,Toys,No,24-02-2024,5,"Fast delivery, toys exceeded my expectations.",2960.00
ORD006961,Kai Bassi,Clothes,No,02-10-2025,4,"Excellent quality for the price, would buy clothes again.",1710.00
ORD006962,Gabriel Randhawa,Toys,No,05-11-2024,4,"Fast delivery, toys exceeded my expectations.",2900.00
ORD006963,Nathaniel Narain,Groceries,No,22-01-2024,5,"Excellent quality for the price, would buy groceries again.",320.00
ORD006965,Luke Arora,Books,No,22-02-2023,5,"Fast delivery, books exceeded my expectations.",1480.00
ORD006966,Radhika Mahal,Clothes,No,01-03-2023,3,"The clothes is okay, does the job but nothing special.",1030.00
ORD006968,Parth Jha,Beauty Products,No,04-09-2024,4,"Fast delivery, beauty products exceeded my expectations.",2210.00
ORD006971,Darika Golla,Books,No,16-02-2024,3,"Average books, packaging could be better.",1260.00
ORD006973,Kritika Chacko,Shoes,No,07-12-2024,4,"Really satisfied, highly recommend this shoes.",6190.00
ORD006974,Jairaj Memon,Kitchenware,No,22-07-2025,4,"Excellent quality for the price, would buy kitchenware again.",2840.00
ORD006975,Warda Kala,Toys,No,03-02-2023,4,"Really satisfied, highly recommend this toys.",620.00
ORD006976,Varsha Sundaram,Books,No,20-07-2025,1,"Not worth the price, expected better books.",870.00
ORD006978,Frederick Nair,Groceries,No,02-08-2025,5,"Fast delivery, groceries exceeded my expectations.",1200.00
ORD006979,Bahadurjit Arora,Electronics,No,13-07-2023,3,"The electronics is okay, does the job but nothing special.",32480.00
ORD006980,Maanas Chaudry,Furniture,No,12-01-2025,5,"Great furniture, exactly as described. Very happy with it.",39690.00
ORD006982,Mitali Verma,Clothes,No,20-06-2024,4,"Fast delivery, clothes exceeded my expectations.",2640.00
ORD006983,Gaurang Lad,Beauty Products,No,29-04-2025,1,"Not worth the price, expected better beauty products.",2880.00
ORD006985,Shivani Sane,Kitchenware,No,19-06-2023,3,"Average kitchenware, packaging could be better.",3620.00
ORD006986,Ishani Bhalla,Toys,No,15-11-2025,5,"Excellent quality for the price, would buy toys again.",2910.00
ORD006987,Aayush Dhingra,Shoes,No,12-01-2024,4,"Fast delivery, shoes exceeded my expectations.",6620.00
ORD006988,Azaan Pai,Electronics,No,04-08-2025,4,"Great electronics, exactly as described. Very happy with it.",59580.00
ORD006989,Dayamai Sangha,Electronics,Yes,13-02-2025,3,"The electronics is okay, does the job but nothing special.",56140.00
ORD006990,Chanakya Mand,Electronics,No,11-12-2024,5,"Excellent quality for the price, would buy electronics again.",35990.00
ORD006991,William Khanna,Clothes,No,10-04-2023,5,"Excellent quality for the price, would buy clothes again.",1470.00
ORD006992,Harrison Rana,Shoes,No,30-04-2023,5,"Great shoes, exactly as described. Very happy with it.",7690.00
ORD006993,Kevin Suresh,Books,No,26-01-2024,4,"Really satisfied, highly recommend this books.",1020.00
ORD006994,Udarsh Dubey,Sports Equipment,No,06-07-2023,3,"The sports equipment is okay, does the job but nothing special.",13540.00
ORD006995,Victor Goda,Electronics,No,05-11-2024,5,"Fast delivery, electronics exceeded my expectations.",1840.00
ORD006996,Jasmit Bahl,Groceries,No,11-11-2025,4,"Great groceries, exactly as described. Very happy with it.",1120.00
ORD006997,Tarak Chand,Beauty Products,No,17-03-2025,3,"Average beauty products, packaging could be better.",590.00
ORD006999,Samaksh Sem,Kitchenware,No,12-02-2023,5,"Excellent quality for the price, would buy kitchenware again.",410.00
ORD007000,Zilmil Bail,Books,No,28-08-2025,1,"Received a damaged books, had to return it.",930.00
ORD007003,Ganga Handa,Shoes,No,07-09-2023,5,"Great shoes, exactly as described. Very happy with it.",1690.00
ORD007004,Krisha Ganguly,Electronics,No,13-06-2023,2,"Received a damaged electronics, had to return it.",4480.00
ORD007005,Indira Bhargava,Electronics,No,16-12-2023,5,"Fast delivery, electronics exceeded my expectations.",44920.00
ORD007009,Upasna Pant,Groceries,No,01-10-2023,3,"The groceries is okay, does the job but nothing special.",160.00
ORD007010,Chandani Datta,Furniture,No,16-10-2023,3,"Average furniture, packaging could be better.",14600.00
ORD007011,Wakeeta Raja,Beauty Products,No,28-08-2025,5,"Great beauty products, exactly as described. Very happy with it.",1240.00
ORD007012,Gaurav Toor,Groceries,No,29-08-2025,5,"Great groceries, exactly as described. Very happy with it.",1590.00
ORD007013,Ishanvi Konda,Electronics,No,24-04-2025,2,"Disappointed with this electronics, quality is not good.",52480.00
ORD007016,Vedhika Raj,Beauty Products,No,25-12-2025,2,"Received a damaged beauty products, had to return it.",810.00
ORD007018,Jalsa Sangha,Electronics,No,02-06-2024,3,"The electronics is okay, does the job but nothing special.",19780.00
ORD007019,Shivansh Puri,Clothes,Yes,30-04-2024,5,"Fast delivery, clothes exceeded my expectations.",1320.00
ORD007021,Yashica Kota,Electronics,Yes,22-08-2023,5,"Really satisfied, highly recommend this electronics.",10600.00
ORD007022,Lipika Chadha,Sports Equipment,No,27-10-2025,3,"The sports equipment is okay, does the job but nothing special.",14050.00
ORD007024,Anita Nayak,Books,No,23-12-2025,5,"Fast delivery, books exceeded my expectations.",280.00
ORD007025,Janani Parmer,Furniture,No,14-12-2025,4,"Really satisfied, highly recommend this furniture.",46760.00
ORD007026,Veer Karnik,Groceries,No,22-11-2024,4,"Really satisfied, highly recommend this groceries.",1660.00
ORD007027,Ijaya Dyal,Electronics,No,13-01-2025,1,"Received a damaged electronics, had to return it.",20340.00
ORD007028,Saksham Mani,Kitchenware,No,04-04-2025,4,"Fast delivery, kitchenware exceeded my expectations.",1870.00
ORD007029,Leena Ratta,Shoes,No,06-07-2025,4,"Excellent quality for the price, would buy shoes again.",6670.00
ORD007030,Ucchal Shukla,Clothes,No,23-01-2023,4,"Fast delivery, clothes exceeded my expectations.",2520.00
ORD007033,Anita Nayak,Groceries,No,28-01-2024,5,"Excellent quality for the price, would buy groceries again.",120.00
ORD007034,Bahadurjit Kant,Sports Equipment,Yes,18-09-2023,4,"Great sports equipment, exactly as described. Very happy with it.",6180.00
ORD007035,Charita Vohra,Clothes,No,25-04-2024,5,"Excellent quality for the price, would buy clothes again.",2150.00
ORD007036,Dayita Sehgal,Groceries,No,27-03-2025,2,"Received a damaged groceries, had to return it.",260.00
ORD007038,Sneha Nori,Books,No,17-02-2024,5,"Really satisfied, highly recommend this books.",1410.00
ORD007041,Aayush Parekh,Electronics,No,17-07-2025,3,"The electronics is okay, does the job but nothing special.",57890.00
ORD007042,Laban Bal,Beauty Products,No,01-09-2025,5,"Fast delivery, beauty products exceeded my expectations.",2920.00
ORD007043,Raghav Pradhan,Sports Equipment,No,03-06-2023,3,"Average sports equipment, packaging could be better.",12420.00
ORD007047,Darika Kala,Clothes,Yes,24-07-2023,5,"Great clothes, exactly as described. Very happy with it.",2600.00
ORD007048,Leela Parmer,Clothes,No,03-05-2025,4,"Excellent quality for the price, would buy clothes again.",1220.00
ORD007049,Shivani Sane,Shoes,No,26-02-2023,4,"Excellent quality for the price, would buy shoes again.",6580.00
ORD007050,Yashica Om,Books,No,24-11-2023,3,"The books is okay, does the job but nothing special.",1480.00
ORD007051,Warda Kala,Sports Equipment,No,31-05-2023,5,"Fast delivery, sports equipment exceeded my expectations.",9500.00
ORD007053,Pahal Krishnamurthy,Beauty Products,No,23-11-2025,2,"Disappointed with this beauty products, quality is not good.",1740.00
ORD007054,Udant Hayer,Electronics,No,12-01-2025,3,"Average electronics, packaging could be better.",16570.00
ORD007055,Janani Parmer,Electronics,No,14-10-2023,5,"Fast delivery, electronics exceeded my expectations.",34480.00
ORD007056,Lohit Saha,Electronics,No,22-09-2023,4,"Really satisfied, highly recommend this electronics.",52400.00
ORD007057,Frado Raj,Sports Equipment,No,05-03-2025,4,"Great sports equipment, exactly as described. Very happy with it.",13360.00
ORD007058,Dev Bhasin,Sports Equipment,No,25-05-2024,5,"Really satisfied, highly recommend this sports equipment.",13390.00
ORD007059,Madhav Pandit,Shoes,No,25-02-2024,3,"The shoes is okay, does the job but nothing special.",6200.00
ORD007060,Girish Rattan,Books,No,23-08-2025,4,"Fast delivery, books exceeded my expectations.",740.00
ORD007061,Upasna Pant,Electronics,No,17-04-2023,4,"Excellent quality for the price, would buy electronics again.",46410.00
ORD007062,Nitesh Oommen,Clothes,No,16-05-2025,3,"The clothes is okay, does the job but nothing special.",490.00
ORD007064,Nidhi Baria,Furniture,Yes,08-04-2025,5,"Great furniture, exactly as described. Very happy with it.",26510.00
ORD007066,Ekalinga Dave,Clothes,No,24-05-2025,5,"Great clothes, exactly as described. Very happy with it.",1890.00
ORD007067,Nidra Devan,Books,No,16-01-2025,5,"Great books, exactly as described. Very happy with it.",1000.00
ORD007068,Ekalinga Joshi,Books,No,11-08-2023,4,"Fast delivery, books exceeded my expectations.",790.00
ORD007069,Pratyush Bansal,Sports Equipment,No,04-03-2023,4,"Great sports equipment, exactly as described. Very happy with it.",9350.00
ORD007070,Krisha Ram,Furniture,No,07-01-2025,5,"Fast delivery, furniture exceeded my expectations.",5020.00
ORD007071,Urvashi Suri,Books,Yes,22-11-2025,5,"Great books, exactly as described. Very happy with it.",180.00
ORD007072,Anusha Raja,Toys,No,12-03-2023,4,"Fast delivery, toys exceeded my expectations.",1180.00
ORD007073,Gabriel Sami,Books,No,20-12-2023,5,"Great books, exactly as described. Very happy with it.",560.00
ORD007074,Kashvi Sangha,Electronics,No,12-07-2024,5,"Really satisfied, highly recommend this electronics.",41670.00
ORD007076,Pahal Krishnamurthy,Electronics,No,03-03-2024,5,"Great electronics, exactly as described. Very happy with it.",57940.00
ORD007077,Shravya Naik,Kitchenware,No,29-09-2025,5,"Excellent quality for the price, would buy kitchenware again.",3830.00
ORD007078,Lakshmi Chacko,Groceries,No,10-04-2025,5,"Great groceries, exactly as described. Very happy with it.",1750.00
ORD007079,Maanas Ratta,Groceries,No,05-04-2023,1,"Received a damaged groceries, had to return it.",510.00
ORD007080,Abha Ravi,Clothes,No,27-09-2023,4,"Fast delivery, clothes exceeded my expectations.",2890.00
ORD007083,Reyansh Kohli,Electronics,Yes,29-12-2024,3,"The electronics is okay, does the job but nothing special.",47180.00
ORD007084,Rehaan Morar,Beauty Products,No,17-03-2025,5,"Excellent quality for the price, would buy beauty products again.",2800.00
ORD007085,Onveer Bhavsar,Electronics,No,04-02-2023,5,"Really satisfied, highly recommend this electronics.",25100.00
ORD007086,Harsh Gala,Books,No,05-07-2024,5,"Great books, exactly as described. Very happy with it.",1360.00
ORD007087,Ladli Kaur,Shoes,No,10-07-2025,4,"Really satisfied, highly recommend this shoes.",4980.00
ORD007089,Sarthak Rai,Groceries,No,19-10-2023,5,"Great groceries, exactly as described. Very happy with it.",1560.00
ORD007090,Rajata Venkataraman,Clothes,No,23-11-2024,4,"Excellent quality for the price, would buy clothes again.",2770.00
ORD007091,Pranav Saraf,Furniture,No,29-11-2023,3,"Average furniture, packaging could be better.",14380.00
ORD007092,Ikbal Ahuja,Electronics,No,10-02-2023,3,"The electronics is okay, does the job but nothing special.",51860.00
ORD007094,Janya Buch,Books,Yes,25-11-2024,5,"Fast delivery, books exceeded my expectations.",550.00
ORD007096,Kamala Keer,Furniture,No,04-06-2025,5,"Fast delivery, furniture exceeded my expectations.",20780.00
ORD007097,Simon Mitter,Books,No,27-11-2023,3,"Average books, packaging could be better.",1070.00
ORD007099,Zayan Kamdar,Shoes,No,07-12-2023,5,"Great shoes, exactly as described. Very happy with it.",1950.00
ORD007100,Wakeeta Tella,Books,No,10-06-2025,5,"Really satisfied, highly recommend this books.",300.00
ORD007101,Rudra Ahuja,Kitchenware,No,04-11-2025,5,"Fast delivery, kitchenware exceeded my expectations.",1730.00
ORD007103,Chandresh Golla,Groceries,No,01-07-2023,3,"Average groceries, packaging could be better.",400.00
ORD007104,Eesha Ahluwalia,Clothes,No,11-10-2025,5,"Fast delivery, clothes exceeded my expectations.",2400.00
ORD007105,Mitesh Varghese,Toys,Yes,25-11-2025,4,"Excellent quality for the price, would buy toys again.",640.00
ORD007106,Karan Kumar,Groceries,Yes,09-08-2025,3,"The groceries is okay, does the job but nothing special.",820.00
ORD007107,Atharv Madan,Clothes,No,12-05-2023,5,"Great clothes, exactly as described. Very happy with it.",460.00
ORD007109,Brinda Thaker,Books,No,05-12-2023,4,"Really satisfied, highly recommend this books.",1030.00
ORD007112,Chandani Datta,Kitchenware,No,07-10-2024,4,"Fast delivery, kitchenware exceeded my expectations.",2490.00
ORD007113,Urmi Lad,Clothes,No,15-01-2025,4,"Really satisfied, highly recommend this clothes.",2580.00
ORD007114,Yahvi Wadhwa,Books,No,13-07-2023,5,"Great books, exactly as described. Very happy with it.",690.00
ORD007115,Nandini Bhatia,Groceries,No,16-08-2023,5,"Really satisfied, highly recommend this groceries.",320.00
ORD007117,Chandresh Bahl,Electronics,No,16-01-2024,5,"Fast delivery, electronics exceeded my expectations.",11540.00
ORD007118,Janya Sankaran,Groceries,No,16-01-2025,5,"Excellent quality for the price, would buy groceries again.",1250.00
ORD007121,Reyansh Kohli,Groceries,Yes,02-11-2023,4,"Great groceries, exactly as described. Very happy with it.",1780.00
ORD007122,Jagvi Sethi,Furniture,No,14-09-2025,5,"Excellent quality for the price, would buy furniture again.",18210.00
ORD007123,Chandran Rastogi,Electronics,No,11-04-2023,3,"Average electronics, packaging could be better.",1370.00
ORD007124,Diya Pillai,Clothes,No,09-10-2025,5,"Fast delivery, clothes exceeded my expectations.",1650.00
ORD007125,Ekani Sood,Beauty Products,Yes,14-08-2025,4,"Fast delivery, beauty products exceeded my expectations.",2060.00
ORD007128,Inaya Taneja,Sports Equipment,No,23-09-2025,5,"Great sports equipment, exactly as described. Very happy with it.",11930.00
ORD007129,Azad Muni,Toys,No,21-08-2024,1,"Not worth the price, expected better toys.",780.00
ORD007130,Keya Sarkar,Groceries,No,03-09-2025,4,"Fast delivery, groceries exceeded my expectations.",130.00
ORD007131,Ganga Chandra,Kitchenware,No,05-06-2024,5,"Great kitchenware, exactly as described. Very happy with it.",1460.00
ORD007134,Vihaan Dora,Groceries,Yes,15-08-2023,4,"Great groceries, exactly as described. Very happy with it.",1950.00
ORD007135,Vasudha Agarwal,Clothes,No,16-06-2023,5,"Fast delivery, clothes exceeded my expectations.",1620.00
ORD007136,George Madan,Sports Equipment,No,29-05-2023,3,"The sports equipment is okay, does the job but nothing special.",10080.00
ORD007137,Jasmit Bhardwaj,Sports Equipment,No,14-08-2023,5,"Really satisfied, highly recommend this sports equipment.",1130.00
ORD007138,Faras Murthy,Clothes,No,01-06-2024,3,"Average clothes, packaging could be better.",2860.00
ORD007139,Zaitra Bora,Electronics,Yes,16-01-2024,2,"Disappointed with this electronics, quality is not good.",41340.00
ORD007140,Kevin Taneja,Electronics,No,05-09-2024,4,"Great electronics, exactly as described. Very happy with it.",56260.00
ORD007141,Vasudha Agarwal,Groceries,Yes,16-01-2025,4,"Great groceries, exactly as described. Very happy with it.",1400.00
ORD007142,Orinder Dhaliwal,Electronics,Yes,24-04-2025,2,"Disappointed with this electronics, quality is not good.",20740.00
ORD007143,Rushil Gopal,Toys,No,29-02-2024,4,"Excellent quality for the price, would buy toys again.",2160.00
ORD007144,Harshil Muni,Beauty Products,No,29-11-2024,1,"Disappointed with this beauty products, quality is not good.",2500.00
ORD007145,Ishani Bhalla,Kitchenware,No,26-01-2025,5,"Fast delivery, kitchenware exceeded my expectations.",4710.00
ORD007147,Lipika Chadha,Kitchenware,No,10-10-2025,4,"Excellent quality for the price, would buy kitchenware again.",3130.00
ORD007148,Zayyan Palan,Furniture,No,25-09-2025,2,"Received a damaged furniture, had to return it.",6280.00
ORD007149,Inaya Taneja,Sports Equipment,No,09-08-2025,4,"Great sports equipment, exactly as described. Very happy with it.",13140.00
ORD007150,Warinder Narang,Beauty Products,No,27-10-2024,3,"The beauty products is okay, does the job but nothing special.",1450.00
ORD007152,Bakhshi Shetty,Beauty Products,No,23-01-2023,4,"Really satisfied, highly recommend this beauty products.",2300.00
ORD007155,Yuvraj Gandhi,Groceries,No,13-12-2024,4,"Really satisfied, highly recommend this groceries.",500.00
ORD007156,Mohammed Ramachandran,Toys,No,01-06-2024,5,"Really satisfied, highly recommend this toys.",900.00
ORD007158,Hamsini Bhatia,Furniture,No,07-02-2024,2,"Received a damaged furniture, had to return it.",35620.00
ORD007159,Christopher Vasa,Toys,No,19-02-2024,3,"Average toys, packaging could be better.",430.00
ORD007162,Shravya Ravi,Shoes,No,24-08-2025,4,"Excellent quality for the price, would buy shoes again.",6940.00
ORD007163,Abhiram Mitter,Books,No,08-09-2025,4,"Fast delivery, books exceeded my expectations.",1180.00
ORD007164,Robert Lal,Clothes,No,25-04-2024,5,"Really satisfied, highly recommend this clothes.",950.00
ORD007165,Bahadurjit Banerjee,Sports Equipment,No,29-10-2025,5,"Great sports equipment, exactly as described. Very happy with it.",7110.00
ORD007166,Joshua Bali,Books,No,13-07-2025,4,"Great books, exactly as described. Very happy with it.",1260.00
ORD007167,Utkarsh Din,Books,No,03-10-2024,5,"Excellent quality for the price, would buy books again.",1250.00
ORD007168,Ati Loyal,Groceries,No,29-06-2025,4,"Really satisfied, highly recommend this groceries.",880.00
ORD007169,Shivani Sane,Sports Equipment,No,18-04-2025,4,"Excellent quality for the price, would buy sports equipment again.",1810.00
ORD007170,Indali Kunda,Sports Equipment,No,02-10-2024,5,"Great sports equipment, exactly as described. Very happy with it.",6020.00
ORD007171,Leena Narula,Books,No,15-01-2025,5,"Fast delivery, books exceeded my expectations.",600.00
ORD007172,Brinda Thaker,Sports Equipment,No,19-10-2025,3,"The sports equipment is okay, does the job but nothing special.",14770.00
ORD007174,Chandran Solanki,Beauty Products,No,08-01-2025,5,"Fast delivery, beauty products exceeded my expectations.",1020.00
ORD007175,Benjamin Barad,Groceries,No,03-04-2025,4,"Great groceries, exactly as described. Very happy with it.",1410.00
ORD007176,Abha Keer,Sports Equipment,No,10-06-2025,5,"Great sports equipment, exactly as described. Very happy with it.",5740.00
ORD007177,Qadim Agarwal,Electronics,No,11-03-2023,4,"Fast delivery, electronics exceeded my expectations.",22700.00
ORD007178,Aachal Lad,Shoes,Yes,29-04-2025,4,"Excellent quality for the price, would buy shoes again.",3450.00
ORD007179,Dayamai Kamdar,Toys,No,26-02-2025,5,"Great toys, exactly as described. Very happy with it.",1350.00
ORD007180,Adya Sangha,Furniture,No,02-05-2025,4,"Great furniture, exactly as described. Very happy with it.",15820.00
ORD007182,Chanakya Pillai,Toys,No,23-08-2024,4,"Great toys, exactly as described. Very happy with it.",2680.00
ORD007183,Fariq Gandhi,Shoes,No,27-04-2025,4,"Fast delivery, shoes exceeded my expectations.",4840.00
ORD007184,Rushil Gopal,Toys,No,29-02-2024,3,"The toys is okay, does the job but nothing special.",2100.00
ORD007185,Hitesh Virk,Clothes,No,16-07-2023,3,"The clothes is okay, does the job but nothing special.",2600.00
ORD007187,Jeet Setty,Clothes,No,16-05-2023,4,"Great clothes, exactly as described. Very happy with it.",2960.00
ORD007188,Banjeet Rastogi,Clothes,Yes,29-01-2024,5,"Really satisfied, highly recommend this clothes.",340.00
ORD007189,Chandresh Bahl,Books,No,01-10-2025,4,"Really satisfied, highly recommend this books.",380.00
ORD007190,Daksha Kaul,Electronics,No,14-01-2025,4,"Excellent quality for the price, would buy electronics again.",44840.00
ORD007194,Samar Ahuja,Toys,No,17-04-2025,5,"Excellent quality for the price, would buy toys again.",1570.00
ORD007195,Jasmit Bhardwaj,Clothes,Yes,30-06-2023,5,"Excellent quality for the price, would buy clothes again.",2120.00
ORD007196,Dev Nori,Electronics,No,19-11-2024,5,"Really satisfied, highly recommend this electronics.",16750.00
ORD007197,Shravya Char,Beauty Products,No,06-07-2024,4,"Excellent quality for the price, would buy beauty products again.",2780.00
ORD007198,Nicholas Choudhary,Kitchenware,No,26-12-2025,3,"The kitchenware is okay, does the job but nothing special.",2200.00
ORD007199,Samaksh Sem,Books,No,01-07-2025,5,"Excellent quality for the price, would buy books again.",230.00
ORD007200,Lucky Balakrishnan,Shoes,No,17-04-2023,5,"Great shoes, exactly as described. Very happy with it.",6090.00
ORD007201,Dhruv Randhawa,Books,Yes,02-08-2025,5,"Great books, exactly as described. Very happy with it.",810.00
ORD007202,Gautam Samra,Shoes,No,21-04-2025,3,"Average shoes, packaging could be better.",3620.00
ORD007203,Wridesh Sangha,Groceries,Yes,03-10-2024,4,"Excellent quality for the price, would buy groceries again.",1920.00
ORD007204,Yauvani Patla,Kitchenware,Yes,17-08-2025,5,"Fast delivery, kitchenware exceeded my expectations.",1130.00
ORD007205,Reva Kota,Books,No,25-04-2025,3,"The books is okay, does the job but nothing special.",940.00
ORD007206,Pranit Kohli,Toys,No,13-05-2024,4,"Really satisfied, highly recommend this toys.",1200.00
ORD007207,Aarnav Mand,Shoes,No,08-10-2024,5,"Really satisfied, highly recommend this shoes.",4920.00
ORD007208,Yauvani Patla,Toys,No,29-01-2024,5,"Really satisfied, highly recommend this toys.",1310.00
ORD007209,Turvi Khanna,Shoes,No,16-09-2023,4,"Excellent quality for the price, would buy shoes again.",700.00
ORD007210,Ryan Venkataraman,Shoes,No,15-12-2024,4,"Fast delivery, shoes exceeded my expectations.",7960.00
ORD007212,Lipika Chadha,Toys,No,07-02-2024,3,"The toys is okay, does the job but nothing special.",2270.00
ORD007213,Manthan Lata,Groceries,Yes,20-03-2025,4,"Great groceries, exactly as described. Very happy with it.",1730.00
ORD007214,Banjeet Rege,Sports Equipment,Yes,11-04-2025,5,"Really satisfied, highly recommend this sports equipment.",12920.00
ORD007215,Zayyan Wason,Groceries,No,28-08-2023,4,"Great groceries, exactly as described. Very happy with it.",820.00
ORD007216,Tanmayi Boase,Groceries,No,02-07-2023,1,"Not worth the price, expected better groceries.",1100.00
ORD007217,Vivaan Seth,Furniture,No,17-12-2024,4,"Excellent quality for the price, would buy furniture again.",34840.00
ORD007219,Daksh Dhingra,Electronics,No,21-10-2024,3,"The electronics is okay, does the job but nothing special.",30200.00
ORD007220,Chandran Rastogi,Clothes,No,29-03-2024,4,"Fast delivery, clothes exceeded my expectations.",2290.00
ORD007221,Samuel Rama,Furniture,No,25-06-2023,3,"Average furniture, packaging could be better.",4370.00
ORD007222,Aachal Lad,Kitchenware,No,16-02-2024,5,"Excellent quality for the price, would buy kitchenware again.",2630.00
ORD007223,Chavvi Rattan,Beauty Products,No,26-09-2024,5,"Fast delivery, beauty products exceeded my expectations.",2820.00
ORD007224,Anvi Shan,Beauty Products,No,31-08-2024,5,"Excellent quality for the price, would buy beauty products again.",940.00
ORD007225,Vrishti Lalla,Books,No,03-07-2024,5,"Excellent quality for the price, would buy books again.",810.00
ORD007226,Lakshmi Bhat,Clothes,No,02-09-2024,3,"The clothes is okay, does the job but nothing special.",2400.00
ORD007227,Rudra Ahuja,Furniture,No,15-03-2024,5,"Great furniture, exactly as described. Very happy with it.",6900.00
ORD007228,Laban Bal,Furniture,Yes,22-06-2025,1,"Received a damaged furniture, had to return it.",7790.00
ORD007229,Thomas Sethi,Groceries,No,23-06-2024,5,"Great groceries, exactly as described. Very happy with it.",390.00
ORD007230,Darsh Arya,Groceries,No,25-09-2025,2,"Not worth the price, expected better groceries.",1630.00
ORD007231,Eta Chakraborty,Books,No,21-05-2024,4,"Excellent quality for the price, would buy books again.",1250.00
ORD007232,Bimala Shanker,Clothes,No,27-10-2025,5,"Great clothes, exactly as described. Very happy with it.",2480.00
ORD007233,Ranveer Soman,Furniture,Yes,24-01-2023,5,"Excellent quality for the price, would buy furniture again.",1980.00
ORD007234,Rushil Brahmbhatt,Groceries,No,02-10-2023,4,"Fast delivery, groceries exceeded my expectations.",1330.00
ORD007235,Kavya Sandhu,Kitchenware,No,25-08-2024,5,"Really satisfied, highly recommend this kitchenware.",740.00
ORD007236,Imaran Edwin,Electronics,No,11-07-2024,2,"Disappointed with this electronics, quality is not good.",14810.00
ORD007237,Omaja Badami,Sports Equipment,No,03-02-2024,5,"Really satisfied, highly recommend this sports equipment.",11280.00
ORD007238,Devansh Mital,Sports Equipment,No,14-03-2025,4,"Really satisfied, highly recommend this sports equipment.",10610.00
ORD007239,Tara Sastry,Electronics,No,02-09-2024,5,"Fast delivery, electronics exceeded my expectations.",51700.00
ORD007240,Ladli Kaur,Clothes,No,25-06-2024,5,"Really satisfied, highly recommend this clothes.",1170.00
ORD007241,Baghyawati Guha,Shoes,No,11-12-2024,5,"Really satisfied, highly recommend this shoes.",7580.00
ORD007242,Ganga Bumb,Books,No,10-10-2024,5,"Great books, exactly as described. Very happy with it.",1020.00
ORD007244,Omaja Sharma,Electronics,No,23-03-2024,4,"Great electronics, exactly as described. Very happy with it.",55760.00
ORD007245,Triveni Mallick,Sports Equipment,No,20-06-2024,4,"Really satisfied, highly recommend this sports equipment.",2000.00
ORD007246,Osha Patil,Groceries,Yes,11-08-2024,1,"Received a damaged groceries, had to return it.",470.00
ORD007247,Yuvraj Grewal,Furniture,No,24-07-2023,5,"Really satisfied, highly recommend this furniture.",36740.00
ORD007248,Leela Swaminathan,Clothes,No,22-10-2024,4,"Great clothes, exactly as described. Very happy with it.",2080.00
ORD007249,Tristan Bhavsar,Sports Equipment,No,16-04-2025,2,"Received a damaged sports equipment, had to return it.",10890.00
ORD007250,Megha Shroff,Groceries,No,26-05-2025,1,"Not worth the price, expected better groceries.",1720.00
ORD007251,Viraj Arora,Clothes,No,18-12-2023,4,"Fast delivery, clothes exceeded my expectations.",590.00
ORD007252,Jacob Ramakrishnan,Shoes,No,12-10-2025,2,"Received a damaged shoes, had to return it.",6620.00
ORD007253,Zaid Sandal,Clothes,No,17-04-2023,3,"The clothes is okay, does the job but nothing special.",930.00
ORD007256,Riya Thaman,Shoes,Yes,02-04-2023,4,"Really satisfied, highly recommend this shoes.",690.00
ORD007257,Balvan Jani,Clothes,No,27-02-2024,1,"Disappointed with this clothes, quality is not good.",2180.00
ORD007258,Azaan Sachar,Electronics,No,04-05-2024,2,"Disappointed with this electronics, quality is not good.",47980.00
ORD007259,Chanchal Sastry,Beauty Products,No,03-02-2024,5,"Great beauty products, exactly as described. Very happy with it.",1510.00
ORD007260,Ayaan Bhatnagar,Groceries,No,29-07-2023,4,"Excellent quality for the price, would buy groceries again.",130.00
ORD007261,Max Aurora,Furniture,No,10-04-2024,5,"Excellent quality for the price, would buy furniture again.",7240.00
ORD007262,Upasna Pant,Shoes,No,25-10-2024,1,"Received a damaged shoes, had to return it.",1100.00
ORD007264,Azaan Sachar,Electronics,No,02-09-2023,5,"Fast delivery, electronics exceeded my expectations.",4560.00
ORD007265,Vyanjana Mani,Beauty Products,No,10-05-2024,5,"Great beauty products, exactly as described. Very happy with it.",880.00
ORD007267,Eshana Dyal,Groceries,No,19-06-2024,4,"Fast delivery, groceries exceeded my expectations.",1680.00
ORD007268,Triveni Gaba,Kitchenware,No,25-04-2024,4,"Fast delivery, kitchenware exceeded my expectations.",2260.00
ORD007269,Nathaniel Bhardwaj,Furniture,No,01-06-2023,1,"Received a damaged furniture, had to return it.",38070.00
ORD007271,Qabil Lall,Toys,No,19-04-2024,4,"Excellent quality for the price, would buy toys again.",440.00
ORD007273,Gaurav Toor,Furniture,No,06-08-2024,2,"Not worth the price, expected better furniture.",39180.00
ORD007274,Mekhala Gala,Sports Equipment,No,31-07-2023,4,"Fast delivery, sports equipment exceeded my expectations.",13760.00
ORD007275,Yashica Aurora,Groceries,No,27-06-2023,5,"Excellent quality for the price, would buy groceries again.",520.00
ORD007276,Nitesh Dayal,Groceries,No,24-12-2023,4,"Fast delivery, groceries exceeded my expectations.",1920.00
ORD007278,Manan Mahal,Furniture,No,29-12-2023,4,"Great furniture, exactly as described. Very happy with it.",18450.00
ORD007279,Faris Sethi,Clothes,No,06-05-2024,1,"Disappointed with this clothes, quality is not good.",1970.00
ORD007280,Mohammed Pau,Electronics,Yes,07-04-2024,3,"Average electronics, packaging could be better.",26430.00
ORD007281,Wakeeta Tella,Electronics,No,09-02-2023,5,"Excellent quality for the price, would buy electronics again.",30560.00
ORD007282,Ekani Sood,Groceries,Yes,24-01-2025,5,"Really satisfied, highly recommend this groceries.",1340.00
ORD007284,Siddharth Sood,Electronics,No,28-09-2024,4,"Really satisfied, highly recommend this electronics.",27500.00
ORD007285,Vivaan More,Kitchenware,No,15-08-2024,5,"Really satisfied, highly recommend this kitchenware.",3750.00
ORD007286,Orinder Dhaliwal,Clothes,No,12-07-2023,5,"Great clothes, exactly as described. Very happy with it.",1590.00
ORD007287,Kamya Jhaveri,Books,No,15-04-2024,1,"Received a damaged books, had to return it.",180.00
ORD007288,Pranit Vig,Furniture,No,26-10-2023,5,"Fast delivery, furniture exceeded my expectations.",27030.00
ORD007289,Yashica Aurora,Beauty Products,No,26-04-2024,4,"Excellent quality for the price, would buy beauty products again.",2910.00
ORD007290,Yashoda Mammen,Clothes,No,10-10-2025,4,"Great clothes, exactly as described. Very happy with it.",780.00
ORD007291,Kabir Krishnamurthy,Electronics,No,07-05-2024,3,"Average electronics, packaging could be better.",36050.00
ORD007292,Vritti Chopra,Books,No,06-03-2023,4,"Fast delivery, books exceeded my expectations.",160.00
ORD007293,Azaan Roy,Furniture,No,09-04-2023,5,"Excellent quality for the price, would buy furniture again.",43540.00
ORD007294,Rayaan Goyal,Toys,Yes,03-01-2024,5,"Fast delivery, toys exceeded my expectations.",2680.00
ORD007295,Zilmil Bail,Electronics,No,21-06-2023,5,"Really satisfied, highly recommend this electronics.",5140.00
ORD007296,Darpan Gour,Kitchenware,No,17-01-2026,4,"Really satisfied, highly recommend this kitchenware.",5000.00
ORD007297,Pahal Kuruvilla,Beauty Products,No,22-04-2025,1,"Received a damaged beauty products, had to return it.",340.00
ORD007298,Ojasvi Parmer,Kitchenware,No,11-09-2025,4,"Great kitchenware, exactly as described. Very happy with it.",790.00
ORD007299,Omaja Sharma,Toys,No,10-07-2024,3,"Average toys, packaging could be better.",1620.00
ORD007301,Farhan Mammen,Electronics,No,22-10-2024,5,"Fast delivery, electronics exceeded my expectations.",33950.00
ORD007303,Anjali Dasgupta,Groceries,No,12-06-2023,4,"Fast delivery, groceries exceeded my expectations.",270.00
ORD007304,Onkar Sarin,Toys,No,09-02-2025,2,"Disappointed with this toys, quality is not good.",1340.00
ORD007305,Oscar Kaur,Clothes,No,16-02-2023,3,"The clothes is okay, does the job but nothing special.",1530.00
ORD007307,Vansha Deol,Clothes,No,22-05-2023,5,"Excellent quality for the price, would buy clothes again.",2780.00
ORD007308,Rudra Ahuja,Electronics,No,28-06-2024,3,"The electronics is okay, does the job but nothing special.",6670.00
ORD007309,Yauvani Bhatt,Sports Equipment,No,06-10-2023,4,"Fast delivery, sports equipment exceeded my expectations.",4910.00
ORD007310,Jackson Tak,Beauty Products,No,01-12-2025,2,"Not worth the price, expected better beauty products.",1940.00
ORD007311,Logan Sekhon,Sports Equipment,No,10-01-2025,4,"Great sports equipment, exactly as described. Very happy with it.",6550.00
ORD007312,Kritika Chacko,Kitchenware,No,02-09-2025,4,"Great kitchenware, exactly as described. Very happy with it.",3440.00
ORD007313,Jackson Tak,Sports Equipment,No,22-02-2024,4,"Excellent quality for the price, would buy sports equipment again.",13770.00
ORD007314,Triya Pant,Sports Equipment,No,09-01-2025,5,"Really satisfied, highly recommend this sports equipment.",11120.00
ORD007315,Benjamin Ratta,Toys,No,03-03-2024,5,"Fast delivery, toys exceeded my expectations.",280.00
ORD007316,Hitesh Virk,Beauty Products,No,19-02-2024,5,"Excellent quality for the price, would buy beauty products again.",2090.00
ORD007317,Zilmil Bail,Sports Equipment,No,25-04-2023,5,"Really satisfied, highly recommend this sports equipment.",2860.00
ORD007318,Baghyawati Mishra,Furniture,Yes,01-12-2024,5,"Really satisfied, highly recommend this furniture.",36460.00
ORD007319,Rohan Arora,Furniture,No,12-07-2023,4,"Excellent quality for the price, would buy furniture again.",15910.00
ORD007320,Gaurika Ganesh,Sports Equipment,Yes,28-06-2025,5,"Fast delivery, sports equipment exceeded my expectations.",2530.00
ORD007324,Nandini Karan,Books,No,17-04-2023,5,"Really satisfied, highly recommend this books.",950.00
ORD007325,Krisha Ganguly,Groceries,No,14-08-2023,4,"Fast delivery, groceries exceeded my expectations.",1680.00
ORD007327,Jonathan Wali,Shoes,No,29-10-2025,5,"Fast delivery, shoes exceeded my expectations.",7030.00
ORD007328,Vivaan Seth,Electronics,No,04-12-2025,5,"Excellent quality for the price, would buy electronics again.",56670.00
ORD007329,Parth Jha,Beauty Products,Yes,01-10-2023,3,"Average beauty products, packaging could be better.",2380.00
ORD007330,Janaki Din,Groceries,No,04-05-2023,3,"The groceries is okay, does the job but nothing special.",650.00
ORD007332,Yashawini Sengupta,Clothes,No,22-08-2025,5,"Fast delivery, clothes exceeded my expectations.",2900.00
ORD007333,Tara Sur,Beauty Products,No,03-09-2025,3,"Average beauty products, packaging could be better.",740.00
ORD007334,Warda Kala,Furniture,No,26-06-2024,4,"Fast delivery, furniture exceeded my expectations.",21030.00
ORD007335,Gautam Mishra,Groceries,No,26-06-2025,5,"Fast delivery, groceries exceeded my expectations.",1440.00
ORD007336,Karan Bail,Sports Equipment,No,18-04-2024,5,"Great sports equipment, exactly as described. Very happy with it.",14830.00
ORD007337,Janya Kashyap,Electronics,No,22-11-2024,5,"Fast delivery, electronics exceeded my expectations.",53100.00
ORD007338,George Golla,Clothes,No,18-02-2025,4,"Really satisfied, highly recommend this clothes.",2950.00
ORD007339,Kala Nagar,Furniture,No,09-04-2023,5,"Fast delivery, furniture exceeded my expectations.",25950.00
ORD007340,Faqid Gole,Electronics,No,07-12-2023,4,"Fast delivery, electronics exceeded my expectations.",1730.00
ORD007342,Liam More,Groceries,No,31-10-2024,3,"Average groceries, packaging could be better.",1180.00
ORD007343,Amruta Sehgal,Electronics,No,02-06-2023,5,"Great electronics, exactly as described. Very happy with it.",58330.00
ORD007344,Sanya Shanker,Furniture,No,04-09-2025,5,"Great furniture, exactly as described. Very happy with it.",37880.00
ORD007345,Azaan Roy,Toys,No,30-06-2024,2,"Not worth the price, expected better toys.",730.00
ORD007346,Pranit Vig,Electronics,No,15-03-2023,4,"Great electronics, exactly as described. Very happy with it.",9080.00
ORD007347,Ayushman Bahl,Electronics,No,04-03-2023,5,"Great electronics, exactly as described. Very happy with it.",3740.00
ORD007348,Nathaniel Narain,Beauty Products,No,24-10-2023,5,"Fast delivery, beauty products exceeded my expectations.",170.00
ORD007349,Reva Kota,Furniture,No,29-03-2024,3,"Average furniture, packaging could be better.",39030.00
ORD007351,Manbir Mittal,Electronics,No,28-11-2023,5,"Excellent quality for the price, would buy electronics again.",40100.00
ORD007352,Yamini Garg,Groceries,No,03-11-2024,3,"The groceries is okay, does the job but nothing special.",860.00
ORD007353,Nimrat Vasa,Furniture,No,11-10-2025,5,"Fast delivery, furniture exceeded my expectations.",36700.00
ORD007354,Isha Bhatnagar,Sports Equipment,Yes,27-08-2023,4,"Excellent quality for the price, would buy sports equipment again.",9270.00
ORD007356,Falan Lanka,Sports Equipment,Yes,23-09-2023,4,"Excellent quality for the price, would buy sports equipment again.",1690.00
ORD007357,Thomas Brahmbhatt,Toys,No,27-09-2024,3,"Average toys, packaging could be better.",1400.00
ORD007358,Ishanvi Nagar,Electronics,No,08-09-2023,4,"Fast delivery, electronics exceeded my expectations.",14760.00
ORD007359,Tara Sastry,Sports Equipment,No,08-08-2024,5,"Really satisfied, highly recommend this sports equipment.",12560.00
ORD007360,Vrishti Shroff,Groceries,No,28-08-2023,4,"Great groceries, exactly as described. Very happy with it.",1570.00
ORD007361,Charan Banerjee,Beauty Products,No,09-10-2023,5,"Fast delivery, beauty products exceeded my expectations.",1560.00
ORD007362,Anika Rout,Shoes,No,21-09-2024,4,"Excellent quality for the price, would buy shoes again.",2230.00
ORD007364,Girish Swamy,Electronics,No,31-05-2023,5,"Fast delivery, electronics exceeded my expectations.",28040.00
ORD007366,Tripti Zachariah,Clothes,No,29-05-2025,5,"Fast delivery, clothes exceeded my expectations.",2940.00
ORD007368,Qadim Agarwal,Electronics,No,17-10-2024,5,"Really satisfied, highly recommend this electronics.",56800.00
ORD007369,Kevin Taneja,Clothes,Yes,18-08-2025,5,"Excellent quality for the price, would buy clothes again.",2400.00
ORD007371,Nathan Mander,Electronics,No,05-04-2024,5,"Great electronics, exactly as described. Very happy with it.",10330.00
ORD007372,Manya Shere,Clothes,No,16-06-2025,4,"Really satisfied, highly recommend this clothes.",960.00
ORD007374,Upma Ganesan,Beauty Products,No,24-08-2024,3,"Average beauty products, packaging could be better.",900.00
ORD007375,Advik Hegde,Kitchenware,No,17-09-2023,5,"Really satisfied, highly recommend this kitchenware.",2010.00
ORD007376,Jeet Setty,Beauty Products,Yes,10-08-2025,5,"Fast delivery, beauty products exceeded my expectations.",2680.00
ORD007378,Balhaar Gade,Sports Equipment,Yes,09-03-2023,4,"Excellent quality for the price, would buy sports equipment again.",13980.00
ORD007379,Ayaan Krishnamurthy,Kitchenware,No,01-02-2024,4,"Really satisfied, highly recommend this kitchenware.",2270.00
ORD007381,Libni Palan,Groceries,Yes,27-07-2023,3,"Average groceries, packaging could be better.",450.00
ORD007382,Tarak Chand,Groceries,No,16-04-2023,5,"Fast delivery, groceries exceeded my expectations.",280.00
ORD007383,Abhiram Mitter,Electronics,No,02-03-2023,4,"Great electronics, exactly as described. Very happy with it.",12880.00
ORD007384,Maanas Babu,Clothes,No,22-02-2025,3,"The clothes is okay, does the job but nothing special.",2620.00
ORD007385,Sanya Shanker,Electronics,No,01-09-2024,4,"Fast delivery, electronics exceeded my expectations.",56850.00
ORD007386,Sneha Magar,Furniture,No,23-08-2023,5,"Excellent quality for the price, would buy furniture again.",5060.00
ORD007387,Triveni Gaba,Shoes,Yes,10-08-2023,5,"Excellent quality for the price, would buy shoes again.",7470.00
ORD007388,Eta Chakraborty,Electronics,No,03-08-2025,3,"Average electronics, packaging could be better.",50220.00
ORD007389,Aayush Parekh,Furniture,No,17-09-2023,3,"The furniture is okay, does the job but nothing special.",37470.00
ORD007390,Yahvi Magar,Clothes,No,24-02-2023,5,"Great clothes, exactly as described. Very happy with it.",2190.00
ORD007393,Jhalak Sekhon,Books,No,19-07-2025,1,"Received a damaged books, had to return it.",1470.00
ORD007394,Veer Karnik,Kitchenware,No,28-03-2025,3,"The kitchenware is okay, does the job but nothing special.",4700.00
ORD007396,Viraj Barad,Groceries,No,29-12-2023,4,"Fast delivery, groceries exceeded my expectations.",200.00
ORD007398,Dipta Vaidya,Books,No,18-10-2024,5,"Great books, exactly as described. Very happy with it.",740.00
ORD007399,Gabriel Randhawa,Books,No,22-07-2024,4,"Great books, exactly as described. Very happy with it.",290.00
ORD007400,Hritik Talwar,Electronics,No,26-02-2023,4,"Great electronics, exactly as described. Very happy with it.",17430.00
ORD007403,Yauvani Patla,Kitchenware,No,05-02-2025,3,"Average kitchenware, packaging could be better.",1000.00
ORD007404,Banjeet Rege,Electronics,No,03-07-2025,5,"Fast delivery, electronics exceeded my expectations.",13940.00
ORD007405,Hritik Talwar,Sports Equipment,No,09-03-2024,3,"Average sports equipment, packaging could be better.",12190.00
ORD007406,Vamakshi Vala,Clothes,No,22-01-2025,4,"Excellent quality for the price, would buy clothes again.",2680.00
ORD007407,Triveni Mallick,Electronics,No,29-12-2025,5,"Really satisfied, highly recommend this electronics.",32930.00
ORD007408,Urmi Sachdeva,Groceries,No,05-10-2024,3,"Average groceries, packaging could be better.",2000.00
ORD007409,Imaran Hari,Furniture,No,01-05-2025,1,"Disappointed with this furniture, quality is not good.",23180.00
ORD007410,Mekhala Bawa,Groceries,No,25-02-2024,4,"Great groceries, exactly as described. Very happy with it.",780.00
ORD007411,Urishilla Naik,Groceries,Yes,27-05-2024,5,"Excellent quality for the price, would buy groceries again.",310.00
ORD007414,Amaira Sarin,Clothes,Yes,14-01-2025,2,"Not worth the price, expected better clothes.",2980.00
ORD007416,Andrew Tiwari,Beauty Products,No,17-07-2024,4,"Really satisfied, highly recommend this beauty products.",1110.00
ORD007417,Andrew Tiwari,Books,No,15-06-2023,4,"Excellent quality for the price, would buy books again.",350.00
ORD007418,Imaran Dara,Clothes,Yes,10-05-2025,4,"Really satisfied, highly recommend this clothes.",1470.00
ORD007419,Nandini Karan,Clothes,No,27-10-2025,4,"Excellent quality for the price, would buy clothes again.",2840.00
ORD007420,Vasudha Shah,Sports Equipment,No,22-12-2024,5,"Fast delivery, sports equipment exceeded my expectations.",1440.00
ORD007421,Daksh Chaudhuri,Sports Equipment,No,02-06-2024,3,"The sports equipment is okay, does the job but nothing special.",3470.00
ORD007423,Watika Wali,Groceries,No,31-10-2024,5,"Fast delivery, groceries exceeded my expectations.",700.00
ORD007424,Janani Parmer,Books,No,01-04-2023,3,"Average books, packaging could be better.",1140.00
ORD007425,Dalbir Sule,Groceries,No,26-05-2025,5,"Great groceries, exactly as described. Very happy with it.",970.00
ORD007426,Tanmayi Boase,Furniture,Yes,05-08-2025,3,"The furniture is okay, does the job but nothing special.",23020.00
ORD007427,Aarini Ramakrishnan,Sports Equipment,No,16-03-2023,3,"Average sports equipment, packaging could be better.",10400.00
ORD007429,Dev Nori,Toys,Yes,02-10-2025,3,"The toys is okay, does the job but nothing special.",2850.00
ORD007430,Inaya Sawhney,Sports Equipment,No,09-04-2023,5,"Really satisfied, highly recommend this sports equipment.",5310.00
ORD007432,Banjeet De,Sports Equipment,No,30-09-2023,3,"Average sports equipment, packaging could be better.",11660.00
ORD007433,Inaya Taneja,Sports Equipment,No,25-11-2025,4,"Really satisfied, highly recommend this sports equipment.",9870.00
ORD007434,Kevin Taneja,Groceries,No,10-07-2023,5,"Fast delivery, groceries exceeded my expectations.",360.00
ORD007435,Ekiya Patla,Groceries,No,05-07-2024,5,"Fast delivery, groceries exceeded my expectations.",1210.00
ORD007436,Aarna Jaggi,Kitchenware,No,15-05-2024,1,"Not worth the price, expected better kitchenware.",4840.00
ORD007437,Mohammed Ramachandran,Furniture,No,24-01-2023,3,"Average furniture, packaging could be better.",25390.00
ORD007438,Falak Rege,Groceries,No,03-03-2024,3,"Average groceries, packaging could be better.",1700.00
ORD007439,Krisha Mutti,Sports Equipment,No,30-01-2025,5,"Really satisfied, highly recommend this sports equipment.",5480.00
ORD007440,Atharv Madan,Groceries,No,07-09-2025,3,"The groceries is okay, does the job but nothing special.",930.00
ORD007443,Yashica Om,Shoes,No,24-05-2023,3,"Average shoes, packaging could be better.",1880.00
ORD007444,Vihaan Date,Furniture,No,10-03-2023,3,"The furniture is okay, does the job but nothing special.",1820.00
ORD007445,Waida Bandi,Clothes,No,07-04-2025,4,"Really satisfied, highly recommend this clothes.",1580.00
ORD007446,Triya Pant,Shoes,No,02-04-2023,5,"Really satisfied, highly recommend this shoes.",2520.00
ORD007448,Aarnav Pant,Kitchenware,No,15-03-2025,4,"Fast delivery, kitchenware exceeded my expectations.",2010.00
ORD007449,Garima Agarwal,Groceries,No,13-01-2024,5,"Really satisfied, highly recommend this groceries.",1510.00
ORD007451,Damyanti Bhakta,Furniture,No,13-04-2023,5,"Great furniture, exactly as described. Very happy with it.",49980.00
ORD007452,Turvi Khanna,Sports Equipment,No,26-03-2025,5,"Great sports equipment, exactly as described. Very happy with it.",10800.00
ORD007453,Shivani Sane,Beauty Products,No,12-03-2023,4,"Excellent quality for the price, would buy beauty products again.",1940.00
ORD007454,Hredhaan Edwin,Groceries,No,15-04-2024,4,"Great groceries, exactly as described. Very happy with it.",620.00
ORD007455,Harrison Shan,Sports Equipment,No,16-11-2025,4,"Excellent quality for the price, would buy sports equipment again.",14060.00
ORD007457,Radha Hayer,Electronics,Yes,08-03-2023,3,"The electronics is okay, does the job but nothing special.",24560.00
ORD007459,Nathan Aggarwal,Toys,No,30-08-2025,4,"Excellent quality for the price, would buy toys again.",700.00
ORD007460,Januja Iyengar,Groceries,No,02-12-2023,5,"Great groceries, exactly as described. Very happy with it.",1440.00
ORD007461,Falan Chana,Furniture,No,06-01-2026,2,"Disappointed with this furniture, quality is not good.",49540.00
ORD007462,Triya Pant,Toys,No,05-12-2025,3,"Average toys, packaging could be better.",1510.00
ORD007463,Harsh Gala,Sports Equipment,No,22-02-2023,5,"Really satisfied, highly recommend this sports equipment.",14680.00
ORD007464,Idika Singh,Beauty Products,No,01-01-2026,5,"Great beauty products, exactly as described. Very happy with it.",2120.00
ORD007466,Hamsini Chandra,Beauty Products,No,01-09-2024,2,"Disappointed with this beauty products, quality is not good.",2040.00
ORD007467,Mason Koshy,Furniture,No,04-11-2024,5,"Really satisfied, highly recommend this furniture.",30690.00
ORD007468,Kai Sodhi,Shoes,No,17-10-2023,4,"Great shoes, exactly as described. Very happy with it.",3440.00
ORD007469,Indali Kunda,Electronics,No,29-08-2023,4,"Great electronics, exactly as described. Very happy with it.",51770.00
ORD007470,Rishi Borde,Shoes,No,15-05-2024,3,"The shoes is okay, does the job but nothing special.",3000.00
ORD007471,Maanas Ratta,Beauty Products,No,06-02-2025,5,"Really satisfied, highly recommend this beauty products.",2140.00
ORD007472,Harinakshi Sama,Books,No,23-03-2023,3,"Average books, packaging could be better.",1280.00
ORD007473,Kevin Taneja,Shoes,No,09-04-2023,1,"Disappointed with this shoes, quality is not good.",1390.00
ORD007474,Tanveer Karpe,Furniture,No,28-12-2025,3,"Average furniture, packaging could be better.",13020.00
ORD007475,Aradhana Sethi,Toys,No,19-06-2025,2,"Not worth the price, expected better toys.",2790.00
ORD007476,Hitesh Bhandari,Electronics,No,04-10-2024,3,"The electronics is okay, does the job but nothing special.",40750.00
ORD007478,Saumya Ratti,Groceries,No,12-03-2023,4,"Fast delivery, groceries exceeded my expectations.",220.00
ORD007479,Aarav Nagy,Beauty Products,No,03-02-2023,5,"Fast delivery, beauty products exceeded my expectations.",1300.00
ORD007480,Tara Varughese,Shoes,No,02-11-2023,3,"The shoes is okay, does the job but nothing special.",7530.00
ORD007481,Jasmit Bhardwaj,Beauty Products,No,07-01-2024,2,"Disappointed with this beauty products, quality is not good.",720.00
ORD007482,Simon Mitter,Shoes,No,22-02-2024,3,"Average shoes, packaging could be better.",7800.00
ORD007483,Rudra Ahuja,Beauty Products,No,18-03-2024,1,"Received a damaged beauty products, had to return it.",2360.00
ORD007484,Nathaniel Kota,Sports Equipment,No,13-04-2023,5,"Really satisfied, highly recommend this sports equipment.",3520.00
ORD007485,Vidhi Gaba,Shoes,No,16-01-2026,2,"Disappointed with this shoes, quality is not good.",2660.00
ORD007486,Elijah Raman,Shoes,No,21-05-2025,5,"Really satisfied, highly recommend this shoes.",6510.00
ORD007487,Urvi Das,Shoes,No,26-12-2023,1,"Not worth the price, expected better shoes.",7760.00
ORD007488,Christopher Vasa,Electronics,No,01-05-2023,5,"Great electronics, exactly as described. Very happy with it.",42060.00
ORD007489,Jalsa Sangha,Groceries,No,26-02-2023,4,"Great groceries, exactly as described. Very happy with it.",210.00
ORD007490,Ranveer Soman,Furniture,No,20-10-2025,4,"Fast delivery, furniture exceeded my expectations.",49170.00
ORD007492,Shivani Sane,Electronics,No,02-03-2025,4,"Really satisfied, highly recommend this electronics.",5940.00
ORD007493,Gaurang Lad,Electronics,No,28-08-2023,5,"Really satisfied, highly recommend this electronics.",59460.00
ORD007494,Bakhshi Nagar,Toys,No,27-07-2023,4,"Great toys, exactly as described. Very happy with it.",230.00
ORD007495,Maanas Swamy,Groceries,No,01-01-2026,5,"Great groceries, exactly as described. Very happy with it.",1790.00
ORD007496,Bina Varty,Sports Equipment,No,25-02-2023,3,"Average sports equipment, packaging could be better.",8610.00
ORD007499,Vinaya Shukla,Groceries,No,14-06-2023,5,"Fast delivery, groceries exceeded my expectations.",1340.00
ORD007500,Vrishti Lalla,Beauty Products,No,07-07-2025,5,"Great beauty products, exactly as described. Very happy with it.",280.00
ORD007501,Theodore Chandra,Shoes,No,12-02-2024,5,"Excellent quality for the price, would buy shoes again.",7160.00
ORD007502,Gaurang Lad,Groceries,No,13-07-2023,3,"The groceries is okay, does the job but nothing special.",1240.00
ORD007503,Ganga Bumb,Clothes,No,25-12-2024,5,"Great clothes, exactly as described. Very happy with it.",2670.00
ORD007505,Ranveer Soman,Shoes,No,12-06-2023,5,"Great shoes, exactly as described. Very happy with it.",3820.00
ORD007506,Ronith Raman,Beauty Products,No,16-07-2023,4,"Fast delivery, beauty products exceeded my expectations.",2570.00
ORD007507,Nitesh Dayal,Books,Yes,09-06-2023,5,"Really satisfied, highly recommend this books.",580.00
ORD007508,Urvi Bhattacharyya,Beauty Products,No,17-05-2024,4,"Fast delivery, beauty products exceeded my expectations.",300.00
ORD007509,Leena Narula,Kitchenware,No,21-09-2025,5,"Really satisfied, highly recommend this kitchenware.",4720.00
ORD007510,Rachana Muni,Electronics,No,24-08-2024,2,"Disappointed with this electronics, quality is not good.",18080.00
ORD007511,Shravya Char,Shoes,No,28-02-2024,4,"Excellent quality for the price, would buy shoes again.",4950.00
ORD007512,Liam Solanki,Electronics,No,07-05-2025,5,"Fast delivery, electronics exceeded my expectations.",59590.00
ORD007513,Eshana Tiwari,Clothes,No,20-09-2023,2,"Disappointed with this clothes, quality is not good.",2510.00
ORD007514,Nidhi Sekhon,Groceries,No,02-01-2024,3,"The groceries is okay, does the job but nothing special.",1020.00
ORD007515,Yug Rao,Groceries,Yes,08-09-2023,4,"Fast delivery, groceries exceeded my expectations.",1390.00
ORD007516,Urishilla Naik,Electronics,No,06-02-2023,4,"Excellent quality for the price, would buy electronics again.",51800.00
ORD007517,Rehaan Morar,Electronics,No,24-06-2025,4,"Great electronics, exactly as described. Very happy with it.",10740.00
ORD007518,Kai Bassi,Clothes,No,28-06-2023,5,"Excellent quality for the price, would buy clothes again.",1800.00
ORD007519,Vivaan Sood,Books,No,09-09-2025,4,"Fast delivery, books exceeded my expectations.",950.00
ORD007522,Shravya Char,Books,No,01-02-2024,5,"Really satisfied, highly recommend this books.",610.00
ORD007523,Pranit Kohli,Electronics,Yes,29-07-2025,2,"Not worth the price, expected better electronics.",59420.00
ORD007524,Nathaniel Narain,Electronics,No,23-09-2023,5,"Great electronics, exactly as described. Very happy with it.",51600.00
ORD007526,Onkar Sarin,Beauty Products,No,21-07-2024,2,"Not worth the price, expected better beauty products.",2560.00
ORD007529,Girish Swamy,Shoes,No,08-07-2024,4,"Great shoes, exactly as described. Very happy with it.",6500.00
ORD007532,Jasmit Dhar,Shoes,No,13-05-2023,3,"The shoes is okay, does the job but nothing special.",7520.00
ORD007533,Madhavi Mann,Sports Equipment,No,03-07-2024,2,"Not worth the price, expected better sports equipment.",5070.00
ORD007534,Manya Rao,Sports Equipment,No,19-02-2025,2,"Not worth the price, expected better sports equipment.",2490.00
ORD007535,Dayita Munshi,Groceries,No,20-02-2025,4,"Fast delivery, groceries exceeded my expectations.",1000.00
ORD007536,Xavier Memon,Books,No,01-02-2024,5,"Great books, exactly as described. Very happy with it.",1180.00
ORD007537,Shravya Ravi,Sports Equipment,No,03-09-2023,5,"Really satisfied, highly recommend this sports equipment.",8660.00
ORD007538,Amara Mitra,Groceries,No,24-01-2023,4,"Great groceries, exactly as described. Very happy with it.",240.00
ORD007539,Manthan Lata,Toys,Yes,14-06-2023,3,"Average toys, packaging could be better.",1780.00
ORD007540,Urmi Wali,Kitchenware,Yes,08-05-2023,5,"Excellent quality for the price, would buy kitchenware again.",3180.00
ORD007541,Simon Mitter,Electronics,No,09-10-2025,3,"Average electronics, packaging could be better.",33910.00
ORD007542,Tejas Mani,Clothes,No,21-05-2024,5,"Fast delivery, clothes exceeded my expectations.",340.00
ORD007543,Ijaya Narain,Groceries,No,02-02-2025,4,"Excellent quality for the price, would buy groceries again.",1410.00
ORD007545,Atharv Madan,Books,No,24-08-2024,5,"Great books, exactly as described. Very happy with it.",640.00
ORD007546,Parth Jha,Sports Equipment,No,17-11-2023,4,"Excellent quality for the price, would buy sports equipment again.",14190.00
ORD007547,Manthan Lata,Shoes,No,02-02-2025,5,"Fast delivery, shoes exceeded my expectations.",7110.00
ORD007548,Leela Swaminathan,Books,No,07-08-2024,4,"Great books, exactly as described. Very happy with it.",1410.00
ORD007550,Xavier Memon,Beauty Products,No,07-06-2023,5,"Really satisfied, highly recommend this beauty products.",2950.00
ORD007551,Leela Swaminathan,Clothes,No,13-04-2024,4,"Great clothes, exactly as described. Very happy with it.",980.00
ORD007552,Upasna Pant,Electronics,No,28-12-2025,4,"Excellent quality for the price, would buy electronics again.",50620.00
ORD007553,Vedhika Dhawan,Clothes,No,14-05-2024,3,"The clothes is okay, does the job but nothing special.",2400.00
ORD007555,Manthan Yadav,Books,No,07-07-2024,3,"The books is okay, does the job but nothing special.",440.00
ORD007556,Tristan Ravel,Books,No,01-02-2025,4,"Excellent quality for the price, would buy books again.",1060.00
ORD007557,Zaitra Bajaj,Groceries,No,28-03-2024,5,"Fast delivery, groceries exceeded my expectations.",380.00
ORD007559,Banjeet De,Clothes,No,12-04-2024,4,"Fast delivery, clothes exceeded my expectations.",1030.00
ORD007561,Qabil Lall,Electronics,No,13-01-2025,3,"Average electronics, packaging could be better.",38120.00
ORD007564,Aachal Thakkar,Electronics,No,29-07-2023,4,"Really satisfied, highly recommend this electronics.",38080.00
ORD007565,Hamsini Rattan,Electronics,No,20-01-2023,5,"Great electronics, exactly as described. Very happy with it.",44210.00
ORD007566,Aarnav Pant,Clothes,No,13-09-2023,3,"The clothes is okay, does the job but nothing special.",900.00
ORD007567,Veda Bhatnagar,Books,No,23-11-2025,5,"Really satisfied, highly recommend this books.",1140.00
ORD007568,Rachana Muni,Sports Equipment,No,13-10-2025,2,"Disappointed with this sports equipment, quality is not good.",6180.00
ORD007569,Alexander Behl,Kitchenware,No,13-12-2024,2,"Disappointed with this kitchenware, quality is not good.",530.00
ORD007571,Dhruv Randhawa,Beauty Products,No,26-07-2025,5,"Excellent quality for the price, would buy beauty products again.",1050.00
ORD007572,George Madan,Groceries,No,24-11-2025,5,"Great groceries, exactly as described. Very happy with it.",1610.00
ORD007575,Udarsh Sachdev,Shoes,No,26-01-2023,5,"Really satisfied, highly recommend this shoes.",4490.00
ORD007576,Nathaniel Bhardwaj,Clothes,Yes,27-11-2023,5,"Great clothes, exactly as described. Very happy with it.",1250.00
ORD007577,Samesh Jani,Groceries,No,02-08-2023,5,"Really satisfied, highly recommend this groceries.",180.00
ORD007578,Amara Puri,Beauty Products,No,21-10-2024,5,"Really satisfied, highly recommend this beauty products.",1230.00
ORD007579,Azaan Sachar,Electronics,No,09-09-2023,3,"Average electronics, packaging could be better.",25210.00
ORD007582,Lipika Chadha,Beauty Products,No,09-12-2023,4,"Fast delivery, beauty products exceeded my expectations.",1110.00
ORD007583,Inaya Taneja,Sports Equipment,No,06-11-2024,5,"Fast delivery, sports equipment exceeded my expectations.",1000.00
ORD007584,Vamakshi Vala,Kitchenware,No,17-08-2023,4,"Great kitchenware, exactly as described. Very happy with it.",1890.00
ORD007585,Mugdha Jani,Kitchenware,No,29-10-2024,4,"Great kitchenware, exactly as described. Very happy with it.",4440.00
ORD007586,Benjamin Barad,Clothes,No,19-03-2023,4,"Great clothes, exactly as described. Very happy with it.",1780.00
ORD007587,Harish Shetty,Kitchenware,No,12-03-2025,4,"Excellent quality for the price, would buy kitchenware again.",3380.00
ORD007588,Chavvi Rajan,Furniture,No,22-07-2025,4,"Really satisfied, highly recommend this furniture.",32280.00
ORD007589,Kashvi Sangha,Beauty Products,No,13-10-2025,4,"Excellent quality for the price, would buy beauty products again.",2010.00
ORD007590,Nicholas Bhandari,Groceries,No,09-02-2024,4,"Excellent quality for the price, would buy groceries again.",1860.00
ORD007591,Falan Johal,Books,No,22-08-2024,5,"Fast delivery, books exceeded my expectations.",240.00
ORD007593,Januja Iyengar,Furniture,No,23-11-2024,5,"Excellent quality for the price, would buy furniture again.",4120.00
ORD007594,Shravya Char,Electronics,No,05-05-2024,4,"Fast delivery, electronics exceeded my expectations.",43500.00
ORD007595,Nidhi Sekhon,Groceries,No,24-03-2024,3,"Average groceries, packaging could be better.",710.00
ORD007596,Daksh Dhingra,Books,No,27-06-2024,1,"Disappointed with this books, quality is not good.",360.00
ORD007597,Hitesh Virk,Books,No,21-07-2025,5,"Really satisfied, highly recommend this books.",1220.00
ORD007600,Aradhana Golla,Kitchenware,No,26-04-2023,5,"Excellent quality for the price, would buy kitchenware again.",2440.00
ORD007601,Dev Bhasin,Toys,No,21-04-2023,4,"Great toys, exactly as described. Very happy with it.",1230.00
ORD007602,Harrison Arya,Toys,No,21-08-2025,4,"Excellent quality for the price, would buy toys again.",2520.00
ORD007603,Viraj Arora,Electronics,Yes,31-07-2025,4,"Great electronics, exactly as described. Very happy with it.",36670.00
ORD007604,Chaman Varty,Electronics,Yes,18-02-2024,4,"Great electronics, exactly as described. Very happy with it.",38360.00
ORD007605,Varenya Mani,Sports Equipment,No,09-01-2023,2,"Received a damaged sports equipment, had to return it.",3150.00
ORD007606,Zarna Tailor,Beauty Products,No,17-03-2025,5,"Really satisfied, highly recommend this beauty products.",1690.00
ORD007607,Azaan Sachar,Beauty Products,No,03-04-2024,4,"Really satisfied, highly recommend this beauty products.",2830.00
ORD007609,Samaksh Sem,Books,No,06-07-2025,5,"Fast delivery, books exceeded my expectations.",920.00
ORD007610,Tristan Bhavsar,Sports Equipment,No,24-11-2025,3,"The sports equipment is okay, does the job but nothing special.",6280.00
ORD007613,Pratyush Madan,Sports Equipment,No,09-08-2023,4,"Fast delivery, sports equipment exceeded my expectations.",9930.00
ORD007614,Anvi Shan,Books,No,14-09-2025,4,"Great books, exactly as described. Very happy with it.",1490.00
ORD007616,Nitara Rajagopal,Beauty Products,No,18-03-2025,5,"Excellent quality for the price, would buy beauty products again.",470.00
ORD007618,Idika Singh,Electronics,No,15-01-2023,4,"Excellent quality for the price, would buy electronics again.",34860.00
ORD007619,Upadhriti Menon,Groceries,No,15-12-2023,2,"Received a damaged groceries, had to return it.",560.00
ORD007620,Gautami Lall,Clothes,Yes,06-01-2025,5,"Excellent quality for the price, would buy clothes again.",1840.00
ORD007621,Daksha Kaul,Clothes,No,09-08-2023,3,"Average clothes, packaging could be better.",1210.00
ORD007622,Matthew Yadav,Groceries,No,21-11-2023,2,"Disappointed with this groceries, quality is not good.",1110.00
ORD007623,Om Sastry,Shoes,No,19-05-2023,5,"Great shoes, exactly as described. Very happy with it.",3820.00
ORD007624,Utkarsh Din,Shoes,No,04-02-2024,5,"Fast delivery, shoes exceeded my expectations.",3390.00
ORD007625,Adya Patla,Electronics,No,31-07-2024,3,"The electronics is okay, does the job but nothing special.",54560.00
ORD007626,Darika Kala,Toys,No,05-04-2023,5,"Fast delivery, toys exceeded my expectations.",1560.00
ORD007628,Mekhala Gala,Groceries,No,02-03-2023,5,"Excellent quality for the price, would buy groceries again.",1050.00
ORD007629,Urvi Bhattacharyya,Groceries,No,04-07-2023,5,"Great groceries, exactly as described. Very happy with it.",1670.00
ORD007630,Faras Garg,Electronics,No,06-09-2025,5,"Fast delivery, electronics exceeded my expectations.",32590.00
ORD007631,Udarsh Gopal,Shoes,No,11-07-2025,4,"Excellent quality for the price, would buy shoes again.",7770.00
ORD007632,Urvi Das,Kitchenware,No,18-06-2025,5,"Excellent quality for the price, would buy kitchenware again.",250.00
ORD007633,Rushil Dey,Electronics,No,26-11-2025,5,"Really satisfied, highly recommend this electronics.",33890.00
ORD007635,Matthew Shroff,Clothes,No,04-06-2024,3,"The clothes is okay, does the job but nothing special.",870.00
ORD007637,Isha Bhatnagar,Clothes,No,04-12-2023,5,"Great clothes, exactly as described. Very happy with it.",2100.00
ORD007638,Bahadurjit Arora,Toys,No,14-06-2024,1,"Received a damaged toys, had to return it.",830.00
ORD007639,Chanchal Chand,Sports Equipment,No,10-06-2023,3,"The sports equipment is okay, does the job but nothing special.",4070.00
ORD007640,Janaki Din,Beauty Products,No,06-05-2025,5,"Excellent quality for the price, would buy beauty products again.",460.00
ORD007641,Daksha Kaul,Sports Equipment,No,03-07-2024,5,"Great sports equipment, exactly as described. Very happy with it.",8730.00
ORD007643,Chanchal Sastry,Groceries,No,07-02-2024,3,"The groceries is okay, does the job but nothing special.",1370.00
ORD007645,Bimala Master,Kitchenware,Yes,07-02-2023,5,"Great kitchenware, exactly as described. Very happy with it.",2500.00
ORD007646,Tarak Chand,Groceries,No,17-04-2024,5,"Really satisfied, highly recommend this groceries.",480.00
ORD007647,Ikbal Chhabra,Furniture,No,01-01-2024,3,"The furniture is okay, does the job but nothing special.",11350.00
ORD007648,Frado Joshi,Furniture,No,03-01-2025,5,"Fast delivery, furniture exceeded my expectations.",13750.00
ORD007649,Baghyawati Guha,Furniture,No,29-09-2023,3,"The furniture is okay, does the job but nothing special.",11810.00
ORD007650,Bimala Shanker,Groceries,No,25-01-2024,5,"Great groceries, exactly as described. Very happy with it.",790.00
ORD007652,Advaith Bhatti,Groceries,No,29-12-2025,3,"Average groceries, packaging could be better.",1280.00
ORD007653,Neel Mall,Groceries,Yes,13-09-2025,5,"Really satisfied, highly recommend this groceries.",1520.00
ORD007654,Hamsini Chandra,Shoes,Yes,22-09-2024,4,"Really satisfied, highly recommend this shoes.",7190.00
ORD007655,Janani Parmer,Clothes,No,28-01-2024,5,"Great clothes, exactly as described. Very happy with it.",780.00
ORD007656,Tanmayi Subramanian,Electronics,No,29-10-2024,3,"The electronics is okay, does the job but nothing special.",44320.00
ORD007657,Ishani Kapoor,Books,No,20-11-2024,3,"The books is okay, does the job but nothing special.",620.00
ORD007659,Jairaj Memon,Shoes,No,12-02-2023,4,"Excellent quality for the price, would buy shoes again.",3900.00
ORD007660,Lakshmi Chacko,Groceries,Yes,07-08-2025,3,"Average groceries, packaging could be better.",1710.00
ORD007662,Yash Mittal,Beauty Products,No,04-12-2024,4,"Great beauty products, exactly as described. Very happy with it.",1500.00
ORD007663,Hitesh Prabhu,Electronics,No,31-05-2025,5,"Great electronics, exactly as described. Very happy with it.",48200.00
ORD007664,Qadim Agarwal,Groceries,No,26-07-2025,4,"Excellent quality for the price, would buy groceries again.",280.00
ORD007665,Hardik Kalla,Groceries,No,05-08-2024,4,"Excellent quality for the price, would buy groceries again.",1040.00
ORD007666,Veda Bhatnagar,Groceries,No,07-07-2025,4,"Fast delivery, groceries exceeded my expectations.",1430.00
ORD007668,Aachal Lad,Beauty Products,No,25-10-2023,4,"Excellent quality for the price, would buy beauty products again.",2110.00
ORD007669,Benjamin Devi,Shoes,No,20-11-2024,3,"The shoes is okay, does the job but nothing special.",4420.00
ORD007670,Adya Patla,Groceries,No,26-06-2025,4,"Really satisfied, highly recommend this groceries.",480.00
ORD007671,Leena Chhabra,Beauty Products,No,31-07-2025,4,"Really satisfied, highly recommend this beauty products.",2570.00
ORD007672,Dayita Sehgal,Clothes,No,11-05-2023,1,"Not worth the price, expected better clothes.",960.00
ORD007674,Aarini Nagar,Electronics,No,07-03-2024,4,"Really satisfied, highly recommend this electronics.",43420.00
ORD007675,Udant Hayer,Kitchenware,No,21-08-2023,5,"Excellent quality for the price, would buy kitchenware again.",3570.00
ORD007676,Fitan Sodhi,Shoes,No,05-09-2025,5,"Excellent quality for the price, would buy shoes again.",680.00
ORD007677,Janani Parmer,Clothes,No,25-08-2023,4,"Really satisfied, highly recommend this clothes.",1300.00
ORD007678,Chandresh Golla,Groceries,No,13-06-2025,4,"Really satisfied, highly recommend this groceries.",140.00
ORD007679,Jalsa Sangha,Furniture,No,22-09-2025,3,"The furniture is okay, does the job but nothing special.",9880.00
ORD007680,Charan Mangal,Books,Yes,12-09-2025,5,"Fast delivery, books exceeded my expectations.",1320.00
ORD007681,Neelima Chad,Beauty Products,No,10-12-2025,2,"Disappointed with this beauty products, quality is not good.",2580.00
ORD007682,Dhruv Randhawa,Books,No,31-03-2023,5,"Fast delivery, books exceeded my expectations.",480.00
ORD007685,Nathan Mander,Clothes,No,13-02-2025,4,"Great clothes, exactly as described. Very happy with it.",850.00
ORD007686,Ikbal Ahuja,Books,No,30-08-2025,5,"Really satisfied, highly recommend this books.",1440.00
ORD007688,Ganga Bumb,Electronics,No,05-09-2024,5,"Excellent quality for the price, would buy electronics again.",34600.00
ORD007689,Tejas Mani,Sports Equipment,No,24-01-2024,5,"Excellent quality for the price, would buy sports equipment again.",940.00
ORD007691,Dalbir Sule,Furniture,No,15-03-2025,5,"Really satisfied, highly recommend this furniture.",39000.00
ORD007692,Harrison Arya,Electronics,No,19-06-2023,2,"Disappointed with this electronics, quality is not good.",10620.00
ORD007696,Joshua Bali,Beauty Products,No,17-12-2025,2,"Received a damaged beauty products, had to return it.",380.00
ORD007697,Ayushman Bahl,Books,No,01-08-2024,3,"The books is okay, does the job but nothing special.",490.00
ORD007698,Janya Buch,Kitchenware,No,08-10-2024,2,"Disappointed with this kitchenware, quality is not good.",2320.00
ORD007699,Ansh Kohli,Beauty Products,No,14-01-2024,5,"Fast delivery, beauty products exceeded my expectations.",890.00
ORD007700,Farhan Mammen,Beauty Products,Yes,02-03-2023,4,"Really satisfied, highly recommend this beauty products.",2270.00
ORD007702,Kritika Chacko,Groceries,Yes,17-01-2025,4,"Fast delivery, groceries exceeded my expectations.",880.00
ORD007703,Ganga Bumb,Kitchenware,Yes,31-12-2025,3,"The kitchenware is okay, does the job but nothing special.",4820.00
ORD007704,Gautami Lall,Toys,No,01-07-2024,3,"The toys is okay, does the job but nothing special.",2760.00
ORD007705,Kala Nagar,Shoes,No,05-09-2024,5,"Really satisfied, highly recommend this shoes.",650.00
ORD007706,Zarna Peri,Electronics,No,16-10-2023,4,"Great electronics, exactly as described. Very happy with it.",58570.00
ORD007707,Rachana Muni,Groceries,No,02-09-2024,1,"Received a damaged groceries, had to return it.",1520.00
ORD007708,Yashawini Sengupta,Kitchenware,No,11-04-2025,4,"Really satisfied, highly recommend this kitchenware.",2520.00
ORD007709,Zashil Chaudhuri,Shoes,No,06-01-2026,4,"Excellent quality for the price, would buy shoes again.",1200.00
ORD007710,Meera Chawla,Clothes,No,23-11-2024,4,"Fast delivery, clothes exceeded my expectations.",1190.00
ORD007711,Aayush Andra,Groceries,No,18-07-2025,4,"Great groceries, exactly as described. Very happy with it.",970.00
ORD007713,Vidhi Gaba,Shoes,No,24-04-2024,5,"Great shoes, exactly as described. Very happy with it.",5470.00
ORD007714,Victor Chada,Electronics,No,25-04-2025,4,"Really satisfied, highly recommend this electronics.",31890.00
ORD007715,Bimala Master,Books,No,18-07-2023,4,"Fast delivery, books exceeded my expectations.",1140.00
ORD007716,Faras Garg,Sports Equipment,No,22-11-2025,3,"Average sports equipment, packaging could be better.",3090.00
ORD007718,Gautam Samra,Toys,Yes,02-03-2023,5,"Excellent quality for the price, would buy toys again.",1050.00
ORD007719,Urvi Bhattacharyya,Electronics,No,13-04-2024,1,"Disappointed with this electronics, quality is not good.",55420.00
ORD007720,Leena Narula,Clothes,No,07-08-2023,5,"Fast delivery, clothes exceeded my expectations.",1980.00
ORD007721,Hardik Kalla,Electronics,No,31-03-2023,5,"Excellent quality for the price, would buy electronics again.",40380.00
ORD007723,Akshay Bobal,Shoes,Yes,10-03-2024,2,"Disappointed with this shoes, quality is not good.",1670.00
ORD007724,Daksh Chaudhuri,Electronics,No,18-08-2025,5,"Fast delivery, electronics exceeded my expectations.",53070.00
ORD007725,Ranbir Kala,Books,No,12-11-2023,3,"Average books, packaging could be better.",1340.00
ORD007726,Tara Sur,Groceries,No,12-10-2023,3,"The groceries is okay, does the job but nothing special.",1730.00
ORD007727,Balvan Jani,Furniture,Yes,11-05-2023,3,"Average furniture, packaging could be better.",13420.00
ORD007728,Rishi Borde,Toys,No,27-08-2025,2,"Not worth the price, expected better toys.",2700.00
ORD007729,Chanakya Mand,Groceries,No,12-08-2024,3,"The groceries is okay, does the job but nothing special.",1400.00
ORD007730,Baljiwan Chadha,Books,No,19-01-2024,5,"Fast delivery, books exceeded my expectations.",1200.00
ORD007733,Ranveer Soman,Electronics,Yes,06-05-2023,4,"Excellent quality for the price, would buy electronics again.",18330.00
ORD007734,Qadim Sen,Electronics,No,17-11-2025,5,"Really satisfied, highly recommend this electronics.",11990.00
ORD007736,Brijesh Mani,Beauty Products,No,06-04-2023,3,"Average beauty products, packaging could be better.",2960.00
ORD007737,Leena Chhabra,Clothes,No,12-03-2025,4,"Excellent quality for the price, would buy clothes again.",1700.00
ORD007738,Elijah Luthra,Clothes,No,09-12-2025,5,"Great clothes, exactly as described. Very happy with it.",2160.00
ORD007739,Banjeet Memon,Groceries,No,27-05-2024,5,"Great groceries, exactly as described. Very happy with it.",1270.00
ORD007740,Gagan Tandon,Beauty Products,Yes,07-06-2024,2,"Not worth the price, expected better beauty products.",2570.00
ORD007741,Chavvi Rattan,Clothes,No,24-05-2024,4,"Fast delivery, clothes exceeded my expectations.",580.00
ORD007744,Aarini Ramakrishnan,Shoes,No,03-12-2025,4,"Great shoes, exactly as described. Very happy with it.",2380.00
ORD007745,Rachana Muni,Electronics,No,07-07-2024,4,"Great electronics, exactly as described. Very happy with it.",25780.00
ORD007748,Rachana Muni,Groceries,No,02-03-2024,2,"Not worth the price, expected better groceries.",840.00
ORD007749,Meera Chawla,Sports Equipment,No,17-05-2023,3,"Average sports equipment, packaging could be better.",2470.00
ORD007750,Advaith Bhatti,Shoes,No,23-07-2023,3,"Average shoes, packaging could be better.",1390.00
ORD007751,Liam More,Electronics,Yes,04-01-2025,5,"Great electronics, exactly as described. Very happy with it.",2080.00
ORD007752,Chatura Thaman,Clothes,No,05-03-2023,5,"Fast delivery, clothes exceeded my expectations.",1130.00
ORD007753,Tara Sastry,Sports Equipment,No,09-11-2024,4,"Great sports equipment, exactly as described. Very happy with it.",8860.00
ORD007754,Karan Kumar,Books,No,14-02-2025,2,"Not worth the price, expected better books.",1180.00
ORD007756,Dayamai Kamdar,Shoes,No,12-02-2023,5,"Great shoes, exactly as described. Very happy with it.",6100.00
ORD007757,Jai Bhatia,Groceries,No,14-10-2024,1,"Disappointed with this groceries, quality is not good.",910.00
ORD007758,Andrew Tiwari,Clothes,Yes,24-05-2024,5,"Excellent quality for the price, would buy clothes again.",910.00
ORD007759,Chandresh Bahl,Shoes,No,29-08-2023,2,"Not worth the price, expected better shoes.",5460.00
ORD007761,Onveer Bhavsar,Shoes,No,23-02-2024,2,"Received a damaged shoes, had to return it.",1290.00
ORD007763,Baghyawati Mishra,Groceries,Yes,06-08-2023,5,"Excellent quality for the price, would buy groceries again.",410.00
ORD007764,Inaya Kalla,Shoes,No,14-03-2025,5,"Great shoes, exactly as described. Very happy with it.",4400.00
ORD007765,Aarav Anne,Beauty Products,Yes,15-11-2024,5,"Really satisfied, highly recommend this beauty products.",2670.00
ORD007766,Leena Narula,Furniture,No,20-03-2024,5,"Fast delivery, furniture exceeded my expectations.",40810.00
ORD007768,Sarthak Rai,Groceries,No,10-07-2024,5,"Excellent quality for the price, would buy groceries again.",130.00
ORD007769,Dakshesh Goswami,Groceries,No,17-02-2025,5,"Fast delivery, groceries exceeded my expectations.",1850.00
ORD007770,Lipika Chadha,Kitchenware,No,15-02-2024,3,"The kitchenware is okay, does the job but nothing special.",4550.00
ORD007771,Damyanti Bhakta,Books,No,17-07-2023,3,"The books is okay, does the job but nothing special.",1180.00
ORD007772,Sanya Cherian,Shoes,No,10-01-2025,4,"Really satisfied, highly recommend this shoes.",6660.00
ORD007774,Vaishnavi Shroff,Furniture,Yes,28-07-2024,4,"Fast delivery, furniture exceeded my expectations.",9200.00
ORD007777,Pranit Kohli,Furniture,No,10-05-2025,4,"Excellent quality for the price, would buy furniture again.",7610.00
ORD007778,Yahvi Magar,Kitchenware,No,06-09-2024,5,"Excellent quality for the price, would buy kitchenware again.",4150.00
ORD007779,Ojasvi Parmer,Sports Equipment,Yes,19-03-2024,5,"Great sports equipment, exactly as described. Very happy with it.",11100.00
ORD007780,Kavya Sandhu,Electronics,No,07-08-2025,4,"Great electronics, exactly as described. Very happy with it.",9540.00
ORD007781,Gautam Aurora,Furniture,No,04-02-2023,1,"Disappointed with this furniture, quality is not good.",41050.00
ORD007783,Timothy Bhatti,Groceries,No,01-11-2025,4,"Excellent quality for the price, would buy groceries again.",1150.00
ORD007784,Omya Salvi,Groceries,No,26-05-2024,5,"Great groceries, exactly as described. Very happy with it.",1740.00
ORD007785,Jagvi Sethi,Electronics,No,03-07-2025,5,"Really satisfied, highly recommend this electronics.",1080.00
ORD007786,Tara Sur,Furniture,No,28-07-2025,5,"Great furniture, exactly as described. Very happy with it.",45970.00
ORD007787,Yauvani Gokhale,Kitchenware,Yes,16-01-2024,4,"Really satisfied, highly recommend this kitchenware.",3730.00
ORD007788,Fitan Sodhi,Sports Equipment,No,31-08-2025,5,"Really satisfied, highly recommend this sports equipment.",8850.00
ORD007789,Gautami Manda,Kitchenware,No,24-03-2025,5,"Excellent quality for the price, would buy kitchenware again.",3650.00
ORD007790,Kamya Lanka,Groceries,No,04-12-2025,5,"Fast delivery, groceries exceeded my expectations.",810.00
ORD007791,Dipta Shroff,Furniture,Yes,30-05-2024,4,"Really satisfied, highly recommend this furniture.",4350.00
ORD007792,Hiral Dua,Clothes,No,28-02-2023,4,"Excellent quality for the price, would buy clothes again.",2470.00
ORD007793,Rajeshri Kapadia,Toys,No,21-04-2025,1,"Received a damaged toys, had to return it.",1910.00
ORD007794,Ryan Venkataraman,Groceries,No,27-12-2024,4,"Great groceries, exactly as described. Very happy with it.",520.00
ORD007795,Imaran Edwin,Toys,No,22-01-2025,3,"The toys is okay, does the job but nothing special.",2120.00
ORD007796,Waida Bandi,Electronics,No,24-01-2026,5,"Great electronics, exactly as described. Very happy with it.",52740.00
ORD007797,Chandran Datta,Toys,No,22-11-2025,3,"The toys is okay, does the job but nothing special.",1710.00
ORD007798,Gautami Sarin,Shoes,No,07-02-2024,5,"Really satisfied, highly recommend this shoes.",3370.00
ORD007799,Alka Srinivas,Clothes,No,20-10-2024,2,"Disappointed with this clothes, quality is not good.",2710.00
ORD007801,Chatura Thaman,Books,Yes,28-09-2024,5,"Really satisfied, highly recommend this books.",1330.00
ORD007802,Sachi Chauhan,Electronics,No,05-03-2025,3,"The electronics is okay, does the job but nothing special.",7400.00
ORD007804,Inaya Sawhney,Groceries,No,10-07-2025,4,"Fast delivery, groceries exceeded my expectations.",920.00
ORD007806,Upkaar Cheema,Electronics,No,25-04-2024,3,"Average electronics, packaging could be better.",9770.00
ORD007807,Zayan Sani,Kitchenware,No,09-07-2024,5,"Really satisfied, highly recommend this kitchenware.",2280.00
ORD007808,Shivani Sane,Clothes,No,14-01-2025,2,"Received a damaged clothes, had to return it.",2250.00
ORD007809,Vrishti Shroff,Furniture,Yes,20-06-2025,5,"Really satisfied, highly recommend this furniture.",16740.00
ORD007810,Udarsh Dubey,Books,No,29-12-2025,4,"Excellent quality for the price, would buy books again.",320.00
ORD007811,Lakshmi Chacko,Groceries,No,21-11-2025,3,"Average groceries, packaging could be better.",630.00
ORD007812,Vyanjana Mani,Beauty Products,No,04-08-2023,4,"Really satisfied, highly recommend this beauty products.",2600.00
ORD007813,Omisha Sood,Beauty Products,No,25-11-2023,4,"Fast delivery, beauty products exceeded my expectations.",2380.00
ORD007814,Viraj Arora,Furniture,No,15-04-2024,4,"Excellent quality for the price, would buy furniture again.",28280.00
ORD007815,Yashawini Sengupta,Kitchenware,No,03-11-2023,4,"Excellent quality for the price, would buy kitchenware again.",2310.00
ORD007816,Garima Agarwal,Sports Equipment,No,27-02-2024,5,"Excellent quality for the price, would buy sports equipment again.",3400.00
ORD007817,Varenya Mani,Clothes,No,23-08-2025,4,"Really satisfied, highly recommend this clothes.",320.00
ORD007818,Rayaan Malhotra,Electronics,No,30-04-2023,4,"Fast delivery, electronics exceeded my expectations.",47470.00
ORD007819,Samar Balay,Beauty Products,No,14-11-2023,5,"Really satisfied, highly recommend this beauty products.",180.00
ORD007821,Ijaya Mander,Electronics,No,22-03-2025,5,"Great electronics, exactly as described. Very happy with it.",38880.00
ORD007822,Yutika Bhagat,Furniture,No,04-06-2024,4,"Great furniture, exactly as described. Very happy with it.",35740.00
ORD007823,Samar Balay,Electronics,No,20-07-2023,5,"Excellent quality for the price, would buy electronics again.",8720.00
ORD007827,Ladli Kaur,Kitchenware,No,14-01-2026,3,"Average kitchenware, packaging could be better.",4460.00
ORD007828,Anika Palan,Sports Equipment,No,26-07-2024,4,"Excellent quality for the price, would buy sports equipment again.",420.00
ORD007829,Eshana Dyal,Kitchenware,No,11-09-2024,5,"Excellent quality for the price, would buy kitchenware again.",3270.00
ORD007830,Amara Mitra,Clothes,No,23-01-2025,3,"Average clothes, packaging could be better.",2980.00
ORD007831,Vedhika Dhawan,Beauty Products,No,26-02-2023,3,"Average beauty products, packaging could be better.",990.00
ORD007832,Jagat Iyengar,Sports Equipment,No,15-12-2023,4,"Fast delivery, sports equipment exceeded my expectations.",11570.00
ORD007833,Sathvik Lall,Sports Equipment,Yes,24-08-2023,4,"Great sports equipment, exactly as described. Very happy with it.",13480.00
ORD007834,Meghana Ben,Shoes,No,21-11-2025,2,"Not worth the price, expected better shoes.",3090.00
ORD007835,Nirja Shan,Toys,No,30-05-2023,2,"Not worth the price, expected better toys.",1820.00
ORD007836,Janaki Din,Shoes,No,13-03-2025,5,"Great shoes, exactly as described. Very happy with it.",3470.00
ORD007837,Ryan Venkataraman,Electronics,No,05-05-2023,5,"Excellent quality for the price, would buy electronics again.",7980.00
ORD007838,Alka Chopra,Furniture,No,24-04-2025,4,"Great furniture, exactly as described. Very happy with it.",11640.00
ORD007839,Parth Hegde,Sports Equipment,No,12-02-2024,4,"Excellent quality for the price, would buy sports equipment again.",7280.00
ORD007840,Dev Bhasin,Furniture,Yes,14-05-2024,4,"Really satisfied, highly recommend this furniture.",44200.00
ORD007841,Ganga Chandra,Groceries,No,21-05-2024,4,"Fast delivery, groceries exceeded my expectations.",1250.00
ORD007842,Yasti Mutti,Kitchenware,No,29-01-2024,5,"Really satisfied, highly recommend this kitchenware.",2280.00
ORD007845,Lakshmi Chacko,Clothes,No,22-02-2025,5,"Great clothes, exactly as described. Very happy with it.",1370.00
ORD007846,Turvi Khanna,Kitchenware,No,13-05-2023,4,"Great kitchenware, exactly as described. Very happy with it.",4590.00
ORD007847,Karan Bail,Beauty Products,No,20-09-2023,4,"Excellent quality for the price, would buy beauty products again.",1880.00
ORD007848,Zashil Bansal,Groceries,No,27-05-2024,4,"Really satisfied, highly recommend this groceries.",1210.00
ORD007849,Tanveer Karpe,Beauty Products,No,07-09-2025,5,"Really satisfied, highly recommend this beauty products.",1650.00
ORD007850,Yatan Keer,Electronics,No,27-12-2024,5,"Great electronics, exactly as described. Very happy with it.",41100.00
ORD007851,Frederick Nair,Clothes,No,03-11-2023,3,"Average clothes, packaging could be better.",1430.00
ORD007852,Chandresh Bahl,Kitchenware,No,26-06-2023,4,"Fast delivery, kitchenware exceeded my expectations.",3460.00
ORD007853,Kamya Jhaveri,Groceries,No,15-08-2024,5,"Great groceries, exactly as described. Very happy with it.",1600.00
ORD007854,Maanav Bassi,Books,No,27-11-2025,3,"Average books, packaging could be better.",570.00
ORD007855,Ekiya Patla,Electronics,No,17-08-2024,5,"Excellent quality for the price, would buy electronics again.",28080.00
ORD007856,Girish Swamy,Clothes,No,03-04-2024,5,"Fast delivery, clothes exceeded my expectations.",2560.00
ORD007857,Vrinda Sama,Beauty Products,No,10-12-2024,3,"The beauty products is okay, does the job but nothing special.",2430.00
ORD007859,Upasna Pant,Sports Equipment,No,04-06-2024,2,"Received a damaged sports equipment, had to return it.",8200.00
ORD007860,Varsha Sundaram,Electronics,No,27-12-2025,4,"Excellent quality for the price, would buy electronics again.",12710.00
ORD007862,Urvi Palla,Toys,No,14-04-2024,5,"Great toys, exactly as described. Very happy with it.",1670.00
ORD007863,Mugdha Jani,Books,No,16-03-2023,3,"The books is okay, does the job but nothing special.",1300.00
ORD007864,Bimala Master,Groceries,No,29-05-2023,5,"Excellent quality for the price, would buy groceries again.",1190.00
ORD007865,Praneel Bajaj,Groceries,No,29-11-2023,4,"Excellent quality for the price, would buy groceries again.",1040.00
ORD007866,Benjamin Deol,Books,Yes,06-08-2025,5,"Great books, exactly as described. Very happy with it.",670.00
ORD007868,Faras Garg,Groceries,No,02-12-2025,1,"Disappointed with this groceries, quality is not good.",680.00
ORD007869,Logan Sekhon,Furniture,No,29-12-2023,4,"Excellent quality for the price, would buy furniture again.",39360.00
ORD007870,Januja Bal,Shoes,No,04-05-2025,5,"Great shoes, exactly as described. Very happy with it.",3320.00
ORD007872,Ronith Nazareth,Groceries,No,19-11-2024,3,"The groceries is okay, does the job but nothing special.",1640.00
ORD007873,Mekhala Chakraborty,Beauty Products,No,22-11-2023,3,"Average beauty products, packaging could be better.",1780.00
ORD007874,Frederick Solanki,Clothes,No,02-08-2024,5,"Great clothes, exactly as described. Very happy with it.",860.00
ORD007875,Yashoda Mammen,Books,Yes,03-08-2025,5,"Really satisfied, highly recommend this books.",1500.00
ORD007876,Charles Chaudry,Electronics,No,29-05-2024,5,"Excellent quality for the price, would buy electronics again.",8800.00
ORD007879,Urvi Das,Electronics,No,04-01-2024,5,"Excellent quality for the price, would buy electronics again.",50010.00
ORD007880,Megha Shroff,Groceries,No,25-02-2023,5,"Great groceries, exactly as described. Very happy with it.",520.00
ORD007881,Onkar Datta,Furniture,No,19-12-2023,2,"Not worth the price, expected better furniture.",30770.00
ORD007882,Yochana Bal,Electronics,No,23-10-2024,4,"Great electronics, exactly as described. Very happy with it.",52320.00
ORD007884,Warhi Iyer,Electronics,No,19-08-2023,3,"The electronics is okay, does the job but nothing special.",46830.00
ORD007885,Kiaan Jayaraman,Books,No,10-03-2024,4,"Great books, exactly as described. Very happy with it.",480.00
ORD007886,Devika Parikh,Furniture,No,15-04-2025,4,"Great furniture, exactly as described. Very happy with it.",8070.00
ORD007887,Nidhi Baria,Books,Yes,12-12-2023,5,"Excellent quality for the price, would buy books again.",590.00
ORD007889,Dipta Vaidya,Kitchenware,No,28-02-2023,4,"Great kitchenware, exactly as described. Very happy with it.",4360.00
ORD007890,Bimala Master,Clothes,No,16-09-2025,3,"The clothes is okay, does the job but nothing special.",1940.00
ORD007891,Faras Murthy,Shoes,No,28-09-2024,5,"Really satisfied, highly recommend this shoes.",6940.00
ORD007892,Varsha Sundaram,Furniture,No,30-03-2023,4,"Great furniture, exactly as described. Very happy with it.",23680.00
ORD007893,Lipika Chadha,Sports Equipment,Yes,16-06-2025,4,"Fast delivery, sports equipment exceeded my expectations.",13420.00
ORD007894,Ekalinga Joshi,Shoes,No,08-10-2025,3,"The shoes is okay, does the job but nothing special.",5010.00
ORD007895,Aradhana Sethi,Beauty Products,Yes,26-08-2024,4,"Fast delivery, beauty products exceeded my expectations.",2660.00
ORD007896,Bhavna Sood,Clothes,No,13-12-2025,5,"Excellent quality for the price, would buy clothes again.",510.00
ORD007897,Akshay Bobal,Groceries,No,30-03-2024,4,"Really satisfied, highly recommend this groceries.",380.00
ORD007899,Gautami Lall,Electronics,Yes,14-03-2024,2,"Received a damaged electronics, had to return it.",26500.00
ORD007900,Warda Doctor,Kitchenware,Yes,10-08-2023,5,"Really satisfied, highly recommend this kitchenware.",240.00
ORD007901,Chanchal Chand,Clothes,No,22-03-2023,1,"Not worth the price, expected better clothes.",670.00
ORD007902,Omisha Sood,Electronics,No,30-03-2023,3,"The electronics is okay, does the job but nothing special.",54950.00
ORD007903,Yuvraj Thaman,Groceries,No,20-06-2023,3,"Average groceries, packaging could be better.",350.00
ORD007904,Yatin Balakrishnan,Shoes,No,11-05-2025,5,"Great shoes, exactly as described. Very happy with it.",4360.00
ORD007905,Yochana Bal,Shoes,No,01-07-2025,5,"Fast delivery, shoes exceeded my expectations.",5420.00
ORD007907,Tara Varughese,Furniture,No,30-08-2025,3,"Average furniture, packaging could be better.",30030.00
ORD007909,Tara Varughese,Beauty Products,No,20-12-2025,3,"Average beauty products, packaging could be better.",510.00
ORD007910,Gavin Gade,Toys,No,25-10-2025,4,"Really satisfied, highly recommend this toys.",410.00
ORD007911,Sanya Cherian,Books,No,26-01-2024,1,"Received a damaged books, had to return it.",690.00
ORD007912,Upasna Pant,Shoes,No,29-10-2023,5,"Excellent quality for the price, would buy shoes again.",2320.00
ORD007913,Vihaan Dora,Beauty Products,No,17-10-2025,3,"Average beauty products, packaging could be better.",1670.00
ORD007914,Ayush Bala,Shoes,Yes,11-08-2023,3,"Average shoes, packaging could be better.",1150.00
ORD007917,Onkar Sarin,Clothes,No,19-09-2025,3,"Average clothes, packaging could be better.",2790.00
ORD007918,Hamsini Rattan,Sports Equipment,No,08-10-2023,4,"Excellent quality for the price, would buy sports equipment again.",920.00
ORD007919,Zayyan Wason,Books,No,28-09-2025,5,"Great books, exactly as described. Very happy with it.",940.00
ORD007920,Elijah Luthra,Electronics,No,17-09-2025,4,"Great electronics, exactly as described. Very happy with it.",27260.00
ORD007922,Vaishnavi Shroff,Groceries,No,04-11-2025,5,"Really satisfied, highly recommend this groceries.",1310.00
ORD007923,Shivansh Puri,Shoes,Yes,15-10-2025,2,"Not worth the price, expected better shoes.",5870.00
ORD007924,Charvi Subramanian,Beauty Products,No,10-09-2024,4,"Excellent quality for the price, would buy beauty products again.",2280.00
ORD007927,Gavin Lalla,Kitchenware,No,06-06-2023,4,"Great kitchenware, exactly as described. Very happy with it.",2550.00
ORD007928,Vasudha Murty,Clothes,No,07-05-2023,5,"Really satisfied, highly recommend this clothes.",2750.00
ORD007929,Hemani Aurora,Groceries,No,14-05-2024,2,"Not worth the price, expected better groceries.",170.00
ORD007931,Madhavi Mann,Furniture,No,18-10-2025,2,"Not worth the price, expected better furniture.",12990.00
ORD007932,Tarak Chand,Clothes,Yes,15-02-2025,5,"Really satisfied, highly recommend this clothes.",2920.00
ORD007933,Mekhala Bawa,Groceries,No,01-01-2025,3,"The groceries is okay, does the job but nothing special.",1060.00
ORD007934,Hardik Kalla,Electronics,No,27-08-2024,2,"Received a damaged electronics, had to return it.",29770.00
ORD007935,Vivaan More,Toys,No,08-09-2025,4,"Excellent quality for the price, would buy toys again.",190.00
ORD007936,Kavya Srivastava,Furniture,No,22-08-2025,5,"Fast delivery, furniture exceeded my expectations.",14720.00
ORD007940,Omya Salvi,Beauty Products,No,27-05-2025,4,"Great beauty products, exactly as described. Very happy with it.",2840.00
ORD007941,Jatin Kapoor,Clothes,No,15-11-2025,5,"Excellent quality for the price, would buy clothes again.",2420.00
ORD007942,Wakeeta Tella,Sports Equipment,No,25-02-2024,3,"Average sports equipment, packaging could be better.",4980.00
ORD007943,Vincent Barad,Clothes,No,17-03-2024,4,"Fast delivery, clothes exceeded my expectations.",1100.00
ORD007944,Thomas Sethi,Shoes,Yes,02-06-2023,3,"The shoes is okay, does the job but nothing special.",770.00
ORD007945,Jairaj Setty,Sports Equipment,No,10-08-2024,3,"The sports equipment is okay, does the job but nothing special.",13140.00
ORD007947,Veda Muni,Groceries,No,15-04-2024,3,"Average groceries, packaging could be better.",1280.00
ORD007948,Vedhika Dhawan,Sports Equipment,No,04-03-2023,4,"Great sports equipment, exactly as described. Very happy with it.",8660.00
ORD007949,Hemangini Sekhon,Books,No,31-05-2025,5,"Fast delivery, books exceeded my expectations.",1210.00
ORD007950,Harinakshi Sahni,Electronics,No,29-04-2025,4,"Fast delivery, electronics exceeded my expectations.",46770.00
ORD007951,Yamini Garg,Groceries,No,16-03-2023,3,"Average groceries, packaging could be better.",520.00
ORD007952,Riya Thaman,Electronics,No,04-11-2024,4,"Really satisfied, highly recommend this electronics.",41320.00
ORD007953,Gavin Lalla,Furniture,No,12-12-2023,2,"Not worth the price, expected better furniture.",12610.00
ORD007954,Dhruv Bandi,Electronics,Yes,10-02-2024,2,"Not worth the price, expected better electronics.",45170.00
ORD007955,Gautami Manda,Sports Equipment,Yes,01-07-2024,5,"Really satisfied, highly recommend this sports equipment.",890.00
ORD007956,Nirja Shan,Groceries,No,27-07-2024,5,"Great groceries, exactly as described. Very happy with it.",790.00
ORD007957,Samaksh Sem,Beauty Products,No,03-12-2024,5,"Great beauty products, exactly as described. Very happy with it.",1130.00
ORD007958,Shivani Sane,Books,No,11-07-2025,5,"Fast delivery, books exceeded my expectations.",1490.00
ORD007959,Gautam Mishra,Kitchenware,Yes,18-05-2023,3,"The kitchenware is okay, does the job but nothing special.",200.00
ORD007960,Viraj Barad,Clothes,No,18-02-2025,5,"Fast delivery, clothes exceeded my expectations.",940.00
ORD007961,Aarav Nagy,Clothes,No,18-06-2023,5,"Excellent quality for the price, would buy clothes again.",650.00
ORD007962,Ekansh Batra,Furniture,No,03-02-2024,4,"Excellent quality for the price, would buy furniture again.",19580.00
ORD007963,Omisha Sood,Clothes,No,09-10-2024,3,"Average clothes, packaging could be better.",1940.00
ORD007964,Idika Warrior,Groceries,No,07-04-2024,5,"Excellent quality for the price, would buy groceries again.",770.00
ORD007965,George Golla,Clothes,No,16-08-2024,5,"Excellent quality for the price, would buy clothes again.",1920.00
ORD007966,Vrishti Cherian,Toys,No,09-02-2024,5,"Great toys, exactly as described. Very happy with it.",1810.00
ORD007967,Janani Parmer,Beauty Products,No,15-11-2023,3,"Average beauty products, packaging could be better.",2550.00
ORD007968,Adweta Parsa,Electronics,No,08-06-2024,2,"Received a damaged electronics, had to return it.",14130.00
ORD007969,Rohan Rajagopalan,Sports Equipment,No,14-04-2024,4,"Fast delivery, sports equipment exceeded my expectations.",8780.00
ORD007970,Charan Banerjee,Sports Equipment,No,08-06-2024,2,"Received a damaged sports equipment, had to return it.",550.00
ORD007971,Harsh Gala,Electronics,No,29-08-2024,5,"Really satisfied, highly recommend this electronics.",49290.00
ORD007972,Kashvi Sangha,Clothes,No,19-09-2024,4,"Fast delivery, clothes exceeded my expectations.",580.00
ORD007973,Siya Dhillon,Books,No,25-02-2025,4,"Excellent quality for the price, would buy books again.",330.00
ORD007974,Leena Chhabra,Sports Equipment,No,09-08-2025,5,"Really satisfied, highly recommend this sports equipment.",9300.00
ORD007975,Shivani Murthy,Furniture,Yes,07-11-2025,1,"Not worth the price, expected better furniture.",20140.00
ORD007976,Yahvi Wadhwa,Kitchenware,Yes,05-02-2025,5,"Really satisfied, highly recommend this kitchenware.",4780.00
ORD007977,Kala Vig,Groceries,No,11-06-2025,5,"Great groceries, exactly as described. Very happy with it.",1920.00
ORD007978,Zehaan Pradhan,Electronics,No,30-03-2025,3,"Average electronics, packaging could be better.",39200.00
ORD007979,Ansh Kohli,Books,No,06-03-2025,3,"The books is okay, does the job but nothing special.",860.00
ORD007980,Vrishti Cherian,Books,Yes,02-04-2024,4,"Really satisfied, highly recommend this books.",860.00
ORD007981,Hamsini Iyer,Groceries,No,17-12-2025,4,"Great groceries, exactly as described. Very happy with it.",1720.00
ORD007982,Chandran Datta,Electronics,No,31-10-2024,5,"Excellent quality for the price, would buy electronics again.",19120.00
ORD007983,Finn Kurian,Electronics,No,27-06-2025,4,"Great electronics, exactly as described. Very happy with it.",15830.00
ORD007986,Nidra Devan,Electronics,No,05-11-2024,4,"Great electronics, exactly as described. Very happy with it.",40740.00
ORD007988,Orinder Dhaliwal,Furniture,Yes,06-09-2024,4,"Excellent quality for the price, would buy furniture again.",14250.00
ORD007989,Urishilla Naik,Sports Equipment,No,15-02-2024,4,"Excellent quality for the price, would buy sports equipment again.",7750.00
ORD007990,Chanchal Chand,Sports Equipment,Yes,21-12-2024,5,"Excellent quality for the price, would buy sports equipment again.",6920.00
ORD007991,Faqid Gole,Shoes,No,17-06-2024,1,"Received a damaged shoes, had to return it.",5210.00
ORD007992,Inaya Taneja,Groceries,No,27-03-2024,3,"The groceries is okay, does the job but nothing special.",60.00
ORD007994,Leena Chhabra,Electronics,No,22-01-2024,2,"Received a damaged electronics, had to return it.",18110.00
ORD007995,Banjeet Rastogi,Groceries,No,09-07-2023,5,"Great groceries, exactly as described. Very happy with it.",410.00
ORD007996,Falan Johal,Books,No,11-02-2025,4,"Really satisfied, highly recommend this books.",980.00
ORD007997,Adya Sangha,Groceries,No,03-07-2025,2,"Received a damaged groceries, had to return it.",1090.00
ORD008000,Sneha Nori,Toys,Yes,29-08-2025,4,"Really satisfied, highly recommend this toys.",590.00
ORD008001,Om Sastry,Kitchenware,Yes,11-12-2023,5,"Excellent quality for the price, would buy kitchenware again.",4780.00
ORD008002,Janya Buch,Sports Equipment,No,11-01-2026,4,"Fast delivery, sports equipment exceeded my expectations.",1480.00
ORD008003,Warda Ramaswamy,Groceries,No,25-04-2023,3,"Average groceries, packaging could be better.",1080.00
ORD008005,Nachiket Kota,Shoes,No,16-12-2025,5,"Really satisfied, highly recommend this shoes.",2910.00
ORD008006,Ekiya Patla,Groceries,No,23-06-2025,4,"Excellent quality for the price, would buy groceries again.",750.00
ORD008007,Amrita Sami,Kitchenware,No,30-04-2023,3,"Average kitchenware, packaging could be better.",1160.00
ORD008009,Laksh Sani,Toys,No,06-12-2024,5,"Fast delivery, toys exceeded my expectations.",2250.00
ORD008010,Janaki Din,Toys,No,28-07-2023,5,"Fast delivery, toys exceeded my expectations.",1200.00
ORD008011,Pahal Kuruvilla,Books,Yes,13-06-2024,4,"Fast delivery, books exceeded my expectations.",1250.00
ORD008013,Yashoda Mammen,Electronics,No,29-07-2023,4,"Great electronics, exactly as described. Very happy with it.",54290.00
ORD008015,Chanchal Sastry,Beauty Products,No,20-06-2024,4,"Really satisfied, highly recommend this beauty products.",2500.00
ORD008016,Nimrat Vasa,Toys,No,18-02-2024,3,"The toys is okay, does the job but nothing special.",1170.00
ORD008017,Imaran Hari,Sports Equipment,No,27-10-2024,5,"Excellent quality for the price, would buy sports equipment again.",11670.00
ORD008018,Mekhala Bawa,Furniture,No,22-10-2024,3,"The furniture is okay, does the job but nothing special.",30520.00
ORD008020,Karan Bhat,Books,No,07-06-2025,4,"Excellent quality for the price, would buy books again.",920.00
ORD008023,Eta Chakraborty,Shoes,No,03-10-2025,5,"Great shoes, exactly as described. Very happy with it.",5110.00
ORD008024,Yashvi Bahl,Groceries,No,01-10-2023,5,"Great groceries, exactly as described. Very happy with it.",1040.00
ORD008025,Rehaan Morar,Groceries,Yes,03-09-2024,4,"Excellent quality for the price, would buy groceries again.",1630.00
ORD008026,Hamsini Chandra,Sports Equipment,No,20-03-2023,3,"The sports equipment is okay, does the job but nothing special.",4280.00
ORD008027,Hemangini Chad,Beauty Products,No,26-01-2024,2,"Received a damaged beauty products, had to return it.",1540.00
ORD008028,Elijah Dalal,Beauty Products,No,29-09-2023,5,"Excellent quality for the price, would buy beauty products again.",2030.00
ORD008029,Omya Boase,Groceries,No,22-01-2024,4,"Great groceries, exactly as described. Very happy with it.",1440.00
ORD008030,Imaran Buch,Shoes,No,04-03-2023,4,"Excellent quality for the price, would buy shoes again.",4270.00
ORD008031,Abhiram Mitter,Shoes,No,17-08-2024,3,"The shoes is okay, does the job but nothing special.",7840.00
ORD008034,Nicholas Choudhary,Groceries,No,13-11-2023,1,"Received a damaged groceries, had to return it.",1250.00
ORD008035,Baghyawati Mishra,Furniture,No,31-03-2024,3,"Average furniture, packaging could be better.",3290.00
ORD008036,Daksh Chaudhuri,Books,No,07-12-2025,5,"Great books, exactly as described. Very happy with it.",1140.00
ORD008037,Ekalinga Dave,Books,No,30-04-2024,4,"Excellent quality for the price, would buy books again.",390.00
ORD008039,Harita Som,Books,No,22-09-2025,5,"Fast delivery, books exceeded my expectations.",680.00
ORD008040,Dakshesh Goswami,Clothes,No,29-09-2025,2,"Received a damaged clothes, had to return it.",580.00
ORD008041,Alka Magar,Electronics,Yes,11-09-2024,5,"Really satisfied, highly recommend this electronics.",26080.00
ORD008042,Lipika Lal,Electronics,Yes,15-01-2025,5,"Fast delivery, electronics exceeded my expectations.",42530.00
ORD008043,Rushil Brahmbhatt,Clothes,No,05-07-2024,5,"Fast delivery, clothes exceeded my expectations.",1200.00
ORD008044,Inaya Kalla,Clothes,No,28-01-2025,4,"Excellent quality for the price, would buy clothes again.",1240.00
ORD008045,Lohit Saha,Books,No,26-05-2025,5,"Excellent quality for the price, would buy books again.",800.00
ORD008046,Wakeeta Raja,Kitchenware,No,21-11-2025,1,"Disappointed with this kitchenware, quality is not good.",3580.00
ORD008047,Zaitra Bora,Books,No,04-03-2025,5,"Fast delivery, books exceeded my expectations.",870.00
ORD008048,Mason Koshy,Kitchenware,No,15-02-2025,5,"Really satisfied, highly recommend this kitchenware.",4430.00
ORD008049,Ganga Handa,Kitchenware,No,26-01-2024,3,"Average kitchenware, packaging could be better.",4590.00
ORD008050,Ijaya Mander,Furniture,No,31-10-2024,3,"Average furniture, packaging could be better.",2140.00
ORD008051,Yauvani Hora,Toys,No,26-07-2025,4,"Excellent quality for the price, would buy toys again.",1230.00
ORD008052,Zilmil Bail,Books,No,08-02-2024,4,"Fast delivery, books exceeded my expectations.",660.00
ORD008053,Hemangini Sekhon,Electronics,Yes,15-02-2025,5,"Fast delivery, electronics exceeded my expectations.",19830.00
ORD008054,Yochana Bal,Groceries,No,16-10-2023,5,"Really satisfied, highly recommend this groceries.",240.00
ORD008055,Finn Dugal,Electronics,No,04-05-2025,2,"Received a damaged electronics, had to return it.",27140.00
ORD008056,Januja Bal,Kitchenware,No,21-04-2024,3,"Average kitchenware, packaging could be better.",3000.00
ORD008057,Fariq Gandhi,Beauty Products,No,11-01-2024,3,"Average beauty products, packaging could be better.",460.00
ORD008058,Benjamin Devi,Toys,No,05-04-2024,2,"Received a damaged toys, had to return it.",2420.00
ORD008059,Vinaya Shukla,Kitchenware,No,29-07-2023,4,"Excellent quality for the price, would buy kitchenware again.",1660.00
ORD008060,Mekhala Gala,Groceries,No,27-09-2025,5,"Fast delivery, groceries exceeded my expectations.",1020.00
ORD008061,Leela Swaminathan,Kitchenware,No,05-01-2026,5,"Great kitchenware, exactly as described. Very happy with it.",2770.00
ORD008062,Girindra Gola,Books,No,28-02-2023,2,"Received a damaged books, had to return it.",870.00
ORD008063,Kai Bassi,Kitchenware,Yes,09-04-2024,4,"Great kitchenware, exactly as described. Very happy with it.",1990.00
ORD008064,Xavier Memon,Groceries,No,30-10-2024,5,"Excellent quality for the price, would buy groceries again.",1880.00
ORD008065,Ranbir Kala,Books,No,19-05-2024,4,"Excellent quality for the price, would buy books again.",1320.00
ORD008066,Aarnav Pant,Beauty Products,No,24-10-2024,1,"Not worth the price, expected better beauty products.",1250.00
ORD008067,Udarsh Sachdev,Books,Yes,03-04-2023,5,"Excellent quality for the price, would buy books again.",520.00
ORD008068,Krisha Ram,Electronics,No,25-03-2025,4,"Great electronics, exactly as described. Very happy with it.",49900.00
ORD008070,Pahal Kuruvilla,Beauty Products,No,22-05-2023,5,"Fast delivery, beauty products exceeded my expectations.",2950.00
ORD008071,Ishani Bhalla,Electronics,No,24-12-2024,3,"Average electronics, packaging could be better.",13460.00
ORD008072,Leena Chhabra,Kitchenware,No,03-05-2025,4,"Excellent quality for the price, would buy kitchenware again.",4290.00
ORD008073,Amara Mitra,Books,No,31-05-2023,2,"Disappointed with this books, quality is not good.",560.00
ORD008074,Widisha Minhas,Beauty Products,No,23-05-2024,4,"Excellent quality for the price, would buy beauty products again.",1110.00
ORD008075,Falak Gulati,Furniture,No,06-11-2024,5,"Excellent quality for the price, would buy furniture again.",49700.00
ORD008076,Akshay Bobal,Shoes,No,07-05-2025,5,"Fast delivery, shoes exceeded my expectations.",2480.00
ORD008077,Akshay Bobal,Shoes,No,10-07-2023,5,"Fast delivery, shoes exceeded my expectations.",7650.00
ORD008078,Reva Kota,Clothes,No,08-05-2023,3,"The clothes is okay, does the job but nothing special.",1390.00
ORD008079,Neel Mall,Groceries,No,11-05-2024,2,"Received a damaged groceries, had to return it.",470.00
ORD008080,Krisha Ram,Shoes,No,13-02-2023,5,"Excellent quality for the price, would buy shoes again.",2380.00
ORD008082,Vedhika Dhawan,Beauty Products,No,19-05-2024,5,"Really satisfied, highly recommend this beauty products.",980.00
ORD008083,Qadim Sen,Beauty Products,Yes,10-07-2025,5,"Excellent quality for the price, would buy beauty products again.",1170.00
ORD008084,Banjeet Rege,Books,No,02-09-2025,3,"Average books, packaging could be better.",1420.00
ORD008087,Nandini Karan,Kitchenware,No,20-11-2023,3,"Average kitchenware, packaging could be better.",3120.00
ORD008088,Yamini Garg,Beauty Products,No,08-04-2024,1,"Disappointed with this beauty products, quality is not good.",790.00
ORD008090,Yatan Tripathi,Beauty Products,No,04-03-2023,4,"Really satisfied, highly recommend this beauty products.",590.00
ORD008091,Lekha Bains,Furniture,No,15-02-2024,3,"The furniture is okay, does the job but nothing special.",9360.00
ORD008093,Riya Thaman,Electronics,Yes,18-02-2025,4,"Great electronics, exactly as described. Very happy with it.",6140.00
ORD008094,Shivani Murthy,Groceries,No,20-06-2024,5,"Excellent quality for the price, would buy groceries again.",1430.00
ORD008095,Gaurang Lad,Toys,No,19-07-2023,5,"Fast delivery, toys exceeded my expectations.",2870.00
ORD008096,Daksha Kaul,Beauty Products,No,29-12-2025,2,"Disappointed with this beauty products, quality is not good.",2170.00
ORD008097,Vasudha Shah,Groceries,No,16-05-2025,3,"Average groceries, packaging could be better.",1310.00
ORD008098,Reva Dada,Electronics,No,24-09-2025,4,"Excellent quality for the price, would buy electronics again.",1430.00
ORD008099,Adya Sangha,Groceries,No,01-01-2025,5,"Great groceries, exactly as described. Very happy with it.",1620.00
ORD008100,Aachal Lad,Kitchenware,No,15-11-2024,4,"Great kitchenware, exactly as described. Very happy with it.",4640.00
ORD008101,Chavvi Rajan,Books,No,16-09-2025,3,"Average books, packaging could be better.",240.00
ORD008102,Elijah Raman,Shoes,No,15-02-2024,4,"Great shoes, exactly as described. Very happy with it.",7440.00
ORD008103,Ishani Bhalla,Sports Equipment,No,08-09-2023,4,"Fast delivery, sports equipment exceeded my expectations.",8200.00
ORD008104,Dayamai Sankaran,Clothes,No,18-11-2025,5,"Great clothes, exactly as described. Very happy with it.",1820.00
ORD008106,Udarsh Dubey,Clothes,No,24-01-2026,5,"Really satisfied, highly recommend this clothes.",2840.00
ORD008107,Darsh Arya,Clothes,No,01-04-2023,4,"Great clothes, exactly as described. Very happy with it.",1590.00
ORD008108,Inaya Sawhney,Clothes,No,15-06-2025,1,"Not worth the price, expected better clothes.",2320.00
ORD008109,Chatura Kala,Groceries,No,17-11-2024,4,"Excellent quality for the price, would buy groceries again.",1890.00
ORD008110,Krisha Mutti,Toys,No,16-07-2023,5,"Great toys, exactly as described. Very happy with it.",2500.00
ORD008111,Gavin Gade,Groceries,No,29-09-2025,5,"Fast delivery, groceries exceeded my expectations.",1830.00
ORD008112,Jyoti Dhingra,Shoes,No,21-03-2025,5,"Great shoes, exactly as described. Very happy with it.",2750.00
ORD008113,Aarnav Pant,Groceries,No,25-06-2025,4,"Great groceries, exactly as described. Very happy with it.",1060.00
ORD008114,Abha Ahuja,Shoes,No,25-12-2024,2,"Received a damaged shoes, had to return it.",2000.00
ORD008115,Triveni Pathak,Books,No,27-07-2024,4,"Really satisfied, highly recommend this books.",1200.00
ORD008118,Bimala Shanker,Electronics,No,17-06-2025,5,"Great electronics, exactly as described. Very happy with it.",19370.00
ORD008119,Ijaya Dyal,Furniture,No,25-03-2025,4,"Excellent quality for the price, would buy furniture again.",27580.00
ORD008120,Kashish Sekhon,Beauty Products,No,24-03-2023,3,"Average beauty products, packaging could be better.",1060.00
ORD008121,Aarini Ramakrishnan,Kitchenware,No,26-04-2025,5,"Really satisfied, highly recommend this kitchenware.",4920.00
ORD008122,Vedhika Raj,Toys,No,07-06-2023,4,"Great toys, exactly as described. Very happy with it.",680.00
ORD008123,Timothy Bhatti,Furniture,No,09-07-2023,5,"Really satisfied, highly recommend this furniture.",5050.00
ORD008124,Kashvi Sangha,Electronics,No,21-01-2025,2,"Disappointed with this electronics, quality is not good.",35450.00
ORD008126,Onkar Sarin,Toys,No,23-11-2024,5,"Really satisfied, highly recommend this toys.",1880.00
ORD008127,Omaja Sharma,Furniture,No,08-03-2023,3,"Average furniture, packaging could be better.",32850.00
ORD008128,Akshay Kohli,Kitchenware,Yes,12-08-2024,5,"Fast delivery, kitchenware exceeded my expectations.",4630.00
ORD008129,Bina Sankaran,Books,No,28-11-2023,5,"Really satisfied, highly recommend this books.",220.00
ORD008130,Girish Swamy,Beauty Products,No,17-11-2023,2,"Received a damaged beauty products, had to return it.",2210.00
ORD008131,Adweta Parsa,Electronics,No,03-07-2024,5,"Really satisfied, highly recommend this electronics.",23760.00
ORD008133,Manthan Lata,Books,Yes,17-02-2025,4,"Excellent quality for the price, would buy books again.",960.00
ORD008134,Tara Sur,Furniture,No,30-05-2023,3,"Average furniture, packaging could be better.",46480.00
ORD008135,Naveen Nagi,Clothes,No,28-05-2023,4,"Fast delivery, clothes exceeded my expectations.",1010.00
ORD008136,Urvashi Goswami,Furniture,No,06-10-2023,5,"Great furniture, exactly as described. Very happy with it.",31460.00
ORD008137,Vansha Deol,Furniture,No,04-11-2024,5,"Fast delivery, furniture exceeded my expectations.",9390.00
ORD008138,Farhan Mammen,Kitchenware,No,09-11-2024,3,"Average kitchenware, packaging could be better.",4440.00
ORD008140,Akshay Kohli,Shoes,Yes,31-05-2024,5,"Fast delivery, shoes exceeded my expectations.",4270.00
ORD008142,Vaishnavi Dutt,Clothes,No,24-02-2025,3,"Average clothes, packaging could be better.",1590.00
ORD008143,Darsh Arya,Sports Equipment,Yes,23-06-2025,3,"The sports equipment is okay, does the job but nothing special.",11590.00
ORD008144,Adya Patla,Toys,Yes,13-09-2023,4,"Fast delivery, toys exceeded my expectations.",180.00
ORD008145,Falak Gulati,Shoes,No,07-03-2023,5,"Great shoes, exactly as described. Very happy with it.",600.00
ORD008146,Vivaan Grewal,Beauty Products,No,06-01-2023,5,"Excellent quality for the price, would buy beauty products again.",2910.00
ORD008147,Elijah Dalal,Clothes,No,10-09-2024,2,"Not worth the price, expected better clothes.",1160.00
ORD008148,Manya Rao,Furniture,No,19-04-2025,5,"Fast delivery, furniture exceeded my expectations.",26370.00
ORD008151,Tripti Zachariah,Electronics,No,02-05-2025,3,"Average electronics, packaging could be better.",39080.00
ORD008152,Rohan Rajagopalan,Kitchenware,No,24-09-2024,5,"Really satisfied, highly recommend this kitchenware.",1020.00
ORD008153,Darsh Aurora,Furniture,No,29-12-2025,5,"Excellent quality for the price, would buy furniture again.",22830.00
ORD008154,Gautami Sarin,Toys,No,24-02-2023,5,"Excellent quality for the price, would buy toys again.",1630.00
ORD008156,Manthan Lata,Toys,No,12-06-2023,5,"Fast delivery, toys exceeded my expectations.",2660.00
ORD008159,Udarsh Dubey,Furniture,No,03-08-2023,4,"Excellent quality for the price, would buy furniture again.",18520.00
ORD008160,Pratyush Bansal,Electronics,No,06-02-2023,5,"Really satisfied, highly recommend this electronics.",13260.00
ORD008161,Maanas Babu,Books,No,17-11-2023,5,"Excellent quality for the price, would buy books again.",1270.00
ORD008162,Vamakshi Vala,Shoes,No,13-01-2025,2,"Disappointed with this shoes, quality is not good.",2650.00
ORD008163,Ishani Kapoor,Clothes,No,25-07-2025,4,"Excellent quality for the price, would buy clothes again.",1270.00
ORD008164,Saanvi Agarwal,Furniture,No,13-01-2024,3,"The furniture is okay, does the job but nothing special.",19160.00
ORD008165,Alka Chopra,Groceries,No,13-01-2024,4,"Excellent quality for the price, would buy groceries again.",1020.00
ORD008166,Tejas Mani,Electronics,No,21-05-2024,3,"Average electronics, packaging could be better.",41180.00
ORD008169,Maanas Swamy,Shoes,No,11-08-2025,5,"Great shoes, exactly as described. Very happy with it.",3310.00
ORD008170,Siddharth Sood,Shoes,No,17-06-2024,5,"Really satisfied, highly recommend this shoes.",3500.00
ORD008171,Daksha Kaul,Clothes,No,30-07-2023,5,"Fast delivery, clothes exceeded my expectations.",1050.00
ORD008172,Chanchal Sastry,Electronics,No,25-02-2024,5,"Really satisfied, highly recommend this electronics.",33690.00
ORD008173,Omaja Dara,Shoes,No,29-01-2024,5,"Really satisfied, highly recommend this shoes.",3970.00
ORD008174,Hamsini Rao,Shoes,No,21-02-2023,1,"Not worth the price, expected better shoes.",2220.00
ORD008175,Mohammed Pau,Beauty Products,No,16-04-2023,2,"Not worth the price, expected better beauty products.",1870.00
ORD008176,Janya Kashyap,Books,No,06-05-2024,4,"Excellent quality for the price, would buy books again.",910.00
ORD008180,Manan Mahal,Groceries,No,18-05-2023,4,"Great groceries, exactly as described. Very happy with it.",800.00
ORD008181,Owen Oommen,Shoes,Yes,29-12-2023,3,"Average shoes, packaging could be better.",7500.00
ORD008182,Vincent Tara,Clothes,No,17-11-2023,5,"Great clothes, exactly as described. Very happy with it.",1940.00
ORD008183,Jairaj Setty,Books,No,12-09-2024,4,"Great books, exactly as described. Very happy with it.",720.00
ORD008184,Lucky Sagar,Books,No,28-11-2025,4,"Really satisfied, highly recommend this books.",1070.00
ORD008186,Bimala Master,Furniture,No,27-03-2025,5,"Excellent quality for the price, would buy furniture again.",13290.00
ORD008187,Elijah Raman,Clothes,No,01-04-2023,3,"The clothes is okay, does the job but nothing special.",2640.00
ORD008188,Arunima Parsa,Beauty Products,No,14-07-2025,4,"Great beauty products, exactly as described. Very happy with it.",690.00
ORD008189,Nandini Bhatia,Clothes,No,23-08-2025,5,"Excellent quality for the price, would buy clothes again.",2660.00
ORD008190,Neel Sankar,Sports Equipment,No,20-08-2025,5,"Really satisfied, highly recommend this sports equipment.",11540.00
ORD008191,Ishwar Wali,Groceries,No,09-04-2024,2,"Received a damaged groceries, had to return it.",520.00
ORD008192,Veer Karnik,Furniture,No,13-09-2024,2,"Received a damaged furniture, had to return it.",8040.00
ORD008193,Dhruv Bandi,Furniture,No,20-09-2024,5,"Fast delivery, furniture exceeded my expectations.",48740.00
ORD008194,Bahadurjit Kant,Shoes,No,18-08-2025,5,"Great shoes, exactly as described. Very happy with it.",2710.00
ORD008195,Rajeshri Kapadia,Electronics,Yes,15-12-2024,4,"Really satisfied, highly recommend this electronics.",53700.00
ORD008196,Sachi Chauhan,Toys,No,31-07-2025,3,"Average toys, packaging could be better.",1120.00
ORD008198,Omaja Dara,Beauty Products,Yes,29-12-2023,1,"Not worth the price, expected better beauty products.",2420.00
ORD008199,Elijah Raman,Books,Yes,28-06-2024,3,"Average books, packaging could be better.",1040.00
ORD008200,Manya Rao,Electronics,No,20-04-2025,2,"Not worth the price, expected better electronics.",57120.00
ORD008201,Harrison Arya,Groceries,No,16-09-2024,4,"Really satisfied, highly recommend this groceries.",830.00
ORD008202,Shravya Char,Electronics,No,17-12-2023,5,"Great electronics, exactly as described. Very happy with it.",13850.00
ORD008203,Imaran Dara,Groceries,Yes,11-04-2024,5,"Excellent quality for the price, would buy groceries again.",350.00
ORD008204,Gaurangi Aurora,Furniture,Yes,04-07-2023,5,"Excellent quality for the price, would buy furniture again.",49900.00
ORD008205,Hritik Talwar,Groceries,No,15-10-2024,3,"Average groceries, packaging could be better.",360.00
ORD008206,Frado Raj,Electronics,No,02-07-2025,5,"Excellent quality for the price, would buy electronics again.",32000.00
ORD008208,Charita Vohra,Sports Equipment,No,01-11-2023,5,"Excellent quality for the price, would buy sports equipment again.",13500.00
ORD008209,Oscar Kaur,Books,No,13-05-2024,3,"The books is okay, does the job but nothing special.",170.00
ORD008211,Wakeeta Tella,Groceries,No,26-02-2025,5,"Excellent quality for the price, would buy groceries again.",410.00
ORD008212,Om Sastry,Books,No,09-01-2024,1,"Received a damaged books, had to return it.",1010.00
ORD008213,Matthew Rana,Groceries,No,06-04-2024,5,"Great groceries, exactly as described. Very happy with it.",1070.00
ORD008214,Thomas Brahmbhatt,Groceries,No,21-05-2024,2,"Disappointed with this groceries, quality is not good.",320.00
ORD008215,Chaitanya Bhatia,Books,No,26-12-2023,5,"Fast delivery, books exceeded my expectations.",1440.00
ORD008216,Amrita Sami,Clothes,No,06-05-2025,4,"Really satisfied, highly recommend this clothes.",2420.00
ORD008217,Bhanumati Saran,Furniture,No,18-01-2026,3,"The furniture is okay, does the job but nothing special.",36500.00
ORD008218,Warda Doctor,Groceries,No,17-11-2023,4,"Really satisfied, highly recommend this groceries.",1520.00
ORD008223,Ishwar Wali,Kitchenware,No,06-08-2025,5,"Really satisfied, highly recommend this kitchenware.",2790.00
ORD008224,Gautami Sarin,Beauty Products,No,15-08-2025,5,"Great beauty products, exactly as described. Very happy with it.",2140.00
ORD008226,Zaitra Bora,Furniture,No,12-05-2025,4,"Really satisfied, highly recommend this furniture.",21160.00
ORD008227,Gautam Ravi,Books,No,29-10-2025,5,"Really satisfied, highly recommend this books.",660.00
ORD008229,Janya Buch,Books,No,08-04-2023,3,"Average books, packaging could be better.",1300.00
ORD008230,Yashvi Bahl,Furniture,Yes,19-12-2025,5,"Great furniture, exactly as described. Very happy with it.",38710.00
ORD008231,Andrew Tiwari,Shoes,No,27-12-2023,4,"Really satisfied, highly recommend this shoes.",890.00
ORD008232,Tanmayi Boase,Groceries,No,07-09-2025,4,"Fast delivery, groceries exceeded my expectations.",860.00
ORD008233,Yashawini Sengupta,Sports Equipment,No,19-11-2025,5,"Really satisfied, highly recommend this sports equipment.",1920.00
ORD008234,Balhaar Gade,Clothes,No,14-03-2024,4,"Fast delivery, clothes exceeded my expectations.",970.00
ORD008235,Keya Sarkar,Sports Equipment,No,01-08-2025,4,"Great sports equipment, exactly as described. Very happy with it.",1280.00
ORD008236,Yochana Bal,Electronics,No,03-05-2025,4,"Excellent quality for the price, would buy electronics again.",15120.00
ORD008237,Patrick Dora,Books,No,08-07-2024,4,"Excellent quality for the price, would buy books again.",670.00
ORD008238,Ronith Nazareth,Clothes,No,22-01-2025,1,"Received a damaged clothes, had to return it.",2250.00
ORD008239,Maanas Ratta,Books,No,20-07-2025,5,"Really satisfied, highly recommend this books.",1440.00
ORD008241,Udant Sundaram,Furniture,No,01-04-2023,3,"The furniture is okay, does the job but nothing special.",7810.00
ORD008242,Indali Salvi,Furniture,No,12-03-2023,5,"Fast delivery, furniture exceeded my expectations.",30980.00
ORD008243,Lucky Sagar,Furniture,No,03-01-2025,2,"Received a damaged furniture, had to return it.",23430.00
ORD008244,Guneet Tripathi,Clothes,No,18-09-2025,3,"Average clothes, packaging could be better.",1360.00
ORD008245,Chavvi Rattan,Kitchenware,No,30-07-2024,5,"Fast delivery, kitchenware exceeded my expectations.",3160.00
ORD008246,Janaki Mistry,Furniture,No,08-07-2024,3,"Average furniture, packaging could be better.",25110.00
ORD008248,Jalsa Sangha,Books,No,28-02-2025,4,"Fast delivery, books exceeded my expectations.",1300.00
ORD008249,Krisha Ram,Electronics,No,18-08-2025,5,"Fast delivery, electronics exceeded my expectations.",37530.00
ORD008250,Eshana Lad,Beauty Products,No,14-10-2025,4,"Excellent quality for the price, would buy beauty products again.",1200.00
ORD008251,Reva Dada,Shoes,No,16-07-2024,5,"Great shoes, exactly as described. Very happy with it.",3320.00
ORD008252,Kiaan Jayaraman,Toys,No,28-11-2023,5,"Excellent quality for the price, would buy toys again.",230.00
ORD008253,Lopa Narasimhan,Sports Equipment,No,24-11-2023,5,"Fast delivery, sports equipment exceeded my expectations.",7050.00
ORD008254,Damyanti Bhakta,Books,No,11-05-2023,4,"Really satisfied, highly recommend this books.",400.00
ORD008255,Neelima Chad,Shoes,No,05-12-2024,4,"Excellent quality for the price, would buy shoes again.",3380.00
ORD008256,Rushil Gopal,Sports Equipment,No,06-06-2023,5,"Great sports equipment, exactly as described. Very happy with it.",14510.00
ORD008257,Dev Bhasin,Sports Equipment,No,06-10-2025,2,"Received a damaged sports equipment, had to return it.",11430.00
ORD008258,Tarak Chand,Clothes,No,01-07-2025,5,"Really satisfied, highly recommend this clothes.",2780.00
ORD008259,Yashica Om,Electronics,Yes,16-02-2024,4,"Great electronics, exactly as described. Very happy with it.",14040.00
ORD008260,Banjeet De,Groceries,No,18-05-2023,5,"Really satisfied, highly recommend this groceries.",1230.00
ORD008261,Girish Swamy,Sports Equipment,No,29-03-2024,3,"The sports equipment is okay, does the job but nothing special.",9740.00
ORD008262,Kamala Keer,Groceries,No,22-04-2025,4,"Great groceries, exactly as described. Very happy with it.",1380.00
ORD008263,Bachittar Bala,Electronics,No,03-12-2023,4,"Excellent quality for the price, would buy electronics again.",43540.00
ORD008265,Gaurang Kamdar,Electronics,Yes,30-03-2024,4,"Great electronics, exactly as described. Very happy with it.",36290.00
ORD008267,Brijesh Mani,Electronics,No,23-09-2025,3,"Average electronics, packaging could be better.",12440.00
ORD008268,Hemal Sen,Beauty Products,No,05-10-2025,2,"Not worth the price, expected better beauty products.",1320.00
ORD008269,Alexander Behl,Clothes,No,01-03-2025,1,"Received a damaged clothes, had to return it.",1750.00
ORD008270,Shaurya Bora,Kitchenware,No,16-05-2023,5,"Great kitchenware, exactly as described. Very happy with it.",2860.00
ORD008274,Ronith Raman,Groceries,No,08-05-2025,1,"Not worth the price, expected better groceries.",1430.00
ORD008275,Balvan Jani,Furniture,No,05-11-2024,4,"Excellent quality for the price, would buy furniture again.",34950.00
ORD008276,Harsh Gala,Clothes,No,07-01-2026,5,"Fast delivery, clothes exceeded my expectations.",2300.00
ORD008277,Rushil Brahmbhatt,Clothes,No,22-10-2025,3,"Average clothes, packaging could be better.",2130.00
ORD008278,Azad Muni,Groceries,No,25-06-2025,4,"Really satisfied, highly recommend this groceries.",1870.00
ORD008279,Zarna Peri,Sports Equipment,No,04-04-2024,5,"Really satisfied, highly recommend this sports equipment.",1580.00
ORD008280,Zaitra Bajaj,Shoes,No,16-06-2024,5,"Fast delivery, shoes exceeded my expectations.",3620.00
ORD008281,Mason Koshy,Furniture,No,08-08-2024,3,"Average furniture, packaging could be better.",41720.00
ORD008283,Gavin Lalla,Furniture,No,04-07-2023,4,"Fast delivery, furniture exceeded my expectations.",20280.00
ORD008284,Zayan Sani,Toys,No,26-09-2023,5,"Fast delivery, toys exceeded my expectations.",2050.00
ORD008285,Devika Mody,Kitchenware,No,06-07-2024,5,"Fast delivery, kitchenware exceeded my expectations.",1390.00
ORD008286,Christopher Vasa,Electronics,Yes,02-12-2024,5,"Great electronics, exactly as described. Very happy with it.",57900.00
ORD008287,Kamala Keer,Electronics,No,15-11-2023,4,"Great electronics, exactly as described. Very happy with it.",11980.00
ORD008288,Darsh Arya,Clothes,No,07-05-2023,5,"Really satisfied, highly recommend this clothes.",2920.00
ORD008291,Advaith Bhatti,Furniture,Yes,22-12-2025,4,"Fast delivery, furniture exceeded my expectations.",23610.00
ORD008292,Pranav Saraf,Beauty Products,No,19-05-2025,5,"Great beauty products, exactly as described. Very happy with it.",1880.00
ORD008293,Jyoti Dhingra,Electronics,No,22-01-2025,3,"The electronics is okay, does the job but nothing special.",42370.00
ORD008295,Mitesh Varghese,Sports Equipment,No,07-01-2024,4,"Fast delivery, sports equipment exceeded my expectations.",10330.00
ORD008296,Alka Srinivas,Electronics,No,01-06-2024,5,"Excellent quality for the price, would buy electronics again.",38460.00
ORD008298,Xavier Soman,Electronics,No,15-01-2026,4,"Great electronics, exactly as described. Very happy with it.",27530.00
ORD008299,Benjamin Deol,Beauty Products,No,25-08-2024,5,"Great beauty products, exactly as described. Very happy with it.",440.00
ORD008300,Yauvani Bhatt,Furniture,No,17-12-2023,5,"Great furniture, exactly as described. Very happy with it.",6680.00
ORD008301,Qasim Muni,Beauty Products,No,22-05-2023,4,"Excellent quality for the price, would buy beauty products again.",810.00
ORD008302,Pratyush Madan,Electronics,No,11-11-2023,4,"Fast delivery, electronics exceeded my expectations.",23520.00
ORD008303,Omaja Sharma,Toys,No,28-09-2024,4,"Fast delivery, toys exceeded my expectations.",1080.00
ORD008305,Watika Wali,Books,No,13-04-2025,5,"Excellent quality for the price, would buy books again.",790.00
ORD008306,Gavin Gade,Beauty Products,Yes,13-06-2024,5,"Fast delivery, beauty products exceeded my expectations.",1450.00
ORD008307,Imaran Dara,Groceries,No,04-12-2024,2,"Not worth the price, expected better groceries.",1390.00
ORD008308,Wishi Gala,Sports Equipment,No,24-02-2024,5,"Excellent quality for the price, would buy sports equipment again.",5070.00
ORD008309,Vasudha Agarwal,Clothes,No,12-09-2023,4,"Excellent quality for the price, would buy clothes again.",1390.00
ORD008310,Adya Patla,Clothes,Yes,28-08-2025,2,"Not worth the price, expected better clothes.",2780.00
ORD008311,Shravya Ravi,Groceries,No,22-01-2025,4,"Excellent quality for the price, would buy groceries again.",1370.00
ORD008312,Jasmit Dhar,Clothes,No,16-12-2024,5,"Great clothes, exactly as described. Very happy with it.",1920.00
ORD008313,Abha Ravi,Beauty Products,No,15-01-2025,3,"The beauty products is okay, does the job but nothing special.",1260.00
ORD008314,Zashil Bansal,Electronics,Yes,03-03-2024,5,"Great electronics, exactly as described. Very happy with it.",59170.00
ORD008316,Tarak Chand,Kitchenware,No,25-09-2025,3,"Average kitchenware, packaging could be better.",3840.00
ORD008317,Keya Sarkar,Toys,No,04-10-2025,1,"Not worth the price, expected better toys.",1640.00
ORD008318,Ganga Chandra,Electronics,No,03-06-2025,4,"Excellent quality for the price, would buy electronics again.",50010.00
ORD008319,Bina Varty,Toys,No,05-06-2025,2,"Disappointed with this toys, quality is not good.",2550.00
ORD008321,Shaurya Bora,Electronics,No,28-01-2023,4,"Fast delivery, electronics exceeded my expectations.",35140.00
ORD008322,Vedhika Dhawan,Shoes,No,25-12-2023,3,"The shoes is okay, does the job but nothing special.",4190.00
ORD008323,Azad Muni,Clothes,No,19-11-2025,4,"Fast delivery, clothes exceeded my expectations.",1990.00
ORD008324,Dhriti Lad,Toys,Yes,06-02-2024,4,"Fast delivery, toys exceeded my expectations.",840.00
ORD008325,Yash Mittal,Kitchenware,Yes,02-04-2025,5,"Fast delivery, kitchenware exceeded my expectations.",1710.00
ORD008326,Girish Swamy,Kitchenware,No,09-03-2025,2,"Received a damaged kitchenware, had to return it.",390.00
ORD008327,Hitesh Virk,Electronics,No,19-01-2025,5,"Fast delivery, electronics exceeded my expectations.",9190.00
ORD008328,Chanchal Sastry,Books,Yes,21-12-2024,5,"Excellent quality for the price, would buy books again.",630.00
ORD008329,Maanas Swamy,Groceries,No,09-10-2023,4,"Great groceries, exactly as described. Very happy with it.",1400.00
ORD008331,Sarthak Puri,Clothes,No,24-10-2023,4,"Great clothes, exactly as described. Very happy with it.",1330.00
ORD008332,Eta Chakraborty,Kitchenware,No,02-06-2025,2,"Not worth the price, expected better kitchenware.",860.00
ORD008333,Patrick Dora,Electronics,No,29-08-2023,4,"Fast delivery, electronics exceeded my expectations.",14800.00
ORD008334,Jhalak Sekhon,Electronics,No,13-03-2023,5,"Excellent quality for the price, would buy electronics again.",11940.00
ORD008335,Chakrika Kalla,Toys,No,12-01-2025,4,"Great toys, exactly as described. Very happy with it.",1780.00
ORD008336,Harrison Rana,Groceries,No,11-03-2025,4,"Excellent quality for the price, would buy groceries again.",260.00
ORD008337,Vanya Yohannan,Books,No,12-07-2025,5,"Really satisfied, highly recommend this books.",340.00
ORD008338,Upasna Pant,Shoes,No,09-03-2024,4,"Great shoes, exactly as described. Very happy with it.",1020.00
ORD008339,Yashawini Sengupta,Toys,No,07-11-2023,3,"Average toys, packaging could be better.",2090.00
ORD008340,Ryan Venkataraman,Electronics,No,15-10-2025,5,"Fast delivery, electronics exceeded my expectations.",36940.00
ORD008341,Patrick Dora,Clothes,Yes,30-07-2025,5,"Great clothes, exactly as described. Very happy with it.",520.00
ORD008343,Vrishti Shroff,Toys,No,02-04-2023,2,"Not worth the price, expected better toys.",260.00
ORD008345,Kai Sodhi,Shoes,No,20-07-2025,5,"Fast delivery, shoes exceeded my expectations.",6810.00
ORD008346,Daksh Chaudhuri,Kitchenware,No,22-05-2024,5,"Excellent quality for the price, would buy kitchenware again.",3450.00
ORD008347,Urvi Palla,Groceries,No,25-09-2024,5,"Really satisfied, highly recommend this groceries.",1120.00
ORD008351,Vasudha Shah,Toys,No,13-03-2023,5,"Really satisfied, highly recommend this toys.",490.00
ORD008352,Samar Ahuja,Clothes,No,17-09-2025,4,"Great clothes, exactly as described. Very happy with it.",720.00
ORD008353,Saumya Ratti,Groceries,No,11-10-2025,5,"Great groceries, exactly as described. Very happy with it.",590.00
ORD008354,Jairaj Memon,Shoes,No,14-03-2023,2,"Disappointed with this shoes, quality is not good.",5560.00
ORD008355,Onkar Sarin,Kitchenware,No,08-03-2025,4,"Excellent quality for the price, would buy kitchenware again.",1470.00
ORD008356,Ryan Venkataraman,Electronics,No,22-07-2024,4,"Really satisfied, highly recommend this electronics.",6520.00
ORD008357,Jai Bhatia,Kitchenware,Yes,08-11-2024,4,"Excellent quality for the price, would buy kitchenware again.",3390.00
ORD008360,Urmi Wali,Sports Equipment,No,10-03-2025,3,"Average sports equipment, packaging could be better.",5370.00
ORD008361,Lakshmi Chacko,Shoes,No,13-05-2023,4,"Fast delivery, shoes exceeded my expectations.",2380.00
ORD008362,Meera Bajaj,Kitchenware,No,18-04-2025,4,"Great kitchenware, exactly as described. Very happy with it.",2230.00
ORD008363,Turvi Khanna,Sports Equipment,No,28-04-2023,4,"Really satisfied, highly recommend this sports equipment.",12380.00
ORD008364,Chaitanya Bhatia,Books,No,20-01-2024,5,"Really satisfied, highly recommend this books.",730.00
ORD008365,Charles Balay,Books,No,29-07-2025,4,"Excellent quality for the price, would buy books again.",1060.00
ORD008366,Matthew Rana,Groceries,No,26-07-2025,5,"Great groceries, exactly as described. Very happy with it.",1330.00
ORD008367,Januja Bal,Toys,No,26-04-2025,5,"Fast delivery, toys exceeded my expectations.",670.00
ORD008368,Nisha Koshy,Kitchenware,No,16-09-2023,5,"Great kitchenware, exactly as described. Very happy with it.",1280.00
ORD008369,Frado Joshi,Kitchenware,No,04-11-2024,1,"Not worth the price, expected better kitchenware.",4520.00
ORD008370,Chaitanya Tak,Electronics,No,03-09-2025,3,"Average electronics, packaging could be better.",55950.00
ORD008371,Rishi Tara,Electronics,No,03-02-2025,5,"Really satisfied, highly recommend this electronics.",12180.00
ORD008372,Gautam Aurora,Shoes,No,30-07-2024,2,"Received a damaged shoes, had to return it.",730.00
ORD008374,Ekalinga Dave,Groceries,No,04-04-2025,5,"Fast delivery, groceries exceeded my expectations.",120.00
ORD008375,Yuvraj Grewal,Groceries,No,19-07-2025,4,"Fast delivery, groceries exceeded my expectations.",1410.00
ORD008377,Sarthak Rai,Books,No,27-03-2025,3,"The books is okay, does the job but nothing special.",880.00
ORD008378,Upadhriti Menon,Beauty Products,No,11-12-2024,4,"Great beauty products, exactly as described. Very happy with it.",1480.00
ORD008380,Timothy Lanka,Kitchenware,No,08-04-2024,5,"Great kitchenware, exactly as described. Very happy with it.",4100.00
ORD008383,Pranit Vig,Clothes,Yes,24-10-2023,4,"Excellent quality for the price, would buy clothes again.",2210.00
ORD008385,Daksh Chaudhuri,Books,No,22-07-2023,4,"Really satisfied, highly recommend this books.",1260.00
ORD008387,Chanchal Chand,Kitchenware,No,30-01-2025,3,"Average kitchenware, packaging could be better.",2430.00
ORD008388,Shravya Ravi,Electronics,Yes,29-04-2024,3,"The electronics is okay, does the job but nothing special.",36950.00
ORD008389,Sneha Magar,Beauty Products,No,11-08-2023,4,"Fast delivery, beauty products exceeded my expectations.",1970.00
ORD008391,Omya Boase,Beauty Products,No,15-09-2024,3,"The beauty products is okay, does the job but nothing special.",700.00
ORD008393,Vedhika Raj,Shoes,No,13-09-2024,5,"Really satisfied, highly recommend this shoes.",6210.00
ORD008394,Aarini Ramakrishnan,Shoes,No,15-08-2025,5,"Great shoes, exactly as described. Very happy with it.",4920.00
ORD008395,Darsh Sunder,Groceries,Yes,14-05-2025,5,"Great groceries, exactly as described. Very happy with it.",410.00
ORD008396,Rajata Venkataraman,Books,No,06-10-2025,4,"Really satisfied, highly recommend this books.",1360.00
ORD008397,Neel Mall,Electronics,No,10-10-2024,3,"Average electronics, packaging could be better.",40160.00
ORD008399,Simon Mitter,Sports Equipment,No,05-05-2025,4,"Really satisfied, highly recommend this sports equipment.",7780.00
ORD008400,Alka Srinivas,Sports Equipment,No,05-12-2024,5,"Fast delivery, sports equipment exceeded my expectations.",10640.00
ORD008401,Ekiya Patla,Books,Yes,22-12-2025,5,"Excellent quality for the price, would buy books again.",1450.00
ORD008402,Bhanumati Saran,Toys,No,20-11-2024,2,"Received a damaged toys, had to return it.",2460.00
ORD008403,Gautami Sarin,Furniture,No,21-11-2025,5,"Fast delivery, furniture exceeded my expectations.",30010.00
ORD008404,Imaran Buch,Sports Equipment,Yes,24-08-2024,5,"Really satisfied, highly recommend this sports equipment.",8880.00
ORD008405,Amaira Sarin,Shoes,No,29-04-2024,5,"Really satisfied, highly recommend this shoes.",5740.00
ORD008406,Nidra Grewal,Electronics,No,27-06-2025,5,"Excellent quality for the price, would buy electronics again.",42910.00
ORD008407,Hredhaan Edwin,Furniture,No,18-01-2026,3,"The furniture is okay, does the job but nothing special.",36480.00
ORD008409,Zayan Kamdar,Clothes,No,25-11-2024,4,"Really satisfied, highly recommend this clothes.",1570.00
ORD008410,Yashica Kota,Sports Equipment,Yes,01-04-2024,5,"Excellent quality for the price, would buy sports equipment again.",5990.00
ORD008411,Jairaj Memon,Sports Equipment,No,07-01-2025,2,"Received a damaged sports equipment, had to return it.",8190.00
ORD008413,Jyoti Dhingra,Clothes,No,10-06-2025,4,"Great clothes, exactly as described. Very happy with it.",2510.00
ORD008414,Banjeet Rege,Groceries,No,01-05-2024,5,"Excellent quality for the price, would buy groceries again.",520.00
ORD008415,Noah Sur,Furniture,No,26-07-2024,5,"Great furniture, exactly as described. Very happy with it.",7370.00
ORD008416,Benjamin Barad,Books,No,28-04-2023,4,"Really satisfied, highly recommend this books.",1050.00
ORD008417,Harita Som,Groceries,No,11-11-2024,5,"Excellent quality for the price, would buy groceries again.",680.00
ORD008418,Gautami Lall,Electronics,No,12-07-2024,4,"Really satisfied, highly recommend this electronics.",24970.00
ORD008420,Nandini Karan,Groceries,Yes,11-04-2025,5,"Excellent quality for the price, would buy groceries again.",890.00
ORD008422,Neelima Chad,Clothes,No,19-09-2024,5,"Really satisfied, highly recommend this clothes.",1360.00
ORD008423,Upasna Pant,Electronics,No,09-02-2024,4,"Excellent quality for the price, would buy electronics again.",11200.00
ORD008424,Oni Dhawan,Sports Equipment,No,14-01-2024,1,"Disappointed with this sports equipment, quality is not good.",5270.00
ORD008427,Devika Parikh,Clothes,No,30-08-2024,4,"Really satisfied, highly recommend this clothes.",340.00
ORD008428,Idika Singh,Electronics,No,24-07-2024,2,"Not worth the price, expected better electronics.",1000.00
ORD008429,Chaitanya Tak,Electronics,No,25-08-2025,5,"Really satisfied, highly recommend this electronics.",35300.00
ORD008431,Krisha Mutti,Toys,No,15-03-2024,4,"Great toys, exactly as described. Very happy with it.",710.00
ORD008432,Karan Kumar,Clothes,No,04-04-2025,3,"The clothes is okay, does the job but nothing special.",1710.00
ORD008433,Ikbal Ahuja,Sports Equipment,No,11-09-2025,4,"Excellent quality for the price, would buy sports equipment again.",5000.00
ORD008434,Amaira Sarin,Furniture,No,13-02-2023,5,"Excellent quality for the price, would buy furniture again.",32250.00
ORD008436,Adweta Nadig,Shoes,No,08-04-2023,5,"Great shoes, exactly as described. Very happy with it.",4880.00
ORD008437,Kiaan Arora,Kitchenware,Yes,24-01-2026,5,"Fast delivery, kitchenware exceeded my expectations.",270.00
ORD008438,Tristan Bhavsar,Electronics,No,24-01-2025,5,"Fast delivery, electronics exceeded my expectations.",46070.00
ORD008439,Pooja Grewal,Groceries,Yes,19-08-2024,4,"Great groceries, exactly as described. Very happy with it.",1940.00
ORD008440,Wishi Gala,Toys,No,02-08-2025,4,"Fast delivery, toys exceeded my expectations.",2160.00
ORD008441,Jackson Tak,Books,No,26-05-2025,5,"Really satisfied, highly recommend this books.",1130.00
ORD008444,Jhalak Sekhon,Groceries,No,25-10-2023,5,"Fast delivery, groceries exceeded my expectations.",660.00
ORD008445,Chandran Datta,Groceries,No,05-01-2025,2,"Received a damaged groceries, had to return it.",70.00
ORD008448,Dalbir Sule,Shoes,No,22-02-2024,5,"Fast delivery, shoes exceeded my expectations.",6770.00
ORD008449,Neel Sankar,Clothes,No,07-10-2025,3,"The clothes is okay, does the job but nothing special.",2060.00
ORD008450,Dipta Vaidya,Furniture,No,25-08-2025,4,"Really satisfied, highly recommend this furniture.",20700.00
ORD008451,Dayita Munshi,Furniture,No,21-10-2024,5,"Great furniture, exactly as described. Very happy with it.",40620.00
ORD008452,Ucchal Shukla,Kitchenware,No,11-07-2023,5,"Great kitchenware, exactly as described. Very happy with it.",2090.00
ORD008453,Aarav Nagy,Shoes,No,17-05-2024,4,"Excellent quality for the price, would buy shoes again.",7030.00
ORD008454,Amrita Sami,Kitchenware,No,19-09-2023,1,"Not worth the price, expected better kitchenware.",260.00
ORD008455,Vrishti Lalla,Furniture,No,02-12-2023,4,"Fast delivery, furniture exceeded my expectations.",37430.00
ORD008456,Rehaan Morar,Toys,No,31-05-2023,5,"Fast delivery, toys exceeded my expectations.",1680.00
ORD008457,Oviya Tara,Sports Equipment,No,07-06-2023,3,"Average sports equipment, packaging could be better.",3390.00
ORD008458,Jacob Ramakrishnan,Books,No,19-01-2024,5,"Really satisfied, highly recommend this books.",990.00
ORD008459,Brinda Mammen,Kitchenware,No,26-10-2024,5,"Fast delivery, kitchenware exceeded my expectations.",4790.00
ORD008460,Elijah Dalal,Beauty Products,No,08-08-2023,3,"The beauty products is okay, does the job but nothing special.",1940.00
ORD008462,Charita Vohra,Furniture,No,06-04-2025,5,"Excellent quality for the price, would buy furniture again.",27370.00
ORD008463,Tarak Chand,Books,Yes,25-02-2025,4,"Fast delivery, books exceeded my expectations.",660.00
ORD008465,Hamsini Bhatia,Sports Equipment,No,13-07-2025,3,"The sports equipment is okay, does the job but nothing special.",2980.00
ORD008466,Yatan Tripathi,Groceries,No,06-12-2023,4,"Really satisfied, highly recommend this groceries.",1510.00
ORD008467,Udarsh Gopal,Electronics,No,19-06-2024,5,"Really satisfied, highly recommend this electronics.",49310.00
ORD008468,Reva Dada,Electronics,No,09-07-2023,5,"Excellent quality for the price, would buy electronics again.",43330.00
ORD008470,Siya Dhillon,Groceries,No,06-12-2025,4,"Excellent quality for the price, would buy groceries again.",850.00
ORD008471,Ati Loyal,Toys,No,25-10-2024,4,"Fast delivery, toys exceeded my expectations.",1700.00
ORD008473,Hemani Aurora,Furniture,No,04-11-2025,1,"Disappointed with this furniture, quality is not good.",15960.00
ORD008474,Eesha Ahluwalia,Furniture,No,06-11-2023,2,"Received a damaged furniture, had to return it.",18730.00
ORD008476,Samesh Jani,Books,Yes,02-11-2023,3,"Average books, packaging could be better.",310.00
ORD008477,Udarsh Gopal,Books,No,25-12-2025,3,"Average books, packaging could be better.",1010.00
ORD008480,Azad Muni,Shoes,No,15-07-2025,1,"Received a damaged shoes, had to return it.",5620.00
ORD008481,Zashil Chaudhuri,Electronics,No,24-12-2024,5,"Really satisfied, highly recommend this electronics.",16700.00
ORD008482,Naksh Sampath,Books,No,23-03-2024,4,"Great books, exactly as described. Very happy with it.",1210.00
ORD008483,Kavya Srivastava,Clothes,No,13-05-2025,5,"Fast delivery, clothes exceeded my expectations.",2810.00
ORD008484,Leena Narula,Sports Equipment,No,26-11-2024,4,"Fast delivery, sports equipment exceeded my expectations.",13530.00
ORD008485,Bimala Master,Shoes,No,15-07-2024,3,"Average shoes, packaging could be better.",6180.00
ORD008486,Matthew Shroff,Sports Equipment,No,12-10-2025,5,"Excellent quality for the price, would buy sports equipment again.",11520.00
ORD008488,Hamsini Bhatia,Groceries,No,18-04-2023,5,"Great groceries, exactly as described. Very happy with it.",610.00
ORD008489,Akshay Bobal,Clothes,No,20-09-2024,4,"Really satisfied, highly recommend this clothes.",1460.00
ORD008490,Manya Shere,Groceries,No,20-10-2025,5,"Great groceries, exactly as described. Very happy with it.",1380.00
ORD008491,Luke Arora,Kitchenware,No,11-04-2025,2,"Disappointed with this kitchenware, quality is not good.",4560.00
ORD008492,Qarin Ramanathan,Clothes,No,07-10-2025,3,"The clothes is okay, does the job but nothing special.",1400.00
ORD008493,Pooja Grewal,Sports Equipment,No,04-02-2025,5,"Really satisfied, highly recommend this sports equipment.",7060.00
ORD008494,Ryan Venkataraman,Groceries,No,10-02-2024,3,"Average groceries, packaging could be better.",440.00
ORD008495,Aarav Anne,Groceries,No,15-05-2025,5,"Great groceries, exactly as described. Very happy with it.",1800.00
ORD008496,Robert Lal,Beauty Products,No,28-08-2023,3,"The beauty products is okay, does the job but nothing special.",430.00
ORD008497,Maanas Swamy,Sports Equipment,No,05-08-2023,4,"Fast delivery, sports equipment exceeded my expectations.",3290.00
ORD008498,Vihaan Date,Electronics,No,23-05-2024,4,"Excellent quality for the price, would buy electronics again.",9950.00
ORD008499,Zansi Dixit,Books,No,30-03-2023,1,"Received a damaged books, had to return it.",740.00
ORD008500,Yatan Keer,Kitchenware,No,23-07-2024,5,"Really satisfied, highly recommend this kitchenware.",1100.00
ORD008501,Yatan Tripathi,Sports Equipment,No,16-02-2025,4,"Excellent quality for the price, would buy sports equipment again.",10730.00
ORD008502,Kashvi Narula,Kitchenware,No,27-10-2023,5,"Excellent quality for the price, would buy kitchenware again.",3930.00
ORD008503,Rayaan Goyal,Furniture,No,17-05-2024,5,"Excellent quality for the price, would buy furniture again.",41980.00
ORD008504,Warda Palan,Furniture,No,22-01-2024,4,"Really satisfied, highly recommend this furniture.",31170.00
ORD008507,Charles Chaudry,Clothes,No,18-05-2023,4,"Great clothes, exactly as described. Very happy with it.",1410.00
ORD008508,Ojasvi Parmer,Clothes,No,18-12-2024,5,"Great clothes, exactly as described. Very happy with it.",2850.00
ORD008510,Urvashi Suri,Shoes,No,05-04-2023,2,"Received a damaged shoes, had to return it.",4530.00
ORD008512,Harrison Arya,Sports Equipment,No,16-12-2025,4,"Excellent quality for the price, would buy sports equipment again.",3380.00
ORD008513,Jai Bhatia,Groceries,No,17-07-2024,5,"Fast delivery, groceries exceeded my expectations.",710.00
ORD008514,Kamya Lanka,Toys,No,04-07-2024,5,"Fast delivery, toys exceeded my expectations.",230.00
ORD008515,Ati Loyal,Groceries,No,09-08-2025,2,"Received a damaged groceries, had to return it.",360.00
ORD008516,Nandini Karan,Clothes,Yes,19-08-2024,3,"The clothes is okay, does the job but nothing special.",500.00
ORD008517,Hemal Sen,Toys,No,26-12-2024,1,"Disappointed with this toys, quality is not good.",2340.00
ORD008518,Janani Parmer,Clothes,No,12-01-2025,2,"Not worth the price, expected better clothes.",390.00
ORD008519,Sachi Chauhan,Groceries,No,30-10-2024,1,"Not worth the price, expected better groceries.",430.00
ORD008520,Chandran Solanki,Kitchenware,No,15-10-2025,4,"Fast delivery, kitchenware exceeded my expectations.",1040.00
ORD008521,Aarnav Mand,Beauty Products,Yes,05-10-2025,4,"Great beauty products, exactly as described. Very happy with it.",1300.00
ORD008522,Yuvraj Gandhi,Toys,No,10-01-2025,4,"Fast delivery, toys exceeded my expectations.",1250.00
ORD008524,Lakshmi Bhat,Shoes,No,07-09-2023,5,"Great shoes, exactly as described. Very happy with it.",1520.00
ORD008525,Anita Nayak,Books,Yes,29-11-2023,4,"Really satisfied, highly recommend this books.",1050.00
ORD008526,Reyansh Singh,Kitchenware,No,01-01-2026,5,"Really satisfied, highly recommend this kitchenware.",270.00
ORD008527,Charvi Date,Groceries,No,20-03-2024,5,"Really satisfied, highly recommend this groceries.",530.00
ORD008528,Kamya Lanka,Shoes,No,13-11-2024,3,"Average shoes, packaging could be better.",1240.00
ORD008530,Adweta Parsa,Beauty Products,No,15-06-2025,4,"Really satisfied, highly recommend this beauty products.",770.00
ORD008531,Robert Lal,Toys,No,18-07-2025,2,"Disappointed with this toys, quality is not good.",210.00
ORD008532,Gavin Lalla,Groceries,Yes,27-07-2024,4,"Excellent quality for the price, would buy groceries again.",1060.00
ORD008533,Parth Hegde,Beauty Products,No,11-08-2025,2,"Received a damaged beauty products, had to return it.",1040.00
ORD008535,Elijah Dalal,Furniture,No,15-10-2025,4,"Really satisfied, highly recommend this furniture.",23910.00
ORD008537,Chanchal Chand,Kitchenware,No,13-03-2024,5,"Really satisfied, highly recommend this kitchenware.",3640.00
ORD008538,Theodore Chandra,Beauty Products,No,18-07-2024,4,"Fast delivery, beauty products exceeded my expectations.",1430.00
ORD008539,Manbir Mittal,Groceries,No,15-04-2025,5,"Really satisfied, highly recommend this groceries.",1660.00
ORD008540,Yamini Bir,Sports Equipment,No,08-11-2024,4,"Excellent quality for the price, would buy sports equipment again.",13400.00
ORD008541,Vivaan Seth,Groceries,No,14-05-2024,2,"Disappointed with this groceries, quality is not good.",1070.00
ORD008542,Ladli Yadav,Shoes,No,10-12-2024,4,"Great shoes, exactly as described. Very happy with it.",3540.00
ORD008543,Bimala Master,Beauty Products,No,05-02-2023,4,"Really satisfied, highly recommend this beauty products.",2050.00
ORD008544,Ojasvi Parmer,Groceries,No,22-11-2023,3,"Average groceries, packaging could be better.",1480.00
ORD008545,Falan Chana,Sports Equipment,No,26-12-2025,4,"Fast delivery, sports equipment exceeded my expectations.",13270.00
ORD008546,Ishani Kapoor,Furniture,No,31-03-2023,5,"Excellent quality for the price, would buy furniture again.",3580.00
ORD008548,Hredhaan Edwin,Groceries,Yes,28-08-2023,5,"Excellent quality for the price, would buy groceries again.",730.00
ORD008549,Hitesh Bhandari,Furniture,Yes,29-08-2024,4,"Excellent quality for the price, would buy furniture again.",6760.00
ORD008551,Veda Muni,Sports Equipment,Yes,08-10-2025,4,"Great sports equipment, exactly as described. Very happy with it.",14120.00
ORD008552,Bimala Master,Electronics,No,20-02-2024,4,"Great electronics, exactly as described. Very happy with it.",50190.00
ORD008553,Samar Tailor,Shoes,No,27-04-2024,4,"Really satisfied, highly recommend this shoes.",1700.00
ORD008554,Mekhala Chakraborty,Shoes,No,21-11-2023,2,"Disappointed with this shoes, quality is not good.",960.00
ORD008555,Benjamin Devi,Electronics,No,27-11-2023,5,"Great electronics, exactly as described. Very happy with it.",18460.00
ORD008557,Ronith Raman,Books,No,24-07-2023,4,"Excellent quality for the price, would buy books again.",950.00
ORD008558,Vedika Ramesh,Books,No,09-02-2023,5,"Fast delivery, books exceeded my expectations.",300.00
ORD008559,Elijah Luthra,Furniture,No,18-02-2023,2,"Not worth the price, expected better furniture.",37100.00
ORD008560,Jonathan Wali,Clothes,No,02-07-2023,3,"The clothes is okay, does the job but nothing special.",2220.00
ORD008561,Ijaya Narain,Kitchenware,No,17-03-2025,2,"Not worth the price, expected better kitchenware.",1690.00
ORD008562,Xavier Memon,Beauty Products,No,20-08-2024,3,"Average beauty products, packaging could be better.",940.00
ORD008563,Charles Balay,Clothes,No,12-04-2023,5,"Great clothes, exactly as described. Very happy with it.",1320.00
ORD008564,Ayaan Krishnamurthy,Electronics,No,05-09-2023,4,"Fast delivery, electronics exceeded my expectations.",54560.00
ORD008565,Jairaj Setty,Groceries,No,21-11-2023,5,"Fast delivery, groceries exceeded my expectations.",830.00
ORD008566,Yahvi Wadhwa,Clothes,No,01-08-2023,5,"Excellent quality for the price, would buy clothes again.",350.00
ORD008568,Yauvani Gokhale,Furniture,No,16-07-2023,5,"Fast delivery, furniture exceeded my expectations.",9490.00
ORD008569,Nitesh Dayal,Clothes,No,07-03-2024,5,"Fast delivery, clothes exceeded my expectations.",1320.00
ORD008570,Gautami Sarin,Books,No,03-05-2024,2,"Disappointed with this books, quality is not good.",940.00
ORD008572,Lopa Mukhopadhyay,Sports Equipment,No,22-01-2023,3,"The sports equipment is okay, does the job but nothing special.",12940.00
ORD008573,Nandini Karan,Books,No,08-03-2023,1,"Not worth the price, expected better books.",1060.00
ORD008574,Indira Bhargava,Shoes,Yes,15-10-2023,5,"Excellent quality for the price, would buy shoes again.",2520.00
ORD008575,Lopa Narasimhan,Electronics,Yes,10-08-2025,1,"Not worth the price, expected better electronics.",49340.00
ORD008576,Yashawini Sengupta,Groceries,No,21-03-2023,5,"Great groceries, exactly as described. Very happy with it.",120.00
ORD008577,Balveer Dani,Books,No,12-03-2024,5,"Great books, exactly as described. Very happy with it.",560.00
ORD008578,Ishani Bhalla,Sports Equipment,No,19-03-2025,4,"Great sports equipment, exactly as described. Very happy with it.",7850.00
ORD008580,Joshua Bali,Beauty Products,No,08-11-2025,5,"Really satisfied, highly recommend this beauty products.",530.00
ORD008581,Lipika Iyengar,Sports Equipment,No,05-02-2025,2,"Received a damaged sports equipment, had to return it.",8840.00
ORD008583,Christopher Vasa,Electronics,No,24-08-2024,4,"Great electronics, exactly as described. Very happy with it.",44650.00
ORD008584,Yahvi Soni,Electronics,No,22-06-2024,3,"Average electronics, packaging could be better.",14660.00
ORD008585,Ishani Bhalla,Electronics,No,04-06-2025,5,"Excellent quality for the price, would buy electronics again.",31990.00
ORD008587,Raagini Gade,Beauty Products,No,26-08-2023,4,"Excellent quality for the price, would buy beauty products again.",1740.00
ORD008588,Manbir Mittal,Furniture,No,12-05-2024,4,"Great furniture, exactly as described. Very happy with it.",46160.00
ORD008590,Vansha Deol,Shoes,No,08-09-2025,5,"Fast delivery, shoes exceeded my expectations.",3060.00
ORD008591,Victor Chada,Books,No,16-05-2025,3,"The books is okay, does the job but nothing special.",810.00
ORD008592,Manya Rao,Sports Equipment,No,19-06-2023,5,"Really satisfied, highly recommend this sports equipment.",2900.00
ORD008594,Tristan Ravel,Kitchenware,No,22-04-2024,4,"Really satisfied, highly recommend this kitchenware.",540.00
ORD008595,Oni Dhawan,Furniture,No,27-01-2025,4,"Fast delivery, furniture exceeded my expectations.",37520.00
ORD008596,Zarna Peri,Beauty Products,Yes,20-08-2025,3,"The beauty products is okay, does the job but nothing special.",2280.00
ORD008597,Anvi Shan,Shoes,No,20-11-2023,5,"Really satisfied, highly recommend this shoes.",1500.00
ORD008598,Vivaan More,Electronics,No,10-11-2025,3,"The electronics is okay, does the job but nothing special.",17600.00
ORD008599,Darsh Aurora,Groceries,No,04-01-2026,2,"Not worth the price, expected better groceries.",1040.00
ORD008600,Zarna Tailor,Furniture,No,03-08-2025,2,"Received a damaged furniture, had to return it.",43350.00
ORD008601,Ekansh Batra,Sports Equipment,No,26-09-2024,3,"Average sports equipment, packaging could be better.",5200.00
ORD008603,Pratyush Madan,Clothes,No,17-11-2024,4,"Really satisfied, highly recommend this clothes.",1110.00
ORD008604,Elijah Raman,Toys,Yes,06-09-2024,3,"Average toys, packaging could be better.",1630.00
ORD008605,Kevin Suresh,Books,No,04-03-2025,1,"Received a damaged books, had to return it.",260.00
ORD008606,Karan Kumar,Furniture,No,22-04-2024,4,"Excellent quality for the price, would buy furniture again.",45190.00
ORD008608,Ganga Chandra,Groceries,Yes,07-12-2024,4,"Great groceries, exactly as described. Very happy with it.",500.00
ORD008609,Kamya Lanka,Sports Equipment,No,29-05-2023,3,"Average sports equipment, packaging could be better.",2150.00
ORD008610,Nicholas Choudhary,Furniture,No,26-12-2023,4,"Really satisfied, highly recommend this furniture.",16960.00
ORD008611,Chasmum Goyal,Books,No,06-04-2025,1,"Not worth the price, expected better books.",1450.00
ORD008612,Kai Bassi,Furniture,No,20-12-2024,5,"Fast delivery, furniture exceeded my expectations.",29950.00
ORD008613,Kala Nagar,Books,No,16-03-2023,4,"Great books, exactly as described. Very happy with it.",810.00
ORD008614,Omya Boase,Clothes,No,16-08-2023,4,"Great clothes, exactly as described. Very happy with it.",360.00
ORD008615,Udarsh Dubey,Books,No,05-03-2023,4,"Great books, exactly as described. Very happy with it.",490.00
ORD008616,Pahal Kuruvilla,Furniture,No,02-06-2025,4,"Great furniture, exactly as described. Very happy with it.",19590.00
ORD008617,Arunima Parsa,Kitchenware,Yes,06-03-2025,5,"Fast delivery, kitchenware exceeded my expectations.",4990.00
ORD008618,Charita Vohra,Books,No,08-07-2024,4,"Excellent quality for the price, would buy books again.",400.00
ORD008620,Tanmayi Subramanian,Beauty Products,Yes,01-10-2024,5,"Fast delivery, beauty products exceeded my expectations.",1770.00
ORD008621,Hemani Aurora,Books,No,31-07-2023,5,"Really satisfied, highly recommend this books.",650.00
ORD008622,Sanya Cherian,Electronics,No,07-10-2024,5,"Fast delivery, electronics exceeded my expectations.",1580.00
ORD008623,Zayan Kamdar,Clothes,No,13-03-2023,4,"Fast delivery, clothes exceeded my expectations.",470.00
ORD008624,Christopher Vasa,Sports Equipment,Yes,03-05-2023,5,"Great sports equipment, exactly as described. Very happy with it.",9820.00
ORD008625,Isaac Chaudhary,Electronics,Yes,31-03-2025,3,"The electronics is okay, does the job but nothing special.",52340.00
ORD008626,Reva Dada,Groceries,No,23-01-2023,5,"Excellent quality for the price, would buy groceries again.",1460.00
ORD008628,Aayush Andra,Electronics,No,11-07-2025,5,"Fast delivery, electronics exceeded my expectations.",32150.00
ORD008630,Urishilla Naik,Toys,No,03-12-2024,4,"Great toys, exactly as described. Very happy with it.",2970.00
ORD008632,Samuel Rama,Books,No,15-04-2024,5,"Really satisfied, highly recommend this books.",1370.00
ORD008633,Charan Banerjee,Furniture,No,29-12-2024,5,"Great furniture, exactly as described. Very happy with it.",11660.00
ORD008634,Harita Som,Sports Equipment,No,25-04-2024,5,"Really satisfied, highly recommend this sports equipment.",6380.00
ORD008635,Leena Narula,Clothes,No,12-12-2023,1,"Received a damaged clothes, had to return it.",660.00
ORD008636,Simon Mitter,Furniture,No,21-05-2025,3,"Average furniture, packaging could be better.",17800.00
ORD008637,Dayita Munshi,Groceries,No,09-05-2024,2,"Not worth the price, expected better groceries.",370.00
ORD008638,Upadhriti Menon,Groceries,No,22-09-2024,1,"Not worth the price, expected better groceries.",1070.00
ORD008639,Onkar Sarin,Furniture,No,08-10-2023,3,"The furniture is okay, does the job but nothing special.",7490.00
ORD008640,Banjeet De,Beauty Products,No,21-08-2025,5,"Great beauty products, exactly as described. Very happy with it.",2960.00
ORD008641,Dhriti Lad,Books,No,22-01-2023,5,"Excellent quality for the price, would buy books again.",1420.00
ORD008643,Gaurang Lad,Shoes,No,29-01-2025,5,"Great shoes, exactly as described. Very happy with it.",3270.00
ORD008644,Wakeeta Raval,Clothes,No,09-11-2025,4,"Excellent quality for the price, would buy clothes again.",2860.00
ORD008646,Raagini Gade,Books,Yes,23-06-2023,1,"Disappointed with this books, quality is not good.",270.00
ORD008648,Amara Puri,Shoes,Yes,28-09-2024,1,"Not worth the price, expected better shoes.",990.00
ORD008652,Kala Vig,Sports Equipment,No,09-12-2025,2,"Disappointed with this sports equipment, quality is not good.",6120.00
ORD008653,Nicholas Bhandari,Clothes,No,08-03-2025,1,"Not worth the price, expected better clothes.",2940.00
ORD008654,Chatura Kala,Beauty Products,No,02-02-2024,2,"Not worth the price, expected better beauty products.",780.00
ORD008656,Thomas Sethi,Shoes,No,24-08-2025,2,"Received a damaged shoes, had to return it.",6240.00
ORD008657,Raagini Gade,Beauty Products,No,22-08-2025,4,"Fast delivery, beauty products exceeded my expectations.",2350.00
ORD008658,Zayyan Wason,Books,Yes,22-03-2025,4,"Excellent quality for the price, would buy books again.",370.00
ORD008659,Siya Dhillon,Electronics,No,24-01-2023,1,"Received a damaged electronics, had to return it.",9240.00
ORD008660,Rishi Kashyap,Groceries,No,28-03-2025,4,"Great groceries, exactly as described. Very happy with it.",1050.00
ORD008661,Abha Ravi,Groceries,No,04-04-2023,5,"Great groceries, exactly as described. Very happy with it.",530.00
ORD008662,William Khanna,Electronics,No,06-03-2025,2,"Disappointed with this electronics, quality is not good.",21760.00
ORD008663,Qushi Pau,Toys,No,11-08-2024,5,"Really satisfied, highly recommend this toys.",2440.00
ORD008664,Harrison Shan,Toys,No,31-05-2023,3,"The toys is okay, does the job but nothing special.",2790.00
ORD008665,Raagini Bhagat,Electronics,No,05-09-2023,5,"Excellent quality for the price, would buy electronics again.",50590.00
ORD008666,Ishani Bhalla,Books,No,24-06-2023,4,"Great books, exactly as described. Very happy with it.",860.00
ORD008667,Ucchal Shukla,Books,No,16-01-2025,4,"Great books, exactly as described. Very happy with it.",1050.00
ORD008669,Falan Johal,Books,Yes,02-02-2025,3,"Average books, packaging could be better.",540.00
ORD008670,Logan Sekhon,Furniture,No,19-07-2025,5,"Fast delivery, furniture exceeded my expectations.",2900.00
ORD008671,Kamya Jhaveri,Toys,No,06-12-2024,2,"Received a damaged toys, had to return it.",2970.00
ORD008672,Yamini Garg,Books,No,28-02-2024,5,"Excellent quality for the price, would buy books again.",920.00
ORD008675,Chakrika Kalla,Groceries,No,12-09-2025,4,"Excellent quality for the price, would buy groceries again.",780.00
ORD008676,Timothy Bhatti,Beauty Products,No,27-10-2024,1,"Received a damaged beauty products, had to return it.",700.00
ORD008677,Victor Chada,Electronics,No,30-09-2023,4,"Great electronics, exactly as described. Very happy with it.",17430.00
ORD008678,Mohammed Pau,Sports Equipment,Yes,21-03-2025,2,"Disappointed with this sports equipment, quality is not good.",950.00
ORD008679,Liam More,Books,No,02-01-2024,2,"Not worth the price, expected better books.",1140.00
ORD008680,Tanay Lal,Clothes,No,01-07-2023,5,"Really satisfied, highly recommend this clothes.",2090.00
ORD008681,Triveni Mallick,Sports Equipment,Yes,12-04-2025,5,"Fast delivery, sports equipment exceeded my expectations.",9460.00
ORD008682,Vrishti Shroff,Books,No,19-12-2024,4,"Great books, exactly as described. Very happy with it.",750.00
ORD008683,Bakhshi Nagar,Books,Yes,04-03-2023,2,"Received a damaged books, had to return it.",1260.00
ORD008684,Jeet Setty,Electronics,Yes,16-04-2023,5,"Fast delivery, electronics exceeded my expectations.",46680.00
ORD008685,Eesha Ahluwalia,Groceries,No,22-07-2025,4,"Fast delivery, groceries exceeded my expectations.",1050.00
ORD008686,Falak Anne,Books,No,19-09-2025,5,"Fast delivery, books exceeded my expectations.",540.00
ORD008689,Jyoti Dhingra,Sports Equipment,No,12-07-2025,5,"Fast delivery, sports equipment exceeded my expectations.",9580.00
ORD008690,Bahadurjit Jayaraman,Kitchenware,No,13-04-2023,4,"Great kitchenware, exactly as described. Very happy with it.",1730.00
ORD008691,Adya Patla,Beauty Products,No,06-02-2024,5,"Excellent quality for the price, would buy beauty products again.",2380.00
ORD008692,Watika Wali,Books,Yes,28-03-2025,5,"Great books, exactly as described. Very happy with it.",860.00
ORD008693,Adya Sangha,Electronics,No,18-09-2025,5,"Really satisfied, highly recommend this electronics.",22210.00
ORD008694,Harsh Gala,Beauty Products,No,19-06-2025,4,"Really satisfied, highly recommend this beauty products.",2070.00
ORD008695,Jasmit Bahl,Electronics,No,17-02-2025,4,"Really satisfied, highly recommend this electronics.",19040.00
ORD008696,Darika Kala,Electronics,No,15-04-2023,2,"Disappointed with this electronics, quality is not good.",57860.00
ORD008697,Krisha Ram,Shoes,No,13-09-2025,5,"Great shoes, exactly as described. Very happy with it.",7310.00
ORD008699,Zayan Sani,Kitchenware,No,28-09-2023,3,"Average kitchenware, packaging could be better.",4740.00
ORD008700,Chaitaly Nagar,Electronics,No,26-10-2025,4,"Fast delivery, electronics exceeded my expectations.",11510.00
ORD008701,Udarsh Gopal,Electronics,No,29-10-2025,2,"Received a damaged electronics, had to return it.",5510.00
ORD008702,Rehaan Morar,Shoes,No,15-08-2025,5,"Excellent quality for the price, would buy shoes again.",4850.00
ORD008703,Mekhala Dar,Electronics,No,20-02-2024,5,"Really satisfied, highly recommend this electronics.",11160.00
ORD008704,Zaid Sandal,Shoes,No,01-08-2024,4,"Really satisfied, highly recommend this shoes.",4180.00
ORD008705,Eshana Dyal,Electronics,No,11-07-2023,5,"Fast delivery, electronics exceeded my expectations.",20380.00
ORD008706,Yutika Bhagat,Books,No,01-08-2023,4,"Excellent quality for the price, would buy books again.",690.00
ORD008708,Abha Ravi,Furniture,No,25-11-2025,5,"Really satisfied, highly recommend this furniture.",36990.00
ORD008710,Chandran Solanki,Electronics,No,23-06-2025,4,"Really satisfied, highly recommend this electronics.",25060.00
ORD008711,Onkar Sarin,Electronics,No,16-03-2023,5,"Fast delivery, electronics exceeded my expectations.",30760.00
ORD008712,Yoshita Soman,Sports Equipment,Yes,31-12-2025,3,"Average sports equipment, packaging could be better.",310.00
ORD008713,Ansh Kohli,Furniture,No,12-07-2025,4,"Excellent quality for the price, would buy furniture again.",43310.00
ORD008714,Aayush Pall,Sports Equipment,No,18-10-2023,5,"Fast delivery, sports equipment exceeded my expectations.",8590.00
ORD008715,Ishanvi Konda,Toys,No,16-10-2025,4,"Excellent quality for the price, would buy toys again.",1700.00
ORD008716,Ganga Bumb,Electronics,No,09-04-2025,4,"Great electronics, exactly as described. Very happy with it.",49080.00
ORD008718,Arunima Parsa,Electronics,No,04-07-2025,1,"Disappointed with this electronics, quality is not good.",13160.00
ORD008720,Pranav Saraf,Shoes,No,13-05-2025,4,"Really satisfied, highly recommend this shoes.",7730.00
ORD008722,Gautami Manda,Beauty Products,No,28-12-2024,5,"Really satisfied, highly recommend this beauty products.",230.00
ORD008723,Banjeet Rastogi,Clothes,No,31-08-2024,2,"Not worth the price, expected better clothes.",2840.00
ORD008724,Vasudha Agarwal,Beauty Products,Yes,18-07-2024,5,"Excellent quality for the price, would buy beauty products again.",1640.00
ORD008725,Chatura Thaman,Clothes,No,18-12-2025,2,"Disappointed with this clothes, quality is not good.",2840.00
ORD008726,Aishani Saini,Sports Equipment,No,08-11-2024,3,"The sports equipment is okay, does the job but nothing special.",4210.00
ORD008727,Nitara Rajagopal,Furniture,No,20-09-2024,5,"Great furniture, exactly as described. Very happy with it.",22520.00
ORD008728,Damyanti Sahni,Sports Equipment,Yes,07-06-2025,5,"Great sports equipment, exactly as described. Very happy with it.",12110.00
ORD008729,Yahvi Wadhwa,Clothes,No,02-09-2024,4,"Really satisfied, highly recommend this clothes.",560.00
ORD008730,Lohit Saha,Furniture,No,03-03-2024,1,"Received a damaged furniture, had to return it.",44640.00
ORD008731,Rachit Bedi,Clothes,No,19-02-2025,4,"Fast delivery, clothes exceeded my expectations.",2510.00
ORD008732,Oni Kibe,Clothes,No,02-10-2023,2,"Received a damaged clothes, had to return it.",1890.00
ORD008733,Yashoda Mammen,Toys,No,14-09-2023,5,"Really satisfied, highly recommend this toys.",930.00
ORD008735,Zaid Sandal,Toys,No,09-03-2025,5,"Great toys, exactly as described. Very happy with it.",2300.00
ORD008736,Ijaya Narain,Toys,Yes,28-04-2025,5,"Excellent quality for the price, would buy toys again.",2950.00
ORD008737,Damyanti Bhakta,Clothes,No,05-10-2023,4,"Excellent quality for the price, would buy clothes again.",2340.00
ORD008738,Girish Rattan,Sports Equipment,No,30-11-2023,5,"Great sports equipment, exactly as described. Very happy with it.",12840.00
ORD008739,Idika Warrior,Groceries,No,30-11-2025,3,"The groceries is okay, does the job but nothing special.",1180.00
ORD008740,Damyanti Sahni,Groceries,No,09-12-2025,3,"The groceries is okay, does the job but nothing special.",360.00
ORD008741,Bahadurjit Banerjee,Groceries,No,13-03-2023,5,"Excellent quality for the price, would buy groceries again.",1300.00
ORD008742,Jai Bhatia,Books,No,04-02-2023,5,"Fast delivery, books exceeded my expectations.",730.00
ORD008743,Ladli Yadav,Groceries,No,18-12-2025,5,"Fast delivery, groceries exceeded my expectations.",710.00
ORD008744,Kamya Jhaveri,Kitchenware,No,22-02-2023,4,"Really satisfied, highly recommend this kitchenware.",3560.00
ORD008745,Lopa Narasimhan,Kitchenware,No,16-07-2024,1,"Disappointed with this kitchenware, quality is not good.",2840.00
ORD008746,Zehaan Pradhan,Beauty Products,No,12-12-2024,3,"The beauty products is okay, does the job but nothing special.",600.00
ORD008748,Dakshesh Goswami,Clothes,No,18-07-2024,3,"The clothes is okay, does the job but nothing special.",690.00
ORD008749,Hitesh Bhandari,Furniture,No,02-09-2023,5,"Excellent quality for the price, would buy furniture again.",35790.00
ORD008750,Nathaniel Kota,Clothes,Yes,07-12-2024,4,"Great clothes, exactly as described. Very happy with it.",3000.00
ORD008752,Manya Rao,Beauty Products,No,14-11-2025,4,"Fast delivery, beauty products exceeded my expectations.",420.00
ORD008753,Akshay Kohli,Electronics,No,17-08-2025,5,"Really satisfied, highly recommend this electronics.",3870.00
ORD008754,Anusha Raja,Books,No,31-12-2023,4,"Great books, exactly as described. Very happy with it.",420.00
ORD008755,Gautami Lall,Beauty Products,No,21-12-2023,5,"Really satisfied, highly recommend this beauty products.",880.00
ORD008756,Zansi Dixit,Beauty Products,No,26-11-2023,4,"Excellent quality for the price, would buy beauty products again.",280.00
ORD008757,Harish Shetty,Books,No,26-10-2024,4,"Fast delivery, books exceeded my expectations.",560.00
ORD008758,Nathaniel Narain,Shoes,No,08-07-2025,5,"Great shoes, exactly as described. Very happy with it.",1380.00
ORD008759,Chanakya Mand,Furniture,No,13-05-2024,2,"Received a damaged furniture, had to return it.",33310.00
ORD008760,Nathaniel Bhardwaj,Books,No,25-06-2024,4,"Really satisfied, highly recommend this books.",540.00
ORD008762,Kabir Krishnamurthy,Furniture,No,17-12-2023,5,"Fast delivery, furniture exceeded my expectations.",7970.00
ORD008763,Manya Shere,Sports Equipment,Yes,21-04-2023,4,"Really satisfied, highly recommend this sports equipment.",820.00
ORD008765,Om Sastry,Groceries,Yes,17-06-2024,5,"Really satisfied, highly recommend this groceries.",1220.00
ORD008767,Reyansh Singh,Kitchenware,No,21-07-2024,3,"The kitchenware is okay, does the job but nothing special.",3380.00
ORD008768,Vaishnavi Dutt,Furniture,No,03-09-2024,5,"Great furniture, exactly as described. Very happy with it.",44620.00
ORD008770,Henry Bora,Shoes,No,24-11-2024,5,"Excellent quality for the price, would buy shoes again.",4510.00
ORD008771,Eiravati Pradhan,Kitchenware,No,27-01-2023,5,"Great kitchenware, exactly as described. Very happy with it.",4510.00
ORD008772,Hamsini Chandra,Groceries,Yes,25-01-2024,3,"Average groceries, packaging could be better.",1330.00
ORD008773,Jagdish Bedi,Books,No,15-02-2025,4,"Fast delivery, books exceeded my expectations.",1360.00
ORD008774,Vivaan Seth,Books,No,02-11-2025,4,"Fast delivery, books exceeded my expectations.",670.00
ORD008776,Harshil Vyas,Books,No,09-08-2025,1,"Received a damaged books, had to return it.",250.00
ORD008777,Chandran Datta,Kitchenware,No,01-08-2025,4,"Great kitchenware, exactly as described. Very happy with it.",3200.00
ORD008778,Tara Sur,Toys,No,02-08-2024,5,"Great toys, exactly as described. Very happy with it.",1050.00
ORD008779,Baghyawati Guha,Toys,No,13-02-2024,5,"Great toys, exactly as described. Very happy with it.",2630.00
ORD008780,Zayan Kamdar,Electronics,No,28-02-2023,3,"The electronics is okay, does the job but nothing special.",48040.00
ORD008781,Anusha Raja,Clothes,No,03-01-2024,5,"Great clothes, exactly as described. Very happy with it.",590.00
ORD008782,Kamala Keer,Sports Equipment,Yes,04-11-2023,2,"Disappointed with this sports equipment, quality is not good.",510.00
ORD008783,Lakshmi Chacko,Electronics,No,04-12-2024,5,"Really satisfied, highly recommend this electronics.",14680.00
ORD008784,Nidhi Sekhon,Books,No,11-11-2024,5,"Excellent quality for the price, would buy books again.",1490.00
ORD008785,Harsh Agrawal,Furniture,No,08-03-2024,5,"Fast delivery, furniture exceeded my expectations.",33700.00
ORD008787,Bahadurjit Kant,Shoes,No,23-02-2025,3,"The shoes is okay, does the job but nothing special.",7790.00
ORD008788,Aarnav Pant,Shoes,No,24-06-2025,4,"Really satisfied, highly recommend this shoes.",7320.00
ORD008791,Bina Varty,Beauty Products,No,20-10-2023,3,"The beauty products is okay, does the job but nothing special.",480.00
ORD008792,Kevin Chaudhari,Electronics,No,23-03-2023,4,"Great electronics, exactly as described. Very happy with it.",31670.00
ORD008793,Anita Nayak,Groceries,No,18-12-2024,4,"Excellent quality for the price, would buy groceries again.",1690.00
ORD008794,Abhiram Mitter,Clothes,No,07-01-2023,3,"The clothes is okay, does the job but nothing special.",2920.00
ORD008795,Azad Muni,Shoes,No,10-09-2023,4,"Fast delivery, shoes exceeded my expectations.",1000.00
ORD008796,Dominic Som,Groceries,Yes,07-01-2025,5,"Great groceries, exactly as described. Very happy with it.",790.00
ORD008797,Gaurangi Aurora,Beauty Products,No,17-03-2023,4,"Great beauty products, exactly as described. Very happy with it.",2440.00
ORD008798,Saanvi Agarwal,Groceries,No,30-05-2025,1,"Not worth the price, expected better groceries.",1570.00
ORD008799,Jonathan Wali,Kitchenware,No,18-04-2025,4,"Great kitchenware, exactly as described. Very happy with it.",3610.00
ORD008800,Laban Bal,Electronics,No,01-09-2024,4,"Excellent quality for the price, would buy electronics again.",54870.00
ORD008801,Leela Parmer,Books,No,09-04-2024,4,"Excellent quality for the price, would buy books again.",900.00
ORD008806,Idika Singh,Electronics,No,09-09-2023,5,"Excellent quality for the price, would buy electronics again.",53050.00
ORD008807,Urmi Lad,Books,No,15-07-2023,2,"Not worth the price, expected better books.",270.00
ORD008808,Raagini Bhagat,Shoes,No,22-08-2024,1,"Not worth the price, expected better shoes.",7250.00
ORD008809,Ganga Handa,Groceries,No,16-09-2025,4,"Fast delivery, groceries exceeded my expectations.",1310.00
ORD008810,Nitesh Dayal,Toys,No,03-06-2024,5,"Fast delivery, toys exceeded my expectations.",1240.00
ORD008811,Samaksh Sem,Shoes,No,20-12-2024,2,"Not worth the price, expected better shoes.",4830.00
ORD008812,Tristan Bhavsar,Furniture,No,25-05-2024,3,"Average furniture, packaging could be better.",4160.00
ORD008813,Damyanti Sahni,Toys,No,08-09-2025,5,"Excellent quality for the price, would buy toys again.",440.00
ORD008815,Mitesh Varghese,Shoes,No,13-11-2023,5,"Fast delivery, shoes exceeded my expectations.",7330.00
ORD008817,Udarsh Sachdev,Groceries,No,13-07-2023,5,"Fast delivery, groceries exceeded my expectations.",670.00
ORD008818,Nitara Rajagopal,Shoes,No,16-07-2025,3,"The shoes is okay, does the job but nothing special.",1140.00
ORD008819,Mason Koshy,Electronics,No,21-03-2023,5,"Really satisfied, highly recommend this electronics.",15150.00
ORD008820,Amaira Sarin,Shoes,No,07-02-2023,5,"Fast delivery, shoes exceeded my expectations.",4750.00
ORD008821,Devika Parikh,Clothes,No,24-02-2024,2,"Disappointed with this clothes, quality is not good.",700.00
ORD008822,Brijesh Mani,Books,No,19-11-2025,4,"Fast delivery, books exceeded my expectations.",360.00
ORD008824,Daksh Chaudhuri,Kitchenware,No,04-05-2024,3,"Average kitchenware, packaging could be better.",2090.00
ORD008825,Urvi Das,Electronics,No,18-08-2024,3,"Average electronics, packaging could be better.",35840.00
ORD008827,Guneet Tripathi,Books,Yes,12-03-2023,5,"Really satisfied, highly recommend this books.",940.00
ORD008828,Bina Varty,Shoes,No,19-04-2024,4,"Great shoes, exactly as described. Very happy with it.",2050.00
ORD008829,Chaitaly Nagar,Furniture,No,28-01-2024,5,"Great furniture, exactly as described. Very happy with it.",14160.00
ORD008831,Darsh Aurora,Electronics,No,11-03-2025,3,"The electronics is okay, does the job but nothing special.",35480.00
ORD008832,Rayaan Malhotra,Sports Equipment,No,07-08-2025,4,"Great sports equipment, exactly as described. Very happy with it.",11060.00
ORD008833,Sachi Chauhan,Sports Equipment,No,01-09-2023,2,"Not worth the price, expected better sports equipment.",4380.00
ORD008834,Wishi Sharma,Kitchenware,No,29-11-2023,5,"Excellent quality for the price, would buy kitchenware again.",4870.00
ORD008837,Diya Pillai,Books,No,14-12-2023,3,"The books is okay, does the job but nothing special.",1430.00
ORD008838,Tanvi Ghosh,Furniture,Yes,10-12-2024,4,"Great furniture, exactly as described. Very happy with it.",13220.00
ORD008839,Benjamin Ratta,Groceries,No,30-04-2025,4,"Fast delivery, groceries exceeded my expectations.",1190.00
ORD008840,Chandresh Golla,Toys,No,12-08-2024,3,"Average toys, packaging could be better.",2440.00
ORD008841,Aarini Ramakrishnan,Groceries,No,15-08-2024,4,"Great groceries, exactly as described. Very happy with it.",900.00
ORD008842,Azaan Roy,Clothes,No,14-12-2024,5,"Excellent quality for the price, would buy clothes again.",730.00
ORD008843,Ikbal Shankar,Beauty Products,Yes,10-06-2024,4,"Great beauty products, exactly as described. Very happy with it.",2760.00
ORD008844,Balveer Dani,Electronics,No,24-02-2024,5,"Really satisfied, highly recommend this electronics.",38780.00
ORD008845,Tanvi Ghosh,Shoes,No,02-05-2025,5,"Excellent quality for the price, would buy shoes again.",3430.00
ORD008846,Viraj Arora,Electronics,No,19-07-2023,5,"Fast delivery, electronics exceeded my expectations.",45200.00
ORD008848,Naksh Sampath,Groceries,No,08-01-2025,3,"The groceries is okay, does the job but nothing special.",990.00
ORD008849,Isha Bhatnagar,Beauty Products,No,06-10-2023,5,"Excellent quality for the price, would buy beauty products again.",2870.00
ORD008850,Yahvi Magar,Shoes,No,24-02-2023,4,"Really satisfied, highly recommend this shoes.",4000.00
ORD008851,Ikbal Chhabra,Shoes,No,31-05-2024,4,"Excellent quality for the price, would buy shoes again.",7730.00
ORD008852,Bimala Master,Books,No,17-09-2023,5,"Excellent quality for the price, would buy books again.",360.00
ORD008853,Lakshmi Bhat,Beauty Products,No,19-08-2024,5,"Really satisfied, highly recommend this beauty products.",830.00
ORD008854,Omkaar Chopra,Furniture,Yes,31-10-2025,5,"Fast delivery, furniture exceeded my expectations.",13320.00
ORD008855,Mekhala Chakraborty,Groceries,Yes,22-09-2024,3,"The groceries is okay, does the job but nothing special.",1180.00
ORD008856,Janani Parmer,Clothes,No,24-03-2025,5,"Excellent quality for the price, would buy clothes again.",1940.00
ORD008857,Rushil Brahmbhatt,Books,No,15-10-2025,1,"Disappointed with this books, quality is not good.",1180.00
ORD008859,Xiti Puri,Shoes,No,19-11-2025,1,"Received a damaged shoes, had to return it.",3260.00
ORD008860,Sathvik Lall,Groceries,No,14-05-2024,1,"Not worth the price, expected better groceries.",1400.00
ORD008861,Madhavi Mann,Furniture,No,05-08-2024,4,"Really satisfied, highly recommend this furniture.",11870.00
ORD008862,Gautami Manda,Electronics,No,25-08-2024,5,"Fast delivery, electronics exceeded my expectations.",35990.00
ORD008864,Gautami Manda,Books,No,17-04-2025,1,"Received a damaged books, had to return it.",1380.00
ORD008865,Megha Shroff,Books,Yes,08-05-2025,4,"Great books, exactly as described. Very happy with it.",1060.00
ORD008867,Ganga Chandra,Sports Equipment,No,21-04-2024,5,"Great sports equipment, exactly as described. Very happy with it.",6070.00
ORD008869,Faras Murthy,Furniture,No,01-03-2025,5,"Great furniture, exactly as described. Very happy with it.",22150.00
ORD008871,Urishilla Naik,Electronics,No,12-01-2023,4,"Excellent quality for the price, would buy electronics again.",37050.00
ORD008872,Indira Bhargava,Sports Equipment,No,29-02-2024,5,"Fast delivery, sports equipment exceeded my expectations.",5620.00
ORD008874,Pratyush Madan,Kitchenware,No,14-07-2024,3,"The kitchenware is okay, does the job but nothing special.",3240.00
ORD008875,Omaja Badami,Electronics,No,13-11-2024,5,"Great electronics, exactly as described. Very happy with it.",28020.00
ORD008876,Nandini Bhatia,Kitchenware,No,24-06-2024,3,"The kitchenware is okay, does the job but nothing special.",3730.00
ORD008878,Leela Swaminathan,Groceries,Yes,15-02-2025,2,"Not worth the price, expected better groceries.",1740.00
ORD008879,Azaan Pai,Sports Equipment,No,21-12-2023,4,"Fast delivery, sports equipment exceeded my expectations.",12190.00
ORD008881,Jasmit Bhardwaj,Electronics,No,22-10-2024,5,"Fast delivery, electronics exceeded my expectations.",22200.00
ORD008882,Zarna Wali,Shoes,No,29-04-2023,3,"The shoes is okay, does the job but nothing special.",5480.00
ORD008883,Ekansh Batra,Toys,No,20-02-2025,4,"Really satisfied, highly recommend this toys.",1140.00
ORD008884,Zehaan Pradhan,Sports Equipment,No,06-06-2024,2,"Received a damaged sports equipment, had to return it.",9530.00
ORD008885,Noah Sur,Beauty Products,No,27-01-2024,4,"Really satisfied, highly recommend this beauty products.",2380.00
ORD008886,Kai Bassi,Groceries,No,21-12-2025,5,"Fast delivery, groceries exceeded my expectations.",490.00
ORD008887,Yauvani Patla,Beauty Products,No,06-10-2025,5,"Really satisfied, highly recommend this beauty products.",1690.00
ORD008889,Lohit Saha,Beauty Products,No,07-06-2023,5,"Really satisfied, highly recommend this beauty products.",2400.00
ORD008891,Yatan Keer,Toys,No,13-12-2023,4,"Really satisfied, highly recommend this toys.",1190.00
ORD008892,Elijah Luthra,Electronics,Yes,17-07-2023,4,"Great electronics, exactly as described. Very happy with it.",24590.00
ORD008893,Yahvi Wadhwa,Furniture,No,15-05-2024,4,"Great furniture, exactly as described. Very happy with it.",31150.00
ORD008894,Nathaniel Narain,Electronics,No,04-04-2023,3,"Average electronics, packaging could be better.",30330.00
ORD008895,Robert Banik,Beauty Products,No,28-09-2024,2,"Received a damaged beauty products, had to return it.",1780.00
ORD008897,Idika Warrior,Beauty Products,No,29-06-2025,4,"Really satisfied, highly recommend this beauty products.",150.00
ORD008898,Gagan Tandon,Beauty Products,No,01-01-2024,5,"Really satisfied, highly recommend this beauty products.",290.00
ORD008900,Rohan Rajagopalan,Beauty Products,No,28-08-2023,3,"Average beauty products, packaging could be better.",1320.00
ORD008901,Vedhika Dhawan,Groceries,No,28-07-2024,4,"Fast delivery, groceries exceeded my expectations.",1270.00
ORD008903,Indali Kunda,Clothes,No,18-05-2025,3,"The clothes is okay, does the job but nothing special.",360.00
ORD008904,Sarthak Puri,Furniture,No,08-10-2025,5,"Really satisfied, highly recommend this furniture.",35420.00
ORD008905,Kala Nagar,Electronics,No,28-03-2025,5,"Really satisfied, highly recommend this electronics.",9850.00
ORD008906,Abha Keer,Furniture,No,18-12-2024,3,"The furniture is okay, does the job but nothing special.",21280.00
ORD008908,Gautami Sarin,Groceries,No,09-01-2024,4,"Fast delivery, groceries exceeded my expectations.",60.00
ORD008909,Chaitanya Jani,Electronics,Yes,19-10-2024,1,"Disappointed with this electronics, quality is not good.",20680.00
ORD008910,Owen Trivedi,Clothes,No,14-03-2025,4,"Great clothes, exactly as described. Very happy with it.",1210.00
ORD008911,Samesh Jani,Groceries,No,13-11-2023,5,"Great groceries, exactly as described. Very happy with it.",490.00
ORD008912,Urmi Sachdeva,Kitchenware,No,14-09-2024,3,"The kitchenware is okay, does the job but nothing special.",2780.00
ORD008913,Vritti Chopra,Books,No,05-07-2023,5,"Excellent quality for the price, would buy books again.",190.00
ORD008915,Chandran Solanki,Shoes,No,30-01-2023,4,"Really satisfied, highly recommend this shoes.",6820.00
ORD008916,Arunima Parsa,Shoes,No,17-05-2025,5,"Excellent quality for the price, would buy shoes again.",7230.00
ORD008917,Dipta Vaidya,Furniture,No,17-12-2025,4,"Really satisfied, highly recommend this furniture.",46700.00
ORD008918,Rishi Tara,Electronics,No,25-11-2024,4,"Fast delivery, electronics exceeded my expectations.",54890.00
ORD008919,Ayush Bail,Toys,No,04-04-2023,4,"Fast delivery, toys exceeded my expectations.",1280.00
ORD008920,Raghav Pradhan,Clothes,No,28-02-2024,4,"Really satisfied, highly recommend this clothes.",2570.00
ORD008922,Urvi Das,Shoes,No,03-06-2025,4,"Great shoes, exactly as described. Very happy with it.",4690.00
ORD008925,Rohan Arora,Clothes,No,10-01-2026,4,"Excellent quality for the price, would buy clothes again.",2580.00
ORD008926,Ansh Kohli,Books,No,01-11-2023,5,"Excellent quality for the price, would buy books again.",1320.00
ORD008927,Meera Bajaj,Groceries,No,15-10-2023,3,"The groceries is okay, does the job but nothing special.",1950.00
ORD008928,Falan Lanka,Groceries,No,15-12-2025,5,"Really satisfied, highly recommend this groceries.",1220.00
ORD008929,Ansh Kohli,Beauty Products,Yes,03-08-2025,5,"Really satisfied, highly recommend this beauty products.",780.00
ORD008930,Yuvraj Grewal,Beauty Products,Yes,28-12-2025,3,"Average beauty products, packaging could be better.",540.00
ORD008931,Harsh Agrawal,Furniture,No,28-11-2023,2,"Not worth the price, expected better furniture.",3970.00
ORD008932,Sneha Nori,Toys,No,23-05-2023,4,"Really satisfied, highly recommend this toys.",2040.00
ORD008933,Brinda Thaker,Groceries,No,21-01-2025,2,"Disappointed with this groceries, quality is not good.",780.00
ORD008934,Chanchal Sastry,Clothes,No,17-09-2023,5,"Really satisfied, highly recommend this clothes.",940.00
ORD008935,Rehaan Morar,Furniture,Yes,12-12-2024,5,"Really satisfied, highly recommend this furniture.",10570.00
ORD008936,Chaman Varty,Kitchenware,No,16-01-2023,5,"Fast delivery, kitchenware exceeded my expectations.",2370.00
ORD008937,Lakshmi Chacko,Furniture,No,07-01-2025,2,"Not worth the price, expected better furniture.",25560.00
ORD008939,Bina Varty,Kitchenware,No,18-04-2025,4,"Excellent quality for the price, would buy kitchenware again.",4970.00
ORD008940,Hritik Talwar,Groceries,No,02-01-2025,5,"Fast delivery, groceries exceeded my expectations.",560.00
ORD008941,Triya Pant,Electronics,No,07-09-2023,4,"Excellent quality for the price, would buy electronics again.",16270.00
ORD008942,Dayita Munshi,Kitchenware,Yes,15-01-2026,5,"Really satisfied, highly recommend this kitchenware.",2300.00
ORD008944,Theodore Chandra,Furniture,Yes,29-10-2025,4,"Great furniture, exactly as described. Very happy with it.",21180.00
ORD008946,Onveer Bhavsar,Books,No,20-01-2023,4,"Great books, exactly as described. Very happy with it.",340.00
ORD008947,Kevin Suresh,Beauty Products,No,06-02-2025,5,"Excellent quality for the price, would buy beauty products again.",2490.00
ORD008948,Balhaar Gade,Books,No,22-09-2023,3,"The books is okay, does the job but nothing special.",970.00
ORD008949,Maanav Madan,Toys,No,13-01-2025,1,"Received a damaged toys, had to return it.",2480.00
ORD008950,Imaran Hari,Sports Equipment,No,12-05-2023,2,"Disappointed with this sports equipment, quality is not good.",3860.00
ORD008951,Januja Bal,Kitchenware,No,16-10-2024,3,"Average kitchenware, packaging could be better.",830.00
ORD008952,Nidhi Baria,Groceries,No,31-10-2023,5,"Really satisfied, highly recommend this groceries.",1530.00
ORD008953,Bina Varty,Electronics,Yes,04-11-2023,4,"Fast delivery, electronics exceeded my expectations.",22280.00
ORD008954,Harsh Karan,Beauty Products,No,10-06-2024,4,"Fast delivery, beauty products exceeded my expectations.",2130.00
ORD008955,Urvashi Ratta,Kitchenware,No,20-03-2023,5,"Great kitchenware, exactly as described. Very happy with it.",1620.00
ORD008956,Baghyawati Mishra,Sports Equipment,Yes,08-09-2023,5,"Great sports equipment, exactly as described. Very happy with it.",8300.00
ORD008957,Chakradhar Deol,Sports Equipment,No,18-07-2024,4,"Really satisfied, highly recommend this sports equipment.",13830.00
ORD008959,Qadim Sen,Beauty Products,No,23-01-2025,4,"Really satisfied, highly recommend this beauty products.",2970.00
ORD008961,Ubika Sarna,Books,No,01-03-2025,4,"Excellent quality for the price, would buy books again.",1330.00
ORD008962,Mekhala Gala,Clothes,No,28-09-2025,3,"The clothes is okay, does the job but nothing special.",690.00
ORD008963,Harish Shetty,Furniture,No,29-04-2024,5,"Fast delivery, furniture exceeded my expectations.",40510.00
ORD008965,Onkar Datta,Clothes,Yes,27-09-2023,5,"Really satisfied, highly recommend this clothes.",2930.00
ORD008966,Advik Hegde,Toys,No,24-03-2023,3,"The toys is okay, does the job but nothing special.",1380.00
ORD008967,Alka Magar,Kitchenware,No,04-01-2025,4,"Great kitchenware, exactly as described. Very happy with it.",510.00
ORD008968,Nitesh Oommen,Beauty Products,No,19-04-2024,4,"Really satisfied, highly recommend this beauty products.",2510.00
ORD008969,Aachal Lad,Shoes,No,15-10-2023,5,"Fast delivery, shoes exceeded my expectations.",3620.00
ORD008970,Anya Kibe,Furniture,No,20-12-2025,4,"Excellent quality for the price, would buy furniture again.",6640.00
ORD008972,Ganga Bumb,Beauty Products,No,16-12-2023,4,"Really satisfied, highly recommend this beauty products.",380.00
ORD008973,Sachi Chauhan,Books,Yes,21-08-2024,4,"Excellent quality for the price, would buy books again.",830.00
ORD008974,Hamsini Bhatia,Electronics,Yes,02-02-2025,4,"Excellent quality for the price, would buy electronics again.",23800.00
ORD008975,Leena Chhabra,Shoes,Yes,22-02-2024,3,"Average shoes, packaging could be better.",7710.00
ORD008977,Aishani Apte,Toys,No,11-07-2023,4,"Really satisfied, highly recommend this toys.",1930.00
ORD008978,Tanmayi Subramanian,Clothes,No,04-04-2024,4,"Great clothes, exactly as described. Very happy with it.",2000.00
ORD008979,Imaran Dara,Clothes,No,30-05-2023,5,"Fast delivery, clothes exceeded my expectations.",790.00
ORD008981,Maanas Chaudry,Electronics,No,10-08-2023,5,"Excellent quality for the price, would buy electronics again.",58000.00
ORD008983,Baghyawati Mishra,Toys,No,21-12-2024,4,"Excellent quality for the price, would buy toys again.",1080.00
ORD008984,Ranveer Soman,Clothes,No,02-03-2025,5,"Great clothes, exactly as described. Very happy with it.",2970.00
ORD008985,Aarini Ramakrishnan,Sports Equipment,No,24-01-2025,1,"Disappointed with this sports equipment, quality is not good.",14220.00
ORD008986,Amara Puri,Sports Equipment,No,05-08-2025,5,"Great sports equipment, exactly as described. Very happy with it.",10170.00
ORD008987,Inaya Sawhney,Groceries,No,05-12-2023,4,"Great groceries, exactly as described. Very happy with it.",1950.00
ORD008989,Saksham Mani,Clothes,No,09-06-2024,5,"Fast delivery, clothes exceeded my expectations.",340.00
ORD008990,Manbir Mittal,Beauty Products,No,23-11-2025,5,"Excellent quality for the price, would buy beauty products again.",2750.00
ORD008991,Dalbir Sule,Groceries,Yes,01-10-2024,4,"Excellent quality for the price, would buy groceries again.",1640.00
ORD008992,Charan Banerjee,Kitchenware,No,29-06-2023,5,"Excellent quality for the price, would buy kitchenware again.",3330.00
ORD008993,Falan Chana,Groceries,No,07-07-2024,2,"Not worth the price, expected better groceries.",160.00
ORD008994,Ronith Raman,Electronics,No,06-10-2023,4,"Great electronics, exactly as described. Very happy with it.",20970.00
ORD008995,Varenya Mani,Clothes,No,19-01-2023,2,"Received a damaged clothes, had to return it.",2450.00
ORD008997,Varenya Mani,Books,No,24-08-2024,5,"Really satisfied, highly recommend this books.",230.00
ORD008998,Libni Palan,Groceries,No,21-03-2025,5,"Excellent quality for the price, would buy groceries again.",700.00
ORD008999,Guneet Tripathi,Toys,No,19-07-2025,5,"Great toys, exactly as described. Very happy with it.",2360.00
ORD009000,Vrishti Shroff,Beauty Products,No,13-12-2025,5,"Excellent quality for the price, would buy beauty products again.",2460.00
ORD009001,Meera Bajaj,Clothes,No,12-02-2025,5,"Fast delivery, clothes exceeded my expectations.",910.00
ORD009002,Chaitanya Bhatia,Furniture,Yes,18-07-2023,5,"Really satisfied, highly recommend this furniture.",22920.00
ORD009003,Baghyawati Mishra,Toys,No,31-08-2023,4,"Great toys, exactly as described. Very happy with it.",2210.00
ORD009004,Jai Bhatia,Groceries,No,10-04-2025,3,"Average groceries, packaging could be better.",1480.00
ORD009005,Hemani Aurora,Books,No,29-08-2024,4,"Great books, exactly as described. Very happy with it.",600.00
ORD009006,Elijah Luthra,Electronics,No,07-12-2025,4,"Excellent quality for the price, would buy electronics again.",11040.00
ORD009008,Atharv Madan,Clothes,Yes,30-05-2024,4,"Excellent quality for the price, would buy clothes again.",500.00
ORD009010,Devansh Mital,Electronics,No,03-09-2025,2,"Disappointed with this electronics, quality is not good.",45150.00
ORD009011,Raagini Bhagat,Electronics,No,03-04-2025,4,"Fast delivery, electronics exceeded my expectations.",48940.00
ORD009012,Hiral Dua,Kitchenware,No,10-10-2024,2,"Disappointed with this kitchenware, quality is not good.",3420.00
ORD009013,Girish Rattan,Furniture,No,26-12-2025,5,"Really satisfied, highly recommend this furniture.",30700.00
ORD009015,Hemangini Chad,Kitchenware,No,08-04-2024,1,"Not worth the price, expected better kitchenware.",4910.00
ORD009016,Jyoti Dhingra,Groceries,No,30-03-2024,3,"The groceries is okay, does the job but nothing special.",1080.00
ORD009018,Nandini Bhatia,Books,No,22-12-2023,2,"Disappointed with this books, quality is not good.",330.00
ORD009020,Yashawini Sengupta,Toys,No,04-05-2024,3,"Average toys, packaging could be better.",1060.00
ORD009022,Meera Chawla,Clothes,No,05-01-2024,4,"Fast delivery, clothes exceeded my expectations.",2070.00
ORD009024,Samesh Kashyap,Toys,No,11-08-2023,3,"Average toys, packaging could be better.",1340.00
ORD009025,Eesha Ahluwalia,Groceries,No,25-09-2023,1,"Not worth the price, expected better groceries.",1660.00
ORD009026,Jagvi Sethi,Kitchenware,No,27-05-2023,3,"Average kitchenware, packaging could be better.",3430.00
ORD009027,Banjeet Rege,Furniture,No,07-06-2025,3,"The furniture is okay, does the job but nothing special.",11200.00
ORD009029,Bimala Shanker,Clothes,No,09-03-2023,5,"Fast delivery, clothes exceeded my expectations.",840.00
ORD009031,Yoshita Soman,Groceries,Yes,17-06-2025,1,"Not worth the price, expected better groceries.",740.00
ORD009032,Vanya Yohannan,Toys,No,08-09-2024,4,"Excellent quality for the price, would buy toys again.",490.00
ORD009033,Idika Bhagat,Clothes,No,03-01-2024,4,"Excellent quality for the price, would buy clothes again.",2250.00
ORD009034,Faris Sethi,Books,No,12-08-2023,2,"Received a damaged books, had to return it.",1320.00
ORD009035,Amruta Sehgal,Toys,Yes,20-02-2025,3,"The toys is okay, does the job but nothing special.",350.00
ORD009036,Qadim Agrawal,Toys,No,01-01-2026,5,"Great toys, exactly as described. Very happy with it.",2400.00
ORD009037,Anvi Shan,Clothes,No,20-12-2025,3,"Average clothes, packaging could be better.",1930.00
ORD009038,Jasmit Bahl,Books,No,15-12-2024,2,"Not worth the price, expected better books.",690.00
ORD009041,Qadim Agarwal,Clothes,No,10-05-2025,5,"Fast delivery, clothes exceeded my expectations.",650.00
ORD009042,Yashica Aurora,Clothes,No,16-06-2023,4,"Excellent quality for the price, would buy clothes again.",1930.00
ORD009043,Vedika Ramesh,Groceries,No,05-07-2024,5,"Excellent quality for the price, would buy groceries again.",1080.00
ORD009045,Ayaan Bhatnagar,Groceries,No,04-10-2024,3,"The groceries is okay, does the job but nothing special.",940.00
ORD009046,Chandran Solanki,Groceries,No,09-12-2024,4,"Excellent quality for the price, would buy groceries again.",1630.00
ORD009048,Turvi Khanna,Beauty Products,No,04-10-2025,5,"Fast delivery, beauty products exceeded my expectations.",680.00
ORD009049,Kala Nagar,Kitchenware,No,10-04-2025,5,"Excellent quality for the price, would buy kitchenware again.",1300.00
ORD009050,Abha Ahuja,Clothes,No,16-01-2025,3,"Average clothes, packaging could be better.",2270.00
ORD009052,Garima Kumar,Books,No,07-10-2024,5,"Really satisfied, highly recommend this books.",1300.00
ORD009054,Henry Bora,Clothes,Yes,20-04-2024,4,"Fast delivery, clothes exceeded my expectations.",1110.00
ORD009056,Gautam Ravi,Furniture,No,08-10-2025,4,"Excellent quality for the price, would buy furniture again.",33470.00
ORD009057,Luke Arora,Groceries,Yes,19-11-2024,2,"Received a damaged groceries, had to return it.",860.00
ORD009058,Triveni Mallick,Beauty Products,No,29-08-2023,4,"Really satisfied, highly recommend this beauty products.",2820.00
ORD009059,Banjeet Rege,Beauty Products,No,30-11-2024,5,"Excellent quality for the price, would buy beauty products again.",2490.00
ORD009061,Dhriti Lad,Furniture,No,10-01-2026,4,"Excellent quality for the price, would buy furniture again.",14350.00
ORD009062,Chakrika Kalla,Furniture,No,22-03-2023,4,"Really satisfied, highly recommend this furniture.",38280.00
ORD009063,Girish Rattan,Kitchenware,No,25-02-2024,3,"Average kitchenware, packaging could be better.",4490.00
ORD009064,Nidhi Baria,Books,No,09-02-2025,2,"Not worth the price, expected better books.",650.00
ORD009065,Rachana Muni,Clothes,No,14-10-2025,5,"Fast delivery, clothes exceeded my expectations.",1290.00
ORD009066,Christopher Vasa,Sports Equipment,No,14-03-2023,5,"Fast delivery, sports equipment exceeded my expectations.",1470.00
ORD009068,Urvi Bhattacharyya,Furniture,No,04-05-2023,1,"Not worth the price, expected better furniture.",18950.00
ORD009069,Harinakshi Sahni,Electronics,No,04-10-2024,5,"Fast delivery, electronics exceeded my expectations.",51900.00
ORD009070,Janaki Mistry,Toys,No,31-10-2023,5,"Excellent quality for the price, would buy toys again.",1910.00
ORD009072,Eiravati Khare,Electronics,Yes,06-12-2025,3,"The electronics is okay, does the job but nothing special.",22190.00
ORD009073,Ansh Kohli,Electronics,No,20-10-2023,3,"The electronics is okay, does the job but nothing special.",45870.00
ORD009075,Tanvi Ghosh,Kitchenware,No,19-07-2024,5,"Really satisfied, highly recommend this kitchenware.",4920.00
ORD009076,Eta Chakraborty,Sports Equipment,No,27-06-2025,2,"Not worth the price, expected better sports equipment.",1770.00
ORD009077,Luke Arora,Furniture,No,09-10-2025,2,"Not worth the price, expected better furniture.",8870.00
ORD009078,Upadhriti Menon,Clothes,Yes,26-09-2025,3,"The clothes is okay, does the job but nothing special.",1990.00
ORD009079,Qadim Sen,Sports Equipment,No,03-07-2023,3,"The sports equipment is okay, does the job but nothing special.",7240.00
ORD009081,Alka Magar,Beauty Products,No,08-01-2024,5,"Excellent quality for the price, would buy beauty products again.",1650.00
ORD009082,Yahvi Wadhwa,Shoes,No,01-01-2026,3,"The shoes is okay, does the job but nothing special.",3350.00
ORD009084,Pahal Kuruvilla,Sports Equipment,No,20-11-2023,5,"Fast delivery, sports equipment exceeded my expectations.",3420.00
ORD009086,Qabil Lall,Toys,No,28-05-2025,2,"Not worth the price, expected better toys.",1460.00
ORD009087,Warda Doctor,Beauty Products,Yes,28-02-2024,5,"Really satisfied, highly recommend this beauty products.",1560.00
ORD009088,Kiaan Arora,Clothes,No,16-02-2024,5,"Fast delivery, clothes exceeded my expectations.",2730.00
ORD009089,Chakradev Bains,Books,No,12-12-2024,4,"Fast delivery, books exceeded my expectations.",1490.00
ORD009090,Chavvi Rajan,Beauty Products,No,18-08-2025,3,"Average beauty products, packaging could be better.",250.00
ORD009091,Urvashi Goswami,Furniture,Yes,10-03-2024,4,"Really satisfied, highly recommend this furniture.",21480.00
ORD009093,Nathan Aggarwal,Beauty Products,No,28-10-2023,1,"Not worth the price, expected better beauty products.",840.00
ORD009095,Kiaan Jayaraman,Electronics,No,07-04-2024,5,"Excellent quality for the price, would buy electronics again.",23920.00
ORD009096,Warinder Narang,Shoes,No,04-03-2023,1,"Not worth the price, expected better shoes.",5550.00
ORD009097,Mekhala Bawa,Electronics,No,22-01-2024,5,"Really satisfied, highly recommend this electronics.",54840.00
ORD009100,Gautam Mishra,Electronics,Yes,27-07-2023,4,"Excellent quality for the price, would buy electronics again.",53610.00
ORD009101,Ishanvi Konda,Electronics,No,23-06-2025,4,"Great electronics, exactly as described. Very happy with it.",29980.00
ORD009102,Anita Nayak,Groceries,No,19-08-2024,3,"Average groceries, packaging could be better.",1330.00
ORD009103,Urvashi Goswami,Electronics,No,22-05-2025,4,"Excellent quality for the price, would buy electronics again.",10560.00
ORD009105,Leela Swaminathan,Clothes,No,30-06-2024,4,"Excellent quality for the price, would buy clothes again.",2100.00
ORD009106,Gavin Gade,Clothes,No,27-12-2023,5,"Great clothes, exactly as described. Very happy with it.",480.00
ORD009107,Abhiram Mitter,Shoes,No,19-09-2023,4,"Great shoes, exactly as described. Very happy with it.",7200.00
ORD009110,Anjali Dasgupta,Books,No,10-05-2023,3,"Average books, packaging could be better.",630.00
ORD009111,Onkar Datta,Clothes,No,04-10-2024,4,"Excellent quality for the price, would buy clothes again.",1120.00
ORD009112,Pranit Kohli,Electronics,No,10-08-2023,3,"The electronics is okay, does the job but nothing special.",45910.00
ORD009113,Nirja Shan,Furniture,No,16-08-2025,4,"Really satisfied, highly recommend this furniture.",26000.00
ORD009114,Harsh Karan,Books,No,23-03-2024,2,"Received a damaged books, had to return it.",470.00
ORD009115,Abhiram Mitter,Shoes,No,03-05-2025,5,"Really satisfied, highly recommend this shoes.",6710.00
ORD009116,Imaran Buch,Groceries,No,14-11-2024,5,"Great groceries, exactly as described. Very happy with it.",1540.00
ORD009118,Ekapad Chander,Sports Equipment,Yes,01-09-2025,2,"Disappointed with this sports equipment, quality is not good.",14270.00
ORD009119,Kavya Sandhu,Shoes,No,17-11-2023,5,"Great shoes, exactly as described. Very happy with it.",1200.00
ORD009120,Aarav Nagy,Groceries,No,03-03-2023,5,"Great groceries, exactly as described. Very happy with it.",280.00
ORD009121,Hemani Aurora,Clothes,No,14-10-2023,5,"Excellent quality for the price, would buy clothes again.",520.00
ORD009122,Akshay Kohli,Sports Equipment,Yes,23-08-2025,3,"The sports equipment is okay, does the job but nothing special.",4280.00
ORD009123,Neel Mall,Clothes,No,27-09-2024,4,"Really satisfied, highly recommend this clothes.",2840.00
ORD009124,Onveer Bhavsar,Beauty Products,No,11-09-2023,4,"Fast delivery, beauty products exceeded my expectations.",750.00
ORD009125,Bimala Shanker,Sports Equipment,Yes,07-08-2024,2,"Not worth the price, expected better sports equipment.",14530.00
ORD009127,Chandani Datta,Electronics,No,06-09-2023,5,"Great electronics, exactly as described. Very happy with it.",55550.00
ORD009128,Harsh Karan,Clothes,No,24-08-2025,5,"Great clothes, exactly as described. Very happy with it.",1480.00
ORD009129,Oni Kibe,Furniture,No,12-09-2023,1,"Disappointed with this furniture, quality is not good.",2400.00
ORD009130,Chasmum Goyal,Groceries,Yes,21-09-2025,3,"Average groceries, packaging could be better.",750.00
ORD009131,Gaurangi Aurora,Books,No,19-03-2023,3,"The books is okay, does the job but nothing special.",380.00
ORD009132,Bimala Shanker,Furniture,No,10-01-2026,4,"Great furniture, exactly as described. Very happy with it.",21500.00
ORD009133,Mekhala Bawa,Beauty Products,No,18-03-2024,5,"Really satisfied, highly recommend this beauty products.",1990.00
ORD009134,Nirja Shan,Kitchenware,No,10-08-2025,4,"Great kitchenware, exactly as described. Very happy with it.",4060.00
ORD009136,Janaki Din,Books,No,13-04-2023,1,"Received a damaged books, had to return it.",200.00
ORD009139,Leela Parmer,Groceries,No,01-06-2024,4,"Excellent quality for the price, would buy groceries again.",730.00
ORD009140,Neha Warrior,Electronics,No,22-03-2024,5,"Great electronics, exactly as described. Very happy with it.",14700.00
ORD009141,Aarnav Pant,Groceries,No,23-08-2024,4,"Excellent quality for the price, would buy groceries again.",1560.00
ORD009142,Nachiket Kota,Shoes,No,10-03-2024,5,"Great shoes, exactly as described. Very happy with it.",4910.00
ORD009143,Anika Rout,Shoes,No,09-04-2025,2,"Disappointed with this shoes, quality is not good.",2230.00
ORD009144,Vihaan Dora,Clothes,No,14-04-2024,4,"Really satisfied, highly recommend this clothes.",1130.00
ORD009145,Nachiket Kota,Shoes,No,18-07-2025,5,"Great shoes, exactly as described. Very happy with it.",4980.00
ORD009146,Vivaan More,Books,No,31-03-2025,5,"Excellent quality for the price, would buy books again.",1220.00
ORD009148,Veda Bhatnagar,Groceries,No,16-08-2023,5,"Excellent quality for the price, would buy groceries again.",1590.00
ORD009149,Daksha Kaul,Beauty Products,No,11-04-2025,4,"Excellent quality for the price, would buy beauty products again.",1210.00
ORD009150,Rushil Dey,Clothes,No,23-02-2025,5,"Fast delivery, clothes exceeded my expectations.",2550.00
ORD009151,Gabriel Randhawa,Groceries,No,06-08-2024,5,"Fast delivery, groceries exceeded my expectations.",1040.00
ORD009152,Eshana Tiwari,Books,No,02-12-2024,5,"Really satisfied, highly recommend this books.",1420.00
ORD009153,Riya Mutti,Kitchenware,No,18-02-2023,5,"Great kitchenware, exactly as described. Very happy with it.",1360.00
ORD009154,Yashoda Mammen,Clothes,No,14-06-2023,5,"Excellent quality for the price, would buy clothes again.",370.00
ORD009155,Champak Kuruvilla,Sports Equipment,No,28-11-2023,5,"Great sports equipment, exactly as described. Very happy with it.",6470.00
ORD009156,Farhan Mammen,Sports Equipment,Yes,14-11-2023,5,"Really satisfied, highly recommend this sports equipment.",9850.00
ORD009158,Hemal Sen,Sports Equipment,No,16-12-2024,5,"Great sports equipment, exactly as described. Very happy with it.",11170.00
ORD009159,Theodore Chandra,Electronics,No,16-08-2024,5,"Fast delivery, electronics exceeded my expectations.",35520.00
ORD009160,Nandini Bhatia,Sports Equipment,No,28-10-2023,1,"Disappointed with this sports equipment, quality is not good.",1010.00
ORD009161,Nidhi Sekhon,Furniture,No,10-07-2025,5,"Really satisfied, highly recommend this furniture.",18240.00
ORD009162,Xavier Sani,Toys,No,08-07-2025,3,"The toys is okay, does the job but nothing special.",850.00
ORD009166,Urvi Bhattacharyya,Electronics,No,16-08-2023,3,"Average electronics, packaging could be better.",4940.00
ORD009167,Darika Kala,Groceries,No,18-10-2025,4,"Fast delivery, groceries exceeded my expectations.",630.00
ORD009168,Falak Anne,Electronics,No,29-07-2025,3,"Average electronics, packaging could be better.",14150.00
ORD009169,Devansh Mital,Electronics,Yes,19-10-2024,3,"The electronics is okay, does the job but nothing special.",52720.00
ORD009170,Faras Murthy,Beauty Products,Yes,16-05-2024,3,"The beauty products is okay, does the job but nothing special.",2680.00
ORD009172,Rushil Gopal,Electronics,No,10-02-2024,5,"Great electronics, exactly as described. Very happy with it.",18780.00
ORD009173,Urvi Das,Kitchenware,No,02-11-2025,5,"Fast delivery, kitchenware exceeded my expectations.",630.00
ORD009174,Owen Oommen,Electronics,No,30-11-2024,3,"The electronics is okay, does the job but nothing special.",31470.00
ORD009175,Omya Boase,Sports Equipment,No,14-04-2024,5,"Fast delivery, sports equipment exceeded my expectations.",11030.00
ORD009177,Chakrika Kalla,Groceries,No,10-06-2023,5,"Really satisfied, highly recommend this groceries.",1980.00
ORD009178,Zaid Lata,Beauty Products,No,29-07-2024,5,"Excellent quality for the price, would buy beauty products again.",180.00
ORD009179,Osha Patil,Electronics,No,17-04-2025,4,"Really satisfied, highly recommend this electronics.",5360.00
ORD009181,Dalbir Sule,Electronics,No,10-06-2024,4,"Great electronics, exactly as described. Very happy with it.",26470.00
ORD009182,Radha Hayer,Kitchenware,No,26-10-2024,2,"Disappointed with this kitchenware, quality is not good.",2420.00
ORD009183,Manya Rao,Sports Equipment,No,18-06-2023,4,"Great sports equipment, exactly as described. Very happy with it.",11160.00
ORD009184,Vincent Tara,Books,No,20-06-2025,5,"Great books, exactly as described. Very happy with it.",890.00
ORD009185,Idika Bhagat,Beauty Products,No,28-10-2025,3,"The beauty products is okay, does the job but nothing special.",590.00
ORD009186,Aarav Anne,Electronics,Yes,19-12-2023,4,"Really satisfied, highly recommend this electronics.",2250.00
ORD009187,Baljiwan Chadha,Electronics,Yes,18-12-2023,5,"Great electronics, exactly as described. Very happy with it.",20170.00
ORD009188,Gautami Manda,Electronics,No,11-11-2024,3,"The electronics is okay, does the job but nothing special.",57840.00
ORD009190,Amrita Sami,Shoes,No,11-06-2023,5,"Excellent quality for the price, would buy shoes again.",7740.00
ORD009191,Pallavi Lal,Sports Equipment,Yes,07-07-2025,4,"Excellent quality for the price, would buy sports equipment again.",10940.00
ORD009193,Yauvani Bhatt,Groceries,No,07-09-2023,4,"Fast delivery, groceries exceeded my expectations.",840.00
ORD009195,Om Sastry,Electronics,Yes,12-01-2023,2,"Received a damaged electronics, had to return it.",16150.00
ORD009196,Rishi Kashyap,Sports Equipment,No,17-06-2024,4,"Fast delivery, sports equipment exceeded my expectations.",6540.00
ORD009198,Azad Muni,Groceries,No,10-08-2025,4,"Great groceries, exactly as described. Very happy with it.",1090.00
ORD009199,Wridesh Sangha,Sports Equipment,No,11-12-2025,4,"Really satisfied, highly recommend this sports equipment.",11930.00
ORD009200,Yug Rao,Furniture,No,02-12-2023,4,"Really satisfied, highly recommend this furniture.",8030.00
ORD009201,Falan Johal,Beauty Products,No,23-07-2023,4,"Great beauty products, exactly as described. Very happy with it.",1440.00
ORD009202,Vivaan Sood,Kitchenware,No,17-05-2025,4,"Really satisfied, highly recommend this kitchenware.",4170.00
ORD009203,Vamakshi Vala,Groceries,No,03-04-2023,3,"Average groceries, packaging could be better.",1820.00
ORD009204,Ranveer Soman,Shoes,Yes,26-09-2025,5,"Great shoes, exactly as described. Very happy with it.",5390.00
ORD009205,Maanas Chaudry,Kitchenware,No,15-07-2025,5,"Fast delivery, kitchenware exceeded my expectations.",4550.00
ORD009207,Tarak Chand,Electronics,No,05-11-2025,4,"Excellent quality for the price, would buy electronics again.",6770.00
ORD009208,Amara Puri,Electronics,No,05-11-2023,4,"Fast delivery, electronics exceeded my expectations.",13220.00
ORD009209,Bimala Shanker,Kitchenware,No,10-11-2023,2,"Disappointed with this kitchenware, quality is not good.",1830.00
ORD009211,Zayan Kamdar,Groceries,Yes,31-01-2023,3,"The groceries is okay, does the job but nothing special.",1080.00
ORD009212,Ronith Raman,Furniture,No,12-01-2025,5,"Fast delivery, furniture exceeded my expectations.",31510.00
ORD009213,Wakeeta Raval,Books,Yes,18-05-2024,4,"Fast delivery, books exceeded my expectations.",1300.00
ORD009214,Imaran Buch,Sports Equipment,No,11-10-2025,5,"Really satisfied, highly recommend this sports equipment.",11970.00
ORD009215,Bina Sankaran,Beauty Products,No,08-03-2023,5,"Really satisfied, highly recommend this beauty products.",240.00
ORD009216,Urvashi Ratta,Groceries,No,17-04-2025,3,"The groceries is okay, does the job but nothing special.",130.00
ORD009217,Krisha Ram,Sports Equipment,Yes,19-12-2025,5,"Fast delivery, sports equipment exceeded my expectations.",4350.00
ORD009219,Frado Raj,Electronics,No,08-11-2024,3,"Average electronics, packaging could be better.",35690.00
ORD009221,Odika Iyengar,Shoes,No,16-01-2023,2,"Not worth the price, expected better shoes.",3000.00
ORD009224,Riya Thaman,Books,No,17-01-2026,3,"The books is okay, does the job but nothing special.",830.00
ORD009225,Onveer Bhavsar,Sports Equipment,No,27-02-2023,2,"Received a damaged sports equipment, had to return it.",8330.00
ORD009226,Hemangini Sekhon,Electronics,No,28-01-2024,5,"Really satisfied, highly recommend this electronics.",26780.00
ORD009227,Sarthak Puri,Toys,No,08-11-2023,4,"Great toys, exactly as described. Very happy with it.",790.00
ORD009228,Yug Rao,Clothes,No,05-07-2023,4,"Fast delivery, clothes exceeded my expectations.",370.00
ORD009229,Thomas Sethi,Shoes,No,18-09-2024,5,"Really satisfied, highly recommend this shoes.",3340.00
ORD009230,Maanas Ratta,Groceries,No,06-09-2025,4,"Excellent quality for the price, would buy groceries again.",1450.00
ORD009232,Wishi Gala,Electronics,No,24-06-2025,5,"Fast delivery, electronics exceeded my expectations.",24060.00
ORD009234,Orinder Barad,Toys,No,02-04-2023,5,"Excellent quality for the price, would buy toys again.",1600.00
ORD009235,Onveer Bhavsar,Sports Equipment,No,16-11-2023,5,"Fast delivery, sports equipment exceeded my expectations.",10540.00
ORD009236,Oni Kibe,Shoes,Yes,26-10-2025,5,"Really satisfied, highly recommend this shoes.",2980.00
ORD009240,Vihaan Sen,Electronics,No,29-08-2025,3,"Average electronics, packaging could be better.",16480.00
ORD009241,Hamsini Chandra,Shoes,No,20-03-2023,4,"Great shoes, exactly as described. Very happy with it.",4600.00
ORD009242,Henry Bora,Electronics,No,22-11-2023,3,"The electronics is okay, does the job but nothing special.",19080.00
ORD009243,Frederick Nair,Books,No,24-03-2025,2,"Received a damaged books, had to return it.",280.00
ORD009244,Kala Nagar,Electronics,Yes,14-01-2024,4,"Great electronics, exactly as described. Very happy with it.",42010.00
ORD009245,Vedhika Raj,Kitchenware,No,19-04-2024,5,"Really satisfied, highly recommend this kitchenware.",2310.00
ORD009247,Shaurya Bora,Electronics,No,11-03-2024,5,"Really satisfied, highly recommend this electronics.",58580.00
ORD009248,Januja Bal,Sports Equipment,No,22-08-2023,5,"Really satisfied, highly recommend this sports equipment.",6640.00
ORD009249,Harita Som,Electronics,No,09-03-2023,4,"Great electronics, exactly as described. Very happy with it.",59350.00
ORD009251,Yamini Bir,Groceries,No,24-11-2025,1,"Disappointed with this groceries, quality is not good.",1720.00
ORD009252,Darika Golla,Beauty Products,No,11-11-2023,3,"The beauty products is okay, does the job but nothing special.",270.00
ORD009253,Upasna Pant,Beauty Products,No,30-05-2024,5,"Excellent quality for the price, would buy beauty products again.",2420.00
ORD009254,Udarsh Sachdev,Beauty Products,No,18-11-2024,5,"Excellent quality for the price, would buy beauty products again.",1300.00
ORD009255,Daksh Chaudhuri,Groceries,No,21-07-2025,3,"The groceries is okay, does the job but nothing special.",510.00
ORD009256,Vanya Yohannan,Clothes,No,10-02-2025,5,"Fast delivery, clothes exceeded my expectations.",920.00
ORD009257,Maanav Chad,Electronics,No,04-01-2026,2,"Not worth the price, expected better electronics.",23400.00
ORD009258,Banjeet De,Furniture,No,23-11-2023,4,"Fast delivery, furniture exceeded my expectations.",27240.00
ORD009259,Janya Sankaran,Electronics,No,02-12-2023,5,"Excellent quality for the price, would buy electronics again.",44050.00
ORD009260,Qasim Muni,Electronics,No,04-03-2025,3,"Average electronics, packaging could be better.",9990.00
ORD009261,Benjamin Deol,Electronics,No,24-06-2025,2,"Received a damaged electronics, had to return it.",6750.00
ORD009262,Chandran Rastogi,Groceries,No,22-03-2024,4,"Really satisfied, highly recommend this groceries.",1540.00
ORD009264,Matthew Yadav,Clothes,No,08-04-2024,5,"Great clothes, exactly as described. Very happy with it.",1860.00
ORD009266,Hamsini Bhatia,Toys,No,01-08-2023,2,"Received a damaged toys, had to return it.",2280.00
ORD009267,Kashvi Narula,Sports Equipment,No,07-05-2023,5,"Fast delivery, sports equipment exceeded my expectations.",11410.00
ORD009268,Vaishnavi Sachar,Groceries,Yes,19-07-2024,4,"Fast delivery, groceries exceeded my expectations.",1300.00
ORD009269,Chandani Datta,Beauty Products,No,12-02-2024,4,"Fast delivery, beauty products exceeded my expectations.",2710.00
ORD009270,Laban Bal,Electronics,No,01-02-2025,4,"Fast delivery, electronics exceeded my expectations.",45990.00
ORD009271,Triveni Pathak,Toys,No,26-12-2023,5,"Really satisfied, highly recommend this toys.",1080.00
ORD009273,Vedhika Raj,Books,No,27-02-2023,5,"Excellent quality for the price, would buy books again.",1000.00
ORD009274,Ganga Chandra,Electronics,No,27-09-2023,5,"Excellent quality for the price, would buy electronics again.",16750.00
ORD009275,Chaitanya Tak,Clothes,No,21-08-2024,5,"Fast delivery, clothes exceeded my expectations.",2640.00
ORD009276,Charan Banerjee,Groceries,No,18-01-2024,4,"Really satisfied, highly recommend this groceries.",360.00
ORD009278,Onkar Datta,Shoes,Yes,01-02-2023,5,"Great shoes, exactly as described. Very happy with it.",3990.00
ORD009279,Dayamai Sangha,Groceries,Yes,15-07-2025,5,"Excellent quality for the price, would buy groceries again.",690.00
ORD009280,Nicholas Bhandari,Toys,No,19-07-2025,5,"Really satisfied, highly recommend this toys.",2630.00
ORD009281,Imaran Hari,Sports Equipment,No,02-04-2024,5,"Great sports equipment, exactly as described. Very happy with it.",5700.00
ORD009282,Nisha Koshy,Kitchenware,No,10-11-2023,5,"Really satisfied, highly recommend this kitchenware.",3880.00
ORD009284,Harinakshi Sahni,Toys,Yes,30-06-2023,4,"Fast delivery, toys exceeded my expectations.",2370.00
ORD009285,Laban Bal,Groceries,No,15-06-2025,5,"Really satisfied, highly recommend this groceries.",320.00
ORD009286,Vrishti Shroff,Groceries,No,31-07-2023,4,"Really satisfied, highly recommend this groceries.",470.00
ORD009287,Yasti Mutti,Clothes,Yes,19-06-2025,4,"Really satisfied, highly recommend this clothes.",2970.00
ORD009288,Charita Vohra,Toys,No,13-06-2024,5,"Excellent quality for the price, would buy toys again.",720.00
ORD009289,Chameli Aggarwal,Books,Yes,07-01-2023,5,"Really satisfied, highly recommend this books.",1340.00
ORD009290,Maanav Chad,Books,No,03-07-2023,4,"Great books, exactly as described. Very happy with it.",1260.00
ORD009291,Pahal Krishnamurthy,Sports Equipment,No,22-05-2024,3,"Average sports equipment, packaging could be better.",11510.00
ORD009292,Sneha Nori,Sports Equipment,Yes,26-11-2025,5,"Excellent quality for the price, would buy sports equipment again.",13410.00
ORD009293,Mohammed Pau,Beauty Products,No,14-08-2024,4,"Fast delivery, beauty products exceeded my expectations.",980.00
ORD009294,Ekansh Batra,Clothes,No,27-03-2024,3,"Average clothes, packaging could be better.",860.00
ORD009295,Anika Palan,Kitchenware,No,23-11-2025,5,"Great kitchenware, exactly as described. Very happy with it.",2730.00
ORD009296,Noah Sur,Shoes,No,15-12-2024,5,"Excellent quality for the price, would buy shoes again.",6140.00
ORD009297,Wishi Gala,Electronics,No,28-03-2025,5,"Excellent quality for the price, would buy electronics again.",47210.00
ORD009299,Samesh Jani,Kitchenware,No,17-08-2024,1,"Not worth the price, expected better kitchenware.",4490.00
ORD009300,Devika Mody,Clothes,No,08-11-2024,3,"The clothes is okay, does the job but nothing special.",850.00
ORD009301,Yahvi Magar,Groceries,Yes,12-08-2025,3,"Average groceries, packaging could be better.",930.00
ORD009304,Yahvi Wadhwa,Groceries,Yes,15-09-2023,4,"Fast delivery, groceries exceeded my expectations.",1910.00
ORD009305,Falan Lanka,Electronics,No,25-06-2025,4,"Great electronics, exactly as described. Very happy with it.",51460.00
ORD009306,Vihaan Date,Beauty Products,Yes,28-09-2023,5,"Great beauty products, exactly as described. Very happy with it.",740.00
ORD009307,Andrew Tiwari,Clothes,No,07-01-2023,4,"Excellent quality for the price, would buy clothes again.",2990.00
ORD009308,Ishanvi Konda,Electronics,Yes,29-02-2024,5,"Great electronics, exactly as described. Very happy with it.",38020.00
ORD009309,Warda Doctor,Furniture,No,20-12-2023,3,"Average furniture, packaging could be better.",11860.00
ORD009310,Yamini Bir,Kitchenware,No,25-05-2024,5,"Great kitchenware, exactly as described. Very happy with it.",2800.00
ORD009311,William Khanna,Sports Equipment,No,29-06-2023,5,"Great sports equipment, exactly as described. Very happy with it.",1410.00
ORD009312,Tristan Bhavsar,Sports Equipment,No,13-07-2025,5,"Really satisfied, highly recommend this sports equipment.",9430.00
ORD009313,Keya Sarkar,Furniture,No,26-05-2023,5,"Fast delivery, furniture exceeded my expectations.",36430.00
ORD009314,Bakhshi Shetty,Shoes,No,10-12-2023,5,"Really satisfied, highly recommend this shoes.",6390.00
ORD009315,Karan Kumar,Groceries,No,26-09-2024,4,"Great groceries, exactly as described. Very happy with it.",290.00
ORD009316,Veer Cheema,Electronics,No,22-08-2023,1,"Disappointed with this electronics, quality is not good.",13070.00
ORD009317,Shaurya Bora,Clothes,No,22-02-2023,5,"Really satisfied, highly recommend this clothes.",1600.00
ORD009318,Aarnav Mand,Clothes,No,10-08-2024,5,"Fast delivery, clothes exceeded my expectations.",900.00
ORD009319,Atharv Madan,Electronics,No,08-07-2024,5,"Excellent quality for the price, would buy electronics again.",48650.00
ORD009320,Lohit Saha,Books,Yes,06-05-2025,5,"Great books, exactly as described. Very happy with it.",210.00
ORD009321,Urvashi Ratta,Kitchenware,No,14-03-2023,3,"The kitchenware is okay, does the job but nothing special.",2810.00
ORD009322,Turvi Khanna,Shoes,Yes,09-08-2025,5,"Fast delivery, shoes exceeded my expectations.",7710.00
ORD009326,Jalsa Sangha,Kitchenware,No,29-03-2025,1,"Not worth the price, expected better kitchenware.",3590.00
ORD009327,Ishanvi Konda,Beauty Products,No,25-06-2024,2,"Not worth the price, expected better beauty products.",1830.00
ORD009328,Manthan Yadav,Electronics,No,18-05-2025,4,"Excellent quality for the price, would buy electronics again.",20880.00
ORD009329,Hiral Dua,Books,No,03-03-2024,4,"Really satisfied, highly recommend this books.",1060.00
ORD009330,Yasti Mutti,Groceries,No,06-07-2023,3,"The groceries is okay, does the job but nothing special.",1580.00
ORD009331,Rudra Ahuja,Electronics,Yes,13-12-2023,4,"Excellent quality for the price, would buy electronics again.",54850.00
ORD009332,Bhanumati Saran,Electronics,Yes,25-10-2024,4,"Fast delivery, electronics exceeded my expectations.",59600.00
ORD009333,Omya Boase,Furniture,No,28-08-2024,3,"The furniture is okay, does the job but nothing special.",43240.00
ORD009334,Kai Bassi,Sports Equipment,No,11-11-2024,5,"Fast delivery, sports equipment exceeded my expectations.",12400.00
ORD009335,Chanakya Mand,Books,No,02-12-2025,4,"Really satisfied, highly recommend this books.",710.00
ORD009336,Kavya Srivastava,Electronics,No,23-06-2025,4,"Excellent quality for the price, would buy electronics again.",10960.00
ORD009337,Parth Jha,Sports Equipment,No,15-09-2023,4,"Excellent quality for the price, would buy sports equipment again.",13060.00
ORD009338,Vrinda Sama,Clothes,No,08-11-2023,3,"The clothes is okay, does the job but nothing special.",1070.00
ORD009340,Oviya Tara,Sports Equipment,No,20-07-2023,4,"Excellent quality for the price, would buy sports equipment again.",2050.00
ORD009342,Libni Palan,Books,Yes,06-02-2024,5,"Really satisfied, highly recommend this books.",420.00
ORD009343,Vinaya Shukla,Groceries,No,19-07-2024,4,"Excellent quality for the price, would buy groceries again.",430.00
ORD009344,Mitali Verma,Groceries,No,15-04-2024,2,"Received a damaged groceries, had to return it.",100.00
ORD009346,Rishi Borde,Electronics,No,06-06-2023,5,"Fast delivery, electronics exceeded my expectations.",50970.00
ORD009347,Rayaan Malhotra,Groceries,No,15-04-2023,5,"Excellent quality for the price, would buy groceries again.",1300.00
ORD009349,Ganga Handa,Furniture,No,22-03-2024,3,"Average furniture, packaging could be better.",41930.00
ORD009351,Urmi Sachdeva,Shoes,No,06-11-2023,2,"Not worth the price, expected better shoes.",2680.00
ORD009352,Ikbal Ahuja,Clothes,Yes,20-04-2024,3,"Average clothes, packaging could be better.",2780.00
ORD009353,Praneel Bajaj,Sports Equipment,No,16-07-2025,4,"Really satisfied, highly recommend this sports equipment.",9590.00
ORD009354,Jasmit Bahl,Furniture,No,06-02-2023,4,"Really satisfied, highly recommend this furniture.",41630.00
ORD009356,Ekalinga Dave,Sports Equipment,No,02-07-2024,4,"Fast delivery, sports equipment exceeded my expectations.",4080.00
ORD009357,Harshil Vyas,Clothes,No,05-07-2025,5,"Great clothes, exactly as described. Very happy with it.",2740.00
ORD009358,Gautam Samra,Kitchenware,Yes,12-08-2025,3,"Average kitchenware, packaging could be better.",2100.00
ORD009359,Lekha Bains,Kitchenware,No,07-02-2024,2,"Received a damaged kitchenware, had to return it.",2090.00
ORD009360,Ikbal Ahuja,Electronics,No,04-05-2024,5,"Great electronics, exactly as described. Very happy with it.",46050.00
ORD009361,Saksham Mani,Kitchenware,No,24-06-2023,4,"Great kitchenware, exactly as described. Very happy with it.",410.00
ORD009362,Bimala Shanker,Shoes,No,31-07-2024,5,"Really satisfied, highly recommend this shoes.",3440.00
ORD009363,Darsh Sunder,Clothes,Yes,15-09-2025,5,"Really satisfied, highly recommend this clothes.",620.00
ORD009364,Vihaan Dora,Furniture,No,24-09-2024,3,"Average furniture, packaging could be better.",46600.00
ORD009366,Meghana Ben,Groceries,Yes,26-07-2024,5,"Really satisfied, highly recommend this groceries.",1650.00
ORD009368,Hritik Talwar,Books,No,09-04-2024,1,"Not worth the price, expected better books.",1130.00
ORD009369,Lopa Narasimhan,Furniture,No,03-12-2023,3,"The furniture is okay, does the job but nothing special.",10290.00
ORD009370,Varenya Mani,Toys,Yes,13-02-2024,4,"Really satisfied, highly recommend this toys.",2210.00
ORD009372,Sarthak Puri,Kitchenware,No,01-09-2023,5,"Really satisfied, highly recommend this kitchenware.",4040.00
ORD009373,Samar Balay,Beauty Products,No,27-08-2025,3,"Average beauty products, packaging could be better.",2810.00
ORD009374,Omaja Sharma,Books,No,01-01-2024,5,"Excellent quality for the price, would buy books again.",920.00
ORD009375,Ojasvi Parmer,Groceries,Yes,17-03-2023,5,"Excellent quality for the price, would buy groceries again.",430.00
ORD009376,Wridesh Sangha,Toys,No,04-02-2024,3,"Average toys, packaging could be better.",1740.00
ORD009377,Anika Palan,Groceries,No,08-12-2024,1,"Received a damaged groceries, had to return it.",1060.00
ORD009378,Urmi Wali,Sports Equipment,No,07-10-2023,3,"The sports equipment is okay, does the job but nothing special.",8060.00
ORD009379,Lipika Lal,Furniture,No,23-06-2023,4,"Really satisfied, highly recommend this furniture.",10510.00
ORD009380,Mekhala Gala,Groceries,No,25-09-2023,3,"The groceries is okay, does the job but nothing special.",380.00
ORD009381,Dipta Vaidya,Electronics,No,01-12-2023,3,"The electronics is okay, does the job but nothing special.",13660.00
ORD009383,Vivaan Grewal,Sports Equipment,No,23-06-2025,3,"Average sports equipment, packaging could be better.",4010.00
ORD009384,Yuvraj Gandhi,Electronics,No,10-07-2025,3,"The electronics is okay, does the job but nothing special.",3110.00
ORD009387,Indali Kunda,Furniture,No,03-09-2023,4,"Great furniture, exactly as described. Very happy with it.",28280.00
ORD009388,Laban Bal,Groceries,No,31-12-2023,4,"Great groceries, exactly as described. Very happy with it.",1620.00
ORD009389,Falak Gulati,Toys,No,01-09-2025,2,"Not worth the price, expected better toys.",210.00
ORD009390,Kevin Chaudhari,Furniture,No,23-09-2025,4,"Fast delivery, furniture exceeded my expectations.",19180.00
ORD009391,William Khanna,Beauty Products,No,19-10-2023,5,"Fast delivery, beauty products exceeded my expectations.",1840.00
ORD009392,Kavya Srivastava,Groceries,No,06-01-2025,4,"Really satisfied, highly recommend this groceries.",500.00
ORD009393,Tristan Ravel,Beauty Products,No,23-11-2023,5,"Really satisfied, highly recommend this beauty products.",2900.00
ORD009394,Vihaan Date,Electronics,No,11-09-2023,4,"Really satisfied, highly recommend this electronics.",14290.00
ORD009395,Janaki Mistry,Sports Equipment,No,24-10-2024,3,"The sports equipment is okay, does the job but nothing special.",12720.00
ORD009397,Vincent Tara,Books,No,18-06-2023,4,"Excellent quality for the price, would buy books again.",570.00
ORD009398,Maanav Chad,Furniture,No,10-01-2023,5,"Great furniture, exactly as described. Very happy with it.",5830.00
ORD009399,Benjamin Deol,Books,Yes,22-10-2023,5,"Fast delivery, books exceeded my expectations.",510.00
ORD009402,Darsh Arya,Clothes,No,12-05-2023,1,"Disappointed with this clothes, quality is not good.",2100.00
ORD009404,Vrishti Lalla,Groceries,No,16-11-2025,4,"Excellent quality for the price, would buy groceries again.",1820.00
ORD009405,Yahvi Soni,Electronics,No,31-12-2024,4,"Fast delivery, electronics exceeded my expectations.",41440.00
ORD009406,Liam More,Clothes,No,21-08-2023,3,"Average clothes, packaging could be better.",2300.00
ORD009407,Sathvik Lall,Electronics,No,23-01-2023,4,"Excellent quality for the price, would buy electronics again.",46080.00
ORD009408,Gautam Samra,Groceries,No,17-10-2023,5,"Great groceries, exactly as described. Very happy with it.",720.00
ORD009410,Aayush Parekh,Shoes,No,22-07-2023,5,"Fast delivery, shoes exceeded my expectations.",7600.00
ORD009411,Dominic Som,Kitchenware,No,06-03-2024,5,"Really satisfied, highly recommend this kitchenware.",3950.00
ORD009412,Radhika Mahal,Clothes,No,04-02-2023,4,"Excellent quality for the price, would buy clothes again.",1310.00
ORD009413,Yutika Bhagat,Toys,No,05-06-2025,2,"Not worth the price, expected better toys.",1900.00
ORD009414,Lopa Salvi,Books,No,09-11-2024,5,"Great books, exactly as described. Very happy with it.",980.00
ORD009415,Chasmum Goyal,Furniture,No,30-06-2023,3,"The furniture is okay, does the job but nothing special.",4240.00
ORD009416,Alka Srinivas,Groceries,No,26-04-2025,3,"The groceries is okay, does the job but nothing special.",1300.00
ORD009417,Saanvi Agarwal,Clothes,No,10-11-2025,4,"Really satisfied, highly recommend this clothes.",1860.00
ORD009419,Lopa Salvi,Clothes,No,09-03-2023,5,"Great clothes, exactly as described. Very happy with it.",1580.00
ORD009421,Yashica Om,Groceries,No,25-04-2024,5,"Great groceries, exactly as described. Very happy with it.",860.00
ORD009422,Tanmayi Subramanian,Shoes,No,03-07-2023,2,"Received a damaged shoes, had to return it.",5510.00
ORD009423,Yuvraj Grewal,Groceries,No,05-02-2023,5,"Great groceries, exactly as described. Very happy with it.",1970.00
ORD009424,Abha Keer,Beauty Products,No,01-09-2024,3,"The beauty products is okay, does the job but nothing special.",2490.00
ORD009426,Gautam Samra,Books,No,07-02-2024,5,"Excellent quality for the price, would buy books again.",1370.00
ORD009427,Abha Keer,Groceries,No,19-02-2025,5,"Excellent quality for the price, would buy groceries again.",1150.00
ORD009429,Ishwar Wali,Shoes,No,04-06-2023,1,"Not worth the price, expected better shoes.",4800.00
ORD009430,Karan Bhat,Electronics,No,21-02-2023,1,"Disappointed with this electronics, quality is not good.",43030.00
ORD009431,Benjamin Ratta,Furniture,No,22-10-2024,5,"Excellent quality for the price, would buy furniture again.",47640.00
ORD009432,Shravya Char,Books,No,31-10-2025,4,"Really satisfied, highly recommend this books.",230.00
ORD009433,Rajeshri Kapadia,Clothes,No,25-10-2025,5,"Excellent quality for the price, would buy clothes again.",2430.00
ORD009434,Luke Arora,Books,No,14-08-2025,2,"Received a damaged books, had to return it.",370.00
ORD009435,Shaurya Bora,Shoes,No,12-09-2023,5,"Fast delivery, shoes exceeded my expectations.",4200.00
ORD009436,Ekani Sood,Groceries,Yes,29-04-2023,5,"Fast delivery, groceries exceeded my expectations.",980.00
ORD009437,Rishi Borde,Shoes,No,14-03-2025,5,"Excellent quality for the price, would buy shoes again.",7270.00
ORD009438,Urvashi Suri,Furniture,No,08-10-2025,5,"Great furniture, exactly as described. Very happy with it.",4280.00
ORD009439,Advaith Bhatti,Sports Equipment,No,12-11-2024,3,"Average sports equipment, packaging could be better.",14680.00
ORD009441,Jairaj Memon,Books,No,02-05-2023,4,"Fast delivery, books exceeded my expectations.",650.00
ORD009442,Janya Sankaran,Groceries,No,03-12-2023,3,"Average groceries, packaging could be better.",1110.00
ORD009443,Vrishti Lalla,Clothes,No,22-07-2023,2,"Received a damaged clothes, had to return it.",2500.00
ORD009444,Indira Bhargava,Furniture,No,30-12-2024,3,"The furniture is okay, does the job but nothing special.",27430.00
ORD009446,Ronith Nazareth,Books,No,23-11-2024,5,"Great books, exactly as described. Very happy with it.",230.00
ORD009447,Odika Iyengar,Clothes,No,29-09-2023,1,"Disappointed with this clothes, quality is not good.",2580.00
ORD009448,Yauvani Patla,Sports Equipment,No,07-06-2024,3,"Average sports equipment, packaging could be better.",6650.00
ORD009449,Hitesh Bhandari,Books,No,25-08-2025,3,"The books is okay, does the job but nothing special.",1210.00
ORD009450,Zayan Sani,Kitchenware,No,21-08-2024,5,"Really satisfied, highly recommend this kitchenware.",600.00
ORD009453,Baljiwan Chadha,Groceries,Yes,18-05-2024,4,"Excellent quality for the price, would buy groceries again.",440.00
ORD009454,Zaid Sandal,Clothes,No,01-06-2025,4,"Great clothes, exactly as described. Very happy with it.",1490.00
ORD009456,Upasna Pant,Clothes,No,23-05-2023,4,"Really satisfied, highly recommend this clothes.",2100.00
ORD009457,Kiaan Jayaraman,Electronics,No,19-02-2024,5,"Fast delivery, electronics exceeded my expectations.",27080.00
ORD009458,Watika Buch,Furniture,No,08-09-2024,5,"Excellent quality for the price, would buy furniture again.",21460.00
ORD009459,Dhruv Randhawa,Electronics,No,10-12-2025,4,"Excellent quality for the price, would buy electronics again.",51700.00
ORD009460,Kiaan Jayaraman,Books,No,09-07-2024,5,"Excellent quality for the price, would buy books again.",740.00
ORD009461,Advik Hegde,Books,No,30-09-2024,5,"Really satisfied, highly recommend this books.",1090.00
ORD009462,Nidra Grewal,Groceries,No,27-05-2025,4,"Great groceries, exactly as described. Very happy with it.",390.00
ORD009463,Kavya Sandhu,Furniture,No,08-07-2025,5,"Excellent quality for the price, would buy furniture again.",29190.00
ORD009464,Elijah Raman,Furniture,No,10-02-2023,4,"Great furniture, exactly as described. Very happy with it.",20800.00
ORD009465,Saumya Ratti,Books,Yes,16-03-2023,3,"The books is okay, does the job but nothing special.",1400.00
ORD009466,Watika Buch,Beauty Products,No,22-07-2024,2,"Not worth the price, expected better beauty products.",370.00
ORD009467,Krisha Mutti,Groceries,No,31-10-2024,3,"The groceries is okay, does the job but nothing special.",1460.00
ORD009468,Shivani Sane,Kitchenware,No,03-12-2024,5,"Excellent quality for the price, would buy kitchenware again.",4440.00
ORD009469,Darpan Gour,Sports Equipment,No,30-05-2024,5,"Excellent quality for the price, would buy sports equipment again.",2630.00
ORD009470,Gautami Lall,Sports Equipment,Yes,16-10-2023,4,"Really satisfied, highly recommend this sports equipment.",7900.00
ORD009471,Wakeeta Raval,Furniture,No,24-07-2024,4,"Excellent quality for the price, would buy furniture again.",43840.00
ORD009473,Chakradev Bains,Electronics,No,23-10-2023,1,"Disappointed with this electronics, quality is not good.",30600.00
ORD009474,Tara Sur,Shoes,Yes,09-06-2025,5,"Excellent quality for the price, would buy shoes again.",1240.00
ORD009475,Warda Kala,Books,No,05-09-2025,1,"Not worth the price, expected better books.",1180.00
ORD009477,Hamsini Bhatia,Clothes,No,03-10-2025,3,"Average clothes, packaging could be better.",760.00
ORD009478,Ayushman Bahl,Books,Yes,29-12-2025,4,"Excellent quality for the price, would buy books again.",520.00
ORD009479,Aayush Andra,Books,No,10-05-2024,5,"Excellent quality for the price, would buy books again.",1350.00
ORD009480,Faras Garg,Kitchenware,No,30-10-2024,4,"Great kitchenware, exactly as described. Very happy with it.",4680.00
ORD009481,Ikbal Ahuja,Books,Yes,23-01-2024,5,"Fast delivery, books exceeded my expectations.",430.00
ORD009482,Kevin Suresh,Groceries,Yes,06-03-2024,5,"Fast delivery, groceries exceeded my expectations.",860.00
ORD009483,Wakeeta Tella,Groceries,No,14-06-2025,3,"Average groceries, packaging could be better.",900.00
ORD009484,Bina Varty,Clothes,No,24-09-2024,4,"Fast delivery, clothes exceeded my expectations.",1620.00
ORD009486,Inaya Sawhney,Clothes,No,18-03-2025,4,"Great clothes, exactly as described. Very happy with it.",2140.00
ORD009487,Eiravati Khare,Groceries,No,22-12-2023,4,"Excellent quality for the price, would buy groceries again.",100.00
ORD009488,Devika Mody,Sports Equipment,No,05-08-2023,5,"Really satisfied, highly recommend this sports equipment.",3230.00
ORD009489,Vihaan Date,Groceries,No,04-06-2023,4,"Great groceries, exactly as described. Very happy with it.",980.00
ORD009490,Dakshesh Goswami,Furniture,No,14-01-2025,5,"Fast delivery, furniture exceeded my expectations.",40190.00
ORD009491,Imaran Hari,Clothes,No,29-08-2024,3,"Average clothes, packaging could be better.",1130.00
ORD009492,Charvi Subramanian,Groceries,No,07-05-2024,3,"Average groceries, packaging could be better.",1860.00
ORD009494,Abha Ravi,Clothes,No,17-09-2025,5,"Fast delivery, clothes exceeded my expectations.",2160.00
ORD009495,Nathaniel Kota,Sports Equipment,No,16-08-2025,3,"The sports equipment is okay, does the job but nothing special.",1780.00
ORD009496,Charan Banerjee,Furniture,No,23-01-2024,2,"Disappointed with this furniture, quality is not good.",17890.00
ORD009497,Imaran Dara,Electronics,No,19-02-2025,4,"Fast delivery, electronics exceeded my expectations.",22240.00
ORD009498,Dhriti Lad,Kitchenware,No,28-08-2024,3,"Average kitchenware, packaging could be better.",1540.00
ORD009499,Kritika Chacko,Shoes,No,10-05-2025,4,"Great shoes, exactly as described. Very happy with it.",6380.00
ORD009500,Vivaan Sood,Toys,No,07-05-2025,2,"Not worth the price, expected better toys.",660.00
ORD009502,Zarna Peri,Beauty Products,No,03-04-2023,3,"The beauty products is okay, does the job but nothing special.",520.00
ORD009503,Vrinda Sama,Clothes,No,17-08-2023,4,"Excellent quality for the price, would buy clothes again.",770.00
ORD009505,Mekhala Dar,Kitchenware,No,04-10-2025,5,"Really satisfied, highly recommend this kitchenware.",3880.00
ORD009506,Yutika Bhagat,Groceries,No,02-07-2025,5,"Really satisfied, highly recommend this groceries.",1350.00
ORD009507,Hamsini Chandra,Clothes,No,14-11-2024,2,"Not worth the price, expected better clothes.",1780.00
ORD009508,Harrison Arya,Beauty Products,No,23-07-2023,5,"Fast delivery, beauty products exceeded my expectations.",500.00
ORD009509,Nidra Devan,Books,No,09-06-2025,3,"Average books, packaging could be better.",1220.00
ORD009510,Pahal Krishnamurthy,Kitchenware,No,27-03-2025,4,"Fast delivery, kitchenware exceeded my expectations.",3350.00
ORD009511,Ishani Kapoor,Books,No,22-03-2023,3,"The books is okay, does the job but nothing special.",1200.00
ORD009512,Ikbal Chhabra,Electronics,Yes,25-09-2025,4,"Fast delivery, electronics exceeded my expectations.",41110.00
ORD009513,Mitesh Varghese,Beauty Products,No,13-03-2025,4,"Really satisfied, highly recommend this beauty products.",800.00
ORD009514,Falak Gulati,Furniture,No,28-09-2025,5,"Great furniture, exactly as described. Very happy with it.",26320.00
ORD009515,Imaran Edwin,Sports Equipment,No,16-03-2025,4,"Really satisfied, highly recommend this sports equipment.",9320.00
ORD009516,Jagdish Bedi,Shoes,No,17-07-2025,5,"Fast delivery, shoes exceeded my expectations.",3620.00
ORD009518,Amaira Sarin,Toys,No,19-05-2025,5,"Really satisfied, highly recommend this toys.",330.00
ORD009519,Hiral Dua,Kitchenware,No,02-09-2023,5,"Excellent quality for the price, would buy kitchenware again.",1600.00
ORD009522,Raagini Bhagat,Toys,No,22-07-2024,4,"Excellent quality for the price, would buy toys again.",1520.00
ORD009523,Christopher Vasa,Electronics,No,27-10-2024,5,"Excellent quality for the price, would buy electronics again.",38060.00
ORD009525,Chandani Datta,Sports Equipment,No,30-05-2024,4,"Excellent quality for the price, would buy sports equipment again.",14580.00
ORD009526,Chakrika Kalla,Groceries,No,21-11-2025,4,"Fast delivery, groceries exceeded my expectations.",1400.00
ORD009527,Lipika Chadha,Beauty Products,No,27-05-2025,5,"Excellent quality for the price, would buy beauty products again.",760.00
ORD009529,Rohan Arora,Books,No,03-01-2026,5,"Great books, exactly as described. Very happy with it.",480.00
ORD009530,Siya Dhillon,Toys,Yes,02-12-2024,4,"Fast delivery, toys exceeded my expectations.",740.00
ORD009531,Triya Pant,Shoes,No,08-10-2024,3,"Average shoes, packaging could be better.",1960.00
ORD009532,Elijah Luthra,Electronics,No,21-11-2024,5,"Excellent quality for the price, would buy electronics again.",51410.00
ORD009533,Elijah Raman,Sports Equipment,No,28-01-2023,4,"Excellent quality for the price, would buy sports equipment again.",11970.00
ORD009534,Dev Bhasin,Electronics,No,21-04-2025,5,"Fast delivery, electronics exceeded my expectations.",4360.00
ORD009535,Yauvani Bhatt,Clothes,No,21-06-2023,5,"Fast delivery, clothes exceeded my expectations.",2020.00
ORD009536,Aarna Jaggi,Electronics,No,10-04-2023,3,"Average electronics, packaging could be better.",21190.00
ORD009537,Chakradhar Deol,Clothes,Yes,08-11-2024,2,"Received a damaged clothes, had to return it.",1570.00
ORD009539,Ekalinga Dave,Clothes,No,10-11-2024,4,"Fast delivery, clothes exceeded my expectations.",2130.00
ORD009540,Zashil Chaudhuri,Clothes,No,29-12-2025,5,"Excellent quality for the price, would buy clothes again.",1480.00
ORD009542,Manbir Mittal,Kitchenware,Yes,22-11-2023,4,"Really satisfied, highly recommend this kitchenware.",1680.00
ORD009543,Reyansh Kohli,Beauty Products,No,17-02-2025,4,"Really satisfied, highly recommend this beauty products.",630.00
ORD009545,Bhavna Sood,Shoes,No,07-09-2024,3,"Average shoes, packaging could be better.",7860.00
ORD009546,George Madan,Furniture,No,19-10-2024,5,"Fast delivery, furniture exceeded my expectations.",10120.00
ORD009547,Zarna Wali,Toys,No,19-06-2023,2,"Received a damaged toys, had to return it.",980.00
ORD009548,Inaya Kalla,Clothes,No,10-10-2023,4,"Fast delivery, clothes exceeded my expectations.",310.00
ORD009549,Neel Sankar,Shoes,Yes,11-03-2025,4,"Excellent quality for the price, would buy shoes again.",5600.00
ORD009550,Watika Buch,Sports Equipment,No,03-03-2024,2,"Disappointed with this sports equipment, quality is not good.",12840.00
ORD009551,Lipika Lal,Clothes,No,16-05-2025,4,"Excellent quality for the price, would buy clothes again.",1340.00
ORD009552,Ansh Kohli,Groceries,No,16-04-2025,4,"Excellent quality for the price, would buy groceries again.",80.00
ORD009556,Yahvi Soni,Toys,No,26-02-2025,5,"Great toys, exactly as described. Very happy with it.",2030.00
ORD009558,Karan Bail,Beauty Products,No,04-08-2024,3,"The beauty products is okay, does the job but nothing special.",2190.00
ORD009559,Isha Bhatnagar,Electronics,No,18-03-2024,5,"Fast delivery, electronics exceeded my expectations.",57060.00
ORD009560,Frederick Nair,Toys,No,28-01-2024,2,"Not worth the price, expected better toys.",2190.00
ORD009561,Damyanti Sahni,Beauty Products,No,04-08-2023,5,"Great beauty products, exactly as described. Very happy with it.",2380.00
ORD009563,Vaishnavi Dutt,Shoes,No,12-03-2025,4,"Fast delivery, shoes exceeded my expectations.",7110.00
ORD009564,Yahvi Wadhwa,Electronics,No,25-11-2023,5,"Really satisfied, highly recommend this electronics.",1380.00
ORD009565,Aayush Pall,Kitchenware,No,26-05-2023,5,"Great kitchenware, exactly as described. Very happy with it.",4240.00
ORD009566,Sachi Chauhan,Groceries,No,28-01-2025,5,"Really satisfied, highly recommend this groceries.",540.00
ORD009568,Laban Bal,Furniture,No,01-03-2024,4,"Great furniture, exactly as described. Very happy with it.",15710.00
ORD009569,Kashish Sekhon,Groceries,No,28-12-2023,2,"Received a damaged groceries, had to return it.",1260.00
ORD009570,Upadhriti Menon,Groceries,Yes,09-06-2025,5,"Fast delivery, groceries exceeded my expectations.",1400.00
ORD009571,Watika Buch,Toys,No,21-12-2024,5,"Really satisfied, highly recommend this toys.",2100.00
ORD009572,Zashil Chaudhuri,Furniture,No,24-12-2025,5,"Great furniture, exactly as described. Very happy with it.",31240.00
ORD009574,Akshay Bobal,Beauty Products,No,24-10-2023,4,"Fast delivery, beauty products exceeded my expectations.",1830.00
ORD009575,Ijaya Narain,Beauty Products,No,02-05-2024,5,"Great beauty products, exactly as described. Very happy with it.",1960.00
ORD009576,Raagini Gade,Books,No,24-02-2024,3,"Average books, packaging could be better.",310.00
ORD009577,Diya Pillai,Shoes,Yes,31-10-2023,3,"The shoes is okay, does the job but nothing special.",5420.00
ORD009578,Nathaniel Kota,Sports Equipment,No,15-12-2024,4,"Great sports equipment, exactly as described. Very happy with it.",10130.00
ORD009579,Triveni Gaba,Groceries,No,02-04-2025,1,"Disappointed with this groceries, quality is not good.",60.00
ORD009580,Tarak Chand,Electronics,No,03-11-2024,4,"Really satisfied, highly recommend this electronics.",17040.00
ORD009582,Vedika Ramesh,Kitchenware,No,11-09-2025,4,"Really satisfied, highly recommend this kitchenware.",4680.00
ORD009583,Yatan Keer,Beauty Products,No,22-10-2024,4,"Excellent quality for the price, would buy beauty products again.",1290.00
ORD009584,Kritika Chacko,Books,No,14-06-2024,4,"Great books, exactly as described. Very happy with it.",1420.00
ORD009585,Yasti Mutti,Beauty Products,Yes,30-04-2023,4,"Great beauty products, exactly as described. Very happy with it.",2720.00
ORD009586,Idika Bhagat,Groceries,No,07-06-2023,2,"Not worth the price, expected better groceries.",1190.00
ORD009587,Aradhana Golla,Shoes,Yes,13-02-2025,3,"The shoes is okay, does the job but nothing special.",7220.00
ORD009589,Lipika Lal,Clothes,Yes,07-08-2025,5,"Really satisfied, highly recommend this clothes.",1150.00
ORD009590,Oni Kibe,Kitchenware,No,13-02-2023,4,"Excellent quality for the price, would buy kitchenware again.",600.00
ORD009591,Amrita Sami,Clothes,Yes,26-11-2024,3,"Average clothes, packaging could be better.",1060.00
ORD009593,Ronith Nazareth,Kitchenware,No,21-12-2024,5,"Excellent quality for the price, would buy kitchenware again.",1410.00
ORD009595,Kashvi Narula,Shoes,No,24-10-2024,5,"Excellent quality for the price, would buy shoes again.",950.00
ORD009596,Gautami Sarin,Books,Yes,05-08-2023,4,"Great books, exactly as described. Very happy with it.",1490.00
ORD009597,Fitan Sodhi,Electronics,No,15-11-2024,3,"The electronics is okay, does the job but nothing special.",23870.00
ORD009599,Lopa Narasimhan,Groceries,No,03-03-2025,1,"Received a damaged groceries, had to return it.",120.00
ORD009600,Dayita Munshi,Shoes,No,24-12-2023,5,"Fast delivery, shoes exceeded my expectations.",1690.00
ORD009602,Yash Mittal,Clothes,Yes,01-01-2026,2,"Not worth the price, expected better clothes.",430.00
ORD009603,Meghana Ben,Shoes,No,21-01-2024,5,"Really satisfied, highly recommend this shoes.",5960.00
ORD009604,Shravya Naik,Groceries,No,07-05-2025,4,"Fast delivery, groceries exceeded my expectations.",1230.00
ORD009605,Charita Vohra,Electronics,No,12-01-2025,1,"Not worth the price, expected better electronics.",55920.00
ORD009606,Vinaya Shukla,Kitchenware,No,08-06-2023,2,"Disappointed with this kitchenware, quality is not good.",2640.00
ORD009609,Chanakya Mand,Sports Equipment,No,11-03-2023,5,"Great sports equipment, exactly as described. Very happy with it.",5720.00
ORD009611,Yauvani Gokhale,Furniture,No,17-11-2025,4,"Really satisfied, highly recommend this furniture.",7250.00
ORD009613,Pranit Kohli,Shoes,Yes,26-04-2024,4,"Really satisfied, highly recommend this shoes.",900.00
ORD009614,Yahvi Wadhwa,Furniture,No,23-05-2023,4,"Great furniture, exactly as described. Very happy with it.",8640.00
ORD009615,Chaitanya Tak,Shoes,No,01-12-2023,3,"Average shoes, packaging could be better.",3910.00
ORD009616,Liam Solanki,Shoes,No,03-08-2025,4,"Excellent quality for the price, would buy shoes again.",1960.00
ORD009617,Avi Sarkar,Sports Equipment,No,17-03-2023,1,"Not worth the price, expected better sports equipment.",2940.00
ORD009618,Ayush Bail,Furniture,No,09-05-2024,4,"Great furniture, exactly as described. Very happy with it.",45550.00
ORD009619,Lila Kadakia,Furniture,No,12-06-2025,5,"Fast delivery, furniture exceeded my expectations.",20140.00
ORD009620,Gautam Aurora,Clothes,No,23-11-2023,4,"Fast delivery, clothes exceeded my expectations.",2800.00
ORD009621,Madhavi Mann,Books,No,05-11-2023,5,"Fast delivery, books exceeded my expectations.",1370.00
ORD009622,Jhalak Sekhon,Shoes,No,18-02-2024,5,"Really satisfied, highly recommend this shoes.",5190.00
ORD009623,Gaurav Toor,Beauty Products,No,15-11-2023,2,"Not worth the price, expected better beauty products.",2450.00
ORD009624,Imaran Edwin,Sports Equipment,No,09-11-2024,5,"Excellent quality for the price, would buy sports equipment again.",3210.00
ORD009625,Bina Sankaran,Toys,No,29-11-2025,4,"Fast delivery, toys exceeded my expectations.",2020.00
ORD009626,Dhriti Lad,Shoes,No,06-10-2023,5,"Great shoes, exactly as described. Very happy with it.",6640.00
ORD009627,Ijaya Narain,Books,No,19-12-2023,4,"Excellent quality for the price, would buy books again.",1340.00
ORD009628,Samesh Kashyap,Sports Equipment,No,28-06-2025,3,"Average sports equipment, packaging could be better.",6200.00
ORD009629,Urmi Wali,Clothes,No,28-08-2024,3,"Average clothes, packaging could be better.",440.00
ORD009630,Abha Ravi,Groceries,Yes,16-08-2024,3,"Average groceries, packaging could be better.",240.00
ORD009631,Watika Buch,Beauty Products,No,05-01-2025,5,"Excellent quality for the price, would buy beauty products again.",1380.00
ORD009632,Tara Sastry,Electronics,No,18-08-2023,4,"Excellent quality for the price, would buy electronics again.",22160.00
ORD009634,Aarav Nagy,Electronics,No,12-04-2023,5,"Excellent quality for the price, would buy electronics again.",25150.00
ORD009635,Vamakshi Vala,Toys,No,26-10-2023,4,"Excellent quality for the price, would buy toys again.",1700.00
ORD009636,Nidra Devan,Sports Equipment,No,26-01-2025,4,"Excellent quality for the price, would buy sports equipment again.",13740.00
ORD009638,Madhavi Mann,Electronics,No,14-04-2024,5,"Fast delivery, electronics exceeded my expectations.",5430.00
ORD009639,Chaman Varty,Kitchenware,No,22-01-2023,5,"Excellent quality for the price, would buy kitchenware again.",3700.00
ORD009640,Tara Sur,Sports Equipment,No,27-06-2024,3,"The sports equipment is okay, does the job but nothing special.",14120.00
ORD009641,Tristan Ravel,Electronics,No,05-07-2025,5,"Excellent quality for the price, would buy electronics again.",37070.00
ORD009643,Udarsh Gopal,Groceries,No,15-09-2023,3,"The groceries is okay, does the job but nothing special.",180.00
ORD009645,Baljiwan Chadha,Sports Equipment,No,13-05-2024,4,"Really satisfied, highly recommend this sports equipment.",5100.00
ORD009646,Shaurya Bora,Electronics,Yes,21-01-2026,5,"Really satisfied, highly recommend this electronics.",31850.00
ORD009647,Falak Gulati,Groceries,No,31-07-2025,5,"Fast delivery, groceries exceeded my expectations.",320.00
ORD009648,Akshay Bobal,Books,Yes,27-10-2024,4,"Really satisfied, highly recommend this books.",400.00
ORD009649,Oviya Tara,Kitchenware,Yes,11-10-2023,5,"Really satisfied, highly recommend this kitchenware.",2450.00
ORD009650,Imaran Hari,Kitchenware,No,25-05-2025,2,"Not worth the price, expected better kitchenware.",2900.00
ORD009651,Wridesh Sangha,Clothes,No,26-02-2024,4,"Fast delivery, clothes exceeded my expectations.",2460.00
ORD009652,Zashil Chaudhuri,Books,No,25-03-2023,5,"Fast delivery, books exceeded my expectations.",1000.00
ORD009653,Samuel Rama,Clothes,No,11-03-2024,5,"Fast delivery, clothes exceeded my expectations.",2450.00
ORD009654,Nidhi Sekhon,Toys,No,01-07-2024,4,"Fast delivery, toys exceeded my expectations.",1010.00
ORD009656,Lucky Balakrishnan,Beauty Products,No,02-10-2024,5,"Great beauty products, exactly as described. Very happy with it.",3000.00
ORD009657,Eshana Lad,Electronics,No,02-08-2023,3,"The electronics is okay, does the job but nothing special.",14700.00
ORD009658,Brinda Mammen,Shoes,No,20-10-2025,4,"Excellent quality for the price, would buy shoes again.",5510.00
ORD009659,Siddharth Sood,Groceries,No,22-10-2023,5,"Excellent quality for the price, would buy groceries again.",170.00
ORD009661,Tanmayi Subramanian,Clothes,No,24-08-2024,4,"Great clothes, exactly as described. Very happy with it.",750.00
ORD009662,Hitesh Bhandari,Clothes,No,27-04-2023,5,"Fast delivery, clothes exceeded my expectations.",2640.00
ORD009663,Chatura Thaman,Books,No,16-03-2024,2,"Not worth the price, expected better books.",1440.00
ORD009664,Maanav Chad,Furniture,No,09-12-2025,5,"Excellent quality for the price, would buy furniture again.",36160.00
ORD009665,Janaki Din,Toys,No,19-07-2024,5,"Fast delivery, toys exceeded my expectations.",510.00
ORD009666,Arunima Parsa,Shoes,No,11-01-2025,5,"Fast delivery, shoes exceeded my expectations.",4460.00
ORD009667,Omya Boase,Shoes,No,07-04-2024,4,"Really satisfied, highly recommend this shoes.",6430.00
ORD009668,Om Sastry,Groceries,No,05-12-2025,5,"Excellent quality for the price, would buy groceries again.",1460.00
ORD009669,Adweta Nadig,Furniture,No,01-03-2024,3,"Average furniture, packaging could be better.",41130.00
ORD009670,Arya Thakkar,Shoes,No,07-05-2024,5,"Fast delivery, shoes exceeded my expectations.",6960.00
ORD009671,Eshana Tiwari,Electronics,No,19-04-2024,3,"The electronics is okay, does the job but nothing special.",47320.00
ORD009673,Sachi Chauhan,Shoes,No,18-03-2025,5,"Great shoes, exactly as described. Very happy with it.",2850.00
ORD009674,Naksh Sampath,Clothes,No,21-06-2024,3,"The clothes is okay, does the job but nothing special.",2050.00
ORD009675,Charita Vohra,Sports Equipment,No,08-07-2023,3,"The sports equipment is okay, does the job but nothing special.",10280.00
ORD009677,Yashvi Bahl,Electronics,No,04-12-2024,3,"Average electronics, packaging could be better.",56560.00
ORD009678,Reyansh Singh,Furniture,No,31-01-2025,4,"Really satisfied, highly recommend this furniture.",22240.00
ORD009679,Vinaya Shukla,Furniture,No,04-11-2025,3,"The furniture is okay, does the job but nothing special.",18520.00
ORD009680,Dayamai Sankaran,Shoes,No,12-06-2025,1,"Disappointed with this shoes, quality is not good.",4800.00
ORD009681,Chanakya Mand,Shoes,No,13-05-2023,5,"Great shoes, exactly as described. Very happy with it.",5210.00
ORD009683,Maanav Madan,Clothes,No,10-10-2024,5,"Excellent quality for the price, would buy clothes again.",2850.00
ORD009685,Luke Arora,Electronics,No,24-11-2024,3,"Average electronics, packaging could be better.",24190.00
ORD009686,Omaja Badami,Clothes,No,09-08-2023,5,"Really satisfied, highly recommend this clothes.",830.00
ORD009687,Ishani Kapoor,Clothes,No,17-05-2023,4,"Really satisfied, highly recommend this clothes.",2820.00
ORD009688,Vyanjana Mani,Books,No,13-03-2025,3,"The books is okay, does the job but nothing special.",1300.00
ORD009689,Faris Sethi,Toys,No,01-04-2023,3,"The toys is okay, does the job but nothing special.",2180.00
ORD009690,Radhika Mahal,Furniture,No,23-07-2024,4,"Really satisfied, highly recommend this furniture.",35560.00
ORD009691,Alka Srinivas,Beauty Products,No,14-12-2024,5,"Really satisfied, highly recommend this beauty products.",2740.00
ORD009692,Amara Mitra,Furniture,No,02-01-2025,3,"The furniture is okay, does the job but nothing special.",34120.00
ORD009694,Neha Warrior,Kitchenware,Yes,08-05-2025,4,"Fast delivery, kitchenware exceeded my expectations.",4230.00
ORD009695,Falan Lanka,Clothes,Yes,01-11-2024,3,"Average clothes, packaging could be better.",1040.00
ORD009696,Triveni Pathak,Furniture,No,04-02-2023,4,"Excellent quality for the price, would buy furniture again.",41440.00
ORD009697,Alka Srinivas,Electronics,Yes,14-03-2024,4,"Fast delivery, electronics exceeded my expectations.",16250.00
ORD009698,Avi Sarkar,Groceries,No,12-05-2024,3,"The groceries is okay, does the job but nothing special.",1500.00
ORD009699,Vanya Yohannan,Electronics,No,31-12-2024,4,"Great electronics, exactly as described. Very happy with it.",20040.00
ORD009700,Urmi Lad,Beauty Products,No,08-03-2024,3,"Average beauty products, packaging could be better.",940.00
ORD009701,Chanchal Sastry,Shoes,Yes,09-05-2023,4,"Excellent quality for the price, would buy shoes again.",510.00
ORD009702,Elijah Wason,Groceries,No,25-04-2023,3,"Average groceries, packaging could be better.",290.00
ORD009703,Finn Kurian,Shoes,No,24-06-2023,5,"Fast delivery, shoes exceeded my expectations.",700.00
ORD009704,Gaurangi Aurora,Beauty Products,No,22-02-2023,4,"Great beauty products, exactly as described. Very happy with it.",2050.00
ORD009705,Ayaan Bhatnagar,Sports Equipment,No,06-11-2025,5,"Fast delivery, sports equipment exceeded my expectations.",10550.00
ORD009707,Sanya Shanker,Beauty Products,No,22-03-2023,5,"Great beauty products, exactly as described. Very happy with it.",630.00
ORD009709,Dayita Munshi,Beauty Products,No,26-09-2025,3,"The beauty products is okay, does the job but nothing special.",1000.00
ORD009710,Lakshmi Chacko,Electronics,No,16-09-2023,4,"Really satisfied, highly recommend this electronics.",53400.00
ORD009712,William Khanna,Electronics,Yes,22-12-2023,3,"Average electronics, packaging could be better.",41320.00
ORD009713,Ayush Bala,Shoes,No,27-10-2025,2,"Disappointed with this shoes, quality is not good.",3900.00
ORD009714,Urvi Bhattacharyya,Kitchenware,No,22-06-2025,5,"Excellent quality for the price, would buy kitchenware again.",3590.00
ORD009715,Ayush Bala,Clothes,No,13-08-2023,3,"The clothes is okay, does the job but nothing special.",480.00
ORD009716,Nitesh Oommen,Furniture,No,23-01-2025,4,"Fast delivery, furniture exceeded my expectations.",23380.00
ORD009717,Ishanvi Nagar,Toys,No,21-12-2023,4,"Great toys, exactly as described. Very happy with it.",1580.00
ORD009718,Nimrat Vasa,Electronics,No,24-10-2024,5,"Fast delivery, electronics exceeded my expectations.",37730.00
ORD009719,Leena Chhabra,Shoes,Yes,08-08-2025,4,"Really satisfied, highly recommend this shoes.",7100.00
ORD009720,Charita Vohra,Furniture,No,17-02-2023,5,"Excellent quality for the price, would buy furniture again.",43280.00
ORD009721,Arjun Kaur,Furniture,No,30-06-2025,5,"Excellent quality for the price, would buy furniture again.",15420.00
ORD009722,Gautam Samra,Toys,No,27-02-2023,5,"Great toys, exactly as described. Very happy with it.",200.00
ORD009723,Qarin Ramanathan,Clothes,No,17-09-2024,5,"Really satisfied, highly recommend this clothes.",2920.00
ORD009724,Abha Keer,Electronics,No,07-12-2025,5,"Fast delivery, electronics exceeded my expectations.",14180.00
ORD009725,Mason Koshy,Beauty Products,No,04-07-2024,3,"Average beauty products, packaging could be better.",2980.00
ORD009726,Kiaan Jayaraman,Beauty Products,No,14-11-2024,4,"Really satisfied, highly recommend this beauty products.",1300.00
ORD009727,Falak Anne,Electronics,No,03-04-2023,3,"The electronics is okay, does the job but nothing special.",17670.00
ORD009728,Veer Karnik,Electronics,No,10-08-2023,4,"Excellent quality for the price, would buy electronics again.",52780.00
ORD009729,Parth Hegde,Clothes,No,22-11-2024,5,"Great clothes, exactly as described. Very happy with it.",580.00
ORD009731,Nicholas Bhandari,Furniture,No,13-07-2024,5,"Excellent quality for the price, would buy furniture again.",21670.00
ORD009732,Bina Varty,Sports Equipment,No,07-08-2025,4,"Great sports equipment, exactly as described. Very happy with it.",5220.00
ORD009733,Tejas Mani,Clothes,No,05-01-2025,5,"Fast delivery, clothes exceeded my expectations.",2370.00
ORD009734,Radhika Mahal,Groceries,No,15-12-2024,4,"Really satisfied, highly recommend this groceries.",1180.00
ORD009735,Chakradev Bains,Books,No,09-04-2023,4,"Really satisfied, highly recommend this books.",810.00
ORD009736,Shivani Murthy,Sports Equipment,No,01-02-2025,1,"Disappointed with this sports equipment, quality is not good.",12870.00
ORD009737,Tripti Goyal,Kitchenware,No,06-12-2023,4,"Excellent quality for the price, would buy kitchenware again.",250.00
ORD009738,Chaitanya Tak,Clothes,No,27-01-2023,4,"Fast delivery, clothes exceeded my expectations.",760.00
ORD009739,Ganga Bumb,Beauty Products,No,18-04-2025,5,"Excellent quality for the price, would buy beauty products again.",2960.00
ORD009742,Dalbir Sule,Electronics,No,15-01-2023,4,"Great electronics, exactly as described. Very happy with it.",22840.00
ORD009743,Vrishti Lalla,Kitchenware,No,26-05-2024,4,"Excellent quality for the price, would buy kitchenware again.",3000.00
ORD009747,Gaurang Kamdar,Groceries,No,11-04-2023,1,"Disappointed with this groceries, quality is not good.",860.00
ORD009748,Riya Thaman,Clothes,No,27-07-2024,4,"Great clothes, exactly as described. Very happy with it.",2630.00
ORD009753,Frederick Nair,Clothes,No,07-01-2025,5,"Great clothes, exactly as described. Very happy with it.",2820.00
ORD009754,Xiti Puri,Books,No,22-11-2025,4,"Fast delivery, books exceeded my expectations.",210.00
ORD009755,Vedhika Dhawan,Sports Equipment,Yes,01-12-2023,4,"Fast delivery, sports equipment exceeded my expectations.",13930.00
ORD009758,Ronith Raman,Beauty Products,No,03-01-2026,3,"The beauty products is okay, does the job but nothing special.",870.00
ORD009759,Darpan Gour,Electronics,Yes,17-07-2023,4,"Really satisfied, highly recommend this electronics.",13710.00
ORD009760,Hamsini Rao,Electronics,No,30-07-2024,5,"Great electronics, exactly as described. Very happy with it.",22660.00
ORD009761,Akshay Bobal,Shoes,No,31-10-2024,3,"The shoes is okay, does the job but nothing special.",7330.00
ORD009762,Osha Patil,Toys,No,23-04-2023,4,"Excellent quality for the price, would buy toys again.",1530.00
ORD009763,Vritti Chopra,Clothes,No,03-05-2023,3,"Average clothes, packaging could be better.",2260.00
ORD009764,Mekhala Bawa,Sports Equipment,No,10-09-2024,4,"Excellent quality for the price, would buy sports equipment again.",8070.00
ORD009765,Ubika Bains,Toys,No,14-10-2023,4,"Really satisfied, highly recommend this toys.",300.00
ORD009766,Charles Chaudry,Beauty Products,No,29-02-2024,4,"Excellent quality for the price, would buy beauty products again.",2790.00
ORD009767,Nidhi Sekhon,Kitchenware,No,15-12-2025,5,"Fast delivery, kitchenware exceeded my expectations.",1310.00
ORD009769,Fitan Sodhi,Shoes,Yes,31-01-2024,5,"Great shoes, exactly as described. Very happy with it.",4440.00
ORD009770,Darpan Gour,Books,Yes,23-07-2023,5,"Great books, exactly as described. Very happy with it.",470.00
ORD009771,Meera Bajaj,Electronics,No,02-04-2024,4,"Really satisfied, highly recommend this electronics.",42100.00
ORD009773,Pranit Kohli,Beauty Products,No,05-11-2023,5,"Great beauty products, exactly as described. Very happy with it.",2040.00
ORD009774,Nitesh Oommen,Furniture,Yes,02-11-2023,4,"Really satisfied, highly recommend this furniture.",36690.00
ORD009776,Aachal Lad,Beauty Products,No,03-02-2023,2,"Not worth the price, expected better beauty products.",1520.00
ORD009778,Omisha Sood,Shoes,Yes,17-07-2023,4,"Great shoes, exactly as described. Very happy with it.",4290.00
ORD009781,Vasudha Shah,Electronics,No,20-10-2025,5,"Great electronics, exactly as described. Very happy with it.",52380.00
ORD009782,Bahadurjit Arora,Groceries,No,24-05-2025,1,"Disappointed with this groceries, quality is not good.",1720.00
ORD009783,Elijah Raman,Toys,No,04-04-2024,1,"Received a damaged toys, had to return it.",1840.00
ORD009784,Chaman Varty,Kitchenware,No,29-01-2024,5,"Really satisfied, highly recommend this kitchenware.",660.00
ORD009785,Dayamai Sangha,Sports Equipment,No,06-11-2024,4,"Excellent quality for the price, would buy sports equipment again.",13980.00
ORD009786,Pranav Saraf,Electronics,No,09-04-2023,5,"Great electronics, exactly as described. Very happy with it.",35150.00
ORD009788,Warinder Narang,Books,No,21-08-2024,3,"The books is okay, does the job but nothing special.",760.00
ORD009789,Ayushman Bahl,Electronics,Yes,28-01-2024,5,"Excellent quality for the price, would buy electronics again.",38020.00
ORD009790,Kamya Jhaveri,Sports Equipment,No,22-01-2024,2,"Received a damaged sports equipment, had to return it.",12180.00
ORD009791,Zashil Bansal,Beauty Products,Yes,27-11-2023,1,"Received a damaged beauty products, had to return it.",2930.00
ORD009793,Rushil Dey,Kitchenware,No,12-09-2025,2,"Received a damaged kitchenware, had to return it.",2780.00
ORD009794,Janaki Din,Clothes,No,23-08-2023,3,"The clothes is okay, does the job but nothing special.",2570.00
ORD009795,Banjeet Rege,Furniture,No,03-08-2025,4,"Great furniture, exactly as described. Very happy with it.",36620.00
ORD009798,Urvi Bhattacharyya,Shoes,No,27-05-2025,3,"Average shoes, packaging could be better.",650.00
ORD009799,Sachi Chauhan,Clothes,No,27-12-2024,5,"Excellent quality for the price, would buy clothes again.",1150.00
ORD009800,Chandani Datta,Kitchenware,Yes,26-02-2025,4,"Great kitchenware, exactly as described. Very happy with it.",4930.00
ORD009801,Harsh Agrawal,Clothes,No,10-07-2023,4,"Great clothes, exactly as described. Very happy with it.",1660.00
ORD009802,Rohan Arora,Clothes,No,30-05-2023,5,"Great clothes, exactly as described. Very happy with it.",1750.00
ORD009804,Ijaya Dyal,Groceries,No,18-11-2023,4,"Great groceries, exactly as described. Very happy with it.",180.00
ORD009805,Watika Wali,Sports Equipment,No,30-07-2024,5,"Really satisfied, highly recommend this sports equipment.",2750.00
ORD009806,Alka Srinivas,Groceries,No,22-11-2023,5,"Excellent quality for the price, would buy groceries again.",620.00
ORD009807,Ladli Yadav,Groceries,No,29-10-2023,5,"Fast delivery, groceries exceeded my expectations.",1770.00
ORD009808,Manthan Yadav,Groceries,Yes,02-01-2025,4,"Excellent quality for the price, would buy groceries again.",110.00
ORD009809,Gautami Sarin,Electronics,No,29-07-2023,3,"The electronics is okay, does the job but nothing special.",23220.00
ORD009810,Avi Sarkar,Kitchenware,No,19-05-2025,5,"Great kitchenware, exactly as described. Very happy with it.",3270.00
ORD009811,Mohammed Ramachandran,Beauty Products,No,22-07-2023,3,"Average beauty products, packaging could be better.",2720.00
ORD009812,Nitara Rajagopal,Groceries,No,30-11-2025,3,"The groceries is okay, does the job but nothing special.",1140.00
ORD009813,Akshay Kohli,Clothes,No,17-06-2024,4,"Excellent quality for the price, would buy clothes again.",980.00
ORD009814,Brinda Mammen,Toys,Yes,10-05-2024,5,"Fast delivery, toys exceeded my expectations.",2490.00
ORD009815,Elijah Dalal,Electronics,No,31-12-2025,5,"Great electronics, exactly as described. Very happy with it.",40690.00
ORD009816,Chandran Datta,Toys,Yes,04-11-2025,4,"Fast delivery, toys exceeded my expectations.",1740.00
ORD009817,Harinakshi Sahni,Groceries,No,17-01-2023,4,"Fast delivery, groceries exceeded my expectations.",430.00
ORD009818,Meera Chawla,Shoes,No,21-10-2023,5,"Fast delivery, shoes exceeded my expectations.",5370.00
ORD009819,Upadhriti Menon,Electronics,Yes,06-02-2023,1,"Disappointed with this electronics, quality is not good.",8660.00
ORD009820,Warda Kala,Electronics,Yes,01-07-2023,3,"Average electronics, packaging could be better.",57660.00
ORD009821,Inaya Taneja,Groceries,Yes,21-08-2024,5,"Really satisfied, highly recommend this groceries.",1650.00
ORD009823,Eshana Tiwari,Furniture,No,28-10-2025,4,"Great furniture, exactly as described. Very happy with it.",21700.00
ORD009824,Brijesh Mani,Kitchenware,No,30-11-2023,4,"Fast delivery, kitchenware exceeded my expectations.",2780.00
ORD009826,Ansh Kohli,Groceries,Yes,29-11-2024,2,"Received a damaged groceries, had to return it.",1500.00
ORD009827,Wridesh Sangha,Electronics,No,27-05-2023,4,"Great electronics, exactly as described. Very happy with it.",3070.00
ORD009828,Zayyan Palan,Kitchenware,No,31-05-2024,2,"Received a damaged kitchenware, had to return it.",2420.00
ORD009829,Mohammed Pau,Clothes,No,07-06-2025,5,"Fast delivery, clothes exceeded my expectations.",1990.00
ORD009830,Arya Thakkar,Groceries,No,17-08-2025,5,"Really satisfied, highly recommend this groceries.",230.00
ORD009831,Ganga Chandra,Furniture,No,05-09-2023,4,"Great furniture, exactly as described. Very happy with it.",34070.00
ORD009832,Vihaan Dora,Groceries,No,23-01-2024,4,"Great groceries, exactly as described. Very happy with it.",1850.00
ORD009833,Logan Sekhon,Groceries,No,07-04-2025,3,"Average groceries, packaging could be better.",540.00
ORD009834,Yuvraj Gandhi,Electronics,No,29-09-2023,4,"Really satisfied, highly recommend this electronics.",25350.00
ORD009835,Kamya Lanka,Furniture,No,11-12-2023,2,"Not worth the price, expected better furniture.",31120.00
ORD009836,Urvashi Suri,Kitchenware,No,05-05-2023,1,"Received a damaged kitchenware, had to return it.",2680.00
ORD009837,Kevin Taneja,Toys,No,01-09-2025,4,"Really satisfied, highly recommend this toys.",1040.00
ORD009839,Ishanvi Konda,Shoes,No,22-08-2023,3,"The shoes is okay, does the job but nothing special.",4800.00
ORD009840,Hemangini Chad,Beauty Products,No,05-03-2025,4,"Excellent quality for the price, would buy beauty products again.",1390.00
ORD009841,Chaitanya Tak,Books,No,06-04-2024,5,"Really satisfied, highly recommend this books.",510.00
ORD009842,Benjamin Ratta,Groceries,No,02-01-2024,5,"Excellent quality for the price, would buy groceries again.",280.00
ORD009843,Rohan Rajagopalan,Clothes,Yes,08-08-2024,5,"Excellent quality for the price, would buy clothes again.",1830.00
ORD009844,Tanay Sagar,Sports Equipment,No,14-11-2024,5,"Fast delivery, sports equipment exceeded my expectations.",13160.00
ORD009845,Banjeet De,Furniture,No,26-10-2023,5,"Excellent quality for the price, would buy furniture again.",3950.00
ORD009846,Akshay Ram,Beauty Products,No,31-01-2024,4,"Really satisfied, highly recommend this beauty products.",980.00
ORD009847,Varenya Mani,Shoes,No,27-04-2023,3,"Average shoes, packaging could be better.",7980.00
ORD009848,Yahvi Soni,Toys,No,27-05-2024,5,"Great toys, exactly as described. Very happy with it.",530.00
ORD009849,Ikbal Shankar,Furniture,Yes,17-09-2024,5,"Fast delivery, furniture exceeded my expectations.",30580.00
ORD009850,Alka Chopra,Shoes,No,09-04-2025,5,"Fast delivery, shoes exceeded my expectations.",4640.00
ORD009851,Dayita Sehgal,Furniture,No,28-10-2024,1,"Disappointed with this furniture, quality is not good.",3130.00
ORD009852,Tristan Ravel,Clothes,No,09-12-2023,5,"Excellent quality for the price, would buy clothes again.",2280.00
ORD009853,Wakeeta Tella,Sports Equipment,No,20-02-2023,4,"Great sports equipment, exactly as described. Very happy with it.",8490.00
ORD009854,Rushil Brahmbhatt,Toys,No,26-04-2023,5,"Great toys, exactly as described. Very happy with it.",780.00
ORD009855,Madhavi Mann,Toys,No,23-02-2024,4,"Excellent quality for the price, would buy toys again.",930.00
ORD009856,Gautami Manda,Kitchenware,No,23-05-2023,4,"Excellent quality for the price, would buy kitchenware again.",2990.00
ORD009858,Siya Dhillon,Beauty Products,Yes,26-09-2023,4,"Excellent quality for the price, would buy beauty products again.",2130.00
ORD009859,Saksham Mani,Kitchenware,No,10-01-2024,2,"Not worth the price, expected better kitchenware.",4490.00
ORD009860,Nirja Shan,Kitchenware,No,14-07-2023,4,"Great kitchenware, exactly as described. Very happy with it.",2740.00
ORD009861,Yuvraj Grewal,Sports Equipment,No,08-05-2024,5,"Really satisfied, highly recommend this sports equipment.",13010.00
ORD009863,Adweta Parsa,Toys,No,17-08-2024,4,"Great toys, exactly as described. Very happy with it.",1490.00
ORD009865,Nathan Aggarwal,Groceries,No,21-12-2023,5,"Really satisfied, highly recommend this groceries.",340.00
ORD009866,Yauvani Hora,Electronics,No,06-02-2023,4,"Really satisfied, highly recommend this electronics.",51430.00
ORD009867,Anya Kibe,Toys,No,13-09-2025,1,"Received a damaged toys, had to return it.",550.00
ORD009868,Yamini Garg,Furniture,No,30-07-2024,4,"Fast delivery, furniture exceeded my expectations.",35330.00
ORD009869,Warda Ramaswamy,Toys,No,12-01-2025,2,"Received a damaged toys, had to return it.",2920.00
ORD009870,Dipta Shroff,Books,No,13-02-2023,4,"Great books, exactly as described. Very happy with it.",420.00
ORD009871,Balveer Agarwal,Toys,No,08-06-2023,4,"Really satisfied, highly recommend this toys.",990.00
ORD009872,Janya Kashyap,Groceries,No,04-09-2023,4,"Great groceries, exactly as described. Very happy with it.",1530.00
ORD009874,Darpan Gour,Groceries,Yes,28-01-2025,5,"Really satisfied, highly recommend this groceries.",120.00
ORD009875,Falak Gulati,Kitchenware,No,29-10-2023,2,"Disappointed with this kitchenware, quality is not good.",3960.00
ORD009877,Nidhi Sekhon,Clothes,No,27-06-2025,2,"Not worth the price, expected better clothes.",1890.00
ORD009878,Warhi Iyer,Clothes,No,30-12-2023,4,"Great clothes, exactly as described. Very happy with it.",2440.00
ORD009880,Dominic Som,Shoes,No,10-07-2023,4,"Really satisfied, highly recommend this shoes.",1450.00
ORD009882,Veda Muni,Electronics,No,15-07-2025,5,"Really satisfied, highly recommend this electronics.",1270.00
ORD009883,Mekhala Bawa,Sports Equipment,No,22-10-2024,1,"Disappointed with this sports equipment, quality is not good.",5400.00
ORD009884,Falan Chana,Kitchenware,No,20-02-2024,4,"Fast delivery, kitchenware exceeded my expectations.",560.00
ORD009885,Harish Shetty,Clothes,Yes,03-02-2024,1,"Not worth the price, expected better clothes.",2730.00
ORD009887,Harrison Rana,Furniture,No,20-02-2025,3,"Average furniture, packaging could be better.",7210.00
ORD009888,Zaitra Bora,Kitchenware,No,22-10-2025,4,"Really satisfied, highly recommend this kitchenware.",2930.00
ORD009889,Vaishnavi Dutt,Toys,No,30-05-2025,1,"Not worth the price, expected better toys.",2060.00
ORD009890,Bimala Sehgal,Toys,No,06-01-2026,4,"Fast delivery, toys exceeded my expectations.",340.00
ORD009891,Laban Bal,Kitchenware,Yes,10-12-2023,3,"The kitchenware is okay, does the job but nothing special.",1040.00
ORD009892,Devansh Mital,Clothes,Yes,23-02-2023,5,"Great clothes, exactly as described. Very happy with it.",2430.00
ORD009893,Victor Chada,Sports Equipment,No,30-09-2024,2,"Not worth the price, expected better sports equipment.",12850.00
ORD009894,Hitesh Prabhu,Clothes,No,08-05-2025,1,"Received a damaged clothes, had to return it.",3000.00
ORD009895,Wakeeta Raja,Kitchenware,No,27-12-2023,5,"Really satisfied, highly recommend this kitchenware.",2760.00
ORD009898,Dhruv Bandi,Shoes,No,13-02-2024,4,"Excellent quality for the price, would buy shoes again.",680.00
ORD009899,Anya Kibe,Sports Equipment,No,17-07-2025,4,"Great sports equipment, exactly as described. Very happy with it.",9760.00
ORD009900,Bahadurjit Banerjee,Sports Equipment,No,05-07-2023,4,"Really satisfied, highly recommend this sports equipment.",12730.00
ORD009902,Riya Thaman,Groceries,No,06-04-2025,5,"Great groceries, exactly as described. Very happy with it.",690.00
ORD009903,Aarini Ravel,Electronics,Yes,04-03-2023,2,"Disappointed with this electronics, quality is not good.",42870.00
ORD009904,Gautami Sarin,Books,No,25-02-2024,4,"Fast delivery, books exceeded my expectations.",580.00
ORD009907,Rushil Dey,Beauty Products,No,15-07-2025,4,"Excellent quality for the price, would buy beauty products again.",1460.00
ORD009909,Vanya Yohannan,Shoes,No,01-01-2025,5,"Excellent quality for the price, would buy shoes again.",2140.00
ORD009911,Arunima Parsa,Groceries,No,12-05-2025,5,"Fast delivery, groceries exceeded my expectations.",440.00
ORD009912,Ikbal Shankar,Beauty Products,No,13-09-2025,4,"Great beauty products, exactly as described. Very happy with it.",1320.00
ORD009913,Yahvi Wadhwa,Books,No,13-06-2025,5,"Excellent quality for the price, would buy books again.",720.00
ORD009915,Faqid Gole,Electronics,No,11-06-2024,4,"Great electronics, exactly as described. Very happy with it.",35880.00
ORD009917,Charvi Date,Books,Yes,11-03-2024,4,"Excellent quality for the price, would buy books again.",800.00
ORD009918,Harinakshi Sahni,Books,No,05-02-2025,5,"Really satisfied, highly recommend this books.",1050.00
ORD009919,Viraj Barad,Furniture,Yes,20-11-2025,4,"Great furniture, exactly as described. Very happy with it.",45480.00
ORD009920,Yuvraj Thaman,Toys,No,30-11-2023,3,"Average toys, packaging could be better.",630.00
ORD009921,Ansh Kohli,Electronics,No,12-10-2025,5,"Really satisfied, highly recommend this electronics.",18870.00
ORD009923,Kashvi Narula,Electronics,No,04-09-2023,4,"Fast delivery, electronics exceeded my expectations.",10780.00
ORD009924,Manya Shere,Sports Equipment,No,28-04-2024,4,"Really satisfied, highly recommend this sports equipment.",2880.00
ORD009925,Harsh Karan,Sports Equipment,No,17-12-2025,4,"Excellent quality for the price, would buy sports equipment again.",4780.00
ORD009926,Chanakya Mand,Furniture,No,22-09-2023,4,"Fast delivery, furniture exceeded my expectations.",9000.00
ORD009927,Tanay Sagar,Furniture,Yes,06-10-2023,3,"The furniture is okay, does the job but nothing special.",2500.00
ORD009928,Janani Parmer,Toys,No,06-07-2023,5,"Excellent quality for the price, would buy toys again.",2700.00
ORD009929,Eshana Tiwari,Furniture,Yes,15-05-2025,1,"Not worth the price, expected better furniture.",38180.00
ORD009930,Guneet Tripathi,Sports Equipment,No,12-12-2024,3,"The sports equipment is okay, does the job but nothing special.",8720.00
ORD009931,Vyanjana Mani,Beauty Products,No,14-10-2024,4,"Great beauty products, exactly as described. Very happy with it.",570.00
ORD009932,Janya Sankaran,Shoes,No,08-12-2025,1,"Received a damaged shoes, had to return it.",2190.00
ORD009933,Mitesh Varghese,Clothes,No,26-04-2025,4,"Excellent quality for the price, would buy clothes again.",2520.00
ORD009934,Janya Kashyap,Electronics,No,11-08-2024,2,"Disappointed with this electronics, quality is not good.",23960.00
ORD009935,Pooja Grewal,Books,No,13-08-2023,2,"Received a damaged books, had to return it.",1280.00
ORD009937,Siya Dhillon,Clothes,Yes,29-09-2025,5,"Great clothes, exactly as described. Very happy with it.",1600.00
ORD009939,Neel Mall,Electronics,Yes,04-08-2023,5,"Great electronics, exactly as described. Very happy with it.",18760.00
ORD009940,Riya Thaman,Clothes,No,07-03-2024,5,"Really satisfied, highly recommend this clothes.",880.00
ORD009941,Girish Rattan,Electronics,No,04-03-2023,4,"Excellent quality for the price, would buy electronics again.",47160.00
ORD009942,Falak Gulati,Groceries,No,25-09-2025,3,"The groceries is okay, does the job but nothing special.",1700.00
ORD009943,Nathaniel Bhardwaj,Kitchenware,Yes,03-01-2025,5,"Really satisfied, highly recommend this kitchenware.",2520.00
ORD009944,Gaurang Lad,Furniture,No,27-01-2023,5,"Great furniture, exactly as described. Very happy with it.",39120.00
ORD009945,Garima Kumar,Groceries,Yes,01-06-2025,5,"Really satisfied, highly recommend this groceries.",550.00
ORD009946,Chanchal Chand,Clothes,No,09-09-2025,4,"Really satisfied, highly recommend this clothes.",1000.00
ORD009947,Rachana Muni,Clothes,No,09-11-2023,4,"Excellent quality for the price, would buy clothes again.",590.00
ORD009949,Krisha Mutti,Furniture,No,22-02-2025,4,"Really satisfied, highly recommend this furniture.",21910.00
ORD009951,Vasudha Agarwal,Shoes,No,15-03-2025,5,"Fast delivery, shoes exceeded my expectations.",5520.00
ORD009953,Jatin Kapoor,Electronics,No,11-05-2024,5,"Great electronics, exactly as described. Very happy with it.",59470.00
ORD009954,Pranit Vig,Groceries,No,23-06-2024,5,"Really satisfied, highly recommend this groceries.",740.00
ORD009955,Mohammed Ramachandran,Books,No,17-08-2024,3,"Average books, packaging could be better.",1260.00
ORD009956,Jasmit Bhardwaj,Shoes,No,13-02-2023,4,"Really satisfied, highly recommend this shoes.",4130.00
ORD009957,Janya Sankaran,Groceries,Yes,16-03-2024,4,"Fast delivery, groceries exceeded my expectations.",150.00
ORD009958,Zilmil Bail,Kitchenware,No,29-08-2025,5,"Fast delivery, kitchenware exceeded my expectations.",1260.00
ORD009959,Manthan Yadav,Electronics,No,07-12-2024,4,"Really satisfied, highly recommend this electronics.",2900.00
ORD009960,Rohan Arora,Books,No,07-09-2025,4,"Really satisfied, highly recommend this books.",1110.00
ORD009961,Yashica Om,Sports Equipment,No,22-08-2025,4,"Really satisfied, highly recommend this sports equipment.",11370.00
ORD009962,Hitesh Prabhu,Kitchenware,No,07-03-2024,3,"The kitchenware is okay, does the job but nothing special.",610.00
ORD009963,David Kurian,Furniture,No,13-07-2024,4,"Fast delivery, furniture exceeded my expectations.",8440.00
ORD009964,Arya Thakkar,Groceries,No,01-01-2024,1,"Disappointed with this groceries, quality is not good.",840.00
ORD009965,Oni Kibe,Beauty Products,No,30-11-2025,4,"Really satisfied, highly recommend this beauty products.",370.00
ORD009966,Saksham Mani,Kitchenware,No,07-08-2024,5,"Fast delivery, kitchenware exceeded my expectations.",900.00
ORD009967,Dhruv Randhawa,Clothes,No,21-11-2024,4,"Excellent quality for the price, would buy clothes again.",2040.00
ORD009968,Yatan Tripathi,Sports Equipment,No,24-08-2023,2,"Disappointed with this sports equipment, quality is not good.",6720.00
ORD009969,Eshana Lad,Groceries,No,18-02-2025,2,"Received a damaged groceries, had to return it.",420.00
ORD009971,Liam More,Books,No,04-12-2025,5,"Excellent quality for the price, would buy books again.",1370.00
ORD009972,Jonathan Wali,Clothes,No,01-06-2023,2,"Not worth the price, expected better clothes.",2730.00
ORD009974,Harsh Gala,Groceries,No,02-11-2023,4,"Fast delivery, groceries exceeded my expectations.",1340.00
ORD009976,Azaan Sachar,Groceries,No,15-03-2024,3,"The groceries is okay, does the job but nothing special.",1760.00
ORD009977,Charita Vohra,Sports Equipment,No,12-12-2024,2,"Disappointed with this sports equipment, quality is not good.",11610.00
ORD009979,Dayita Sehgal,Kitchenware,Yes,01-08-2025,5,"Great kitchenware, exactly as described. Very happy with it.",3850.00
ORD009980,Udarsh Dubey,Books,No,25-02-2023,3,"Average books, packaging could be better.",1410.00
ORD009981,Saksham Mani,Electronics,No,24-03-2025,4,"Great electronics, exactly as described. Very happy with it.",24300.00
ORD009982,Oviya Tara,Kitchenware,No,09-06-2024,5,"Really satisfied, highly recommend this kitchenware.",2760.00
ORD009984,Nidra Devan,Books,No,16-02-2023,1,"Received a damaged books, had to return it.",830.00
ORD009985,Tara Sastry,Electronics,No,11-06-2024,4,"Fast delivery, electronics exceeded my expectations.",54570.00
ORD009986,Laban Bal,Furniture,No,30-11-2025,5,"Great furniture, exactly as described. Very happy with it.",14480.00
ORD009987,Manan Mahal,Electronics,No,02-04-2025,4,"Fast delivery, electronics exceeded my expectations.",47720.00
ORD009988,Maanav Bassi,Electronics,No,13-03-2025,3,"Average electronics, packaging could be better.",50700.00
ORD009989,Imaran Buch,Shoes,No,19-03-2025,5,"Really satisfied, highly recommend this shoes.",5990.00
ORD009990,Fariq Gandhi,Toys,No,16-11-2025,4,"Really satisfied, highly recommend this toys.",2340.00
ORD009991,Matthew Yadav,Shoes,No,06-10-2024,3,"Average shoes, packaging could be better.",1140.00
ORD009992,Yauvani Gokhale,Clothes,Yes,05-08-2024,2,"Not worth the price, expected better clothes.",2210.00
ORD009993,Samar Ahuja,Electronics,No,04-08-2024,3,"The electronics is okay, does the job but nothing special.",38210.00
ORD009996,Sarthak Puri,Shoes,No,12-07-2023,3,"The shoes is okay, does the job but nothing special.",1580.00
ORD009997,Kamala Keer,Books,Yes,20-12-2023,4,"Excellent quality for the price, would buy books again.",340.00
ORD009998,Anjali Dasgupta,Beauty Products,Yes,17-08-2024,4,"Fast delivery, beauty products exceeded my expectations.",2070.00
ORD009999,Falak Gulati,Groceries,No,20-08-2024,3,"The groceries is okay, does the job but nothing special.",250.00
ORD010000,Lucky Balakrishnan,Electronics,No,30-06-2025,5,"Excellent quality for the price, would buy electronics again.",30860.00
